"","X.89","X.88","X.87","X.86","X.85","X.84","X.83","X.82","X.81","X.80","X.79","X.78","X.77","X.76","X.75","X.74","X.73","X.72","X.71","X.70","X.69","X.68","X.67","X.66","X.65","X.64","X.63","X.62","X.61","X.60","X.59","X.58","X.57","X.56","X.55","X.54","X.53","X.52","X.51","X.50","X.49","X.48","X.47","X.46","X.45","X.44","X.43","X.42","X.41","X.40","X.39","X.38","X.37","X.36","X.35","X.34","X.33","X.32","X.31","X.30","X.29","X.28","X.27","X.26","X.25","X.24","X.23","X.22","X.21","X.20","X.19","X.18","X.17","X.16","X.15","X.14","X.13","X.12","X.11","X.10","X.9","X.8","X.7","X.6","X.5","X.4","X.3","X.2","X.1","X","srvy","common_name","file_name","filter_lat_gt","filter_lat_lt","filter_depth","model_fn","model_family","model_anisotropy","model_spatiotemporal","effort","term","estimate","std.error","conf.low","conf.high"
"1","1","1","1","1","1","1","1","1","1","1","1","1","1","1","1","1","1","1","1","1","1","1","1","1","1","1","1","1","1","1","1","1","1","1","1","1","1","1","1","1","1","1","1","1","1","1","1","1","1","1","1","1","1","1","1","1","1","1","1","1","1","1","1","1","1","1","1","1","1","1","1","1","1","1","1","1","1","1","1","1","1","1","1","1","1","1","1","1","1","1","CA","longnose skate","longnose_skate",NA,NA,NA,"total_catch_wt_kg ~ 0 + factor(year) + pass","delta_gamma","TRUE","iid, iid","01_1","range","0.754281091795826","0.194200977606318","0.455384893727126","1.24936064695555"
"2","2","2","2","2","2","2","2","2","2","2","2","2","2","2","2","2","2","2","2","2","2","2","2","2","2","2","2","2","2","2","2","2","2","2","2","2","2","2","2","2","2","2","2","2","2","2","2","2","2","2","2","2","2","2","2","2","2","2","2","2","2","2","2","2","2","2","2","2","2","2","2","2","2","2","2","2","2","2","2","2","2","2","2","2","2","2","2","2","2","2","CA","longnose skate","longnose_skate",NA,NA,NA,"total_catch_wt_kg ~ 0 + factor(year) + pass","delta_gamma","TRUE","iid, iid","01_1","sigma_O","3.10765122350116","0.390066908975199","2.42991427616162","3.97441844828518"
"3","3","3","3","3","3","3","3","3","3","3","3","3","3","3","3","3","3","3","3","3","3","3","3","3","3","3","3","3","3","3","3","3","3","3","3","3","3","3","3","3","3","3","3","3","3","3","3","3","3","3","3","3","3","3","3","3","3","3","3","3","3","3","3","3","3","3","3","3","3","3","3","3","3","3","3","3","3","3","3","3","3","3","3","3","3","3","3","3","3","3","CA","longnose skate","longnose_skate",NA,NA,NA,"total_catch_wt_kg ~ 0 + factor(year) + pass","delta_gamma","TRUE","iid, iid","01_1","sigma_E","0.000115267992801897","NaN","NaN","NaN"
"4","4","4","4","4","4","4","4","4","4","4","4","4","4","4","4","4","4","4","4","4","4","4","4","4","4","4","4","4","4","4","4","4","4","4","4","4","4","4","4","4","4","4","4","4","4","4","4","4","4","4","4","4","4","4","4","4","4","4","4","4","4","4","4","4","4","4","4","4","4","4","4","4","4","4","4","4","4","4","4","4","4","4","4","4","4","4","4","4","4",NA,"CA","longnose skate","longnose_skate",NA,NA,NA,"total_catch_wt_kg ~ 0 + factor(year) + pass","delta_gamma","TRUE","iid, iid","01_10","range","0.736183301372108","0.195362206463769","0.437624039543237","1.23842797526572"
"5","5","5","5","5","5","5","5","5","5","5","5","5","5","5","5","5","5","5","5","5","5","5","5","5","5","5","5","5","5","5","5","5","5","5","5","5","5","5","5","5","5","5","5","5","5","5","5","5","5","5","5","5","5","5","5","5","5","5","5","5","5","5","5","5","5","5","5","5","5","5","5","5","5","5","5","5","5","5","5","5","5","5","5","5","5","5","5","5","5",NA,"CA","longnose skate","longnose_skate",NA,NA,NA,"total_catch_wt_kg ~ 0 + factor(year) + pass","delta_gamma","TRUE","iid, iid","01_10","sigma_O","2.83751238032217","0.416122342198823","2.12867183184968","3.78239444333951"
"6","6","6","6","6","6","6","6","6","6","6","6","6","6","6","6","6","6","6","6","6","6","6","6","6","6","6","6","6","6","6","6","6","6","6","6","6","6","6","6","6","6","6","6","6","6","6","6","6","6","6","6","6","6","6","6","6","6","6","6","6","6","6","6","6","6","6","6","6","6","6","6","6","6","6","6","6","6","6","6","6","6","6","6","6","6","6","6","6","6",NA,"CA","longnose skate","longnose_skate",NA,NA,NA,"total_catch_wt_kg ~ 0 + factor(year) + pass","delta_gamma","TRUE","iid, iid","01_10","sigma_E","9.64032053961375e-05","0.083397597606855","0","Inf"
"7","7","7","7","7","7","7","7","7","7","7","7","7","7","7","7","7","7","7","7","7","7","7","7","7","7","7","7","7","7","7","7","7","7","7","7","7","7","7","7","7","7","7","7","7","7","7","7","7","7","7","7","7","7","7","7","7","7","7","7","7","7","7","7","7","7","7","7","7","7","7","7","7","7","7","7","7","7","7","7","7","7","7","7","7","7","7","7","7",NA,NA,"CA","longnose skate","longnose_skate",NA,NA,NA,"total_catch_wt_kg ~ 0 + factor(year) + pass","delta_gamma","TRUE","iid, iid","01_2","range","0.557585591065692","0.130870000632072","0.351987647327635","0.883274437965393"
"8","8","8","8","8","8","8","8","8","8","8","8","8","8","8","8","8","8","8","8","8","8","8","8","8","8","8","8","8","8","8","8","8","8","8","8","8","8","8","8","8","8","8","8","8","8","8","8","8","8","8","8","8","8","8","8","8","8","8","8","8","8","8","8","8","8","8","8","8","8","8","8","8","8","8","8","8","8","8","8","8","8","8","8","8","8","8","8","8",NA,NA,"CA","longnose skate","longnose_skate",NA,NA,NA,"total_catch_wt_kg ~ 0 + factor(year) + pass","delta_gamma","TRUE","iid, iid","01_2","sigma_O","2.8124996430284","0.334117763359043","2.2282910195736","3.54987484693472"
"9","9","9","9","9","9","9","9","9","9","9","9","9","9","9","9","9","9","9","9","9","9","9","9","9","9","9","9","9","9","9","9","9","9","9","9","9","9","9","9","9","9","9","9","9","9","9","9","9","9","9","9","9","9","9","9","9","9","9","9","9","9","9","9","9","9","9","9","9","9","9","9","9","9","9","9","9","9","9","9","9","9","9","9","9","9","9","9","9",NA,NA,"CA","longnose skate","longnose_skate",NA,NA,NA,"total_catch_wt_kg ~ 0 + factor(year) + pass","delta_gamma","TRUE","iid, iid","01_2","sigma_E","3.97007248506722e-12","NaN","NaN","NaN"
"10","10","10","10","10","10","10","10","10","10","10","10","10","10","10","10","10","10","10","10","10","10","10","10","10","10","10","10","10","10","10","10","10","10","10","10","10","10","10","10","10","10","10","10","10","10","10","10","10","10","10","10","10","10","10","10","10","10","10","10","10","10","10","10","10","10","10","10","10","10","10","10","10","10","10","10","10","10","10","10","10","10","10","10","10","10","10","10",NA,NA,NA,"CA","longnose skate","longnose_skate",NA,NA,NA,"total_catch_wt_kg ~ 0 + factor(year) + pass","delta_gamma","TRUE","iid, iid","01_3","range","0.658260917664407","0.133043205929561","0.442954402001254","0.978221310741509"
"11","11","11","11","11","11","11","11","11","11","11","11","11","11","11","11","11","11","11","11","11","11","11","11","11","11","11","11","11","11","11","11","11","11","11","11","11","11","11","11","11","11","11","11","11","11","11","11","11","11","11","11","11","11","11","11","11","11","11","11","11","11","11","11","11","11","11","11","11","11","11","11","11","11","11","11","11","11","11","11","11","11","11","11","11","11","11","11",NA,NA,NA,"CA","longnose skate","longnose_skate",NA,NA,NA,"total_catch_wt_kg ~ 0 + factor(year) + pass","delta_gamma","TRUE","iid, iid","01_3","sigma_O","3.0032598431501","0.339683790570352","2.40612249969475","3.74859122368965"
"12","12","12","12","12","12","12","12","12","12","12","12","12","12","12","12","12","12","12","12","12","12","12","12","12","12","12","12","12","12","12","12","12","12","12","12","12","12","12","12","12","12","12","12","12","12","12","12","12","12","12","12","12","12","12","12","12","12","12","12","12","12","12","12","12","12","12","12","12","12","12","12","12","12","12","12","12","12","12","12","12","12","12","12","12","12","12","12",NA,NA,NA,"CA","longnose skate","longnose_skate",NA,NA,NA,"total_catch_wt_kg ~ 0 + factor(year) + pass","delta_gamma","TRUE","iid, iid","01_3","sigma_E","0.000151730258536226","0.218099200061604","0","Inf"
"13","13","13","13","13","13","13","13","13","13","13","13","13","13","13","13","13","13","13","13","13","13","13","13","13","13","13","13","13","13","13","13","13","13","13","13","13","13","13","13","13","13","13","13","13","13","13","13","13","13","13","13","13","13","13","13","13","13","13","13","13","13","13","13","13","13","13","13","13","13","13","13","13","13","13","13","13","13","13","13","13","13","13","13","13","13","13",NA,NA,NA,NA,"CA","longnose skate","longnose_skate",NA,NA,NA,"total_catch_wt_kg ~ 0 + factor(year) + pass","delta_gamma","TRUE","iid, iid","01_4","range","0.571266536065946","0.114542615598102","0.385626969159069","0.846272385825197"
"14","14","14","14","14","14","14","14","14","14","14","14","14","14","14","14","14","14","14","14","14","14","14","14","14","14","14","14","14","14","14","14","14","14","14","14","14","14","14","14","14","14","14","14","14","14","14","14","14","14","14","14","14","14","14","14","14","14","14","14","14","14","14","14","14","14","14","14","14","14","14","14","14","14","14","14","14","14","14","14","14","14","14","14","14","14","14",NA,NA,NA,NA,"CA","longnose skate","longnose_skate",NA,NA,NA,"total_catch_wt_kg ~ 0 + factor(year) + pass","delta_gamma","TRUE","iid, iid","01_4","sigma_O","3.00315923279219","0.340316827252114","2.40503020227078","3.75004246058509"
"15","15","15","15","15","15","15","15","15","15","15","15","15","15","15","15","15","15","15","15","15","15","15","15","15","15","15","15","15","15","15","15","15","15","15","15","15","15","15","15","15","15","15","15","15","15","15","15","15","15","15","15","15","15","15","15","15","15","15","15","15","15","15","15","15","15","15","15","15","15","15","15","15","15","15","15","15","15","15","15","15","15","15","15","15","15","15",NA,NA,NA,NA,"CA","longnose skate","longnose_skate",NA,NA,NA,"total_catch_wt_kg ~ 0 + factor(year) + pass","delta_gamma","TRUE","iid, iid","01_4","sigma_E","0.000112430232059549","0.187180784882828","0","Inf"
"16","16","16","16","16","16","16","16","16","16","16","16","16","16","16","16","16","16","16","16","16","16","16","16","16","16","16","16","16","16","16","16","16","16","16","16","16","16","16","16","16","16","16","16","16","16","16","16","16","16","16","16","16","16","16","16","16","16","16","16","16","16","16","16","16","16","16","16","16","16","16","16","16","16","16","16","16","16","16","16","16","16","16","16","16","16",NA,NA,NA,NA,NA,"CA","longnose skate","longnose_skate",NA,NA,NA,"total_catch_wt_kg ~ 0 + factor(year) + pass","delta_gamma","TRUE","iid, iid","01_5","range","0.770689358358111","0.177596584812803","0.490602392178023","1.21067914987033"
"17","17","17","17","17","17","17","17","17","17","17","17","17","17","17","17","17","17","17","17","17","17","17","17","17","17","17","17","17","17","17","17","17","17","17","17","17","17","17","17","17","17","17","17","17","17","17","17","17","17","17","17","17","17","17","17","17","17","17","17","17","17","17","17","17","17","17","17","17","17","17","17","17","17","17","17","17","17","17","17","17","17","17","17","17","17",NA,NA,NA,NA,NA,"CA","longnose skate","longnose_skate",NA,NA,NA,"total_catch_wt_kg ~ 0 + factor(year) + pass","delta_gamma","TRUE","iid, iid","01_5","sigma_O","2.68256552286601","0.329092421880036","2.10924209365041","3.41172680278496"
"18","18","18","18","18","18","18","18","18","18","18","18","18","18","18","18","18","18","18","18","18","18","18","18","18","18","18","18","18","18","18","18","18","18","18","18","18","18","18","18","18","18","18","18","18","18","18","18","18","18","18","18","18","18","18","18","18","18","18","18","18","18","18","18","18","18","18","18","18","18","18","18","18","18","18","18","18","18","18","18","18","18","18","18","18","18",NA,NA,NA,NA,NA,"CA","longnose skate","longnose_skate",NA,NA,NA,"total_catch_wt_kg ~ 0 + factor(year) + pass","delta_gamma","TRUE","iid, iid","01_5","sigma_E","3.34778532704175e-25","3.26496565314574e-22","0","Inf"
"19","19","19","19","19","19","19","19","19","19","19","19","19","19","19","19","19","19","19","19","19","19","19","19","19","19","19","19","19","19","19","19","19","19","19","19","19","19","19","19","19","19","19","19","19","19","19","19","19","19","19","19","19","19","19","19","19","19","19","19","19","19","19","19","19","19","19","19","19","19","19","19","19","19","19","19","19","19","19","19","19","19","19","19","19",NA,NA,NA,NA,NA,NA,"CA","longnose skate","longnose_skate",NA,NA,NA,"total_catch_wt_kg ~ 0 + factor(year) + pass","delta_gamma","TRUE","iid, iid","01_6","range","0.473988789728118","0.124181413089698","0.28363499970515","0.792093264306151"
"20","20","20","20","20","20","20","20","20","20","20","20","20","20","20","20","20","20","20","20","20","20","20","20","20","20","20","20","20","20","20","20","20","20","20","20","20","20","20","20","20","20","20","20","20","20","20","20","20","20","20","20","20","20","20","20","20","20","20","20","20","20","20","20","20","20","20","20","20","20","20","20","20","20","20","20","20","20","20","20","20","20","20","20","20",NA,NA,NA,NA,NA,NA,"CA","longnose skate","longnose_skate",NA,NA,NA,"total_catch_wt_kg ~ 0 + factor(year) + pass","delta_gamma","TRUE","iid, iid","01_6","sigma_O","4.16447734726118","0.70270873707544","2.99178108775776","5.79683842738956"
"21","21","21","21","21","21","21","21","21","21","21","21","21","21","21","21","21","21","21","21","21","21","21","21","21","21","21","21","21","21","21","21","21","21","21","21","21","21","21","21","21","21","21","21","21","21","21","21","21","21","21","21","21","21","21","21","21","21","21","21","21","21","21","21","21","21","21","21","21","21","21","21","21","21","21","21","21","21","21","21","21","21","21","21","21",NA,NA,NA,NA,NA,NA,"CA","longnose skate","longnose_skate",NA,NA,NA,"total_catch_wt_kg ~ 0 + factor(year) + pass","delta_gamma","TRUE","iid, iid","01_6","sigma_E","0.0001845904911866","0.264584709943222","0","Inf"
"22","22","22","22","22","22","22","22","22","22","22","22","22","22","22","22","22","22","22","22","22","22","22","22","22","22","22","22","22","22","22","22","22","22","22","22","22","22","22","22","22","22","22","22","22","22","22","22","22","22","22","22","22","22","22","22","22","22","22","22","22","22","22","22","22","22","22","22","22","22","22","22","22","22","22","22","22","22","22","22","22","22","22","22",NA,NA,NA,NA,NA,NA,NA,"CA","longnose skate","longnose_skate",NA,NA,NA,"total_catch_wt_kg ~ 0 + factor(year) + pass","delta_gamma","TRUE","iid, iid","01_7","range","0.681785739920746","0.138819766466522","0.457438858520163","1.01616158422359"
"23","23","23","23","23","23","23","23","23","23","23","23","23","23","23","23","23","23","23","23","23","23","23","23","23","23","23","23","23","23","23","23","23","23","23","23","23","23","23","23","23","23","23","23","23","23","23","23","23","23","23","23","23","23","23","23","23","23","23","23","23","23","23","23","23","23","23","23","23","23","23","23","23","23","23","23","23","23","23","23","23","23","23","23",NA,NA,NA,NA,NA,NA,NA,"CA","longnose skate","longnose_skate",NA,NA,NA,"total_catch_wt_kg ~ 0 + factor(year) + pass","delta_gamma","TRUE","iid, iid","01_7","sigma_O","3.16617638970421","0.369917598330709","2.51817366704687","3.98092993422356"
"24","24","24","24","24","24","24","24","24","24","24","24","24","24","24","24","24","24","24","24","24","24","24","24","24","24","24","24","24","24","24","24","24","24","24","24","24","24","24","24","24","24","24","24","24","24","24","24","24","24","24","24","24","24","24","24","24","24","24","24","24","24","24","24","24","24","24","24","24","24","24","24","24","24","24","24","24","24","24","24","24","24","24","24",NA,NA,NA,NA,NA,NA,NA,"CA","longnose skate","longnose_skate",NA,NA,NA,"total_catch_wt_kg ~ 0 + factor(year) + pass","delta_gamma","TRUE","iid, iid","01_7","sigma_E","0.000113554364480931","0.207899742720187","0","Inf"
"25","25","25","25","25","25","25","25","25","25","25","25","25","25","25","25","25","25","25","25","25","25","25","25","25","25","25","25","25","25","25","25","25","25","25","25","25","25","25","25","25","25","25","25","25","25","25","25","25","25","25","25","25","25","25","25","25","25","25","25","25","25","25","25","25","25","25","25","25","25","25","25","25","25","25","25","25","25","25","25","25","25","25",NA,NA,NA,NA,NA,NA,NA,NA,"CA","longnose skate","longnose_skate",NA,NA,NA,"total_catch_wt_kg ~ 0 + factor(year) + pass","delta_gamma","TRUE","iid, iid","01_8","range","0.622093874380928","0.131224338071415","0.411437306497536","0.940606946503503"
"26","26","26","26","26","26","26","26","26","26","26","26","26","26","26","26","26","26","26","26","26","26","26","26","26","26","26","26","26","26","26","26","26","26","26","26","26","26","26","26","26","26","26","26","26","26","26","26","26","26","26","26","26","26","26","26","26","26","26","26","26","26","26","26","26","26","26","26","26","26","26","26","26","26","26","26","26","26","26","26","26","26","26",NA,NA,NA,NA,NA,NA,NA,NA,"CA","longnose skate","longnose_skate",NA,NA,NA,"total_catch_wt_kg ~ 0 + factor(year) + pass","delta_gamma","TRUE","iid, iid","01_8","sigma_O","3.51104625761463","0.398375293022216","2.81097069937524","4.38547645688713"
"27","27","27","27","27","27","27","27","27","27","27","27","27","27","27","27","27","27","27","27","27","27","27","27","27","27","27","27","27","27","27","27","27","27","27","27","27","27","27","27","27","27","27","27","27","27","27","27","27","27","27","27","27","27","27","27","27","27","27","27","27","27","27","27","27","27","27","27","27","27","27","27","27","27","27","27","27","27","27","27","27","27","27",NA,NA,NA,NA,NA,NA,NA,NA,"CA","longnose skate","longnose_skate",NA,NA,NA,"total_catch_wt_kg ~ 0 + factor(year) + pass","delta_gamma","TRUE","iid, iid","01_8","sigma_E","0.00010402774423116","0.14796795920463","0","Inf"
"28","28","28","28","28","28","28","28","28","28","28","28","28","28","28","28","28","28","28","28","28","28","28","28","28","28","28","28","28","28","28","28","28","28","28","28","28","28","28","28","28","28","28","28","28","28","28","28","28","28","28","28","28","28","28","28","28","28","28","28","28","28","28","28","28","28","28","28","28","28","28","28","28","28","28","28","28","28","28","28","28","28",NA,NA,NA,NA,NA,NA,NA,NA,NA,"CA","longnose skate","longnose_skate",NA,NA,NA,"total_catch_wt_kg ~ 0 + factor(year) + pass","delta_gamma","TRUE","iid, iid","01_9","range","0.745887810294698","0.190900941468119","0.451667451574498","1.23176603407398"
"29","29","29","29","29","29","29","29","29","29","29","29","29","29","29","29","29","29","29","29","29","29","29","29","29","29","29","29","29","29","29","29","29","29","29","29","29","29","29","29","29","29","29","29","29","29","29","29","29","29","29","29","29","29","29","29","29","29","29","29","29","29","29","29","29","29","29","29","29","29","29","29","29","29","29","29","29","29","29","29","29","29",NA,NA,NA,NA,NA,NA,NA,NA,NA,"CA","longnose skate","longnose_skate",NA,NA,NA,"total_catch_wt_kg ~ 0 + factor(year) + pass","delta_gamma","TRUE","iid, iid","01_9","sigma_O","3.38420317579555","0.454147035628967","2.6015277276053","4.4023482869456"
"30","30","30","30","30","30","30","30","30","30","30","30","30","30","30","30","30","30","30","30","30","30","30","30","30","30","30","30","30","30","30","30","30","30","30","30","30","30","30","30","30","30","30","30","30","30","30","30","30","30","30","30","30","30","30","30","30","30","30","30","30","30","30","30","30","30","30","30","30","30","30","30","30","30","30","30","30","30","30","30","30","30",NA,NA,NA,NA,NA,NA,NA,NA,NA,"CA","longnose skate","longnose_skate",NA,NA,NA,"total_catch_wt_kg ~ 0 + factor(year) + pass","delta_gamma","TRUE","iid, iid","01_9","sigma_E","0.000150561896605693","0.174450855128576","0","Inf"
"31","31","31","31","31","31","31","31","31","31","31","31","31","31","31","31","31","31","31","31","31","31","31","31","31","31","31","31","31","31","31","31","31","31","31","31","31","31","31","31","31","31","31","31","31","31","31","31","31","31","31","31","31","31","31","31","31","31","31","31","31","31","31","31","31","31","31","31","31","31","31","31","31","31","31","31","31","31","31","31","31",NA,NA,NA,NA,NA,NA,NA,NA,NA,NA,"CA","longnose skate","longnose_skate",NA,NA,NA,"total_catch_wt_kg ~ 0 + factor(year) + pass","delta_gamma","TRUE","iid, iid","02_1","range","0.596371257686366","0.107485102540324","0.41889296308785","0.849044286570718"
"32","32","32","32","32","32","32","32","32","32","32","32","32","32","32","32","32","32","32","32","32","32","32","32","32","32","32","32","32","32","32","32","32","32","32","32","32","32","32","32","32","32","32","32","32","32","32","32","32","32","32","32","32","32","32","32","32","32","32","32","32","32","32","32","32","32","32","32","32","32","32","32","32","32","32","32","32","32","32","32","32",NA,NA,NA,NA,NA,NA,NA,NA,NA,NA,"CA","longnose skate","longnose_skate",NA,NA,NA,"total_catch_wt_kg ~ 0 + factor(year) + pass","delta_gamma","TRUE","iid, iid","02_1","sigma_O","3.11785898426936","0.286172996397918","2.60452692069825","3.73236481778542"
"33","33","33","33","33","33","33","33","33","33","33","33","33","33","33","33","33","33","33","33","33","33","33","33","33","33","33","33","33","33","33","33","33","33","33","33","33","33","33","33","33","33","33","33","33","33","33","33","33","33","33","33","33","33","33","33","33","33","33","33","33","33","33","33","33","33","33","33","33","33","33","33","33","33","33","33","33","33","33","33","33",NA,NA,NA,NA,NA,NA,NA,NA,NA,NA,"CA","longnose skate","longnose_skate",NA,NA,NA,"total_catch_wt_kg ~ 0 + factor(year) + pass","delta_gamma","TRUE","iid, iid","02_1","sigma_E","0.000513441014052059","0.1997650370096","0","Inf"
"34","34","34","34","34","34","34","34","34","34","34","34","34","34","34","34","34","34","34","34","34","34","34","34","34","34","34","34","34","34","34","34","34","34","34","34","34","34","34","34","34","34","34","34","34","34","34","34","34","34","34","34","34","34","34","34","34","34","34","34","34","34","34","34","34","34","34","34","34","34","34","34","34","34","34","34","34","34","34","34",NA,NA,NA,NA,NA,NA,NA,NA,NA,NA,NA,"CA","longnose skate","longnose_skate",NA,NA,NA,"total_catch_wt_kg ~ 0 + factor(year) + pass","delta_gamma","TRUE","iid, iid","02_10","range","0.598666597432439","0.108791090526627","0.419278600864122","0.85480559738245"
"35","35","35","35","35","35","35","35","35","35","35","35","35","35","35","35","35","35","35","35","35","35","35","35","35","35","35","35","35","35","35","35","35","35","35","35","35","35","35","35","35","35","35","35","35","35","35","35","35","35","35","35","35","35","35","35","35","35","35","35","35","35","35","35","35","35","35","35","35","35","35","35","35","35","35","35","35","35","35","35",NA,NA,NA,NA,NA,NA,NA,NA,NA,NA,NA,"CA","longnose skate","longnose_skate",NA,NA,NA,"total_catch_wt_kg ~ 0 + factor(year) + pass","delta_gamma","TRUE","iid, iid","02_10","sigma_O","3.03200010862661","0.284084411113873","2.52333875556545","3.64319877322684"
"36","36","36","36","36","36","36","36","36","36","36","36","36","36","36","36","36","36","36","36","36","36","36","36","36","36","36","36","36","36","36","36","36","36","36","36","36","36","36","36","36","36","36","36","36","36","36","36","36","36","36","36","36","36","36","36","36","36","36","36","36","36","36","36","36","36","36","36","36","36","36","36","36","36","36","36","36","36","36","36",NA,NA,NA,NA,NA,NA,NA,NA,NA,NA,NA,"CA","longnose skate","longnose_skate",NA,NA,NA,"total_catch_wt_kg ~ 0 + factor(year) + pass","delta_gamma","TRUE","iid, iid","02_10","sigma_E","0.000483807938232446","0.405527186091052","0","Inf"
"37","37","37","37","37","37","37","37","37","37","37","37","37","37","37","37","37","37","37","37","37","37","37","37","37","37","37","37","37","37","37","37","37","37","37","37","37","37","37","37","37","37","37","37","37","37","37","37","37","37","37","37","37","37","37","37","37","37","37","37","37","37","37","37","37","37","37","37","37","37","37","37","37","37","37","37","37","37","37",NA,NA,NA,NA,NA,NA,NA,NA,NA,NA,NA,NA,"CA","longnose skate","longnose_skate",NA,NA,NA,"total_catch_wt_kg ~ 0 + factor(year) + pass","delta_gamma","TRUE","iid, iid","02_2","range","0.450884000296732","0.084201566438438","0.312683426979409","0.650166795494956"
"38","38","38","38","38","38","38","38","38","38","38","38","38","38","38","38","38","38","38","38","38","38","38","38","38","38","38","38","38","38","38","38","38","38","38","38","38","38","38","38","38","38","38","38","38","38","38","38","38","38","38","38","38","38","38","38","38","38","38","38","38","38","38","38","38","38","38","38","38","38","38","38","38","38","38","38","38","38","38",NA,NA,NA,NA,NA,NA,NA,NA,NA,NA,NA,NA,"CA","longnose skate","longnose_skate",NA,NA,NA,"total_catch_wt_kg ~ 0 + factor(year) + pass","delta_gamma","TRUE","iid, iid","02_2","sigma_O","3.1948572756926","0.311309413000725","2.63942734549109","3.86716953186178"
"39","39","39","39","39","39","39","39","39","39","39","39","39","39","39","39","39","39","39","39","39","39","39","39","39","39","39","39","39","39","39","39","39","39","39","39","39","39","39","39","39","39","39","39","39","39","39","39","39","39","39","39","39","39","39","39","39","39","39","39","39","39","39","39","39","39","39","39","39","39","39","39","39","39","39","39","39","39","39",NA,NA,NA,NA,NA,NA,NA,NA,NA,NA,NA,NA,"CA","longnose skate","longnose_skate",NA,NA,NA,"total_catch_wt_kg ~ 0 + factor(year) + pass","delta_gamma","TRUE","iid, iid","02_2","sigma_E","0.000134386999247541","0.153968400100057","0","Inf"
"40","40","40","40","40","40","40","40","40","40","40","40","40","40","40","40","40","40","40","40","40","40","40","40","40","40","40","40","40","40","40","40","40","40","40","40","40","40","40","40","40","40","40","40","40","40","40","40","40","40","40","40","40","40","40","40","40","40","40","40","40","40","40","40","40","40","40","40","40","40","40","40","40","40","40","40","40","40",NA,NA,NA,NA,NA,NA,NA,NA,NA,NA,NA,NA,NA,"CA","longnose skate","longnose_skate",NA,NA,NA,"total_catch_wt_kg ~ 0 + factor(year) + pass","delta_gamma","TRUE","iid, iid","02_3","range","0.604544029177878","0.106281073986068","0.4283349971206","0.853242171831506"
"41","41","41","41","41","41","41","41","41","41","41","41","41","41","41","41","41","41","41","41","41","41","41","41","41","41","41","41","41","41","41","41","41","41","41","41","41","41","41","41","41","41","41","41","41","41","41","41","41","41","41","41","41","41","41","41","41","41","41","41","41","41","41","41","41","41","41","41","41","41","41","41","41","41","41","41","41","41",NA,NA,NA,NA,NA,NA,NA,NA,NA,NA,NA,NA,NA,"CA","longnose skate","longnose_skate",NA,NA,NA,"total_catch_wt_kg ~ 0 + factor(year) + pass","delta_gamma","TRUE","iid, iid","02_3","sigma_O","3.16037390977961","0.292800770366936","2.63558341013857","3.78965932597463"
"42","42","42","42","42","42","42","42","42","42","42","42","42","42","42","42","42","42","42","42","42","42","42","42","42","42","42","42","42","42","42","42","42","42","42","42","42","42","42","42","42","42","42","42","42","42","42","42","42","42","42","42","42","42","42","42","42","42","42","42","42","42","42","42","42","42","42","42","42","42","42","42","42","42","42","42","42","42",NA,NA,NA,NA,NA,NA,NA,NA,NA,NA,NA,NA,NA,"CA","longnose skate","longnose_skate",NA,NA,NA,"total_catch_wt_kg ~ 0 + factor(year) + pass","delta_gamma","TRUE","iid, iid","02_3","sigma_E","0.000169245425710298","0.15489555542794","0","Inf"
"43","43","43","43","43","43","43","43","43","43","43","43","43","43","43","43","43","43","43","43","43","43","43","43","43","43","43","43","43","43","43","43","43","43","43","43","43","43","43","43","43","43","43","43","43","43","43","43","43","43","43","43","43","43","43","43","43","43","43","43","43","43","43","43","43","43","43","43","43","43","43","43","43","43","43","43","43",NA,NA,NA,NA,NA,NA,NA,NA,NA,NA,NA,NA,NA,NA,"CA","longnose skate","longnose_skate",NA,NA,NA,"total_catch_wt_kg ~ 0 + factor(year) + pass","delta_gamma","TRUE","iid, iid","02_4","range","0.560148644540386","0.0965157852310874","0.399611483796173","0.785178896761815"
"44","44","44","44","44","44","44","44","44","44","44","44","44","44","44","44","44","44","44","44","44","44","44","44","44","44","44","44","44","44","44","44","44","44","44","44","44","44","44","44","44","44","44","44","44","44","44","44","44","44","44","44","44","44","44","44","44","44","44","44","44","44","44","44","44","44","44","44","44","44","44","44","44","44","44","44","44",NA,NA,NA,NA,NA,NA,NA,NA,NA,NA,NA,NA,NA,NA,"CA","longnose skate","longnose_skate",NA,NA,NA,"total_catch_wt_kg ~ 0 + factor(year) + pass","delta_gamma","TRUE","iid, iid","02_4","sigma_O","3.26359652383536","0.306249957954394","2.71532149929871","3.92257869763899"
"45","45","45","45","45","45","45","45","45","45","45","45","45","45","45","45","45","45","45","45","45","45","45","45","45","45","45","45","45","45","45","45","45","45","45","45","45","45","45","45","45","45","45","45","45","45","45","45","45","45","45","45","45","45","45","45","45","45","45","45","45","45","45","45","45","45","45","45","45","45","45","45","45","45","45","45","45",NA,NA,NA,NA,NA,NA,NA,NA,NA,NA,NA,NA,NA,NA,"CA","longnose skate","longnose_skate",NA,NA,NA,"total_catch_wt_kg ~ 0 + factor(year) + pass","delta_gamma","TRUE","iid, iid","02_4","sigma_E","0.00200416257345468","0.146300516004567","1.46434660036452e-65","2.74297602755841e+59"
"46","46","46","46","46","46","46","46","46","46","46","46","46","46","46","46","46","46","46","46","46","46","46","46","46","46","46","46","46","46","46","46","46","46","46","46","46","46","46","46","46","46","46","46","46","46","46","46","46","46","46","46","46","46","46","46","46","46","46","46","46","46","46","46","46","46","46","46","46","46","46","46","46","46","46","46",NA,NA,NA,NA,NA,NA,NA,NA,NA,NA,NA,NA,NA,NA,NA,"CA","longnose skate","longnose_skate",NA,NA,NA,"total_catch_wt_kg ~ 0 + factor(year) + pass","delta_gamma","TRUE","iid, iid","02_5","range","0.623035876299859","0.111263545884781","0.439038924521994","0.884144164619025"
"47","47","47","47","47","47","47","47","47","47","47","47","47","47","47","47","47","47","47","47","47","47","47","47","47","47","47","47","47","47","47","47","47","47","47","47","47","47","47","47","47","47","47","47","47","47","47","47","47","47","47","47","47","47","47","47","47","47","47","47","47","47","47","47","47","47","47","47","47","47","47","47","47","47","47","47",NA,NA,NA,NA,NA,NA,NA,NA,NA,NA,NA,NA,NA,NA,NA,"CA","longnose skate","longnose_skate",NA,NA,NA,"total_catch_wt_kg ~ 0 + factor(year) + pass","delta_gamma","TRUE","iid, iid","02_5","sigma_O","3.03296005143428","0.291063688342218","2.51292507947496","3.660613182912"
"48","48","48","48","48","48","48","48","48","48","48","48","48","48","48","48","48","48","48","48","48","48","48","48","48","48","48","48","48","48","48","48","48","48","48","48","48","48","48","48","48","48","48","48","48","48","48","48","48","48","48","48","48","48","48","48","48","48","48","48","48","48","48","48","48","48","48","48","48","48","48","48","48","48","48","48",NA,NA,NA,NA,NA,NA,NA,NA,NA,NA,NA,NA,NA,NA,NA,"CA","longnose skate","longnose_skate",NA,NA,NA,"total_catch_wt_kg ~ 0 + factor(year) + pass","delta_gamma","TRUE","iid, iid","02_5","sigma_E","0.000106038823418231","0.135592739871083","0","Inf"
"49","49","49","49","49","49","49","49","49","49","49","49","49","49","49","49","49","49","49","49","49","49","49","49","49","49","49","49","49","49","49","49","49","49","49","49","49","49","49","49","49","49","49","49","49","49","49","49","49","49","49","49","49","49","49","49","49","49","49","49","49","49","49","49","49","49","49","49","49","49","49","49","49","49","49",NA,NA,NA,NA,NA,NA,NA,NA,NA,NA,NA,NA,NA,NA,NA,NA,"CA","longnose skate","longnose_skate",NA,NA,NA,"total_catch_wt_kg ~ 0 + factor(year) + pass","delta_gamma","TRUE","iid, iid","02_6","range","0.611606967848475","0.112011322443809","0.42715069372291","0.875716904169325"
"50","50","50","50","50","50","50","50","50","50","50","50","50","50","50","50","50","50","50","50","50","50","50","50","50","50","50","50","50","50","50","50","50","50","50","50","50","50","50","50","50","50","50","50","50","50","50","50","50","50","50","50","50","50","50","50","50","50","50","50","50","50","50","50","50","50","50","50","50","50","50","50","50","50","50",NA,NA,NA,NA,NA,NA,NA,NA,NA,NA,NA,NA,NA,NA,NA,NA,"CA","longnose skate","longnose_skate",NA,NA,NA,"total_catch_wt_kg ~ 0 + factor(year) + pass","delta_gamma","TRUE","iid, iid","02_6","sigma_O","3.50832140712147","0.338500404149777","2.90383001098108","4.23865000675722"
"51","51","51","51","51","51","51","51","51","51","51","51","51","51","51","51","51","51","51","51","51","51","51","51","51","51","51","51","51","51","51","51","51","51","51","51","51","51","51","51","51","51","51","51","51","51","51","51","51","51","51","51","51","51","51","51","51","51","51","51","51","51","51","51","51","51","51","51","51","51","51","51","51","51","51",NA,NA,NA,NA,NA,NA,NA,NA,NA,NA,NA,NA,NA,NA,NA,NA,"CA","longnose skate","longnose_skate",NA,NA,NA,"total_catch_wt_kg ~ 0 + factor(year) + pass","delta_gamma","TRUE","iid, iid","02_6","sigma_E","0.000159617076908975","0.177356463145858","0","Inf"
"52","52","52","52","52","52","52","52","52","52","52","52","52","52","52","52","52","52","52","52","52","52","52","52","52","52","52","52","52","52","52","52","52","52","52","52","52","52","52","52","52","52","52","52","52","52","52","52","52","52","52","52","52","52","52","52","52","52","52","52","52","52","52","52","52","52","52","52","52","52","52","52","52","52",NA,NA,NA,NA,NA,NA,NA,NA,NA,NA,NA,NA,NA,NA,NA,NA,NA,"CA","longnose skate","longnose_skate",NA,NA,NA,"total_catch_wt_kg ~ 0 + factor(year) + pass","delta_gamma","TRUE","iid, iid","02_7","range","0.782725974114562","0.144519695567898","0.54506333424743","1.12401607677297"
"53","53","53","53","53","53","53","53","53","53","53","53","53","53","53","53","53","53","53","53","53","53","53","53","53","53","53","53","53","53","53","53","53","53","53","53","53","53","53","53","53","53","53","53","53","53","53","53","53","53","53","53","53","53","53","53","53","53","53","53","53","53","53","53","53","53","53","53","53","53","53","53","53","53",NA,NA,NA,NA,NA,NA,NA,NA,NA,NA,NA,NA,NA,NA,NA,NA,NA,"CA","longnose skate","longnose_skate",NA,NA,NA,"total_catch_wt_kg ~ 0 + factor(year) + pass","delta_gamma","TRUE","iid, iid","02_7","sigma_O","3.51761497802623","0.400201122965621","2.81453466585067","4.39632713846665"
"54","54","54","54","54","54","54","54","54","54","54","54","54","54","54","54","54","54","54","54","54","54","54","54","54","54","54","54","54","54","54","54","54","54","54","54","54","54","54","54","54","54","54","54","54","54","54","54","54","54","54","54","54","54","54","54","54","54","54","54","54","54","54","54","54","54","54","54","54","54","54","54","54","54",NA,NA,NA,NA,NA,NA,NA,NA,NA,NA,NA,NA,NA,NA,NA,NA,NA,"CA","longnose skate","longnose_skate",NA,NA,NA,"total_catch_wt_kg ~ 0 + factor(year) + pass","delta_gamma","TRUE","iid, iid","02_7","sigma_E","0.000157693340724595","0.134646662814347","0","Inf"
"55","55","55","55","55","55","55","55","55","55","55","55","55","55","55","55","55","55","55","55","55","55","55","55","55","55","55","55","55","55","55","55","55","55","55","55","55","55","55","55","55","55","55","55","55","55","55","55","55","55","55","55","55","55","55","55","55","55","55","55","55","55","55","55","55","55","55","55","55","55","55","55","55",NA,NA,NA,NA,NA,NA,NA,NA,NA,NA,NA,NA,NA,NA,NA,NA,NA,NA,"CA","longnose skate","longnose_skate",NA,NA,NA,"total_catch_wt_kg ~ 0 + factor(year) + pass","delta_gamma","TRUE","iid, iid","02_8","range","0.529298539285827","0.0908753231125248","0.378057458975037","0.74104329127549"
"56","56","56","56","56","56","56","56","56","56","56","56","56","56","56","56","56","56","56","56","56","56","56","56","56","56","56","56","56","56","56","56","56","56","56","56","56","56","56","56","56","56","56","56","56","56","56","56","56","56","56","56","56","56","56","56","56","56","56","56","56","56","56","56","56","56","56","56","56","56","56","56","56",NA,NA,NA,NA,NA,NA,NA,NA,NA,NA,NA,NA,NA,NA,NA,NA,NA,NA,"CA","longnose skate","longnose_skate",NA,NA,NA,"total_catch_wt_kg ~ 0 + factor(year) + pass","delta_gamma","TRUE","iid, iid","02_8","sigma_O","3.73312917289143","0.341868484131898","3.11977015462567","4.46707697386933"
"57","57","57","57","57","57","57","57","57","57","57","57","57","57","57","57","57","57","57","57","57","57","57","57","57","57","57","57","57","57","57","57","57","57","57","57","57","57","57","57","57","57","57","57","57","57","57","57","57","57","57","57","57","57","57","57","57","57","57","57","57","57","57","57","57","57","57","57","57","57","57","57","57",NA,NA,NA,NA,NA,NA,NA,NA,NA,NA,NA,NA,NA,NA,NA,NA,NA,NA,"CA","longnose skate","longnose_skate",NA,NA,NA,"total_catch_wt_kg ~ 0 + factor(year) + pass","delta_gamma","TRUE","iid, iid","02_8","sigma_E","0.00027277848333564","0.231658801638193","0","Inf"
"58","58","58","58","58","58","58","58","58","58","58","58","58","58","58","58","58","58","58","58","58","58","58","58","58","58","58","58","58","58","58","58","58","58","58","58","58","58","58","58","58","58","58","58","58","58","58","58","58","58","58","58","58","58","58","58","58","58","58","58","58","58","58","58","58","58","58","58","58","58","58","58",NA,NA,NA,NA,NA,NA,NA,NA,NA,NA,NA,NA,NA,NA,NA,NA,NA,NA,NA,"CA","longnose skate","longnose_skate",NA,NA,NA,"total_catch_wt_kg ~ 0 + factor(year) + pass","delta_gamma","TRUE","iid, iid","02_9","range","0.56971138169061","0.115919514904293","0.382349397155008","0.848886021118112"
"59","59","59","59","59","59","59","59","59","59","59","59","59","59","59","59","59","59","59","59","59","59","59","59","59","59","59","59","59","59","59","59","59","59","59","59","59","59","59","59","59","59","59","59","59","59","59","59","59","59","59","59","59","59","59","59","59","59","59","59","59","59","59","59","59","59","59","59","59","59","59","59",NA,NA,NA,NA,NA,NA,NA,NA,NA,NA,NA,NA,NA,NA,NA,NA,NA,NA,NA,"CA","longnose skate","longnose_skate",NA,NA,NA,"total_catch_wt_kg ~ 0 + factor(year) + pass","delta_gamma","TRUE","iid, iid","02_9","sigma_O","3.21650833704509","0.31427731406995","2.65592508250192","3.89541329702515"
"60","60","60","60","60","60","60","60","60","60","60","60","60","60","60","60","60","60","60","60","60","60","60","60","60","60","60","60","60","60","60","60","60","60","60","60","60","60","60","60","60","60","60","60","60","60","60","60","60","60","60","60","60","60","60","60","60","60","60","60","60","60","60","60","60","60","60","60","60","60","60","60",NA,NA,NA,NA,NA,NA,NA,NA,NA,NA,NA,NA,NA,NA,NA,NA,NA,NA,NA,"CA","longnose skate","longnose_skate",NA,NA,NA,"total_catch_wt_kg ~ 0 + factor(year) + pass","delta_gamma","TRUE","iid, iid","02_9","sigma_E","0.000104540857216388","0.121524212472932","0","Inf"
"61","61","61","61","61","61","61","61","61","61","61","61","61","61","61","61","61","61","61","61","61","61","61","61","61","61","61","61","61","61","61","61","61","61","61","61","61","61","61","61","61","61","61","61","61","61","61","61","61","61","61","61","61","61","61","61","61","61","61","61","61","61","61","61","61","61","61","61","61","61","61",NA,NA,NA,NA,NA,NA,NA,NA,NA,NA,NA,NA,NA,NA,NA,NA,NA,NA,NA,NA,"CA","longnose skate","longnose_skate",NA,NA,NA,"total_catch_wt_kg ~ 0 + factor(year) + pass","delta_gamma","TRUE","iid, iid","03_1","range","0.637427251015594","0.105633442217162","0.460649754841126","0.882044321238012"
"62","62","62","62","62","62","62","62","62","62","62","62","62","62","62","62","62","62","62","62","62","62","62","62","62","62","62","62","62","62","62","62","62","62","62","62","62","62","62","62","62","62","62","62","62","62","62","62","62","62","62","62","62","62","62","62","62","62","62","62","62","62","62","62","62","62","62","62","62","62","62",NA,NA,NA,NA,NA,NA,NA,NA,NA,NA,NA,NA,NA,NA,NA,NA,NA,NA,NA,NA,"CA","longnose skate","longnose_skate",NA,NA,NA,"total_catch_wt_kg ~ 0 + factor(year) + pass","delta_gamma","TRUE","iid, iid","03_1","sigma_O","3.32517051647339","0.315177151701104","2.76142060764096","4.00401117201395"
"63","63","63","63","63","63","63","63","63","63","63","63","63","63","63","63","63","63","63","63","63","63","63","63","63","63","63","63","63","63","63","63","63","63","63","63","63","63","63","63","63","63","63","63","63","63","63","63","63","63","63","63","63","63","63","63","63","63","63","63","63","63","63","63","63","63","63","63","63","63","63",NA,NA,NA,NA,NA,NA,NA,NA,NA,NA,NA,NA,NA,NA,NA,NA,NA,NA,NA,NA,"CA","longnose skate","longnose_skate",NA,NA,NA,"total_catch_wt_kg ~ 0 + factor(year) + pass","delta_gamma","TRUE","iid, iid","03_1","sigma_E","0.000760522149371777","0.367499326218116","0","Inf"
"64","64","64","64","64","64","64","64","64","64","64","64","64","64","64","64","64","64","64","64","64","64","64","64","64","64","64","64","64","64","64","64","64","64","64","64","64","64","64","64","64","64","64","64","64","64","64","64","64","64","64","64","64","64","64","64","64","64","64","64","64","64","64","64","64","64","64","64","64","64",NA,NA,NA,NA,NA,NA,NA,NA,NA,NA,NA,NA,NA,NA,NA,NA,NA,NA,NA,NA,NA,"CA","longnose skate","longnose_skate",NA,NA,NA,"total_catch_wt_kg ~ 0 + factor(year) + pass","delta_gamma","TRUE","iid, iid","03_10","range","0.706661808839695","0.129007050956632","0.494103154734239","1.01066125016179"
"65","65","65","65","65","65","65","65","65","65","65","65","65","65","65","65","65","65","65","65","65","65","65","65","65","65","65","65","65","65","65","65","65","65","65","65","65","65","65","65","65","65","65","65","65","65","65","65","65","65","65","65","65","65","65","65","65","65","65","65","65","65","65","65","65","65","65","65","65","65",NA,NA,NA,NA,NA,NA,NA,NA,NA,NA,NA,NA,NA,NA,NA,NA,NA,NA,NA,NA,NA,"CA","longnose skate","longnose_skate",NA,NA,NA,"total_catch_wt_kg ~ 0 + factor(year) + pass","delta_gamma","TRUE","iid, iid","03_10","sigma_O","3.32680882684544","0.347144211628301","2.71148424309906","4.08177071231183"
"66","66","66","66","66","66","66","66","66","66","66","66","66","66","66","66","66","66","66","66","66","66","66","66","66","66","66","66","66","66","66","66","66","66","66","66","66","66","66","66","66","66","66","66","66","66","66","66","66","66","66","66","66","66","66","66","66","66","66","66","66","66","66","66","66","66","66","66","66","66",NA,NA,NA,NA,NA,NA,NA,NA,NA,NA,NA,NA,NA,NA,NA,NA,NA,NA,NA,NA,NA,"CA","longnose skate","longnose_skate",NA,NA,NA,"total_catch_wt_kg ~ 0 + factor(year) + pass","delta_gamma","TRUE","iid, iid","03_10","sigma_E","0.000167834502920968","0.169657420000591","0","Inf"
"67","67","67","67","67","67","67","67","67","67","67","67","67","67","67","67","67","67","67","67","67","67","67","67","67","67","67","67","67","67","67","67","67","67","67","67","67","67","67","67","67","67","67","67","67","67","67","67","67","67","67","67","67","67","67","67","67","67","67","67","67","67","67","67","67","67","67","67","67",NA,NA,NA,NA,NA,NA,NA,NA,NA,NA,NA,NA,NA,NA,NA,NA,NA,NA,NA,NA,NA,NA,"CA","longnose skate","longnose_skate",NA,NA,NA,"total_catch_wt_kg ~ 0 + factor(year) + pass","delta_gamma","TRUE","iid, iid","03_2","range","0.544090100031989","0.0954659899644839","0.385761687907462","0.767401341897471"
"68","68","68","68","68","68","68","68","68","68","68","68","68","68","68","68","68","68","68","68","68","68","68","68","68","68","68","68","68","68","68","68","68","68","68","68","68","68","68","68","68","68","68","68","68","68","68","68","68","68","68","68","68","68","68","68","68","68","68","68","68","68","68","68","68","68","68","68","68",NA,NA,NA,NA,NA,NA,NA,NA,NA,NA,NA,NA,NA,NA,NA,NA,NA,NA,NA,NA,NA,NA,"CA","longnose skate","longnose_skate",NA,NA,NA,"total_catch_wt_kg ~ 0 + factor(year) + pass","delta_gamma","TRUE","iid, iid","03_2","sigma_O","3.31806551354702","0.291592120971632","2.79306620948496","3.94174642720703"
"69","69","69","69","69","69","69","69","69","69","69","69","69","69","69","69","69","69","69","69","69","69","69","69","69","69","69","69","69","69","69","69","69","69","69","69","69","69","69","69","69","69","69","69","69","69","69","69","69","69","69","69","69","69","69","69","69","69","69","69","69","69","69","69","69","69","69","69","69",NA,NA,NA,NA,NA,NA,NA,NA,NA,NA,NA,NA,NA,NA,NA,NA,NA,NA,NA,NA,NA,NA,"CA","longnose skate","longnose_skate",NA,NA,NA,"total_catch_wt_kg ~ 0 + factor(year) + pass","delta_gamma","TRUE","iid, iid","03_2","sigma_E","0.00015306150713062","0.130706009366126","0","Inf"
"70","70","70","70","70","70","70","70","70","70","70","70","70","70","70","70","70","70","70","70","70","70","70","70","70","70","70","70","70","70","70","70","70","70","70","70","70","70","70","70","70","70","70","70","70","70","70","70","70","70","70","70","70","70","70","70","70","70","70","70","70","70","70","70","70","70","70","70",NA,NA,NA,NA,NA,NA,NA,NA,NA,NA,NA,NA,NA,NA,NA,NA,NA,NA,NA,NA,NA,NA,NA,"CA","longnose skate","longnose_skate",NA,NA,NA,"total_catch_wt_kg ~ 0 + factor(year) + pass","delta_gamma","TRUE","iid, iid","03_3","range","0.522368728210839","0.0839434034077222","0.3812335565889","0.715753069205436"
"71","71","71","71","71","71","71","71","71","71","71","71","71","71","71","71","71","71","71","71","71","71","71","71","71","71","71","71","71","71","71","71","71","71","71","71","71","71","71","71","71","71","71","71","71","71","71","71","71","71","71","71","71","71","71","71","71","71","71","71","71","71","71","71","71","71","71","71",NA,NA,NA,NA,NA,NA,NA,NA,NA,NA,NA,NA,NA,NA,NA,NA,NA,NA,NA,NA,NA,NA,NA,"CA","longnose skate","longnose_skate",NA,NA,NA,"total_catch_wt_kg ~ 0 + factor(year) + pass","delta_gamma","TRUE","iid, iid","03_3","sigma_O","3.17644134719374","0.258126123212124","2.70875624460095","3.72487544874987"
"72","72","72","72","72","72","72","72","72","72","72","72","72","72","72","72","72","72","72","72","72","72","72","72","72","72","72","72","72","72","72","72","72","72","72","72","72","72","72","72","72","72","72","72","72","72","72","72","72","72","72","72","72","72","72","72","72","72","72","72","72","72","72","72","72","72","72","72",NA,NA,NA,NA,NA,NA,NA,NA,NA,NA,NA,NA,NA,NA,NA,NA,NA,NA,NA,NA,NA,NA,NA,"CA","longnose skate","longnose_skate",NA,NA,NA,"total_catch_wt_kg ~ 0 + factor(year) + pass","delta_gamma","TRUE","iid, iid","03_3","sigma_E","0.000171285668581393","0.179687505866524","0","Inf"
"73","73","73","73","73","73","73","73","73","73","73","73","73","73","73","73","73","73","73","73","73","73","73","73","73","73","73","73","73","73","73","73","73","73","73","73","73","73","73","73","73","73","73","73","73","73","73","73","73","73","73","73","73","73","73","73","73","73","73","73","73","73","73","73","73","73","73",NA,NA,NA,NA,NA,NA,NA,NA,NA,NA,NA,NA,NA,NA,NA,NA,NA,NA,NA,NA,NA,NA,NA,NA,"CA","longnose skate","longnose_skate",NA,NA,NA,"total_catch_wt_kg ~ 0 + factor(year) + pass","delta_gamma","TRUE","iid, iid","03_4","range","0.656502173271337","0.116335311821558","0.463873112951572","0.929122838716857"
"74","74","74","74","74","74","74","74","74","74","74","74","74","74","74","74","74","74","74","74","74","74","74","74","74","74","74","74","74","74","74","74","74","74","74","74","74","74","74","74","74","74","74","74","74","74","74","74","74","74","74","74","74","74","74","74","74","74","74","74","74","74","74","74","74","74","74",NA,NA,NA,NA,NA,NA,NA,NA,NA,NA,NA,NA,NA,NA,NA,NA,NA,NA,NA,NA,NA,NA,NA,NA,"CA","longnose skate","longnose_skate",NA,NA,NA,"total_catch_wt_kg ~ 0 + factor(year) + pass","delta_gamma","TRUE","iid, iid","03_4","sigma_O","3.56530032656238","0.348859716928716","2.94311493509313","4.31901801286043"
"75","75","75","75","75","75","75","75","75","75","75","75","75","75","75","75","75","75","75","75","75","75","75","75","75","75","75","75","75","75","75","75","75","75","75","75","75","75","75","75","75","75","75","75","75","75","75","75","75","75","75","75","75","75","75","75","75","75","75","75","75","75","75","75","75","75","75",NA,NA,NA,NA,NA,NA,NA,NA,NA,NA,NA,NA,NA,NA,NA,NA,NA,NA,NA,NA,NA,NA,NA,NA,"CA","longnose skate","longnose_skate",NA,NA,NA,"total_catch_wt_kg ~ 0 + factor(year) + pass","delta_gamma","TRUE","iid, iid","03_4","sigma_E","0.000210796561074242","0.122991986922002","0","Inf"
"76","76","76","76","76","76","76","76","76","76","76","76","76","76","76","76","76","76","76","76","76","76","76","76","76","76","76","76","76","76","76","76","76","76","76","76","76","76","76","76","76","76","76","76","76","76","76","76","76","76","76","76","76","76","76","76","76","76","76","76","76","76","76","76","76","76",NA,NA,NA,NA,NA,NA,NA,NA,NA,NA,NA,NA,NA,NA,NA,NA,NA,NA,NA,NA,NA,NA,NA,NA,NA,"CA","longnose skate","longnose_skate",NA,NA,NA,"total_catch_wt_kg ~ 0 + factor(year) + pass","delta_gamma","TRUE","iid, iid","03_5","range","0.687281915322546","0.132854338323537","0.470537520299785","1.00386560210647"
"77","77","77","77","77","77","77","77","77","77","77","77","77","77","77","77","77","77","77","77","77","77","77","77","77","77","77","77","77","77","77","77","77","77","77","77","77","77","77","77","77","77","77","77","77","77","77","77","77","77","77","77","77","77","77","77","77","77","77","77","77","77","77","77","77","77",NA,NA,NA,NA,NA,NA,NA,NA,NA,NA,NA,NA,NA,NA,NA,NA,NA,NA,NA,NA,NA,NA,NA,NA,NA,"CA","longnose skate","longnose_skate",NA,NA,NA,"total_catch_wt_kg ~ 0 + factor(year) + pass","delta_gamma","TRUE","iid, iid","03_5","sigma_O","3.39649258749317","0.364876053062871","2.75161951784423","4.19249893456712"
"78","78","78","78","78","78","78","78","78","78","78","78","78","78","78","78","78","78","78","78","78","78","78","78","78","78","78","78","78","78","78","78","78","78","78","78","78","78","78","78","78","78","78","78","78","78","78","78","78","78","78","78","78","78","78","78","78","78","78","78","78","78","78","78","78","78",NA,NA,NA,NA,NA,NA,NA,NA,NA,NA,NA,NA,NA,NA,NA,NA,NA,NA,NA,NA,NA,NA,NA,NA,NA,"CA","longnose skate","longnose_skate",NA,NA,NA,"total_catch_wt_kg ~ 0 + factor(year) + pass","delta_gamma","TRUE","iid, iid","03_5","sigma_E","0.000158696645645629","0.12039080169207","0","Inf"
"79","79","79","79","79","79","79","79","79","79","79","79","79","79","79","79","79","79","79","79","79","79","79","79","79","79","79","79","79","79","79","79","79","79","79","79","79","79","79","79","79","79","79","79","79","79","79","79","79","79","79","79","79","79","79","79","79","79","79","79","79","79","79","79","79",NA,NA,NA,NA,NA,NA,NA,NA,NA,NA,NA,NA,NA,NA,NA,NA,NA,NA,NA,NA,NA,NA,NA,NA,NA,NA,"CA","longnose skate","longnose_skate",NA,NA,NA,"total_catch_wt_kg ~ 0 + factor(year) + pass","delta_gamma","TRUE","iid, iid","03_6","range","0.65221932546517","0.112565925848482","0.465034936814438","0.914748580879169"
"80","80","80","80","80","80","80","80","80","80","80","80","80","80","80","80","80","80","80","80","80","80","80","80","80","80","80","80","80","80","80","80","80","80","80","80","80","80","80","80","80","80","80","80","80","80","80","80","80","80","80","80","80","80","80","80","80","80","80","80","80","80","80","80","80",NA,NA,NA,NA,NA,NA,NA,NA,NA,NA,NA,NA,NA,NA,NA,NA,NA,NA,NA,NA,NA,NA,NA,NA,NA,NA,"CA","longnose skate","longnose_skate",NA,NA,NA,"total_catch_wt_kg ~ 0 + factor(year) + pass","delta_gamma","TRUE","iid, iid","03_6","sigma_O","3.46658881011401","0.334830149383375","2.86871005441679","4.18907374759098"
"81","81","81","81","81","81","81","81","81","81","81","81","81","81","81","81","81","81","81","81","81","81","81","81","81","81","81","81","81","81","81","81","81","81","81","81","81","81","81","81","81","81","81","81","81","81","81","81","81","81","81","81","81","81","81","81","81","81","81","81","81","81","81","81","81",NA,NA,NA,NA,NA,NA,NA,NA,NA,NA,NA,NA,NA,NA,NA,NA,NA,NA,NA,NA,NA,NA,NA,NA,NA,NA,"CA","longnose skate","longnose_skate",NA,NA,NA,"total_catch_wt_kg ~ 0 + factor(year) + pass","delta_gamma","TRUE","iid, iid","03_6","sigma_E","0.000211052235595675","0.18952539116337","0","Inf"
"82","82","82","82","82","82","82","82","82","82","82","82","82","82","82","82","82","82","82","82","82","82","82","82","82","82","82","82","82","82","82","82","82","82","82","82","82","82","82","82","82","82","82","82","82","82","82","82","82","82","82","82","82","82","82","82","82","82","82","82","82","82","82","82",NA,NA,NA,NA,NA,NA,NA,NA,NA,NA,NA,NA,NA,NA,NA,NA,NA,NA,NA,NA,NA,NA,NA,NA,NA,NA,NA,"CA","longnose skate","longnose_skate",NA,NA,NA,"total_catch_wt_kg ~ 0 + factor(year) + pass","delta_gamma","TRUE","iid, iid","03_7","range","0.655217298863155","0.107265638040461","0.475373679619405","0.903099450254049"
"83","83","83","83","83","83","83","83","83","83","83","83","83","83","83","83","83","83","83","83","83","83","83","83","83","83","83","83","83","83","83","83","83","83","83","83","83","83","83","83","83","83","83","83","83","83","83","83","83","83","83","83","83","83","83","83","83","83","83","83","83","83","83","83",NA,NA,NA,NA,NA,NA,NA,NA,NA,NA,NA,NA,NA,NA,NA,NA,NA,NA,NA,NA,NA,NA,NA,NA,NA,NA,NA,"CA","longnose skate","longnose_skate",NA,NA,NA,"total_catch_wt_kg ~ 0 + factor(year) + pass","delta_gamma","TRUE","iid, iid","03_7","sigma_O","3.25872048142842","0.294361862094286","2.72996856441524","3.88988331752301"
"84","84","84","84","84","84","84","84","84","84","84","84","84","84","84","84","84","84","84","84","84","84","84","84","84","84","84","84","84","84","84","84","84","84","84","84","84","84","84","84","84","84","84","84","84","84","84","84","84","84","84","84","84","84","84","84","84","84","84","84","84","84","84","84",NA,NA,NA,NA,NA,NA,NA,NA,NA,NA,NA,NA,NA,NA,NA,NA,NA,NA,NA,NA,NA,NA,NA,NA,NA,NA,NA,"CA","longnose skate","longnose_skate",NA,NA,NA,"total_catch_wt_kg ~ 0 + factor(year) + pass","delta_gamma","TRUE","iid, iid","03_7","sigma_E","0.000148664713059397","0.110067666713651","0","Inf"
"85","85","85","85","85","85","85","85","85","85","85","85","85","85","85","85","85","85","85","85","85","85","85","85","85","85","85","85","85","85","85","85","85","85","85","85","85","85","85","85","85","85","85","85","85","85","85","85","85","85","85","85","85","85","85","85","85","85","85","85","85","85","85",NA,NA,NA,NA,NA,NA,NA,NA,NA,NA,NA,NA,NA,NA,NA,NA,NA,NA,NA,NA,NA,NA,NA,NA,NA,NA,NA,NA,"CA","longnose skate","longnose_skate",NA,NA,NA,"total_catch_wt_kg ~ 0 + factor(year) + pass","delta_gamma","TRUE","iid, iid","03_8","range","0.693771402137525","0.123951373041566","0.488807722363807","0.984679121058637"
"86","86","86","86","86","86","86","86","86","86","86","86","86","86","86","86","86","86","86","86","86","86","86","86","86","86","86","86","86","86","86","86","86","86","86","86","86","86","86","86","86","86","86","86","86","86","86","86","86","86","86","86","86","86","86","86","86","86","86","86","86","86","86",NA,NA,NA,NA,NA,NA,NA,NA,NA,NA,NA,NA,NA,NA,NA,NA,NA,NA,NA,NA,NA,NA,NA,NA,NA,NA,NA,NA,"CA","longnose skate","longnose_skate",NA,NA,NA,"total_catch_wt_kg ~ 0 + factor(year) + pass","delta_gamma","TRUE","iid, iid","03_8","sigma_O","3.58988903148108","0.360898034840529","2.94786909481785","4.37173525819146"
"87","87","87","87","87","87","87","87","87","87","87","87","87","87","87","87","87","87","87","87","87","87","87","87","87","87","87","87","87","87","87","87","87","87","87","87","87","87","87","87","87","87","87","87","87","87","87","87","87","87","87","87","87","87","87","87","87","87","87","87","87","87","87",NA,NA,NA,NA,NA,NA,NA,NA,NA,NA,NA,NA,NA,NA,NA,NA,NA,NA,NA,NA,NA,NA,NA,NA,NA,NA,NA,NA,"CA","longnose skate","longnose_skate",NA,NA,NA,"total_catch_wt_kg ~ 0 + factor(year) + pass","delta_gamma","TRUE","iid, iid","03_8","sigma_E","0.000211192990322028","0.187363101579632","0","Inf"
"88","88","88","88","88","88","88","88","88","88","88","88","88","88","88","88","88","88","88","88","88","88","88","88","88","88","88","88","88","88","88","88","88","88","88","88","88","88","88","88","88","88","88","88","88","88","88","88","88","88","88","88","88","88","88","88","88","88","88","88","88","88",NA,NA,NA,NA,NA,NA,NA,NA,NA,NA,NA,NA,NA,NA,NA,NA,NA,NA,NA,NA,NA,NA,NA,NA,NA,NA,NA,NA,NA,"CA","longnose skate","longnose_skate",NA,NA,NA,"total_catch_wt_kg ~ 0 + factor(year) + pass","delta_gamma","TRUE","iid, iid","03_9","range","0.571899689906601","0.0935508613092876","0.415031482699894","0.788058903839271"
"89","89","89","89","89","89","89","89","89","89","89","89","89","89","89","89","89","89","89","89","89","89","89","89","89","89","89","89","89","89","89","89","89","89","89","89","89","89","89","89","89","89","89","89","89","89","89","89","89","89","89","89","89","89","89","89","89","89","89","89","89","89",NA,NA,NA,NA,NA,NA,NA,NA,NA,NA,NA,NA,NA,NA,NA,NA,NA,NA,NA,NA,NA,NA,NA,NA,NA,NA,NA,NA,NA,"CA","longnose skate","longnose_skate",NA,NA,NA,"total_catch_wt_kg ~ 0 + factor(year) + pass","delta_gamma","TRUE","iid, iid","03_9","sigma_O","3.49742499260836","0.30425984942248","2.94915636390923","4.14762056315915"
"90","90","90","90","90","90","90","90","90","90","90","90","90","90","90","90","90","90","90","90","90","90","90","90","90","90","90","90","90","90","90","90","90","90","90","90","90","90","90","90","90","90","90","90","90","90","90","90","90","90","90","90","90","90","90","90","90","90","90","90","90","90",NA,NA,NA,NA,NA,NA,NA,NA,NA,NA,NA,NA,NA,NA,NA,NA,NA,NA,NA,NA,NA,NA,NA,NA,NA,NA,NA,NA,NA,"CA","longnose skate","longnose_skate",NA,NA,NA,"total_catch_wt_kg ~ 0 + factor(year) + pass","delta_gamma","TRUE","iid, iid","03_9","sigma_E","0.000105170645196944","0.110122499685403","0","Inf"
"91","91","91","91","91","91","91","91","91","91","91","91","91","91","91","91","91","91","91","91","91","91","91","91","91","91","91","91","91","91","91","91","91","91","91","91","91","91","91","91","91","91","91","91","91","91","91","91","91","91","91","91","91","91","91","91","91","91","91","91","91",NA,NA,NA,NA,NA,NA,NA,NA,NA,NA,NA,NA,NA,NA,NA,NA,NA,NA,NA,NA,NA,NA,NA,NA,NA,NA,NA,NA,NA,NA,"CA","longnose skate","longnose_skate",NA,NA,NA,"total_catch_wt_kg ~ 0 + factor(year) + pass","delta_gamma","TRUE","iid, iid","04_1","range","0.620624134658177","0.110619614274707","0.437634034104402","0.88012879827423"
"92","92","92","92","92","92","92","92","92","92","92","92","92","92","92","92","92","92","92","92","92","92","92","92","92","92","92","92","92","92","92","92","92","92","92","92","92","92","92","92","92","92","92","92","92","92","92","92","92","92","92","92","92","92","92","92","92","92","92","92","92",NA,NA,NA,NA,NA,NA,NA,NA,NA,NA,NA,NA,NA,NA,NA,NA,NA,NA,NA,NA,NA,NA,NA,NA,NA,NA,NA,NA,NA,NA,"CA","longnose skate","longnose_skate",NA,NA,NA,"total_catch_wt_kg ~ 0 + factor(year) + pass","delta_gamma","TRUE","iid, iid","04_1","sigma_O","3.44983109271505","0.322562073241457","2.87216761239726","4.14367689298258"
"93","93","93","93","93","93","93","93","93","93","93","93","93","93","93","93","93","93","93","93","93","93","93","93","93","93","93","93","93","93","93","93","93","93","93","93","93","93","93","93","93","93","93","93","93","93","93","93","93","93","93","93","93","93","93","93","93","93","93","93","93",NA,NA,NA,NA,NA,NA,NA,NA,NA,NA,NA,NA,NA,NA,NA,NA,NA,NA,NA,NA,NA,NA,NA,NA,NA,NA,NA,NA,NA,NA,"CA","longnose skate","longnose_skate",NA,NA,NA,"total_catch_wt_kg ~ 0 + factor(year) + pass","delta_gamma","TRUE","iid, iid","04_1","sigma_E","0.000328677684660665","0.283128377768425","0","Inf"
"94","94","94","94","94","94","94","94","94","94","94","94","94","94","94","94","94","94","94","94","94","94","94","94","94","94","94","94","94","94","94","94","94","94","94","94","94","94","94","94","94","94","94","94","94","94","94","94","94","94","94","94","94","94","94","94","94","94","94","94",NA,NA,NA,NA,NA,NA,NA,NA,NA,NA,NA,NA,NA,NA,NA,NA,NA,NA,NA,NA,NA,NA,NA,NA,NA,NA,NA,NA,NA,NA,NA,"CA","longnose skate","longnose_skate",NA,NA,NA,"total_catch_wt_kg ~ 0 + factor(year) + pass","delta_gamma","TRUE","iid, iid","04_10","range","0.703855733828176","0.119332190549345","0.504859288992598","0.981289053889356"
"95","95","95","95","95","95","95","95","95","95","95","95","95","95","95","95","95","95","95","95","95","95","95","95","95","95","95","95","95","95","95","95","95","95","95","95","95","95","95","95","95","95","95","95","95","95","95","95","95","95","95","95","95","95","95","95","95","95","95","95",NA,NA,NA,NA,NA,NA,NA,NA,NA,NA,NA,NA,NA,NA,NA,NA,NA,NA,NA,NA,NA,NA,NA,NA,NA,NA,NA,NA,NA,NA,NA,"CA","longnose skate","longnose_skate",NA,NA,NA,"total_catch_wt_kg ~ 0 + factor(year) + pass","delta_gamma","TRUE","iid, iid","04_10","sigma_O","3.4809772537521","0.349587391197879","2.85901717229878","4.2382405948953"
"96","96","96","96","96","96","96","96","96","96","96","96","96","96","96","96","96","96","96","96","96","96","96","96","96","96","96","96","96","96","96","96","96","96","96","96","96","96","96","96","96","96","96","96","96","96","96","96","96","96","96","96","96","96","96","96","96","96","96","96",NA,NA,NA,NA,NA,NA,NA,NA,NA,NA,NA,NA,NA,NA,NA,NA,NA,NA,NA,NA,NA,NA,NA,NA,NA,NA,NA,NA,NA,NA,NA,"CA","longnose skate","longnose_skate",NA,NA,NA,"total_catch_wt_kg ~ 0 + factor(year) + pass","delta_gamma","TRUE","iid, iid","04_10","sigma_E","0.186750114424072","0.237658395508593","0.0154177458219883","2.26204307945364"
"97","97","97","97","97","97","97","97","97","97","97","97","97","97","97","97","97","97","97","97","97","97","97","97","97","97","97","97","97","97","97","97","97","97","97","97","97","97","97","97","97","97","97","97","97","97","97","97","97","97","97","97","97","97","97","97","97","97","97",NA,NA,NA,NA,NA,NA,NA,NA,NA,NA,NA,NA,NA,NA,NA,NA,NA,NA,NA,NA,NA,NA,NA,NA,NA,NA,NA,NA,NA,NA,NA,NA,"CA","longnose skate","longnose_skate",NA,NA,NA,"total_catch_wt_kg ~ 0 + factor(year) + pass","delta_gamma","TRUE","iid, iid","04_2","range","0.630390906690357","0.101979327290681","0.459102575431978","0.865585854890874"
"98","98","98","98","98","98","98","98","98","98","98","98","98","98","98","98","98","98","98","98","98","98","98","98","98","98","98","98","98","98","98","98","98","98","98","98","98","98","98","98","98","98","98","98","98","98","98","98","98","98","98","98","98","98","98","98","98","98","98",NA,NA,NA,NA,NA,NA,NA,NA,NA,NA,NA,NA,NA,NA,NA,NA,NA,NA,NA,NA,NA,NA,NA,NA,NA,NA,NA,NA,NA,NA,NA,NA,"CA","longnose skate","longnose_skate",NA,NA,NA,"total_catch_wt_kg ~ 0 + factor(year) + pass","delta_gamma","TRUE","iid, iid","04_2","sigma_O","3.31683042149084","0.293824968471557","2.78816627288861","3.94573456823627"
"99","99","99","99","99","99","99","99","99","99","99","99","99","99","99","99","99","99","99","99","99","99","99","99","99","99","99","99","99","99","99","99","99","99","99","99","99","99","99","99","99","99","99","99","99","99","99","99","99","99","99","99","99","99","99","99","99","99","99",NA,NA,NA,NA,NA,NA,NA,NA,NA,NA,NA,NA,NA,NA,NA,NA,NA,NA,NA,NA,NA,NA,NA,NA,NA,NA,NA,NA,NA,NA,NA,NA,"CA","longnose skate","longnose_skate",NA,NA,NA,"total_catch_wt_kg ~ 0 + factor(year) + pass","delta_gamma","TRUE","iid, iid","04_2","sigma_E","0.00135023786561322","0.18656784320768","3.28427950415242e-121","5.55111795884203e+114"
"100","100","100","100","100","100","100","100","100","100","100","100","100","100","100","100","100","100","100","100","100","100","100","100","100","100","100","100","100","100","100","100","100","100","100","100","100","100","100","100","100","100","100","100","100","100","100","100","100","100","100","100","100","100","100","100","100","100",NA,NA,NA,NA,NA,NA,NA,NA,NA,NA,NA,NA,NA,NA,NA,NA,NA,NA,NA,NA,NA,NA,NA,NA,NA,NA,NA,NA,NA,NA,NA,NA,NA,"CA","longnose skate","longnose_skate",NA,NA,NA,"total_catch_wt_kg ~ 0 + factor(year) + pass","delta_gamma","TRUE","iid, iid","04_3","range","0.639613900005274","0.113309927263066","0.451985440983562","0.905130794013417"
"101","101","101","101","101","101","101","101","101","101","101","101","101","101","101","101","101","101","101","101","101","101","101","101","101","101","101","101","101","101","101","101","101","101","101","101","101","101","101","101","101","101","101","101","101","101","101","101","101","101","101","101","101","101","101","101","101","101",NA,NA,NA,NA,NA,NA,NA,NA,NA,NA,NA,NA,NA,NA,NA,NA,NA,NA,NA,NA,NA,NA,NA,NA,NA,NA,NA,NA,NA,NA,NA,NA,NA,"CA","longnose skate","longnose_skate",NA,NA,NA,"total_catch_wt_kg ~ 0 + factor(year) + pass","delta_gamma","TRUE","iid, iid","04_3","sigma_O","3.32772391316708","0.316064414577528","2.76249106435072","4.00860896354309"
"102","102","102","102","102","102","102","102","102","102","102","102","102","102","102","102","102","102","102","102","102","102","102","102","102","102","102","102","102","102","102","102","102","102","102","102","102","102","102","102","102","102","102","102","102","102","102","102","102","102","102","102","102","102","102","102","102","102",NA,NA,NA,NA,NA,NA,NA,NA,NA,NA,NA,NA,NA,NA,NA,NA,NA,NA,NA,NA,NA,NA,NA,NA,NA,NA,NA,NA,NA,NA,NA,NA,NA,"CA","longnose skate","longnose_skate",NA,NA,NA,"total_catch_wt_kg ~ 0 + factor(year) + pass","delta_gamma","TRUE","iid, iid","04_3","sigma_E","0.000190200070862006","0.133470834599136","0","Inf"
"103","103","103","103","103","103","103","103","103","103","103","103","103","103","103","103","103","103","103","103","103","103","103","103","103","103","103","103","103","103","103","103","103","103","103","103","103","103","103","103","103","103","103","103","103","103","103","103","103","103","103","103","103","103","103","103","103",NA,NA,NA,NA,NA,NA,NA,NA,NA,NA,NA,NA,NA,NA,NA,NA,NA,NA,NA,NA,NA,NA,NA,NA,NA,NA,NA,NA,NA,NA,NA,NA,NA,NA,"CA","longnose skate","longnose_skate",NA,NA,NA,"total_catch_wt_kg ~ 0 + factor(year) + pass","delta_gamma","TRUE","iid, iid","04_4","range","0.592789219599472","0.0928048762655212","0.436153486154768","0.805677519561674"
"104","104","104","104","104","104","104","104","104","104","104","104","104","104","104","104","104","104","104","104","104","104","104","104","104","104","104","104","104","104","104","104","104","104","104","104","104","104","104","104","104","104","104","104","104","104","104","104","104","104","104","104","104","104","104","104","104",NA,NA,NA,NA,NA,NA,NA,NA,NA,NA,NA,NA,NA,NA,NA,NA,NA,NA,NA,NA,NA,NA,NA,NA,NA,NA,NA,NA,NA,NA,NA,NA,NA,NA,"CA","longnose skate","longnose_skate",NA,NA,NA,"total_catch_wt_kg ~ 0 + factor(year) + pass","delta_gamma","TRUE","iid, iid","04_4","sigma_O","3.31610641679683","0.284439618326891","2.80295738561664","3.92319976891191"
"105","105","105","105","105","105","105","105","105","105","105","105","105","105","105","105","105","105","105","105","105","105","105","105","105","105","105","105","105","105","105","105","105","105","105","105","105","105","105","105","105","105","105","105","105","105","105","105","105","105","105","105","105","105","105","105","105",NA,NA,NA,NA,NA,NA,NA,NA,NA,NA,NA,NA,NA,NA,NA,NA,NA,NA,NA,NA,NA,NA,NA,NA,NA,NA,NA,NA,NA,NA,NA,NA,NA,NA,"CA","longnose skate","longnose_skate",NA,NA,NA,"total_catch_wt_kg ~ 0 + factor(year) + pass","delta_gamma","TRUE","iid, iid","04_4","sigma_E","0.000173090031818514","0.142798896359927","0","Inf"
"106","106","106","106","106","106","106","106","106","106","106","106","106","106","106","106","106","106","106","106","106","106","106","106","106","106","106","106","106","106","106","106","106","106","106","106","106","106","106","106","106","106","106","106","106","106","106","106","106","106","106","106","106","106","106","106",NA,NA,NA,NA,NA,NA,NA,NA,NA,NA,NA,NA,NA,NA,NA,NA,NA,NA,NA,NA,NA,NA,NA,NA,NA,NA,NA,NA,NA,NA,NA,NA,NA,NA,NA,"CA","longnose skate","longnose_skate",NA,NA,NA,"total_catch_wt_kg ~ 0 + factor(year) + pass","delta_gamma","TRUE","iid, iid","04_5","range","0.834445353879564","0.20533532184306","0.515156656903952","1.35162583901349"
"107","107","107","107","107","107","107","107","107","107","107","107","107","107","107","107","107","107","107","107","107","107","107","107","107","107","107","107","107","107","107","107","107","107","107","107","107","107","107","107","107","107","107","107","107","107","107","107","107","107","107","107","107","107","107","107",NA,NA,NA,NA,NA,NA,NA,NA,NA,NA,NA,NA,NA,NA,NA,NA,NA,NA,NA,NA,NA,NA,NA,NA,NA,NA,NA,NA,NA,NA,NA,NA,NA,NA,NA,"CA","longnose skate","longnose_skate",NA,NA,NA,"total_catch_wt_kg ~ 0 + factor(year) + pass","delta_gamma","TRUE","iid, iid","04_5","sigma_O","3.70044310873477","0.535550157315128","2.7865239279595","4.91410788315387"
"108","108","108","108","108","108","108","108","108","108","108","108","108","108","108","108","108","108","108","108","108","108","108","108","108","108","108","108","108","108","108","108","108","108","108","108","108","108","108","108","108","108","108","108","108","108","108","108","108","108","108","108","108","108","108","108",NA,NA,NA,NA,NA,NA,NA,NA,NA,NA,NA,NA,NA,NA,NA,NA,NA,NA,NA,NA,NA,NA,NA,NA,NA,NA,NA,NA,NA,NA,NA,NA,NA,NA,NA,"CA","longnose skate","longnose_skate",NA,NA,NA,"total_catch_wt_kg ~ 0 + factor(year) + pass","delta_gamma","TRUE","iid, iid","04_5","sigma_E","0.00533864019295922","0.244130799141449","6.35061622906711e-42","4.48792338913955e+36"
"109","109","109","109","109","109","109","109","109","109","109","109","109","109","109","109","109","109","109","109","109","109","109","109","109","109","109","109","109","109","109","109","109","109","109","109","109","109","109","109","109","109","109","109","109","109","109","109","109","109","109","109","109","109","109",NA,NA,NA,NA,NA,NA,NA,NA,NA,NA,NA,NA,NA,NA,NA,NA,NA,NA,NA,NA,NA,NA,NA,NA,NA,NA,NA,NA,NA,NA,NA,NA,NA,NA,NA,NA,"CA","longnose skate","longnose_skate",NA,NA,NA,"total_catch_wt_kg ~ 0 + factor(year) + pass","delta_gamma","TRUE","iid, iid","04_6","range","0.57749793489654","0.105350067228254","0.403896402114015","0.825716354649837"
"110","110","110","110","110","110","110","110","110","110","110","110","110","110","110","110","110","110","110","110","110","110","110","110","110","110","110","110","110","110","110","110","110","110","110","110","110","110","110","110","110","110","110","110","110","110","110","110","110","110","110","110","110","110","110",NA,NA,NA,NA,NA,NA,NA,NA,NA,NA,NA,NA,NA,NA,NA,NA,NA,NA,NA,NA,NA,NA,NA,NA,NA,NA,NA,NA,NA,NA,NA,NA,NA,NA,NA,NA,"CA","longnose skate","longnose_skate",NA,NA,NA,"total_catch_wt_kg ~ 0 + factor(year) + pass","delta_gamma","TRUE","iid, iid","04_6","sigma_O","3.64802617533047","0.328702365717901","3.05746249529627","4.35266008867484"
"111","111","111","111","111","111","111","111","111","111","111","111","111","111","111","111","111","111","111","111","111","111","111","111","111","111","111","111","111","111","111","111","111","111","111","111","111","111","111","111","111","111","111","111","111","111","111","111","111","111","111","111","111","111","111",NA,NA,NA,NA,NA,NA,NA,NA,NA,NA,NA,NA,NA,NA,NA,NA,NA,NA,NA,NA,NA,NA,NA,NA,NA,NA,NA,NA,NA,NA,NA,NA,NA,NA,NA,NA,"CA","longnose skate","longnose_skate",NA,NA,NA,"total_catch_wt_kg ~ 0 + factor(year) + pass","delta_gamma","TRUE","iid, iid","04_6","sigma_E","0.000423315874160057","0.367227526412189","0","Inf"
"112","112","112","112","112","112","112","112","112","112","112","112","112","112","112","112","112","112","112","112","112","112","112","112","112","112","112","112","112","112","112","112","112","112","112","112","112","112","112","112","112","112","112","112","112","112","112","112","112","112","112","112","112","112",NA,NA,NA,NA,NA,NA,NA,NA,NA,NA,NA,NA,NA,NA,NA,NA,NA,NA,NA,NA,NA,NA,NA,NA,NA,NA,NA,NA,NA,NA,NA,NA,NA,NA,NA,NA,NA,"CA","longnose skate","longnose_skate",NA,NA,NA,"total_catch_wt_kg ~ 0 + factor(year) + pass","delta_gamma","TRUE","iid, iid","04_7","range","0.728721608261628","0.120165644674112","0.527471687892765","1.0067558023235"
"113","113","113","113","113","113","113","113","113","113","113","113","113","113","113","113","113","113","113","113","113","113","113","113","113","113","113","113","113","113","113","113","113","113","113","113","113","113","113","113","113","113","113","113","113","113","113","113","113","113","113","113","113","113",NA,NA,NA,NA,NA,NA,NA,NA,NA,NA,NA,NA,NA,NA,NA,NA,NA,NA,NA,NA,NA,NA,NA,NA,NA,NA,NA,NA,NA,NA,NA,NA,NA,NA,NA,NA,NA,"CA","longnose skate","longnose_skate",NA,NA,NA,"total_catch_wt_kg ~ 0 + factor(year) + pass","delta_gamma","TRUE","iid, iid","04_7","sigma_O","3.43292048747989","0.328636884149475","2.84562309086474","4.14142797448901"
"114","114","114","114","114","114","114","114","114","114","114","114","114","114","114","114","114","114","114","114","114","114","114","114","114","114","114","114","114","114","114","114","114","114","114","114","114","114","114","114","114","114","114","114","114","114","114","114","114","114","114","114","114","114",NA,NA,NA,NA,NA,NA,NA,NA,NA,NA,NA,NA,NA,NA,NA,NA,NA,NA,NA,NA,NA,NA,NA,NA,NA,NA,NA,NA,NA,NA,NA,NA,NA,NA,NA,NA,NA,"CA","longnose skate","longnose_skate",NA,NA,NA,"total_catch_wt_kg ~ 0 + factor(year) + pass","delta_gamma","TRUE","iid, iid","04_7","sigma_E","0.000174501027977856","0.112285093376552","0","Inf"
"115","115","115","115","115","115","115","115","115","115","115","115","115","115","115","115","115","115","115","115","115","115","115","115","115","115","115","115","115","115","115","115","115","115","115","115","115","115","115","115","115","115","115","115","115","115","115","115","115","115","115","115","115",NA,NA,NA,NA,NA,NA,NA,NA,NA,NA,NA,NA,NA,NA,NA,NA,NA,NA,NA,NA,NA,NA,NA,NA,NA,NA,NA,NA,NA,NA,NA,NA,NA,NA,NA,NA,NA,NA,"CA","longnose skate","longnose_skate",NA,NA,NA,"total_catch_wt_kg ~ 0 + factor(year) + pass","delta_gamma","TRUE","iid, iid","04_8","range","0.692955206797802","0.115096114606363","0.500409085903544","0.959588728812056"
"116","116","116","116","116","116","116","116","116","116","116","116","116","116","116","116","116","116","116","116","116","116","116","116","116","116","116","116","116","116","116","116","116","116","116","116","116","116","116","116","116","116","116","116","116","116","116","116","116","116","116","116","116",NA,NA,NA,NA,NA,NA,NA,NA,NA,NA,NA,NA,NA,NA,NA,NA,NA,NA,NA,NA,NA,NA,NA,NA,NA,NA,NA,NA,NA,NA,NA,NA,NA,NA,NA,NA,NA,NA,"CA","longnose skate","longnose_skate",NA,NA,NA,"total_catch_wt_kg ~ 0 + factor(year) + pass","delta_gamma","TRUE","iid, iid","04_8","sigma_O","3.69976138750035","0.366073303616618","3.04755452033794","4.49154698729413"
"117","117","117","117","117","117","117","117","117","117","117","117","117","117","117","117","117","117","117","117","117","117","117","117","117","117","117","117","117","117","117","117","117","117","117","117","117","117","117","117","117","117","117","117","117","117","117","117","117","117","117","117","117",NA,NA,NA,NA,NA,NA,NA,NA,NA,NA,NA,NA,NA,NA,NA,NA,NA,NA,NA,NA,NA,NA,NA,NA,NA,NA,NA,NA,NA,NA,NA,NA,NA,NA,NA,NA,NA,NA,"CA","longnose skate","longnose_skate",NA,NA,NA,"total_catch_wt_kg ~ 0 + factor(year) + pass","delta_gamma","TRUE","iid, iid","04_8","sigma_E","0.0949102490315765","0.461416260641643","6.90408872033544e-06","1304.72763837806"
"118","118","118","118","118","118","118","118","118","118","118","118","118","118","118","118","118","118","118","118","118","118","118","118","118","118","118","118","118","118","118","118","118","118","118","118","118","118","118","118","118","118","118","118","118","118","118","118","118","118","118","118",NA,NA,NA,NA,NA,NA,NA,NA,NA,NA,NA,NA,NA,NA,NA,NA,NA,NA,NA,NA,NA,NA,NA,NA,NA,NA,NA,NA,NA,NA,NA,NA,NA,NA,NA,NA,NA,NA,NA,"CA","longnose skate","longnose_skate",NA,NA,NA,"total_catch_wt_kg ~ 0 + factor(year) + pass","delta_gamma","TRUE","iid, iid","04_9","range","0.767949463552718","0.155132918457741","0.516870838428884","1.14099371588372"
"119","119","119","119","119","119","119","119","119","119","119","119","119","119","119","119","119","119","119","119","119","119","119","119","119","119","119","119","119","119","119","119","119","119","119","119","119","119","119","119","119","119","119","119","119","119","119","119","119","119","119","119",NA,NA,NA,NA,NA,NA,NA,NA,NA,NA,NA,NA,NA,NA,NA,NA,NA,NA,NA,NA,NA,NA,NA,NA,NA,NA,NA,NA,NA,NA,NA,NA,NA,NA,NA,NA,NA,NA,NA,"CA","longnose skate","longnose_skate",NA,NA,NA,"total_catch_wt_kg ~ 0 + factor(year) + pass","delta_gamma","TRUE","iid, iid","04_9","sigma_O","3.81546338216336","0.465998356526895","3.00321564364347","4.84739111273679"
"120","120","120","120","120","120","120","120","120","120","120","120","120","120","120","120","120","120","120","120","120","120","120","120","120","120","120","120","120","120","120","120","120","120","120","120","120","120","120","120","120","120","120","120","120","120","120","120","120","120","120","120",NA,NA,NA,NA,NA,NA,NA,NA,NA,NA,NA,NA,NA,NA,NA,NA,NA,NA,NA,NA,NA,NA,NA,NA,NA,NA,NA,NA,NA,NA,NA,NA,NA,NA,NA,NA,NA,NA,NA,"CA","longnose skate","longnose_skate",NA,NA,NA,"total_catch_wt_kg ~ 0 + factor(year) + pass","delta_gamma","TRUE","iid, iid","04_9","sigma_E","8.73862882733753e-05","0.0855043207511921","0","Inf"
"121","121","121","121","121","121","121","121","121","121","121","121","121","121","121","121","121","121","121","121","121","121","121","121","121","121","121","121","121","121","121","121","121","121","121","121","121","121","121","121","121","121","121","121","121","121","121","121","121","121","121",NA,NA,NA,NA,NA,NA,NA,NA,NA,NA,NA,NA,NA,NA,NA,NA,NA,NA,NA,NA,NA,NA,NA,NA,NA,NA,NA,NA,NA,NA,NA,NA,NA,NA,NA,NA,NA,NA,NA,NA,"CA","longnose skate","longnose_skate",NA,NA,NA,"total_catch_wt_kg ~ 0 + factor(year) + pass","delta_gamma","TRUE","iid, iid","05_1","range","0.717002462366268","0.122848111686055","0.512482976057853","1.00314069941175"
"122","122","122","122","122","122","122","122","122","122","122","122","122","122","122","122","122","122","122","122","122","122","122","122","122","122","122","122","122","122","122","122","122","122","122","122","122","122","122","122","122","122","122","122","122","122","122","122","122","122","122",NA,NA,NA,NA,NA,NA,NA,NA,NA,NA,NA,NA,NA,NA,NA,NA,NA,NA,NA,NA,NA,NA,NA,NA,NA,NA,NA,NA,NA,NA,NA,NA,NA,NA,NA,NA,NA,NA,NA,NA,"CA","longnose skate","longnose_skate",NA,NA,NA,"total_catch_wt_kg ~ 0 + factor(year) + pass","delta_gamma","TRUE","iid, iid","05_1","sigma_O","3.60581084326668","0.367326829863968","2.95318299831339","4.40266378509057"
"123","123","123","123","123","123","123","123","123","123","123","123","123","123","123","123","123","123","123","123","123","123","123","123","123","123","123","123","123","123","123","123","123","123","123","123","123","123","123","123","123","123","123","123","123","123","123","123","123","123","123",NA,NA,NA,NA,NA,NA,NA,NA,NA,NA,NA,NA,NA,NA,NA,NA,NA,NA,NA,NA,NA,NA,NA,NA,NA,NA,NA,NA,NA,NA,NA,NA,NA,NA,NA,NA,NA,NA,NA,NA,"CA","longnose skate","longnose_skate",NA,NA,NA,"total_catch_wt_kg ~ 0 + factor(year) + pass","delta_gamma","TRUE","iid, iid","05_1","sigma_E","0.23846636278326","0.170471539087569","0.0587397275110846","0.96810469827846"
"124","124","124","124","124","124","124","124","124","124","124","124","124","124","124","124","124","124","124","124","124","124","124","124","124","124","124","124","124","124","124","124","124","124","124","124","124","124","124","124","124","124","124","124","124","124","124","124","124","124",NA,NA,NA,NA,NA,NA,NA,NA,NA,NA,NA,NA,NA,NA,NA,NA,NA,NA,NA,NA,NA,NA,NA,NA,NA,NA,NA,NA,NA,NA,NA,NA,NA,NA,NA,NA,NA,NA,NA,NA,NA,"CA","longnose skate","longnose_skate",NA,NA,NA,"total_catch_wt_kg ~ 0 + factor(year) + pass","delta_gamma","TRUE","iid, iid","05_10","range","0.658475637262846","0.110870654310468","0.473389788534638","0.915926315628554"
"125","125","125","125","125","125","125","125","125","125","125","125","125","125","125","125","125","125","125","125","125","125","125","125","125","125","125","125","125","125","125","125","125","125","125","125","125","125","125","125","125","125","125","125","125","125","125","125","125","125",NA,NA,NA,NA,NA,NA,NA,NA,NA,NA,NA,NA,NA,NA,NA,NA,NA,NA,NA,NA,NA,NA,NA,NA,NA,NA,NA,NA,NA,NA,NA,NA,NA,NA,NA,NA,NA,NA,NA,NA,NA,"CA","longnose skate","longnose_skate",NA,NA,NA,"total_catch_wt_kg ~ 0 + factor(year) + pass","delta_gamma","TRUE","iid, iid","05_10","sigma_O","3.76114711953088","0.355097248120478","3.12576785522427","4.52568082786828"
"126","126","126","126","126","126","126","126","126","126","126","126","126","126","126","126","126","126","126","126","126","126","126","126","126","126","126","126","126","126","126","126","126","126","126","126","126","126","126","126","126","126","126","126","126","126","126","126","126","126",NA,NA,NA,NA,NA,NA,NA,NA,NA,NA,NA,NA,NA,NA,NA,NA,NA,NA,NA,NA,NA,NA,NA,NA,NA,NA,NA,NA,NA,NA,NA,NA,NA,NA,NA,NA,NA,NA,NA,NA,NA,"CA","longnose skate","longnose_skate",NA,NA,NA,"total_catch_wt_kg ~ 0 + factor(year) + pass","delta_gamma","TRUE","iid, iid","05_10","sigma_E","0.250221929039288","0.164024835948808","0.0692385428691888","0.904279772184585"
"127","127","127","127","127","127","127","127","127","127","127","127","127","127","127","127","127","127","127","127","127","127","127","127","127","127","127","127","127","127","127","127","127","127","127","127","127","127","127","127","127","127","127","127","127","127","127","127","127",NA,NA,NA,NA,NA,NA,NA,NA,NA,NA,NA,NA,NA,NA,NA,NA,NA,NA,NA,NA,NA,NA,NA,NA,NA,NA,NA,NA,NA,NA,NA,NA,NA,NA,NA,NA,NA,NA,NA,NA,NA,NA,"CA","longnose skate","longnose_skate",NA,NA,NA,"total_catch_wt_kg ~ 0 + factor(year) + pass","delta_gamma","TRUE","iid, iid","05_2","range","0.605739001597478","0.0983724254043292","0.440605413150755","0.832762664971541"
"128","128","128","128","128","128","128","128","128","128","128","128","128","128","128","128","128","128","128","128","128","128","128","128","128","128","128","128","128","128","128","128","128","128","128","128","128","128","128","128","128","128","128","128","128","128","128","128","128",NA,NA,NA,NA,NA,NA,NA,NA,NA,NA,NA,NA,NA,NA,NA,NA,NA,NA,NA,NA,NA,NA,NA,NA,NA,NA,NA,NA,NA,NA,NA,NA,NA,NA,NA,NA,NA,NA,NA,NA,NA,NA,"CA","longnose skate","longnose_skate",NA,NA,NA,"total_catch_wt_kg ~ 0 + factor(year) + pass","delta_gamma","TRUE","iid, iid","05_2","sigma_O","3.54226032643908","0.30996189005032","2.98398715294948","4.20498064405598"
"129","129","129","129","129","129","129","129","129","129","129","129","129","129","129","129","129","129","129","129","129","129","129","129","129","129","129","129","129","129","129","129","129","129","129","129","129","129","129","129","129","129","129","129","129","129","129","129","129",NA,NA,NA,NA,NA,NA,NA,NA,NA,NA,NA,NA,NA,NA,NA,NA,NA,NA,NA,NA,NA,NA,NA,NA,NA,NA,NA,NA,NA,NA,NA,NA,NA,NA,NA,NA,NA,NA,NA,NA,NA,NA,"CA","longnose skate","longnose_skate",NA,NA,NA,"total_catch_wt_kg ~ 0 + factor(year) + pass","delta_gamma","TRUE","iid, iid","05_2","sigma_E","0.240889069798843","0.187528187054393","0.0523806235698695","1.10780552032088"
"130","130","130","130","130","130","130","130","130","130","130","130","130","130","130","130","130","130","130","130","130","130","130","130","130","130","130","130","130","130","130","130","130","130","130","130","130","130","130","130","130","130","130","130","130","130","130","130",NA,NA,NA,NA,NA,NA,NA,NA,NA,NA,NA,NA,NA,NA,NA,NA,NA,NA,NA,NA,NA,NA,NA,NA,NA,NA,NA,NA,NA,NA,NA,NA,NA,NA,NA,NA,NA,NA,NA,NA,NA,NA,NA,"CA","longnose skate","longnose_skate",NA,NA,NA,"total_catch_wt_kg ~ 0 + factor(year) + pass","delta_gamma","TRUE","iid, iid","05_3","range","0.75934506390602","0.167990969854731","0.492183065637796","1.17152532529993"
"131","131","131","131","131","131","131","131","131","131","131","131","131","131","131","131","131","131","131","131","131","131","131","131","131","131","131","131","131","131","131","131","131","131","131","131","131","131","131","131","131","131","131","131","131","131","131","131",NA,NA,NA,NA,NA,NA,NA,NA,NA,NA,NA,NA,NA,NA,NA,NA,NA,NA,NA,NA,NA,NA,NA,NA,NA,NA,NA,NA,NA,NA,NA,NA,NA,NA,NA,NA,NA,NA,NA,NA,NA,NA,NA,"CA","longnose skate","longnose_skate",NA,NA,NA,"total_catch_wt_kg ~ 0 + factor(year) + pass","delta_gamma","TRUE","iid, iid","05_3","sigma_O","3.78662005661041","0.512521719404297","2.90429679955231","4.93699247795007"
"132","132","132","132","132","132","132","132","132","132","132","132","132","132","132","132","132","132","132","132","132","132","132","132","132","132","132","132","132","132","132","132","132","132","132","132","132","132","132","132","132","132","132","132","132","132","132","132",NA,NA,NA,NA,NA,NA,NA,NA,NA,NA,NA,NA,NA,NA,NA,NA,NA,NA,NA,NA,NA,NA,NA,NA,NA,NA,NA,NA,NA,NA,NA,NA,NA,NA,NA,NA,NA,NA,NA,NA,NA,NA,NA,"CA","longnose skate","longnose_skate",NA,NA,NA,"total_catch_wt_kg ~ 0 + factor(year) + pass","delta_gamma","TRUE","iid, iid","05_3","sigma_E","0.000369645487832305","0.16112296063411","0","Inf"
"133","133","133","133","133","133","133","133","133","133","133","133","133","133","133","133","133","133","133","133","133","133","133","133","133","133","133","133","133","133","133","133","133","133","133","133","133","133","133","133","133","133","133","133","133","133","133",NA,NA,NA,NA,NA,NA,NA,NA,NA,NA,NA,NA,NA,NA,NA,NA,NA,NA,NA,NA,NA,NA,NA,NA,NA,NA,NA,NA,NA,NA,NA,NA,NA,NA,NA,NA,NA,NA,NA,NA,NA,NA,NA,NA,"CA","longnose skate","longnose_skate",NA,NA,NA,"total_catch_wt_kg ~ 0 + factor(year) + pass","delta_gamma","TRUE","iid, iid","05_4","range","0.564000934265597","0.0927094950193469","0.408658739008288","0.778392882590517"
"134","134","134","134","134","134","134","134","134","134","134","134","134","134","134","134","134","134","134","134","134","134","134","134","134","134","134","134","134","134","134","134","134","134","134","134","134","134","134","134","134","134","134","134","134","134","134",NA,NA,NA,NA,NA,NA,NA,NA,NA,NA,NA,NA,NA,NA,NA,NA,NA,NA,NA,NA,NA,NA,NA,NA,NA,NA,NA,NA,NA,NA,NA,NA,NA,NA,NA,NA,NA,NA,NA,NA,NA,NA,NA,NA,"CA","longnose skate","longnose_skate",NA,NA,NA,"total_catch_wt_kg ~ 0 + factor(year) + pass","delta_gamma","TRUE","iid, iid","05_4","sigma_O","3.52386653286698","0.302150394702281","2.97874982691193","4.16874060025822"
"135","135","135","135","135","135","135","135","135","135","135","135","135","135","135","135","135","135","135","135","135","135","135","135","135","135","135","135","135","135","135","135","135","135","135","135","135","135","135","135","135","135","135","135","135","135","135",NA,NA,NA,NA,NA,NA,NA,NA,NA,NA,NA,NA,NA,NA,NA,NA,NA,NA,NA,NA,NA,NA,NA,NA,NA,NA,NA,NA,NA,NA,NA,NA,NA,NA,NA,NA,NA,NA,NA,NA,NA,NA,NA,NA,"CA","longnose skate","longnose_skate",NA,NA,NA,"total_catch_wt_kg ~ 0 + factor(year) + pass","delta_gamma","TRUE","iid, iid","05_4","sigma_E","0.000181134034637287","0.1422620265342","0","Inf"
"136","136","136","136","136","136","136","136","136","136","136","136","136","136","136","136","136","136","136","136","136","136","136","136","136","136","136","136","136","136","136","136","136","136","136","136","136","136","136","136","136","136","136","136","136","136",NA,NA,NA,NA,NA,NA,NA,NA,NA,NA,NA,NA,NA,NA,NA,NA,NA,NA,NA,NA,NA,NA,NA,NA,NA,NA,NA,NA,NA,NA,NA,NA,NA,NA,NA,NA,NA,NA,NA,NA,NA,NA,NA,NA,NA,"CA","longnose skate","longnose_skate",NA,NA,NA,"total_catch_wt_kg ~ 0 + factor(year) + pass","delta_gamma","TRUE","iid, iid","05_5","range","0.655352918432994","0.109692150346059","0.472065421736089","0.909804929408175"
"137","137","137","137","137","137","137","137","137","137","137","137","137","137","137","137","137","137","137","137","137","137","137","137","137","137","137","137","137","137","137","137","137","137","137","137","137","137","137","137","137","137","137","137","137","137",NA,NA,NA,NA,NA,NA,NA,NA,NA,NA,NA,NA,NA,NA,NA,NA,NA,NA,NA,NA,NA,NA,NA,NA,NA,NA,NA,NA,NA,NA,NA,NA,NA,NA,NA,NA,NA,NA,NA,NA,NA,NA,NA,NA,NA,"CA","longnose skate","longnose_skate",NA,NA,NA,"total_catch_wt_kg ~ 0 + factor(year) + pass","delta_gamma","TRUE","iid, iid","05_5","sigma_O","3.45906581648112","0.322615389650634","2.88117827598138","4.15286218922801"
"138","138","138","138","138","138","138","138","138","138","138","138","138","138","138","138","138","138","138","138","138","138","138","138","138","138","138","138","138","138","138","138","138","138","138","138","138","138","138","138","138","138","138","138","138","138",NA,NA,NA,NA,NA,NA,NA,NA,NA,NA,NA,NA,NA,NA,NA,NA,NA,NA,NA,NA,NA,NA,NA,NA,NA,NA,NA,NA,NA,NA,NA,NA,NA,NA,NA,NA,NA,NA,NA,NA,NA,NA,NA,NA,NA,"CA","longnose skate","longnose_skate",NA,NA,NA,"total_catch_wt_kg ~ 0 + factor(year) + pass","delta_gamma","TRUE","iid, iid","05_5","sigma_E","0.167737164323877","0.236205339229735","0.0106164207177152","2.65021112515502"
"139","139","139","139","139","139","139","139","139","139","139","139","139","139","139","139","139","139","139","139","139","139","139","139","139","139","139","139","139","139","139","139","139","139","139","139","139","139","139","139","139","139","139","139","139",NA,NA,NA,NA,NA,NA,NA,NA,NA,NA,NA,NA,NA,NA,NA,NA,NA,NA,NA,NA,NA,NA,NA,NA,NA,NA,NA,NA,NA,NA,NA,NA,NA,NA,NA,NA,NA,NA,NA,NA,NA,NA,NA,NA,NA,NA,"CA","longnose skate","longnose_skate",NA,NA,NA,"total_catch_wt_kg ~ 0 + factor(year) + pass","delta_gamma","TRUE","iid, iid","05_6","range","0.801833404462657","0.152080467173461","0.552891896365246","1.16286169636215"
"140","140","140","140","140","140","140","140","140","140","140","140","140","140","140","140","140","140","140","140","140","140","140","140","140","140","140","140","140","140","140","140","140","140","140","140","140","140","140","140","140","140","140","140","140",NA,NA,NA,NA,NA,NA,NA,NA,NA,NA,NA,NA,NA,NA,NA,NA,NA,NA,NA,NA,NA,NA,NA,NA,NA,NA,NA,NA,NA,NA,NA,NA,NA,NA,NA,NA,NA,NA,NA,NA,NA,NA,NA,NA,NA,NA,"CA","longnose skate","longnose_skate",NA,NA,NA,"total_catch_wt_kg ~ 0 + factor(year) + pass","delta_gamma","TRUE","iid, iid","05_6","sigma_O","4.25914330211826","0.532407830159227","3.33364291510289","5.44158511572885"
"141","141","141","141","141","141","141","141","141","141","141","141","141","141","141","141","141","141","141","141","141","141","141","141","141","141","141","141","141","141","141","141","141","141","141","141","141","141","141","141","141","141","141","141","141",NA,NA,NA,NA,NA,NA,NA,NA,NA,NA,NA,NA,NA,NA,NA,NA,NA,NA,NA,NA,NA,NA,NA,NA,NA,NA,NA,NA,NA,NA,NA,NA,NA,NA,NA,NA,NA,NA,NA,NA,NA,NA,NA,NA,NA,NA,"CA","longnose skate","longnose_skate",NA,NA,NA,"total_catch_wt_kg ~ 0 + factor(year) + pass","delta_gamma","TRUE","iid, iid","05_6","sigma_E","0.000196291671205188","0.181962375187358","0","Inf"
"142","142","142","142","142","142","142","142","142","142","142","142","142","142","142","142","142","142","142","142","142","142","142","142","142","142","142","142","142","142","142","142","142","142","142","142","142","142","142","142","142","142","142","142",NA,NA,NA,NA,NA,NA,NA,NA,NA,NA,NA,NA,NA,NA,NA,NA,NA,NA,NA,NA,NA,NA,NA,NA,NA,NA,NA,NA,NA,NA,NA,NA,NA,NA,NA,NA,NA,NA,NA,NA,NA,NA,NA,NA,NA,NA,NA,"CA","longnose skate","longnose_skate",NA,NA,NA,"total_catch_wt_kg ~ 0 + factor(year) + pass","delta_gamma","TRUE","iid, iid","05_7","range","0.679928393358896","0.111640957055869","0.492833245408579","0.938050799946221"
"143","143","143","143","143","143","143","143","143","143","143","143","143","143","143","143","143","143","143","143","143","143","143","143","143","143","143","143","143","143","143","143","143","143","143","143","143","143","143","143","143","143","143","143",NA,NA,NA,NA,NA,NA,NA,NA,NA,NA,NA,NA,NA,NA,NA,NA,NA,NA,NA,NA,NA,NA,NA,NA,NA,NA,NA,NA,NA,NA,NA,NA,NA,NA,NA,NA,NA,NA,NA,NA,NA,NA,NA,NA,NA,NA,NA,"CA","longnose skate","longnose_skate",NA,NA,NA,"total_catch_wt_kg ~ 0 + factor(year) + pass","delta_gamma","TRUE","iid, iid","05_7","sigma_O","3.57483102316505","0.336028665690487","2.97333519058541","4.29800746469731"
"144","144","144","144","144","144","144","144","144","144","144","144","144","144","144","144","144","144","144","144","144","144","144","144","144","144","144","144","144","144","144","144","144","144","144","144","144","144","144","144","144","144","144","144",NA,NA,NA,NA,NA,NA,NA,NA,NA,NA,NA,NA,NA,NA,NA,NA,NA,NA,NA,NA,NA,NA,NA,NA,NA,NA,NA,NA,NA,NA,NA,NA,NA,NA,NA,NA,NA,NA,NA,NA,NA,NA,NA,NA,NA,NA,NA,"CA","longnose skate","longnose_skate",NA,NA,NA,"total_catch_wt_kg ~ 0 + factor(year) + pass","delta_gamma","TRUE","iid, iid","05_7","sigma_E","0.000257383709915067","0.188315276257953","0","Inf"
"145","145","145","145","145","145","145","145","145","145","145","145","145","145","145","145","145","145","145","145","145","145","145","145","145","145","145","145","145","145","145","145","145","145","145","145","145","145","145","145","145","145","145",NA,NA,NA,NA,NA,NA,NA,NA,NA,NA,NA,NA,NA,NA,NA,NA,NA,NA,NA,NA,NA,NA,NA,NA,NA,NA,NA,NA,NA,NA,NA,NA,NA,NA,NA,NA,NA,NA,NA,NA,NA,NA,NA,NA,NA,NA,NA,NA,"CA","longnose skate","longnose_skate",NA,NA,NA,"total_catch_wt_kg ~ 0 + factor(year) + pass","delta_gamma","TRUE","iid, iid","05_8","range","0.589738941955685","0.100799074108142","0.421862719482167","0.824419896799421"
"146","146","146","146","146","146","146","146","146","146","146","146","146","146","146","146","146","146","146","146","146","146","146","146","146","146","146","146","146","146","146","146","146","146","146","146","146","146","146","146","146","146","146",NA,NA,NA,NA,NA,NA,NA,NA,NA,NA,NA,NA,NA,NA,NA,NA,NA,NA,NA,NA,NA,NA,NA,NA,NA,NA,NA,NA,NA,NA,NA,NA,NA,NA,NA,NA,NA,NA,NA,NA,NA,NA,NA,NA,NA,NA,NA,NA,"CA","longnose skate","longnose_skate",NA,NA,NA,"total_catch_wt_kg ~ 0 + factor(year) + pass","delta_gamma","TRUE","iid, iid","05_8","sigma_O","3.81216674444973","0.342190159434783","3.19717043949669","4.5454615456085"
"147","147","147","147","147","147","147","147","147","147","147","147","147","147","147","147","147","147","147","147","147","147","147","147","147","147","147","147","147","147","147","147","147","147","147","147","147","147","147","147","147","147","147",NA,NA,NA,NA,NA,NA,NA,NA,NA,NA,NA,NA,NA,NA,NA,NA,NA,NA,NA,NA,NA,NA,NA,NA,NA,NA,NA,NA,NA,NA,NA,NA,NA,NA,NA,NA,NA,NA,NA,NA,NA,NA,NA,NA,NA,NA,NA,NA,"CA","longnose skate","longnose_skate",NA,NA,NA,"total_catch_wt_kg ~ 0 + factor(year) + pass","delta_gamma","TRUE","iid, iid","05_8","sigma_E","0.0233101202498129","NaN","NaN","NaN"
"148","148","148","148","148","148","148","148","148","148","148","148","148","148","148","148","148","148","148","148","148","148","148","148","148","148","148","148","148","148","148","148","148","148","148","148","148","148","148","148","148","148",NA,NA,NA,NA,NA,NA,NA,NA,NA,NA,NA,NA,NA,NA,NA,NA,NA,NA,NA,NA,NA,NA,NA,NA,NA,NA,NA,NA,NA,NA,NA,NA,NA,NA,NA,NA,NA,NA,NA,NA,NA,NA,NA,NA,NA,NA,NA,NA,NA,"CA","longnose skate","longnose_skate",NA,NA,NA,"total_catch_wt_kg ~ 0 + factor(year) + pass","delta_gamma","TRUE","iid, iid","05_9","range","0.690486033413588","0.119042701529523","0.492497653735499","0.968067479556533"
"149","149","149","149","149","149","149","149","149","149","149","149","149","149","149","149","149","149","149","149","149","149","149","149","149","149","149","149","149","149","149","149","149","149","149","149","149","149","149","149","149","149",NA,NA,NA,NA,NA,NA,NA,NA,NA,NA,NA,NA,NA,NA,NA,NA,NA,NA,NA,NA,NA,NA,NA,NA,NA,NA,NA,NA,NA,NA,NA,NA,NA,NA,NA,NA,NA,NA,NA,NA,NA,NA,NA,NA,NA,NA,NA,NA,NA,"CA","longnose skate","longnose_skate",NA,NA,NA,"total_catch_wt_kg ~ 0 + factor(year) + pass","delta_gamma","TRUE","iid, iid","05_9","sigma_O","3.97930367833652","0.404455191728311","3.2605526882141","4.85649498063954"
"150","150","150","150","150","150","150","150","150","150","150","150","150","150","150","150","150","150","150","150","150","150","150","150","150","150","150","150","150","150","150","150","150","150","150","150","150","150","150","150","150","150",NA,NA,NA,NA,NA,NA,NA,NA,NA,NA,NA,NA,NA,NA,NA,NA,NA,NA,NA,NA,NA,NA,NA,NA,NA,NA,NA,NA,NA,NA,NA,NA,NA,NA,NA,NA,NA,NA,NA,NA,NA,NA,NA,NA,NA,NA,NA,NA,NA,"CA","longnose skate","longnose_skate",NA,NA,NA,"total_catch_wt_kg ~ 0 + factor(year) + pass","delta_gamma","TRUE","iid, iid","05_9","sigma_E","0.00016592177615916","0.112426413403142","0","Inf"
"151","151","151","151","151","151","151","151","151","151","151","151","151","151","151","151","151","151","151","151","151","151","151","151","151","151","151","151","151","151","151","151","151","151","151","151","151","151","151","151","151",NA,NA,NA,NA,NA,NA,NA,NA,NA,NA,NA,NA,NA,NA,NA,NA,NA,NA,NA,NA,NA,NA,NA,NA,NA,NA,NA,NA,NA,NA,NA,NA,NA,NA,NA,NA,NA,NA,NA,NA,NA,NA,NA,NA,NA,NA,NA,NA,NA,NA,"CA","longnose skate","longnose_skate",NA,NA,NA,"total_catch_wt_kg ~ 0 + factor(year) + pass","delta_gamma","TRUE","iid, iid","06_1","range","0.869628661152936","0.170285924890178","0.592456157111362","1.27647252749624"
"152","152","152","152","152","152","152","152","152","152","152","152","152","152","152","152","152","152","152","152","152","152","152","152","152","152","152","152","152","152","152","152","152","152","152","152","152","152","152","152","152",NA,NA,NA,NA,NA,NA,NA,NA,NA,NA,NA,NA,NA,NA,NA,NA,NA,NA,NA,NA,NA,NA,NA,NA,NA,NA,NA,NA,NA,NA,NA,NA,NA,NA,NA,NA,NA,NA,NA,NA,NA,NA,NA,NA,NA,NA,NA,NA,NA,NA,"CA","longnose skate","longnose_skate",NA,NA,NA,"total_catch_wt_kg ~ 0 + factor(year) + pass","delta_gamma","TRUE","iid, iid","06_1","sigma_O","4.35175237580899","0.571710360190008","3.36385904301973","5.62976881556808"
"153","153","153","153","153","153","153","153","153","153","153","153","153","153","153","153","153","153","153","153","153","153","153","153","153","153","153","153","153","153","153","153","153","153","153","153","153","153","153","153","153",NA,NA,NA,NA,NA,NA,NA,NA,NA,NA,NA,NA,NA,NA,NA,NA,NA,NA,NA,NA,NA,NA,NA,NA,NA,NA,NA,NA,NA,NA,NA,NA,NA,NA,NA,NA,NA,NA,NA,NA,NA,NA,NA,NA,NA,NA,NA,NA,NA,NA,"CA","longnose skate","longnose_skate",NA,NA,NA,"total_catch_wt_kg ~ 0 + factor(year) + pass","delta_gamma","TRUE","iid, iid","06_1","sigma_E","0.00757696413316363","NaN","NaN","NaN"
"154","154","154","154","154","154","154","154","154","154","154","154","154","154","154","154","154","154","154","154","154","154","154","154","154","154","154","154","154","154","154","154","154","154","154","154","154","154","154","154",NA,NA,NA,NA,NA,NA,NA,NA,NA,NA,NA,NA,NA,NA,NA,NA,NA,NA,NA,NA,NA,NA,NA,NA,NA,NA,NA,NA,NA,NA,NA,NA,NA,NA,NA,NA,NA,NA,NA,NA,NA,NA,NA,NA,NA,NA,NA,NA,NA,NA,NA,"CA","longnose skate","longnose_skate",NA,NA,NA,"total_catch_wt_kg ~ 0 + factor(year) + pass","delta_gamma","TRUE","iid, iid","06_10","range","0.594889911872717","0.0885639195337595","0.444338993326128","0.796450486145346"
"155","155","155","155","155","155","155","155","155","155","155","155","155","155","155","155","155","155","155","155","155","155","155","155","155","155","155","155","155","155","155","155","155","155","155","155","155","155","155","155",NA,NA,NA,NA,NA,NA,NA,NA,NA,NA,NA,NA,NA,NA,NA,NA,NA,NA,NA,NA,NA,NA,NA,NA,NA,NA,NA,NA,NA,NA,NA,NA,NA,NA,NA,NA,NA,NA,NA,NA,NA,NA,NA,NA,NA,NA,NA,NA,NA,NA,NA,"CA","longnose skate","longnose_skate",NA,NA,NA,"total_catch_wt_kg ~ 0 + factor(year) + pass","delta_gamma","TRUE","iid, iid","06_10","sigma_O","3.78684257641559","0.314640381887454","3.21775368270189","4.45657999729572"
"156","156","156","156","156","156","156","156","156","156","156","156","156","156","156","156","156","156","156","156","156","156","156","156","156","156","156","156","156","156","156","156","156","156","156","156","156","156","156","156",NA,NA,NA,NA,NA,NA,NA,NA,NA,NA,NA,NA,NA,NA,NA,NA,NA,NA,NA,NA,NA,NA,NA,NA,NA,NA,NA,NA,NA,NA,NA,NA,NA,NA,NA,NA,NA,NA,NA,NA,NA,NA,NA,NA,NA,NA,NA,NA,NA,NA,NA,"CA","longnose skate","longnose_skate",NA,NA,NA,"total_catch_wt_kg ~ 0 + factor(year) + pass","delta_gamma","TRUE","iid, iid","06_10","sigma_E","0.339012271767788","0.121587927505269","0.167852970948624","0.684702330614893"
"157","157","157","157","157","157","157","157","157","157","157","157","157","157","157","157","157","157","157","157","157","157","157","157","157","157","157","157","157","157","157","157","157","157","157","157","157","157","157",NA,NA,NA,NA,NA,NA,NA,NA,NA,NA,NA,NA,NA,NA,NA,NA,NA,NA,NA,NA,NA,NA,NA,NA,NA,NA,NA,NA,NA,NA,NA,NA,NA,NA,NA,NA,NA,NA,NA,NA,NA,NA,NA,NA,NA,NA,NA,NA,NA,NA,NA,NA,"CA","longnose skate","longnose_skate",NA,NA,NA,"total_catch_wt_kg ~ 0 + factor(year) + pass","delta_gamma","TRUE","iid, iid","06_2","range","0.928587923135406","0.188057795437319","0.624363547365107","1.38104720339911"
"158","158","158","158","158","158","158","158","158","158","158","158","158","158","158","158","158","158","158","158","158","158","158","158","158","158","158","158","158","158","158","158","158","158","158","158","158","158","158",NA,NA,NA,NA,NA,NA,NA,NA,NA,NA,NA,NA,NA,NA,NA,NA,NA,NA,NA,NA,NA,NA,NA,NA,NA,NA,NA,NA,NA,NA,NA,NA,NA,NA,NA,NA,NA,NA,NA,NA,NA,NA,NA,NA,NA,NA,NA,NA,NA,NA,NA,NA,"CA","longnose skate","longnose_skate",NA,NA,NA,"total_catch_wt_kg ~ 0 + factor(year) + pass","delta_gamma","TRUE","iid, iid","06_2","sigma_O","4.17678845130151","0.591843923529234","3.16394297384965","5.51386732033897"
"159","159","159","159","159","159","159","159","159","159","159","159","159","159","159","159","159","159","159","159","159","159","159","159","159","159","159","159","159","159","159","159","159","159","159","159","159","159","159",NA,NA,NA,NA,NA,NA,NA,NA,NA,NA,NA,NA,NA,NA,NA,NA,NA,NA,NA,NA,NA,NA,NA,NA,NA,NA,NA,NA,NA,NA,NA,NA,NA,NA,NA,NA,NA,NA,NA,NA,NA,NA,NA,NA,NA,NA,NA,NA,NA,NA,NA,NA,"CA","longnose skate","longnose_skate",NA,NA,NA,"total_catch_wt_kg ~ 0 + factor(year) + pass","delta_gamma","TRUE","iid, iid","06_2","sigma_E","0.00217305601046607","0.173557108792358","2.25690429743974e-71","2.09232284682142e+65"
"160","160","160","160","160","160","160","160","160","160","160","160","160","160","160","160","160","160","160","160","160","160","160","160","160","160","160","160","160","160","160","160","160","160","160","160","160","160",NA,NA,NA,NA,NA,NA,NA,NA,NA,NA,NA,NA,NA,NA,NA,NA,NA,NA,NA,NA,NA,NA,NA,NA,NA,NA,NA,NA,NA,NA,NA,NA,NA,NA,NA,NA,NA,NA,NA,NA,NA,NA,NA,NA,NA,NA,NA,NA,NA,NA,NA,NA,NA,"CA","longnose skate","longnose_skate",NA,NA,NA,"total_catch_wt_kg ~ 0 + factor(year) + pass","delta_gamma","TRUE","iid, iid","06_3","range","0.653725932551013","0.103809233440655","0.478881534719384","0.892407754122562"
"161","161","161","161","161","161","161","161","161","161","161","161","161","161","161","161","161","161","161","161","161","161","161","161","161","161","161","161","161","161","161","161","161","161","161","161","161","161",NA,NA,NA,NA,NA,NA,NA,NA,NA,NA,NA,NA,NA,NA,NA,NA,NA,NA,NA,NA,NA,NA,NA,NA,NA,NA,NA,NA,NA,NA,NA,NA,NA,NA,NA,NA,NA,NA,NA,NA,NA,NA,NA,NA,NA,NA,NA,NA,NA,NA,NA,NA,NA,"CA","longnose skate","longnose_skate",NA,NA,NA,"total_catch_wt_kg ~ 0 + factor(year) + pass","delta_gamma","TRUE","iid, iid","06_3","sigma_O","3.75957686475744","0.341510219159153","3.14642965183907","4.49220855573805"
"162","162","162","162","162","162","162","162","162","162","162","162","162","162","162","162","162","162","162","162","162","162","162","162","162","162","162","162","162","162","162","162","162","162","162","162","162","162",NA,NA,NA,NA,NA,NA,NA,NA,NA,NA,NA,NA,NA,NA,NA,NA,NA,NA,NA,NA,NA,NA,NA,NA,NA,NA,NA,NA,NA,NA,NA,NA,NA,NA,NA,NA,NA,NA,NA,NA,NA,NA,NA,NA,NA,NA,NA,NA,NA,NA,NA,NA,NA,"CA","longnose skate","longnose_skate",NA,NA,NA,"total_catch_wt_kg ~ 0 + factor(year) + pass","delta_gamma","TRUE","iid, iid","06_3","sigma_E","0.000323780661340951","0.2096234945108","0","Inf"
"163","163","163","163","163","163","163","163","163","163","163","163","163","163","163","163","163","163","163","163","163","163","163","163","163","163","163","163","163","163","163","163","163","163","163","163","163",NA,NA,NA,NA,NA,NA,NA,NA,NA,NA,NA,NA,NA,NA,NA,NA,NA,NA,NA,NA,NA,NA,NA,NA,NA,NA,NA,NA,NA,NA,NA,NA,NA,NA,NA,NA,NA,NA,NA,NA,NA,NA,NA,NA,NA,NA,NA,NA,NA,NA,NA,NA,NA,NA,"CA","longnose skate","longnose_skate",NA,NA,NA,"total_catch_wt_kg ~ 0 + factor(year) + pass","delta_gamma","TRUE","iid, iid","06_4","range","0.733276269593521","0.12487062193979","0.525188674291976","1.0238112774878"
"164","164","164","164","164","164","164","164","164","164","164","164","164","164","164","164","164","164","164","164","164","164","164","164","164","164","164","164","164","164","164","164","164","164","164","164","164",NA,NA,NA,NA,NA,NA,NA,NA,NA,NA,NA,NA,NA,NA,NA,NA,NA,NA,NA,NA,NA,NA,NA,NA,NA,NA,NA,NA,NA,NA,NA,NA,NA,NA,NA,NA,NA,NA,NA,NA,NA,NA,NA,NA,NA,NA,NA,NA,NA,NA,NA,NA,NA,NA,"CA","longnose skate","longnose_skate",NA,NA,NA,"total_catch_wt_kg ~ 0 + factor(year) + pass","delta_gamma","TRUE","iid, iid","06_4","sigma_O","4.04650160881132","0.432899925625075","3.28108201225062","4.99048033818603"
"165","165","165","165","165","165","165","165","165","165","165","165","165","165","165","165","165","165","165","165","165","165","165","165","165","165","165","165","165","165","165","165","165","165","165","165","165",NA,NA,NA,NA,NA,NA,NA,NA,NA,NA,NA,NA,NA,NA,NA,NA,NA,NA,NA,NA,NA,NA,NA,NA,NA,NA,NA,NA,NA,NA,NA,NA,NA,NA,NA,NA,NA,NA,NA,NA,NA,NA,NA,NA,NA,NA,NA,NA,NA,NA,NA,NA,NA,NA,"CA","longnose skate","longnose_skate",NA,NA,NA,"total_catch_wt_kg ~ 0 + factor(year) + pass","delta_gamma","TRUE","iid, iid","06_4","sigma_E","0.000523568897163385","0.439714370499669","0","Inf"
"166","166","166","166","166","166","166","166","166","166","166","166","166","166","166","166","166","166","166","166","166","166","166","166","166","166","166","166","166","166","166","166","166","166","166","166",NA,NA,NA,NA,NA,NA,NA,NA,NA,NA,NA,NA,NA,NA,NA,NA,NA,NA,NA,NA,NA,NA,NA,NA,NA,NA,NA,NA,NA,NA,NA,NA,NA,NA,NA,NA,NA,NA,NA,NA,NA,NA,NA,NA,NA,NA,NA,NA,NA,NA,NA,NA,NA,NA,NA,"CA","longnose skate","longnose_skate",NA,NA,NA,"total_catch_wt_kg ~ 0 + factor(year) + pass","delta_gamma","TRUE","iid, iid","06_5","range","0.653668766306626","0.098205340699572","0.486940199483807","0.877485277448398"
"167","167","167","167","167","167","167","167","167","167","167","167","167","167","167","167","167","167","167","167","167","167","167","167","167","167","167","167","167","167","167","167","167","167","167","167",NA,NA,NA,NA,NA,NA,NA,NA,NA,NA,NA,NA,NA,NA,NA,NA,NA,NA,NA,NA,NA,NA,NA,NA,NA,NA,NA,NA,NA,NA,NA,NA,NA,NA,NA,NA,NA,NA,NA,NA,NA,NA,NA,NA,NA,NA,NA,NA,NA,NA,NA,NA,NA,NA,NA,"CA","longnose skate","longnose_skate",NA,NA,NA,"total_catch_wt_kg ~ 0 + factor(year) + pass","delta_gamma","TRUE","iid, iid","06_5","sigma_O","4.02751297148607","0.361844843529166","3.37724243207779","4.80298973547745"
"168","168","168","168","168","168","168","168","168","168","168","168","168","168","168","168","168","168","168","168","168","168","168","168","168","168","168","168","168","168","168","168","168","168","168","168",NA,NA,NA,NA,NA,NA,NA,NA,NA,NA,NA,NA,NA,NA,NA,NA,NA,NA,NA,NA,NA,NA,NA,NA,NA,NA,NA,NA,NA,NA,NA,NA,NA,NA,NA,NA,NA,NA,NA,NA,NA,NA,NA,NA,NA,NA,NA,NA,NA,NA,NA,NA,NA,NA,NA,"CA","longnose skate","longnose_skate",NA,NA,NA,"total_catch_wt_kg ~ 0 + factor(year) + pass","delta_gamma","TRUE","iid, iid","06_5","sigma_E","0.286894778882463","0.123685219733419","0.12324099020335","0.667867192678394"
"169","169","169","169","169","169","169","169","169","169","169","169","169","169","169","169","169","169","169","169","169","169","169","169","169","169","169","169","169","169","169","169","169","169","169",NA,NA,NA,NA,NA,NA,NA,NA,NA,NA,NA,NA,NA,NA,NA,NA,NA,NA,NA,NA,NA,NA,NA,NA,NA,NA,NA,NA,NA,NA,NA,NA,NA,NA,NA,NA,NA,NA,NA,NA,NA,NA,NA,NA,NA,NA,NA,NA,NA,NA,NA,NA,NA,NA,NA,NA,"CA","longnose skate","longnose_skate",NA,NA,NA,"total_catch_wt_kg ~ 0 + factor(year) + pass","delta_gamma","TRUE","iid, iid","06_6","range","0.837021784597617","0.16577528373229","0.567744745448469","1.2340148869851"
"170","170","170","170","170","170","170","170","170","170","170","170","170","170","170","170","170","170","170","170","170","170","170","170","170","170","170","170","170","170","170","170","170","170","170",NA,NA,NA,NA,NA,NA,NA,NA,NA,NA,NA,NA,NA,NA,NA,NA,NA,NA,NA,NA,NA,NA,NA,NA,NA,NA,NA,NA,NA,NA,NA,NA,NA,NA,NA,NA,NA,NA,NA,NA,NA,NA,NA,NA,NA,NA,NA,NA,NA,NA,NA,NA,NA,NA,NA,NA,"CA","longnose skate","longnose_skate",NA,NA,NA,"total_catch_wt_kg ~ 0 + factor(year) + pass","delta_gamma","TRUE","iid, iid","06_6","sigma_O","4.01780878816004","0.513550099288599","3.12744730466163","5.16164970522584"
"171","171","171","171","171","171","171","171","171","171","171","171","171","171","171","171","171","171","171","171","171","171","171","171","171","171","171","171","171","171","171","171","171","171","171",NA,NA,NA,NA,NA,NA,NA,NA,NA,NA,NA,NA,NA,NA,NA,NA,NA,NA,NA,NA,NA,NA,NA,NA,NA,NA,NA,NA,NA,NA,NA,NA,NA,NA,NA,NA,NA,NA,NA,NA,NA,NA,NA,NA,NA,NA,NA,NA,NA,NA,NA,NA,NA,NA,NA,NA,"CA","longnose skate","longnose_skate",NA,NA,NA,"total_catch_wt_kg ~ 0 + factor(year) + pass","delta_gamma","TRUE","iid, iid","06_6","sigma_E","0.188708619162523","0.142140405651092","0.0431165346586217","0.825923122722599"
"172","172","172","172","172","172","172","172","172","172","172","172","172","172","172","172","172","172","172","172","172","172","172","172","172","172","172","172","172","172","172","172","172","172",NA,NA,NA,NA,NA,NA,NA,NA,NA,NA,NA,NA,NA,NA,NA,NA,NA,NA,NA,NA,NA,NA,NA,NA,NA,NA,NA,NA,NA,NA,NA,NA,NA,NA,NA,NA,NA,NA,NA,NA,NA,NA,NA,NA,NA,NA,NA,NA,NA,NA,NA,NA,NA,NA,NA,NA,NA,"CA","longnose skate","longnose_skate",NA,NA,NA,"total_catch_wt_kg ~ 0 + factor(year) + pass","delta_gamma","TRUE","iid, iid","06_7","range","0.578431056116888","0.0880959760528445","0.429153090393766","0.779634340681327"
"173","173","173","173","173","173","173","173","173","173","173","173","173","173","173","173","173","173","173","173","173","173","173","173","173","173","173","173","173","173","173","173","173","173",NA,NA,NA,NA,NA,NA,NA,NA,NA,NA,NA,NA,NA,NA,NA,NA,NA,NA,NA,NA,NA,NA,NA,NA,NA,NA,NA,NA,NA,NA,NA,NA,NA,NA,NA,NA,NA,NA,NA,NA,NA,NA,NA,NA,NA,NA,NA,NA,NA,NA,NA,NA,NA,NA,NA,NA,NA,"CA","longnose skate","longnose_skate",NA,NA,NA,"total_catch_wt_kg ~ 0 + factor(year) + pass","delta_gamma","TRUE","iid, iid","06_7","sigma_O","3.89093792484687","0.320002523842134","3.31168414092151","4.57151023189035"
"174","174","174","174","174","174","174","174","174","174","174","174","174","174","174","174","174","174","174","174","174","174","174","174","174","174","174","174","174","174","174","174","174","174",NA,NA,NA,NA,NA,NA,NA,NA,NA,NA,NA,NA,NA,NA,NA,NA,NA,NA,NA,NA,NA,NA,NA,NA,NA,NA,NA,NA,NA,NA,NA,NA,NA,NA,NA,NA,NA,NA,NA,NA,NA,NA,NA,NA,NA,NA,NA,NA,NA,NA,NA,NA,NA,NA,NA,NA,NA,"CA","longnose skate","longnose_skate",NA,NA,NA,"total_catch_wt_kg ~ 0 + factor(year) + pass","delta_gamma","TRUE","iid, iid","06_7","sigma_E","0.370006107448419","0.115319405768055","0.200870343746504","0.681556654883327"
"175","175","175","175","175","175","175","175","175","175","175","175","175","175","175","175","175","175","175","175","175","175","175","175","175","175","175","175","175","175","175","175","175",NA,NA,NA,NA,NA,NA,NA,NA,NA,NA,NA,NA,NA,NA,NA,NA,NA,NA,NA,NA,NA,NA,NA,NA,NA,NA,NA,NA,NA,NA,NA,NA,NA,NA,NA,NA,NA,NA,NA,NA,NA,NA,NA,NA,NA,NA,NA,NA,NA,NA,NA,NA,NA,NA,NA,NA,NA,NA,"CA","longnose skate","longnose_skate",NA,NA,NA,"total_catch_wt_kg ~ 0 + factor(year) + pass","delta_gamma","TRUE","iid, iid","06_8","range","0.818656516241035","0.158429499569312","0.560239836976729","1.19627068150055"
"176","176","176","176","176","176","176","176","176","176","176","176","176","176","176","176","176","176","176","176","176","176","176","176","176","176","176","176","176","176","176","176","176",NA,NA,NA,NA,NA,NA,NA,NA,NA,NA,NA,NA,NA,NA,NA,NA,NA,NA,NA,NA,NA,NA,NA,NA,NA,NA,NA,NA,NA,NA,NA,NA,NA,NA,NA,NA,NA,NA,NA,NA,NA,NA,NA,NA,NA,NA,NA,NA,NA,NA,NA,NA,NA,NA,NA,NA,NA,NA,"CA","longnose skate","longnose_skate",NA,NA,NA,"total_catch_wt_kg ~ 0 + factor(year) + pass","delta_gamma","TRUE","iid, iid","06_8","sigma_O","4.00131881779439","0.511213586858156","3.11496064157238","5.1398891106225"
"177","177","177","177","177","177","177","177","177","177","177","177","177","177","177","177","177","177","177","177","177","177","177","177","177","177","177","177","177","177","177","177","177",NA,NA,NA,NA,NA,NA,NA,NA,NA,NA,NA,NA,NA,NA,NA,NA,NA,NA,NA,NA,NA,NA,NA,NA,NA,NA,NA,NA,NA,NA,NA,NA,NA,NA,NA,NA,NA,NA,NA,NA,NA,NA,NA,NA,NA,NA,NA,NA,NA,NA,NA,NA,NA,NA,NA,NA,NA,NA,"CA","longnose skate","longnose_skate",NA,NA,NA,"total_catch_wt_kg ~ 0 + factor(year) + pass","delta_gamma","TRUE","iid, iid","06_8","sigma_E","0.0572732856173455","0.468326951494105","6.27520775418654e-09","522728.389863684"
"178","178","178","178","178","178","178","178","178","178","178","178","178","178","178","178","178","178","178","178","178","178","178","178","178","178","178","178","178","178","178","178",NA,NA,NA,NA,NA,NA,NA,NA,NA,NA,NA,NA,NA,NA,NA,NA,NA,NA,NA,NA,NA,NA,NA,NA,NA,NA,NA,NA,NA,NA,NA,NA,NA,NA,NA,NA,NA,NA,NA,NA,NA,NA,NA,NA,NA,NA,NA,NA,NA,NA,NA,NA,NA,NA,NA,NA,NA,NA,NA,"CA","longnose skate","longnose_skate",NA,NA,NA,"total_catch_wt_kg ~ 0 + factor(year) + pass","delta_gamma","TRUE","iid, iid","06_9","range","0.580033922765096","0.0937986415031403","0.42247751731299","0.796348533995518"
"179","179","179","179","179","179","179","179","179","179","179","179","179","179","179","179","179","179","179","179","179","179","179","179","179","179","179","179","179","179","179","179",NA,NA,NA,NA,NA,NA,NA,NA,NA,NA,NA,NA,NA,NA,NA,NA,NA,NA,NA,NA,NA,NA,NA,NA,NA,NA,NA,NA,NA,NA,NA,NA,NA,NA,NA,NA,NA,NA,NA,NA,NA,NA,NA,NA,NA,NA,NA,NA,NA,NA,NA,NA,NA,NA,NA,NA,NA,NA,NA,"CA","longnose skate","longnose_skate",NA,NA,NA,"total_catch_wt_kg ~ 0 + factor(year) + pass","delta_gamma","TRUE","iid, iid","06_9","sigma_O","3.56492915312689","0.302476867642103","3.01875739827674","4.20991758863061"
"180","180","180","180","180","180","180","180","180","180","180","180","180","180","180","180","180","180","180","180","180","180","180","180","180","180","180","180","180","180","180","180",NA,NA,NA,NA,NA,NA,NA,NA,NA,NA,NA,NA,NA,NA,NA,NA,NA,NA,NA,NA,NA,NA,NA,NA,NA,NA,NA,NA,NA,NA,NA,NA,NA,NA,NA,NA,NA,NA,NA,NA,NA,NA,NA,NA,NA,NA,NA,NA,NA,NA,NA,NA,NA,NA,NA,NA,NA,NA,NA,"CA","longnose skate","longnose_skate",NA,NA,NA,"total_catch_wt_kg ~ 0 + factor(year) + pass","delta_gamma","TRUE","iid, iid","06_9","sigma_E","0.353480551495968","0.117496082890348","0.18425877673828","0.678114239645528"
"181","181","181","181","181","181","181","181","181","181","181","181","181","181","181","181","181","181","181","181","181","181","181","181","181","181","181","181","181","181","181",NA,NA,NA,NA,NA,NA,NA,NA,NA,NA,NA,NA,NA,NA,NA,NA,NA,NA,NA,NA,NA,NA,NA,NA,NA,NA,NA,NA,NA,NA,NA,NA,NA,NA,NA,NA,NA,NA,NA,NA,NA,NA,NA,NA,NA,NA,NA,NA,NA,NA,NA,NA,NA,NA,NA,NA,NA,NA,NA,NA,"CA","longnose skate","longnose_skate",NA,NA,NA,"total_catch_wt_kg ~ 0 + factor(year) + pass","delta_gamma","TRUE","iid, iid","07_1","range","0.660532382490842","0.110525411548682","0.475843845290184","0.916903796565777"
"182","182","182","182","182","182","182","182","182","182","182","182","182","182","182","182","182","182","182","182","182","182","182","182","182","182","182","182","182","182","182",NA,NA,NA,NA,NA,NA,NA,NA,NA,NA,NA,NA,NA,NA,NA,NA,NA,NA,NA,NA,NA,NA,NA,NA,NA,NA,NA,NA,NA,NA,NA,NA,NA,NA,NA,NA,NA,NA,NA,NA,NA,NA,NA,NA,NA,NA,NA,NA,NA,NA,NA,NA,NA,NA,NA,NA,NA,NA,NA,NA,"CA","longnose skate","longnose_skate",NA,NA,NA,"total_catch_wt_kg ~ 0 + factor(year) + pass","delta_gamma","TRUE","iid, iid","07_1","sigma_O","4.05594207645819","0.386141873568523","3.36553382654031","4.88798121648799"
"183","183","183","183","183","183","183","183","183","183","183","183","183","183","183","183","183","183","183","183","183","183","183","183","183","183","183","183","183","183","183",NA,NA,NA,NA,NA,NA,NA,NA,NA,NA,NA,NA,NA,NA,NA,NA,NA,NA,NA,NA,NA,NA,NA,NA,NA,NA,NA,NA,NA,NA,NA,NA,NA,NA,NA,NA,NA,NA,NA,NA,NA,NA,NA,NA,NA,NA,NA,NA,NA,NA,NA,NA,NA,NA,NA,NA,NA,NA,NA,NA,"CA","longnose skate","longnose_skate",NA,NA,NA,"total_catch_wt_kg ~ 0 + factor(year) + pass","delta_gamma","TRUE","iid, iid","07_1","sigma_E","0.268869584484267","0.12122664096749","0.111110721551232","0.650619962245584"
"184","184","184","184","184","184","184","184","184","184","184","184","184","184","184","184","184","184","184","184","184","184","184","184","184","184","184","184","184","184",NA,NA,NA,NA,NA,NA,NA,NA,NA,NA,NA,NA,NA,NA,NA,NA,NA,NA,NA,NA,NA,NA,NA,NA,NA,NA,NA,NA,NA,NA,NA,NA,NA,NA,NA,NA,NA,NA,NA,NA,NA,NA,NA,NA,NA,NA,NA,NA,NA,NA,NA,NA,NA,NA,NA,NA,NA,NA,NA,NA,NA,"CA","longnose skate","longnose_skate",NA,NA,NA,"total_catch_wt_kg ~ 0 + factor(year) + pass","delta_gamma","TRUE","iid, iid","07_10","range","0.731638467591491","0.117325943623035","0.534315026295296","1.00183378890001"
"185","185","185","185","185","185","185","185","185","185","185","185","185","185","185","185","185","185","185","185","185","185","185","185","185","185","185","185","185","185",NA,NA,NA,NA,NA,NA,NA,NA,NA,NA,NA,NA,NA,NA,NA,NA,NA,NA,NA,NA,NA,NA,NA,NA,NA,NA,NA,NA,NA,NA,NA,NA,NA,NA,NA,NA,NA,NA,NA,NA,NA,NA,NA,NA,NA,NA,NA,NA,NA,NA,NA,NA,NA,NA,NA,NA,NA,NA,NA,NA,NA,"CA","longnose skate","longnose_skate",NA,NA,NA,"total_catch_wt_kg ~ 0 + factor(year) + pass","delta_gamma","TRUE","iid, iid","07_10","sigma_O","4.09976938948882","0.406130373140862","3.37627571638784","4.97829871103416"
"186","186","186","186","186","186","186","186","186","186","186","186","186","186","186","186","186","186","186","186","186","186","186","186","186","186","186","186","186","186",NA,NA,NA,NA,NA,NA,NA,NA,NA,NA,NA,NA,NA,NA,NA,NA,NA,NA,NA,NA,NA,NA,NA,NA,NA,NA,NA,NA,NA,NA,NA,NA,NA,NA,NA,NA,NA,NA,NA,NA,NA,NA,NA,NA,NA,NA,NA,NA,NA,NA,NA,NA,NA,NA,NA,NA,NA,NA,NA,NA,NA,"CA","longnose skate","longnose_skate",NA,NA,NA,"total_catch_wt_kg ~ 0 + factor(year) + pass","delta_gamma","TRUE","iid, iid","07_10","sigma_E","0.368531181007735","0.0927362889340426","0.225050486157513","0.603487838190664"
"187","187","187","187","187","187","187","187","187","187","187","187","187","187","187","187","187","187","187","187","187","187","187","187","187","187","187","187","187",NA,NA,NA,NA,NA,NA,NA,NA,NA,NA,NA,NA,NA,NA,NA,NA,NA,NA,NA,NA,NA,NA,NA,NA,NA,NA,NA,NA,NA,NA,NA,NA,NA,NA,NA,NA,NA,NA,NA,NA,NA,NA,NA,NA,NA,NA,NA,NA,NA,NA,NA,NA,NA,NA,NA,NA,NA,NA,NA,NA,NA,NA,"CA","longnose skate","longnose_skate",NA,NA,NA,"total_catch_wt_kg ~ 0 + factor(year) + pass","delta_gamma","TRUE","iid, iid","07_2","range","0.729073884647492","0.124690297146456","0.521427928724704","1.01940977840415"
"188","188","188","188","188","188","188","188","188","188","188","188","188","188","188","188","188","188","188","188","188","188","188","188","188","188","188","188","188",NA,NA,NA,NA,NA,NA,NA,NA,NA,NA,NA,NA,NA,NA,NA,NA,NA,NA,NA,NA,NA,NA,NA,NA,NA,NA,NA,NA,NA,NA,NA,NA,NA,NA,NA,NA,NA,NA,NA,NA,NA,NA,NA,NA,NA,NA,NA,NA,NA,NA,NA,NA,NA,NA,NA,NA,NA,NA,NA,NA,NA,NA,"CA","longnose skate","longnose_skate",NA,NA,NA,"total_catch_wt_kg ~ 0 + factor(year) + pass","delta_gamma","TRUE","iid, iid","07_2","sigma_O","3.91084135853893","0.414322333056556","3.17754866260985","4.81335826942033"
"189","189","189","189","189","189","189","189","189","189","189","189","189","189","189","189","189","189","189","189","189","189","189","189","189","189","189","189","189",NA,NA,NA,NA,NA,NA,NA,NA,NA,NA,NA,NA,NA,NA,NA,NA,NA,NA,NA,NA,NA,NA,NA,NA,NA,NA,NA,NA,NA,NA,NA,NA,NA,NA,NA,NA,NA,NA,NA,NA,NA,NA,NA,NA,NA,NA,NA,NA,NA,NA,NA,NA,NA,NA,NA,NA,NA,NA,NA,NA,NA,NA,"CA","longnose skate","longnose_skate",NA,NA,NA,"total_catch_wt_kg ~ 0 + factor(year) + pass","delta_gamma","TRUE","iid, iid","07_2","sigma_E","0.209671950939987","0.139808971213959","0.0567492736089357","0.774676470996414"
"190","190","190","190","190","190","190","190","190","190","190","190","190","190","190","190","190","190","190","190","190","190","190","190","190","190","190","190",NA,NA,NA,NA,NA,NA,NA,NA,NA,NA,NA,NA,NA,NA,NA,NA,NA,NA,NA,NA,NA,NA,NA,NA,NA,NA,NA,NA,NA,NA,NA,NA,NA,NA,NA,NA,NA,NA,NA,NA,NA,NA,NA,NA,NA,NA,NA,NA,NA,NA,NA,NA,NA,NA,NA,NA,NA,NA,NA,NA,NA,NA,NA,"CA","longnose skate","longnose_skate",NA,NA,NA,"total_catch_wt_kg ~ 0 + factor(year) + pass","delta_gamma","TRUE","iid, iid","07_3","range","0.545018855037273","0.0836063636328349","0.403493436226811","0.736184348186436"
"191","191","191","191","191","191","191","191","191","191","191","191","191","191","191","191","191","191","191","191","191","191","191","191","191","191","191","191",NA,NA,NA,NA,NA,NA,NA,NA,NA,NA,NA,NA,NA,NA,NA,NA,NA,NA,NA,NA,NA,NA,NA,NA,NA,NA,NA,NA,NA,NA,NA,NA,NA,NA,NA,NA,NA,NA,NA,NA,NA,NA,NA,NA,NA,NA,NA,NA,NA,NA,NA,NA,NA,NA,NA,NA,NA,NA,NA,NA,NA,NA,NA,"CA","longnose skate","longnose_skate",NA,NA,NA,"total_catch_wt_kg ~ 0 + factor(year) + pass","delta_gamma","TRUE","iid, iid","07_3","sigma_O","3.61441924751446","0.277431427836849","3.10958891200188","4.20120693329611"
"192","192","192","192","192","192","192","192","192","192","192","192","192","192","192","192","192","192","192","192","192","192","192","192","192","192","192","192",NA,NA,NA,NA,NA,NA,NA,NA,NA,NA,NA,NA,NA,NA,NA,NA,NA,NA,NA,NA,NA,NA,NA,NA,NA,NA,NA,NA,NA,NA,NA,NA,NA,NA,NA,NA,NA,NA,NA,NA,NA,NA,NA,NA,NA,NA,NA,NA,NA,NA,NA,NA,NA,NA,NA,NA,NA,NA,NA,NA,NA,NA,NA,"CA","longnose skate","longnose_skate",NA,NA,NA,"total_catch_wt_kg ~ 0 + factor(year) + pass","delta_gamma","TRUE","iid, iid","07_3","sigma_E","0.121501526584967","0.295483534964494","0.00103399126951744","14.277316837856"
"193","193","193","193","193","193","193","193","193","193","193","193","193","193","193","193","193","193","193","193","193","193","193","193","193","193","193",NA,NA,NA,NA,NA,NA,NA,NA,NA,NA,NA,NA,NA,NA,NA,NA,NA,NA,NA,NA,NA,NA,NA,NA,NA,NA,NA,NA,NA,NA,NA,NA,NA,NA,NA,NA,NA,NA,NA,NA,NA,NA,NA,NA,NA,NA,NA,NA,NA,NA,NA,NA,NA,NA,NA,NA,NA,NA,NA,NA,NA,NA,NA,NA,"CA","longnose skate","longnose_skate",NA,NA,NA,"total_catch_wt_kg ~ 0 + factor(year) + pass","delta_gamma","TRUE","iid, iid","07_4","range","0.926885993361969","0.172966753184367","0.642958714457355","1.33619410604876"
"194","194","194","194","194","194","194","194","194","194","194","194","194","194","194","194","194","194","194","194","194","194","194","194","194","194","194",NA,NA,NA,NA,NA,NA,NA,NA,NA,NA,NA,NA,NA,NA,NA,NA,NA,NA,NA,NA,NA,NA,NA,NA,NA,NA,NA,NA,NA,NA,NA,NA,NA,NA,NA,NA,NA,NA,NA,NA,NA,NA,NA,NA,NA,NA,NA,NA,NA,NA,NA,NA,NA,NA,NA,NA,NA,NA,NA,NA,NA,NA,NA,NA,"CA","longnose skate","longnose_skate",NA,NA,NA,"total_catch_wt_kg ~ 0 + factor(year) + pass","delta_gamma","TRUE","iid, iid","07_4","sigma_O","4.67287875422629","0.606394031216269","3.62347342250849","6.02620560594116"
"195","195","195","195","195","195","195","195","195","195","195","195","195","195","195","195","195","195","195","195","195","195","195","195","195","195","195",NA,NA,NA,NA,NA,NA,NA,NA,NA,NA,NA,NA,NA,NA,NA,NA,NA,NA,NA,NA,NA,NA,NA,NA,NA,NA,NA,NA,NA,NA,NA,NA,NA,NA,NA,NA,NA,NA,NA,NA,NA,NA,NA,NA,NA,NA,NA,NA,NA,NA,NA,NA,NA,NA,NA,NA,NA,NA,NA,NA,NA,NA,NA,NA,"CA","longnose skate","longnose_skate",NA,NA,NA,"total_catch_wt_kg ~ 0 + factor(year) + pass","delta_gamma","TRUE","iid, iid","07_4","sigma_E","0.163053545942533","0.146210000466951","0.0281227910535496","0.945370564173712"
"196","196","196","196","196","196","196","196","196","196","196","196","196","196","196","196","196","196","196","196","196","196","196","196","196","196",NA,NA,NA,NA,NA,NA,NA,NA,NA,NA,NA,NA,NA,NA,NA,NA,NA,NA,NA,NA,NA,NA,NA,NA,NA,NA,NA,NA,NA,NA,NA,NA,NA,NA,NA,NA,NA,NA,NA,NA,NA,NA,NA,NA,NA,NA,NA,NA,NA,NA,NA,NA,NA,NA,NA,NA,NA,NA,NA,NA,NA,NA,NA,NA,NA,"CA","longnose skate","longnose_skate",NA,NA,NA,"total_catch_wt_kg ~ 0 + factor(year) + pass","delta_gamma","TRUE","iid, iid","07_5","range","0.628375552508382","0.0966461372583519","0.464838193061512","0.849447917327144"
"197","197","197","197","197","197","197","197","197","197","197","197","197","197","197","197","197","197","197","197","197","197","197","197","197","197",NA,NA,NA,NA,NA,NA,NA,NA,NA,NA,NA,NA,NA,NA,NA,NA,NA,NA,NA,NA,NA,NA,NA,NA,NA,NA,NA,NA,NA,NA,NA,NA,NA,NA,NA,NA,NA,NA,NA,NA,NA,NA,NA,NA,NA,NA,NA,NA,NA,NA,NA,NA,NA,NA,NA,NA,NA,NA,NA,NA,NA,NA,NA,NA,NA,"CA","longnose skate","longnose_skate",NA,NA,NA,"total_catch_wt_kg ~ 0 + factor(year) + pass","delta_gamma","TRUE","iid, iid","07_5","sigma_O","3.8401281779657","0.3375427744484","3.23240746354713","4.56210567185852"
"198","198","198","198","198","198","198","198","198","198","198","198","198","198","198","198","198","198","198","198","198","198","198","198","198","198",NA,NA,NA,NA,NA,NA,NA,NA,NA,NA,NA,NA,NA,NA,NA,NA,NA,NA,NA,NA,NA,NA,NA,NA,NA,NA,NA,NA,NA,NA,NA,NA,NA,NA,NA,NA,NA,NA,NA,NA,NA,NA,NA,NA,NA,NA,NA,NA,NA,NA,NA,NA,NA,NA,NA,NA,NA,NA,NA,NA,NA,NA,NA,NA,NA,"CA","longnose skate","longnose_skate",NA,NA,NA,"total_catch_wt_kg ~ 0 + factor(year) + pass","delta_gamma","TRUE","iid, iid","07_5","sigma_E","0.253775417029401","0.122311037419833","0.0986732954885885","0.652678741188842"
"199","199","199","199","199","199","199","199","199","199","199","199","199","199","199","199","199","199","199","199","199","199","199","199","199",NA,NA,NA,NA,NA,NA,NA,NA,NA,NA,NA,NA,NA,NA,NA,NA,NA,NA,NA,NA,NA,NA,NA,NA,NA,NA,NA,NA,NA,NA,NA,NA,NA,NA,NA,NA,NA,NA,NA,NA,NA,NA,NA,NA,NA,NA,NA,NA,NA,NA,NA,NA,NA,NA,NA,NA,NA,NA,NA,NA,NA,NA,NA,NA,NA,NA,"CA","longnose skate","longnose_skate",NA,NA,NA,"total_catch_wt_kg ~ 0 + factor(year) + pass","delta_gamma","TRUE","iid, iid","07_6","range","0.755456670149998","0.140218555381751","0.525073404626787","1.08692380045372"
"200","200","200","200","200","200","200","200","200","200","200","200","200","200","200","200","200","200","200","200","200","200","200","200","200",NA,NA,NA,NA,NA,NA,NA,NA,NA,NA,NA,NA,NA,NA,NA,NA,NA,NA,NA,NA,NA,NA,NA,NA,NA,NA,NA,NA,NA,NA,NA,NA,NA,NA,NA,NA,NA,NA,NA,NA,NA,NA,NA,NA,NA,NA,NA,NA,NA,NA,NA,NA,NA,NA,NA,NA,NA,NA,NA,NA,NA,NA,NA,NA,NA,NA,"CA","longnose skate","longnose_skate",NA,NA,NA,"total_catch_wt_kg ~ 0 + factor(year) + pass","delta_gamma","TRUE","iid, iid","07_6","sigma_O","3.90117746399611","0.461493629694962","3.0938694349775","4.91914281628431"
"201","201","201","201","201","201","201","201","201","201","201","201","201","201","201","201","201","201","201","201","201","201","201","201","201",NA,NA,NA,NA,NA,NA,NA,NA,NA,NA,NA,NA,NA,NA,NA,NA,NA,NA,NA,NA,NA,NA,NA,NA,NA,NA,NA,NA,NA,NA,NA,NA,NA,NA,NA,NA,NA,NA,NA,NA,NA,NA,NA,NA,NA,NA,NA,NA,NA,NA,NA,NA,NA,NA,NA,NA,NA,NA,NA,NA,NA,NA,NA,NA,NA,NA,"CA","longnose skate","longnose_skate",NA,NA,NA,"total_catch_wt_kg ~ 0 + factor(year) + pass","delta_gamma","TRUE","iid, iid","07_6","sigma_E","0.246770850468867","0.116207009768859","0.0980514513935708","0.621060186010882"
"202","202","202","202","202","202","202","202","202","202","202","202","202","202","202","202","202","202","202","202","202","202","202","202",NA,NA,NA,NA,NA,NA,NA,NA,NA,NA,NA,NA,NA,NA,NA,NA,NA,NA,NA,NA,NA,NA,NA,NA,NA,NA,NA,NA,NA,NA,NA,NA,NA,NA,NA,NA,NA,NA,NA,NA,NA,NA,NA,NA,NA,NA,NA,NA,NA,NA,NA,NA,NA,NA,NA,NA,NA,NA,NA,NA,NA,NA,NA,NA,NA,NA,NA,"CA","longnose skate","longnose_skate",NA,NA,NA,"total_catch_wt_kg ~ 0 + factor(year) + pass","delta_gamma","TRUE","iid, iid","07_7","range","1.09139055391927","0.247436530045459","0.699839634922827","1.70200897712167"
"203","203","203","203","203","203","203","203","203","203","203","203","203","203","203","203","203","203","203","203","203","203","203","203",NA,NA,NA,NA,NA,NA,NA,NA,NA,NA,NA,NA,NA,NA,NA,NA,NA,NA,NA,NA,NA,NA,NA,NA,NA,NA,NA,NA,NA,NA,NA,NA,NA,NA,NA,NA,NA,NA,NA,NA,NA,NA,NA,NA,NA,NA,NA,NA,NA,NA,NA,NA,NA,NA,NA,NA,NA,NA,NA,NA,NA,NA,NA,NA,NA,NA,NA,"CA","longnose skate","longnose_skate",NA,NA,NA,"total_catch_wt_kg ~ 0 + factor(year) + pass","delta_gamma","TRUE","iid, iid","07_7","sigma_O","4.85669525666574","0.817501038122874","3.4919075567401","6.7549007047998"
"204","204","204","204","204","204","204","204","204","204","204","204","204","204","204","204","204","204","204","204","204","204","204","204",NA,NA,NA,NA,NA,NA,NA,NA,NA,NA,NA,NA,NA,NA,NA,NA,NA,NA,NA,NA,NA,NA,NA,NA,NA,NA,NA,NA,NA,NA,NA,NA,NA,NA,NA,NA,NA,NA,NA,NA,NA,NA,NA,NA,NA,NA,NA,NA,NA,NA,NA,NA,NA,NA,NA,NA,NA,NA,NA,NA,NA,NA,NA,NA,NA,NA,NA,"CA","longnose skate","longnose_skate",NA,NA,NA,"total_catch_wt_kg ~ 0 + factor(year) + pass","delta_gamma","TRUE","iid, iid","07_7","sigma_E","0.260664334519563","0.0933630791119439","0.129182505864254","0.52596824032756"
"205","205","205","205","205","205","205","205","205","205","205","205","205","205","205","205","205","205","205","205","205","205","205",NA,NA,NA,NA,NA,NA,NA,NA,NA,NA,NA,NA,NA,NA,NA,NA,NA,NA,NA,NA,NA,NA,NA,NA,NA,NA,NA,NA,NA,NA,NA,NA,NA,NA,NA,NA,NA,NA,NA,NA,NA,NA,NA,NA,NA,NA,NA,NA,NA,NA,NA,NA,NA,NA,NA,NA,NA,NA,NA,NA,NA,NA,NA,NA,NA,NA,NA,NA,"CA","longnose skate","longnose_skate",NA,NA,NA,"total_catch_wt_kg ~ 0 + factor(year) + pass","delta_gamma","TRUE","iid, iid","07_8","range","1.04850102564405","0.225444271469798","0.687934502225554","1.59805097319597"
"206","206","206","206","206","206","206","206","206","206","206","206","206","206","206","206","206","206","206","206","206","206","206",NA,NA,NA,NA,NA,NA,NA,NA,NA,NA,NA,NA,NA,NA,NA,NA,NA,NA,NA,NA,NA,NA,NA,NA,NA,NA,NA,NA,NA,NA,NA,NA,NA,NA,NA,NA,NA,NA,NA,NA,NA,NA,NA,NA,NA,NA,NA,NA,NA,NA,NA,NA,NA,NA,NA,NA,NA,NA,NA,NA,NA,NA,NA,NA,NA,NA,NA,NA,"CA","longnose skate","longnose_skate",NA,NA,NA,"total_catch_wt_kg ~ 0 + factor(year) + pass","delta_gamma","TRUE","iid, iid","07_8","sigma_O","4.67551722332161","0.74585624514922","3.42013116344258","6.39170261633274"
"207","207","207","207","207","207","207","207","207","207","207","207","207","207","207","207","207","207","207","207","207","207","207",NA,NA,NA,NA,NA,NA,NA,NA,NA,NA,NA,NA,NA,NA,NA,NA,NA,NA,NA,NA,NA,NA,NA,NA,NA,NA,NA,NA,NA,NA,NA,NA,NA,NA,NA,NA,NA,NA,NA,NA,NA,NA,NA,NA,NA,NA,NA,NA,NA,NA,NA,NA,NA,NA,NA,NA,NA,NA,NA,NA,NA,NA,NA,NA,NA,NA,NA,NA,"CA","longnose skate","longnose_skate",NA,NA,NA,"total_catch_wt_kg ~ 0 + factor(year) + pass","delta_gamma","TRUE","iid, iid","07_8","sigma_E","0.000263371404494803","0.453091771837781","0","Inf"
"208","208","208","208","208","208","208","208","208","208","208","208","208","208","208","208","208","208","208","208","208","208",NA,NA,NA,NA,NA,NA,NA,NA,NA,NA,NA,NA,NA,NA,NA,NA,NA,NA,NA,NA,NA,NA,NA,NA,NA,NA,NA,NA,NA,NA,NA,NA,NA,NA,NA,NA,NA,NA,NA,NA,NA,NA,NA,NA,NA,NA,NA,NA,NA,NA,NA,NA,NA,NA,NA,NA,NA,NA,NA,NA,NA,NA,NA,NA,NA,NA,NA,NA,NA,"CA","longnose skate","longnose_skate",NA,NA,NA,"total_catch_wt_kg ~ 0 + factor(year) + pass","delta_gamma","TRUE","iid, iid","07_9","range","0.720698231794046","0.135988011940632","0.497898562118282","1.04319630709774"
"209","209","209","209","209","209","209","209","209","209","209","209","209","209","209","209","209","209","209","209","209","209",NA,NA,NA,NA,NA,NA,NA,NA,NA,NA,NA,NA,NA,NA,NA,NA,NA,NA,NA,NA,NA,NA,NA,NA,NA,NA,NA,NA,NA,NA,NA,NA,NA,NA,NA,NA,NA,NA,NA,NA,NA,NA,NA,NA,NA,NA,NA,NA,NA,NA,NA,NA,NA,NA,NA,NA,NA,NA,NA,NA,NA,NA,NA,NA,NA,NA,NA,NA,NA,"CA","longnose skate","longnose_skate",NA,NA,NA,"total_catch_wt_kg ~ 0 + factor(year) + pass","delta_gamma","TRUE","iid, iid","07_9","sigma_O","3.95567570129822","0.43350650027397","3.19107228211542","4.90348349096881"
"210","210","210","210","210","210","210","210","210","210","210","210","210","210","210","210","210","210","210","210","210","210",NA,NA,NA,NA,NA,NA,NA,NA,NA,NA,NA,NA,NA,NA,NA,NA,NA,NA,NA,NA,NA,NA,NA,NA,NA,NA,NA,NA,NA,NA,NA,NA,NA,NA,NA,NA,NA,NA,NA,NA,NA,NA,NA,NA,NA,NA,NA,NA,NA,NA,NA,NA,NA,NA,NA,NA,NA,NA,NA,NA,NA,NA,NA,NA,NA,NA,NA,NA,NA,"CA","longnose skate","longnose_skate",NA,NA,NA,"total_catch_wt_kg ~ 0 + factor(year) + pass","delta_gamma","TRUE","iid, iid","07_9","sigma_E","0.293365068655388","0.11767348636711","0.133652675857302","0.643930717848611"
"211","211","211","211","211","211","211","211","211","211","211","211","211","211","211","211","211","211","211","211","211",NA,NA,NA,NA,NA,NA,NA,NA,NA,NA,NA,NA,NA,NA,NA,NA,NA,NA,NA,NA,NA,NA,NA,NA,NA,NA,NA,NA,NA,NA,NA,NA,NA,NA,NA,NA,NA,NA,NA,NA,NA,NA,NA,NA,NA,NA,NA,NA,NA,NA,NA,NA,NA,NA,NA,NA,NA,NA,NA,NA,NA,NA,NA,NA,NA,NA,NA,NA,NA,NA,"CA","longnose skate","longnose_skate",NA,NA,NA,"total_catch_wt_kg ~ 0 + factor(year) + pass","delta_gamma","TRUE","iid, iid","08_1","range","0.955267786537632","0.201865376032349","0.631321875155935","1.445437866019"
"212","212","212","212","212","212","212","212","212","212","212","212","212","212","212","212","212","212","212","212","212",NA,NA,NA,NA,NA,NA,NA,NA,NA,NA,NA,NA,NA,NA,NA,NA,NA,NA,NA,NA,NA,NA,NA,NA,NA,NA,NA,NA,NA,NA,NA,NA,NA,NA,NA,NA,NA,NA,NA,NA,NA,NA,NA,NA,NA,NA,NA,NA,NA,NA,NA,NA,NA,NA,NA,NA,NA,NA,NA,NA,NA,NA,NA,NA,NA,NA,NA,NA,NA,NA,"CA","longnose skate","longnose_skate",NA,NA,NA,"total_catch_wt_kg ~ 0 + factor(year) + pass","delta_gamma","TRUE","iid, iid","08_1","sigma_O","5.12530555468115","0.777114745584839","3.80765805868092","6.89892753603658"
"213","213","213","213","213","213","213","213","213","213","213","213","213","213","213","213","213","213","213","213","213",NA,NA,NA,NA,NA,NA,NA,NA,NA,NA,NA,NA,NA,NA,NA,NA,NA,NA,NA,NA,NA,NA,NA,NA,NA,NA,NA,NA,NA,NA,NA,NA,NA,NA,NA,NA,NA,NA,NA,NA,NA,NA,NA,NA,NA,NA,NA,NA,NA,NA,NA,NA,NA,NA,NA,NA,NA,NA,NA,NA,NA,NA,NA,NA,NA,NA,NA,NA,NA,NA,"CA","longnose skate","longnose_skate",NA,NA,NA,"total_catch_wt_kg ~ 0 + factor(year) + pass","delta_gamma","TRUE","iid, iid","08_1","sigma_E","0.00559642163640698","NaN","NaN","NaN"
"214","214","214","214","214","214","214","214","214","214","214","214","214","214","214","214","214","214","214","214",NA,NA,NA,NA,NA,NA,NA,NA,NA,NA,NA,NA,NA,NA,NA,NA,NA,NA,NA,NA,NA,NA,NA,NA,NA,NA,NA,NA,NA,NA,NA,NA,NA,NA,NA,NA,NA,NA,NA,NA,NA,NA,NA,NA,NA,NA,NA,NA,NA,NA,NA,NA,NA,NA,NA,NA,NA,NA,NA,NA,NA,NA,NA,NA,NA,NA,NA,NA,NA,NA,NA,"CA","longnose skate","longnose_skate",NA,NA,NA,"total_catch_wt_kg ~ 0 + factor(year) + pass","delta_gamma","TRUE","iid, iid","08_10","range","0.828174853394828","0.140846797575863","0.593415816880651","1.15580604406689"
"215","215","215","215","215","215","215","215","215","215","215","215","215","215","215","215","215","215","215","215",NA,NA,NA,NA,NA,NA,NA,NA,NA,NA,NA,NA,NA,NA,NA,NA,NA,NA,NA,NA,NA,NA,NA,NA,NA,NA,NA,NA,NA,NA,NA,NA,NA,NA,NA,NA,NA,NA,NA,NA,NA,NA,NA,NA,NA,NA,NA,NA,NA,NA,NA,NA,NA,NA,NA,NA,NA,NA,NA,NA,NA,NA,NA,NA,NA,NA,NA,NA,NA,NA,NA,"CA","longnose skate","longnose_skate",NA,NA,NA,"total_catch_wt_kg ~ 0 + factor(year) + pass","delta_gamma","TRUE","iid, iid","08_10","sigma_O","4.16352604052689","0.474680061817091","3.3297875218004","5.20602259953591"
"216","216","216","216","216","216","216","216","216","216","216","216","216","216","216","216","216","216","216","216",NA,NA,NA,NA,NA,NA,NA,NA,NA,NA,NA,NA,NA,NA,NA,NA,NA,NA,NA,NA,NA,NA,NA,NA,NA,NA,NA,NA,NA,NA,NA,NA,NA,NA,NA,NA,NA,NA,NA,NA,NA,NA,NA,NA,NA,NA,NA,NA,NA,NA,NA,NA,NA,NA,NA,NA,NA,NA,NA,NA,NA,NA,NA,NA,NA,NA,NA,NA,NA,NA,NA,"CA","longnose skate","longnose_skate",NA,NA,NA,"total_catch_wt_kg ~ 0 + factor(year) + pass","delta_gamma","TRUE","iid, iid","08_10","sigma_E","0.298311249351854","0.0926395928269477","0.162304943246549","0.548286452093357"
"217","217","217","217","217","217","217","217","217","217","217","217","217","217","217","217","217","217","217",NA,NA,NA,NA,NA,NA,NA,NA,NA,NA,NA,NA,NA,NA,NA,NA,NA,NA,NA,NA,NA,NA,NA,NA,NA,NA,NA,NA,NA,NA,NA,NA,NA,NA,NA,NA,NA,NA,NA,NA,NA,NA,NA,NA,NA,NA,NA,NA,NA,NA,NA,NA,NA,NA,NA,NA,NA,NA,NA,NA,NA,NA,NA,NA,NA,NA,NA,NA,NA,NA,NA,NA,"CA","longnose skate","longnose_skate",NA,NA,NA,"total_catch_wt_kg ~ 0 + factor(year) + pass","delta_gamma","TRUE","iid, iid","08_2","range","0.951129574699746","0.179545004424131","0.656989040372177","1.37695975469552"
"218","218","218","218","218","218","218","218","218","218","218","218","218","218","218","218","218","218","218",NA,NA,NA,NA,NA,NA,NA,NA,NA,NA,NA,NA,NA,NA,NA,NA,NA,NA,NA,NA,NA,NA,NA,NA,NA,NA,NA,NA,NA,NA,NA,NA,NA,NA,NA,NA,NA,NA,NA,NA,NA,NA,NA,NA,NA,NA,NA,NA,NA,NA,NA,NA,NA,NA,NA,NA,NA,NA,NA,NA,NA,NA,NA,NA,NA,NA,NA,NA,NA,NA,NA,NA,"CA","longnose skate","longnose_skate",NA,NA,NA,"total_catch_wt_kg ~ 0 + factor(year) + pass","delta_gamma","TRUE","iid, iid","08_2","sigma_O","4.48091048387692","0.609103766277463","3.43288976598202","5.84887955432916"
"219","219","219","219","219","219","219","219","219","219","219","219","219","219","219","219","219","219","219",NA,NA,NA,NA,NA,NA,NA,NA,NA,NA,NA,NA,NA,NA,NA,NA,NA,NA,NA,NA,NA,NA,NA,NA,NA,NA,NA,NA,NA,NA,NA,NA,NA,NA,NA,NA,NA,NA,NA,NA,NA,NA,NA,NA,NA,NA,NA,NA,NA,NA,NA,NA,NA,NA,NA,NA,NA,NA,NA,NA,NA,NA,NA,NA,NA,NA,NA,NA,NA,NA,NA,NA,"CA","longnose skate","longnose_skate",NA,NA,NA,"total_catch_wt_kg ~ 0 + factor(year) + pass","delta_gamma","TRUE","iid, iid","08_2","sigma_E","0.00643990182068134","NaN","NaN","NaN"
"220","220","220","220","220","220","220","220","220","220","220","220","220","220","220","220","220","220",NA,NA,NA,NA,NA,NA,NA,NA,NA,NA,NA,NA,NA,NA,NA,NA,NA,NA,NA,NA,NA,NA,NA,NA,NA,NA,NA,NA,NA,NA,NA,NA,NA,NA,NA,NA,NA,NA,NA,NA,NA,NA,NA,NA,NA,NA,NA,NA,NA,NA,NA,NA,NA,NA,NA,NA,NA,NA,NA,NA,NA,NA,NA,NA,NA,NA,NA,NA,NA,NA,NA,NA,NA,"CA","longnose skate","longnose_skate",NA,NA,NA,"total_catch_wt_kg ~ 0 + factor(year) + pass","delta_gamma","TRUE","iid, iid","08_3","range","0.718761151804837","0.129064876149109","0.505519558763334","1.02195371947157"
"221","221","221","221","221","221","221","221","221","221","221","221","221","221","221","221","221","221",NA,NA,NA,NA,NA,NA,NA,NA,NA,NA,NA,NA,NA,NA,NA,NA,NA,NA,NA,NA,NA,NA,NA,NA,NA,NA,NA,NA,NA,NA,NA,NA,NA,NA,NA,NA,NA,NA,NA,NA,NA,NA,NA,NA,NA,NA,NA,NA,NA,NA,NA,NA,NA,NA,NA,NA,NA,NA,NA,NA,NA,NA,NA,NA,NA,NA,NA,NA,NA,NA,NA,NA,NA,"CA","longnose skate","longnose_skate",NA,NA,NA,"total_catch_wt_kg ~ 0 + factor(year) + pass","delta_gamma","TRUE","iid, iid","08_3","sigma_O","3.91056880264131","0.421129768711573","3.16645925011802","4.82954213278491"
"222","222","222","222","222","222","222","222","222","222","222","222","222","222","222","222","222","222",NA,NA,NA,NA,NA,NA,NA,NA,NA,NA,NA,NA,NA,NA,NA,NA,NA,NA,NA,NA,NA,NA,NA,NA,NA,NA,NA,NA,NA,NA,NA,NA,NA,NA,NA,NA,NA,NA,NA,NA,NA,NA,NA,NA,NA,NA,NA,NA,NA,NA,NA,NA,NA,NA,NA,NA,NA,NA,NA,NA,NA,NA,NA,NA,NA,NA,NA,NA,NA,NA,NA,NA,NA,"CA","longnose skate","longnose_skate",NA,NA,NA,"total_catch_wt_kg ~ 0 + factor(year) + pass","delta_gamma","TRUE","iid, iid","08_3","sigma_E","0.202550343789093","0.135117482111275","0.0547914285664376","0.748778464852994"
"223","223","223","223","223","223","223","223","223","223","223","223","223","223","223","223","223",NA,NA,NA,NA,NA,NA,NA,NA,NA,NA,NA,NA,NA,NA,NA,NA,NA,NA,NA,NA,NA,NA,NA,NA,NA,NA,NA,NA,NA,NA,NA,NA,NA,NA,NA,NA,NA,NA,NA,NA,NA,NA,NA,NA,NA,NA,NA,NA,NA,NA,NA,NA,NA,NA,NA,NA,NA,NA,NA,NA,NA,NA,NA,NA,NA,NA,NA,NA,NA,NA,NA,NA,NA,NA,"CA","longnose skate","longnose_skate",NA,NA,NA,"total_catch_wt_kg ~ 0 + factor(year) + pass","delta_gamma","TRUE","iid, iid","08_4","range","0.827515081861931","0.145596032774468","0.586154903242894","1.16825980115566"
"224","224","224","224","224","224","224","224","224","224","224","224","224","224","224","224","224",NA,NA,NA,NA,NA,NA,NA,NA,NA,NA,NA,NA,NA,NA,NA,NA,NA,NA,NA,NA,NA,NA,NA,NA,NA,NA,NA,NA,NA,NA,NA,NA,NA,NA,NA,NA,NA,NA,NA,NA,NA,NA,NA,NA,NA,NA,NA,NA,NA,NA,NA,NA,NA,NA,NA,NA,NA,NA,NA,NA,NA,NA,NA,NA,NA,NA,NA,NA,NA,NA,NA,NA,NA,NA,"CA","longnose skate","longnose_skate",NA,NA,NA,"total_catch_wt_kg ~ 0 + factor(year) + pass","delta_gamma","TRUE","iid, iid","08_4","sigma_O","4.36600558046862","0.514050820165034","3.46628556562262","5.49925976028441"
"225","225","225","225","225","225","225","225","225","225","225","225","225","225","225","225","225",NA,NA,NA,NA,NA,NA,NA,NA,NA,NA,NA,NA,NA,NA,NA,NA,NA,NA,NA,NA,NA,NA,NA,NA,NA,NA,NA,NA,NA,NA,NA,NA,NA,NA,NA,NA,NA,NA,NA,NA,NA,NA,NA,NA,NA,NA,NA,NA,NA,NA,NA,NA,NA,NA,NA,NA,NA,NA,NA,NA,NA,NA,NA,NA,NA,NA,NA,NA,NA,NA,NA,NA,NA,NA,"CA","longnose skate","longnose_skate",NA,NA,NA,"total_catch_wt_kg ~ 0 + factor(year) + pass","delta_gamma","TRUE","iid, iid","08_4","sigma_E","0.288709526234936","0.0931429095606713","0.153408038400787","0.543343043869947"
"226","226","226","226","226","226","226","226","226","226","226","226","226","226","226","226",NA,NA,NA,NA,NA,NA,NA,NA,NA,NA,NA,NA,NA,NA,NA,NA,NA,NA,NA,NA,NA,NA,NA,NA,NA,NA,NA,NA,NA,NA,NA,NA,NA,NA,NA,NA,NA,NA,NA,NA,NA,NA,NA,NA,NA,NA,NA,NA,NA,NA,NA,NA,NA,NA,NA,NA,NA,NA,NA,NA,NA,NA,NA,NA,NA,NA,NA,NA,NA,NA,NA,NA,NA,NA,NA,"CA","longnose skate","longnose_skate",NA,NA,NA,"total_catch_wt_kg ~ 0 + factor(year) + pass","delta_gamma","TRUE","iid, iid","08_5","range","1.11279034570552","0.260621226720594","0.703165519442798","1.76103964039172"
"227","227","227","227","227","227","227","227","227","227","227","227","227","227","227","227",NA,NA,NA,NA,NA,NA,NA,NA,NA,NA,NA,NA,NA,NA,NA,NA,NA,NA,NA,NA,NA,NA,NA,NA,NA,NA,NA,NA,NA,NA,NA,NA,NA,NA,NA,NA,NA,NA,NA,NA,NA,NA,NA,NA,NA,NA,NA,NA,NA,NA,NA,NA,NA,NA,NA,NA,NA,NA,NA,NA,NA,NA,NA,NA,NA,NA,NA,NA,NA,NA,NA,NA,NA,NA,NA,"CA","longnose skate","longnose_skate",NA,NA,NA,"total_catch_wt_kg ~ 0 + factor(year) + pass","delta_gamma","TRUE","iid, iid","08_5","sigma_O","5.50823260005204","0.994039326845344","3.86723695062033","7.84555659859664"
"228","228","228","228","228","228","228","228","228","228","228","228","228","228","228","228",NA,NA,NA,NA,NA,NA,NA,NA,NA,NA,NA,NA,NA,NA,NA,NA,NA,NA,NA,NA,NA,NA,NA,NA,NA,NA,NA,NA,NA,NA,NA,NA,NA,NA,NA,NA,NA,NA,NA,NA,NA,NA,NA,NA,NA,NA,NA,NA,NA,NA,NA,NA,NA,NA,NA,NA,NA,NA,NA,NA,NA,NA,NA,NA,NA,NA,NA,NA,NA,NA,NA,NA,NA,NA,NA,"CA","longnose skate","longnose_skate",NA,NA,NA,"total_catch_wt_kg ~ 0 + factor(year) + pass","delta_gamma","TRUE","iid, iid","08_5","sigma_E","0.13132700943883","0.13654885566992","0.0171122412831357","1.00786233216238"
"229","229","229","229","229","229","229","229","229","229","229","229","229","229","229",NA,NA,NA,NA,NA,NA,NA,NA,NA,NA,NA,NA,NA,NA,NA,NA,NA,NA,NA,NA,NA,NA,NA,NA,NA,NA,NA,NA,NA,NA,NA,NA,NA,NA,NA,NA,NA,NA,NA,NA,NA,NA,NA,NA,NA,NA,NA,NA,NA,NA,NA,NA,NA,NA,NA,NA,NA,NA,NA,NA,NA,NA,NA,NA,NA,NA,NA,NA,NA,NA,NA,NA,NA,NA,NA,NA,"CA","longnose skate","longnose_skate",NA,NA,NA,"total_catch_wt_kg ~ 0 + factor(year) + pass","delta_gamma","TRUE","iid, iid","08_6","range","0.851058058975029","0.236371201032459","0.49379664683509","1.46679776865361"
"230","230","230","230","230","230","230","230","230","230","230","230","230","230","230",NA,NA,NA,NA,NA,NA,NA,NA,NA,NA,NA,NA,NA,NA,NA,NA,NA,NA,NA,NA,NA,NA,NA,NA,NA,NA,NA,NA,NA,NA,NA,NA,NA,NA,NA,NA,NA,NA,NA,NA,NA,NA,NA,NA,NA,NA,NA,NA,NA,NA,NA,NA,NA,NA,NA,NA,NA,NA,NA,NA,NA,NA,NA,NA,NA,NA,NA,NA,NA,NA,NA,NA,NA,NA,NA,NA,"CA","longnose skate","longnose_skate",NA,NA,NA,"total_catch_wt_kg ~ 0 + factor(year) + pass","delta_gamma","TRUE","iid, iid","08_6","sigma_O","4.4445924624733","0.819966334367221","3.09597138681316","6.38067982204729"
"231","231","231","231","231","231","231","231","231","231","231","231","231","231","231",NA,NA,NA,NA,NA,NA,NA,NA,NA,NA,NA,NA,NA,NA,NA,NA,NA,NA,NA,NA,NA,NA,NA,NA,NA,NA,NA,NA,NA,NA,NA,NA,NA,NA,NA,NA,NA,NA,NA,NA,NA,NA,NA,NA,NA,NA,NA,NA,NA,NA,NA,NA,NA,NA,NA,NA,NA,NA,NA,NA,NA,NA,NA,NA,NA,NA,NA,NA,NA,NA,NA,NA,NA,NA,NA,NA,"CA","longnose skate","longnose_skate",NA,NA,NA,"total_catch_wt_kg ~ 0 + factor(year) + pass","delta_gamma","TRUE","iid, iid","08_6","sigma_E","0.286588228307894","0.102602665884293","0.142074480481726","0.578096870924133"
"232","232","232","232","232","232","232","232","232","232","232","232","232","232",NA,NA,NA,NA,NA,NA,NA,NA,NA,NA,NA,NA,NA,NA,NA,NA,NA,NA,NA,NA,NA,NA,NA,NA,NA,NA,NA,NA,NA,NA,NA,NA,NA,NA,NA,NA,NA,NA,NA,NA,NA,NA,NA,NA,NA,NA,NA,NA,NA,NA,NA,NA,NA,NA,NA,NA,NA,NA,NA,NA,NA,NA,NA,NA,NA,NA,NA,NA,NA,NA,NA,NA,NA,NA,NA,NA,NA,"CA","longnose skate","longnose_skate",NA,NA,NA,"total_catch_wt_kg ~ 0 + factor(year) + pass","delta_gamma","TRUE","iid, iid","08_7","range","0.790994052854433","0.143396091055866","0.554449959907697","1.12845457100446"
"233","233","233","233","233","233","233","233","233","233","233","233","233","233",NA,NA,NA,NA,NA,NA,NA,NA,NA,NA,NA,NA,NA,NA,NA,NA,NA,NA,NA,NA,NA,NA,NA,NA,NA,NA,NA,NA,NA,NA,NA,NA,NA,NA,NA,NA,NA,NA,NA,NA,NA,NA,NA,NA,NA,NA,NA,NA,NA,NA,NA,NA,NA,NA,NA,NA,NA,NA,NA,NA,NA,NA,NA,NA,NA,NA,NA,NA,NA,NA,NA,NA,NA,NA,NA,NA,NA,"CA","longnose skate","longnose_skate",NA,NA,NA,"total_catch_wt_kg ~ 0 + factor(year) + pass","delta_gamma","TRUE","iid, iid","08_7","sigma_O","4.13633546009995","0.48382747377423","3.28889981052789","5.20212594610295"
"234","234","234","234","234","234","234","234","234","234","234","234","234","234",NA,NA,NA,NA,NA,NA,NA,NA,NA,NA,NA,NA,NA,NA,NA,NA,NA,NA,NA,NA,NA,NA,NA,NA,NA,NA,NA,NA,NA,NA,NA,NA,NA,NA,NA,NA,NA,NA,NA,NA,NA,NA,NA,NA,NA,NA,NA,NA,NA,NA,NA,NA,NA,NA,NA,NA,NA,NA,NA,NA,NA,NA,NA,NA,NA,NA,NA,NA,NA,NA,NA,NA,NA,NA,NA,NA,NA,"CA","longnose skate","longnose_skate",NA,NA,NA,"total_catch_wt_kg ~ 0 + factor(year) + pass","delta_gamma","TRUE","iid, iid","08_7","sigma_E","0.311831702838526","0.0920796585278846","0.174812318780736","0.556248046896168"
"235","235","235","235","235","235","235","235","235","235","235","235","235",NA,NA,NA,NA,NA,NA,NA,NA,NA,NA,NA,NA,NA,NA,NA,NA,NA,NA,NA,NA,NA,NA,NA,NA,NA,NA,NA,NA,NA,NA,NA,NA,NA,NA,NA,NA,NA,NA,NA,NA,NA,NA,NA,NA,NA,NA,NA,NA,NA,NA,NA,NA,NA,NA,NA,NA,NA,NA,NA,NA,NA,NA,NA,NA,NA,NA,NA,NA,NA,NA,NA,NA,NA,NA,NA,NA,NA,NA,"CA","longnose skate","longnose_skate",NA,NA,NA,"total_catch_wt_kg ~ 0 + factor(year) + pass","delta_gamma","TRUE","iid, iid","08_8","range","0.782243922981451","0.135886208339781","0.556515328251311","1.09953046030942"
"236","236","236","236","236","236","236","236","236","236","236","236","236",NA,NA,NA,NA,NA,NA,NA,NA,NA,NA,NA,NA,NA,NA,NA,NA,NA,NA,NA,NA,NA,NA,NA,NA,NA,NA,NA,NA,NA,NA,NA,NA,NA,NA,NA,NA,NA,NA,NA,NA,NA,NA,NA,NA,NA,NA,NA,NA,NA,NA,NA,NA,NA,NA,NA,NA,NA,NA,NA,NA,NA,NA,NA,NA,NA,NA,NA,NA,NA,NA,NA,NA,NA,NA,NA,NA,NA,NA,"CA","longnose skate","longnose_skate",NA,NA,NA,"total_catch_wt_kg ~ 0 + factor(year) + pass","delta_gamma","TRUE","iid, iid","08_8","sigma_O","4.03150509618751","0.435365613616947","3.26246037229846","4.98183318289175"
"237","237","237","237","237","237","237","237","237","237","237","237","237",NA,NA,NA,NA,NA,NA,NA,NA,NA,NA,NA,NA,NA,NA,NA,NA,NA,NA,NA,NA,NA,NA,NA,NA,NA,NA,NA,NA,NA,NA,NA,NA,NA,NA,NA,NA,NA,NA,NA,NA,NA,NA,NA,NA,NA,NA,NA,NA,NA,NA,NA,NA,NA,NA,NA,NA,NA,NA,NA,NA,NA,NA,NA,NA,NA,NA,NA,NA,NA,NA,NA,NA,NA,NA,NA,NA,NA,NA,"CA","longnose skate","longnose_skate",NA,NA,NA,"total_catch_wt_kg ~ 0 + factor(year) + pass","delta_gamma","TRUE","iid, iid","08_8","sigma_E","0.155526657624374","0.147890253991612","0.0241211237214449","1.00279495728072"
"238","238","238","238","238","238","238","238","238","238","238","238",NA,NA,NA,NA,NA,NA,NA,NA,NA,NA,NA,NA,NA,NA,NA,NA,NA,NA,NA,NA,NA,NA,NA,NA,NA,NA,NA,NA,NA,NA,NA,NA,NA,NA,NA,NA,NA,NA,NA,NA,NA,NA,NA,NA,NA,NA,NA,NA,NA,NA,NA,NA,NA,NA,NA,NA,NA,NA,NA,NA,NA,NA,NA,NA,NA,NA,NA,NA,NA,NA,NA,NA,NA,NA,NA,NA,NA,NA,NA,"CA","longnose skate","longnose_skate",NA,NA,NA,"total_catch_wt_kg ~ 0 + factor(year) + pass","delta_gamma","TRUE","iid, iid","08_9","range","0.661629859469777","0.107411561430483","0.481313155085844","0.909499493866778"
"239","239","239","239","239","239","239","239","239","239","239","239",NA,NA,NA,NA,NA,NA,NA,NA,NA,NA,NA,NA,NA,NA,NA,NA,NA,NA,NA,NA,NA,NA,NA,NA,NA,NA,NA,NA,NA,NA,NA,NA,NA,NA,NA,NA,NA,NA,NA,NA,NA,NA,NA,NA,NA,NA,NA,NA,NA,NA,NA,NA,NA,NA,NA,NA,NA,NA,NA,NA,NA,NA,NA,NA,NA,NA,NA,NA,NA,NA,NA,NA,NA,NA,NA,NA,NA,NA,NA,"CA","longnose skate","longnose_skate",NA,NA,NA,"total_catch_wt_kg ~ 0 + factor(year) + pass","delta_gamma","TRUE","iid, iid","08_9","sigma_O","4.07585277644616","0.385855546953407","3.38560567143679","4.9068253859032"
"240","240","240","240","240","240","240","240","240","240","240","240",NA,NA,NA,NA,NA,NA,NA,NA,NA,NA,NA,NA,NA,NA,NA,NA,NA,NA,NA,NA,NA,NA,NA,NA,NA,NA,NA,NA,NA,NA,NA,NA,NA,NA,NA,NA,NA,NA,NA,NA,NA,NA,NA,NA,NA,NA,NA,NA,NA,NA,NA,NA,NA,NA,NA,NA,NA,NA,NA,NA,NA,NA,NA,NA,NA,NA,NA,NA,NA,NA,NA,NA,NA,NA,NA,NA,NA,NA,NA,"CA","longnose skate","longnose_skate",NA,NA,NA,"total_catch_wt_kg ~ 0 + factor(year) + pass","delta_gamma","TRUE","iid, iid","08_9","sigma_E","0.369034412440809","0.0922366419955872","0.226108628077874","0.602305178370411"
"241","241","241","241","241","241","241","241","241","241","241",NA,NA,NA,NA,NA,NA,NA,NA,NA,NA,NA,NA,NA,NA,NA,NA,NA,NA,NA,NA,NA,NA,NA,NA,NA,NA,NA,NA,NA,NA,NA,NA,NA,NA,NA,NA,NA,NA,NA,NA,NA,NA,NA,NA,NA,NA,NA,NA,NA,NA,NA,NA,NA,NA,NA,NA,NA,NA,NA,NA,NA,NA,NA,NA,NA,NA,NA,NA,NA,NA,NA,NA,NA,NA,NA,NA,NA,NA,NA,NA,"CA","longnose skate","longnose_skate",NA,NA,NA,"total_catch_wt_kg ~ 0 + factor(year) + pass","delta_gamma","TRUE","iid, iid","09_1","range","0.724117317537402","0.115555131375613","0.529631266878557","0.990020647096338"
"242","242","242","242","242","242","242","242","242","242","242",NA,NA,NA,NA,NA,NA,NA,NA,NA,NA,NA,NA,NA,NA,NA,NA,NA,NA,NA,NA,NA,NA,NA,NA,NA,NA,NA,NA,NA,NA,NA,NA,NA,NA,NA,NA,NA,NA,NA,NA,NA,NA,NA,NA,NA,NA,NA,NA,NA,NA,NA,NA,NA,NA,NA,NA,NA,NA,NA,NA,NA,NA,NA,NA,NA,NA,NA,NA,NA,NA,NA,NA,NA,NA,NA,NA,NA,NA,NA,NA,"CA","longnose skate","longnose_skate",NA,NA,NA,"total_catch_wt_kg ~ 0 + factor(year) + pass","delta_gamma","TRUE","iid, iid","09_1","sigma_O","4.22598681448298","0.42658575685953","3.46740765409451","5.15052348549071"
"243","243","243","243","243","243","243","243","243","243","243",NA,NA,NA,NA,NA,NA,NA,NA,NA,NA,NA,NA,NA,NA,NA,NA,NA,NA,NA,NA,NA,NA,NA,NA,NA,NA,NA,NA,NA,NA,NA,NA,NA,NA,NA,NA,NA,NA,NA,NA,NA,NA,NA,NA,NA,NA,NA,NA,NA,NA,NA,NA,NA,NA,NA,NA,NA,NA,NA,NA,NA,NA,NA,NA,NA,NA,NA,NA,NA,NA,NA,NA,NA,NA,NA,NA,NA,NA,NA,NA,"CA","longnose skate","longnose_skate",NA,NA,NA,"total_catch_wt_kg ~ 0 + factor(year) + pass","delta_gamma","TRUE","iid, iid","09_1","sigma_E","0.329559802370266","0.0843916724268677","0.199509560908739","0.544383250825809"
"244","244","244","244","244","244","244","244","244","244",NA,NA,NA,NA,NA,NA,NA,NA,NA,NA,NA,NA,NA,NA,NA,NA,NA,NA,NA,NA,NA,NA,NA,NA,NA,NA,NA,NA,NA,NA,NA,NA,NA,NA,NA,NA,NA,NA,NA,NA,NA,NA,NA,NA,NA,NA,NA,NA,NA,NA,NA,NA,NA,NA,NA,NA,NA,NA,NA,NA,NA,NA,NA,NA,NA,NA,NA,NA,NA,NA,NA,NA,NA,NA,NA,NA,NA,NA,NA,NA,NA,"CA","longnose skate","longnose_skate",NA,NA,NA,"total_catch_wt_kg ~ 0 + factor(year) + pass","delta_gamma","TRUE","iid, iid","09_10","range","0.671343934212133","0.0987209403548048","0.503241116418597","0.895599869126213"
"245","245","245","245","245","245","245","245","245","245",NA,NA,NA,NA,NA,NA,NA,NA,NA,NA,NA,NA,NA,NA,NA,NA,NA,NA,NA,NA,NA,NA,NA,NA,NA,NA,NA,NA,NA,NA,NA,NA,NA,NA,NA,NA,NA,NA,NA,NA,NA,NA,NA,NA,NA,NA,NA,NA,NA,NA,NA,NA,NA,NA,NA,NA,NA,NA,NA,NA,NA,NA,NA,NA,NA,NA,NA,NA,NA,NA,NA,NA,NA,NA,NA,NA,NA,NA,NA,NA,NA,"CA","longnose skate","longnose_skate",NA,NA,NA,"total_catch_wt_kg ~ 0 + factor(year) + pass","delta_gamma","TRUE","iid, iid","09_10","sigma_O","4.17015786248516","0.36945977669712","3.50541424856965","4.96095906643349"
"246","246","246","246","246","246","246","246","246","246",NA,NA,NA,NA,NA,NA,NA,NA,NA,NA,NA,NA,NA,NA,NA,NA,NA,NA,NA,NA,NA,NA,NA,NA,NA,NA,NA,NA,NA,NA,NA,NA,NA,NA,NA,NA,NA,NA,NA,NA,NA,NA,NA,NA,NA,NA,NA,NA,NA,NA,NA,NA,NA,NA,NA,NA,NA,NA,NA,NA,NA,NA,NA,NA,NA,NA,NA,NA,NA,NA,NA,NA,NA,NA,NA,NA,NA,NA,NA,NA,NA,"CA","longnose skate","longnose_skate",NA,NA,NA,"total_catch_wt_kg ~ 0 + factor(year) + pass","delta_gamma","TRUE","iid, iid","09_10","sigma_E","0.400326696073864","0.0831812492430612","0.266409057575956","0.601561617490141"
"247","247","247","247","247","247","247","247","247",NA,NA,NA,NA,NA,NA,NA,NA,NA,NA,NA,NA,NA,NA,NA,NA,NA,NA,NA,NA,NA,NA,NA,NA,NA,NA,NA,NA,NA,NA,NA,NA,NA,NA,NA,NA,NA,NA,NA,NA,NA,NA,NA,NA,NA,NA,NA,NA,NA,NA,NA,NA,NA,NA,NA,NA,NA,NA,NA,NA,NA,NA,NA,NA,NA,NA,NA,NA,NA,NA,NA,NA,NA,NA,NA,NA,NA,NA,NA,NA,NA,NA,"CA","longnose skate","longnose_skate",NA,NA,NA,"total_catch_wt_kg ~ 0 + factor(year) + pass","delta_gamma","TRUE","iid, iid","09_2","range","1.13971863920293","0.254074992955808","0.736276849795312","1.76422574865376"
"248","248","248","248","248","248","248","248","248",NA,NA,NA,NA,NA,NA,NA,NA,NA,NA,NA,NA,NA,NA,NA,NA,NA,NA,NA,NA,NA,NA,NA,NA,NA,NA,NA,NA,NA,NA,NA,NA,NA,NA,NA,NA,NA,NA,NA,NA,NA,NA,NA,NA,NA,NA,NA,NA,NA,NA,NA,NA,NA,NA,NA,NA,NA,NA,NA,NA,NA,NA,NA,NA,NA,NA,NA,NA,NA,NA,NA,NA,NA,NA,NA,NA,NA,NA,NA,NA,NA,NA,"CA","longnose skate","longnose_skate",NA,NA,NA,"total_catch_wt_kg ~ 0 + factor(year) + pass","delta_gamma","TRUE","iid, iid","09_2","sigma_O","5.30603403147048","0.914483437865996","3.78501229332037","7.43828420129781"
"249","249","249","249","249","249","249","249","249",NA,NA,NA,NA,NA,NA,NA,NA,NA,NA,NA,NA,NA,NA,NA,NA,NA,NA,NA,NA,NA,NA,NA,NA,NA,NA,NA,NA,NA,NA,NA,NA,NA,NA,NA,NA,NA,NA,NA,NA,NA,NA,NA,NA,NA,NA,NA,NA,NA,NA,NA,NA,NA,NA,NA,NA,NA,NA,NA,NA,NA,NA,NA,NA,NA,NA,NA,NA,NA,NA,NA,NA,NA,NA,NA,NA,NA,NA,NA,NA,NA,NA,"CA","longnose skate","longnose_skate",NA,NA,NA,"total_catch_wt_kg ~ 0 + factor(year) + pass","delta_gamma","TRUE","iid, iid","09_2","sigma_E","0.210990528979901","0.0963217565297713","0.0862325004077501","0.516243911619402"
"250","250","250","250","250","250","250","250",NA,NA,NA,NA,NA,NA,NA,NA,NA,NA,NA,NA,NA,NA,NA,NA,NA,NA,NA,NA,NA,NA,NA,NA,NA,NA,NA,NA,NA,NA,NA,NA,NA,NA,NA,NA,NA,NA,NA,NA,NA,NA,NA,NA,NA,NA,NA,NA,NA,NA,NA,NA,NA,NA,NA,NA,NA,NA,NA,NA,NA,NA,NA,NA,NA,NA,NA,NA,NA,NA,NA,NA,NA,NA,NA,NA,NA,NA,NA,NA,NA,NA,NA,"CA","longnose skate","longnose_skate",NA,NA,NA,"total_catch_wt_kg ~ 0 + factor(year) + pass","delta_gamma","TRUE","iid, iid","09_3","range","0.669030978775746","0.113111323767793","0.480325674744423","0.931872839818103"
"251","251","251","251","251","251","251","251",NA,NA,NA,NA,NA,NA,NA,NA,NA,NA,NA,NA,NA,NA,NA,NA,NA,NA,NA,NA,NA,NA,NA,NA,NA,NA,NA,NA,NA,NA,NA,NA,NA,NA,NA,NA,NA,NA,NA,NA,NA,NA,NA,NA,NA,NA,NA,NA,NA,NA,NA,NA,NA,NA,NA,NA,NA,NA,NA,NA,NA,NA,NA,NA,NA,NA,NA,NA,NA,NA,NA,NA,NA,NA,NA,NA,NA,NA,NA,NA,NA,NA,NA,"CA","longnose skate","longnose_skate",NA,NA,NA,"total_catch_wt_kg ~ 0 + factor(year) + pass","delta_gamma","TRUE","iid, iid","09_3","sigma_O","4.09847958656236","0.388692985389732","3.40326868885413","4.93570636267454"
"252","252","252","252","252","252","252","252",NA,NA,NA,NA,NA,NA,NA,NA,NA,NA,NA,NA,NA,NA,NA,NA,NA,NA,NA,NA,NA,NA,NA,NA,NA,NA,NA,NA,NA,NA,NA,NA,NA,NA,NA,NA,NA,NA,NA,NA,NA,NA,NA,NA,NA,NA,NA,NA,NA,NA,NA,NA,NA,NA,NA,NA,NA,NA,NA,NA,NA,NA,NA,NA,NA,NA,NA,NA,NA,NA,NA,NA,NA,NA,NA,NA,NA,NA,NA,NA,NA,NA,NA,"CA","longnose skate","longnose_skate",NA,NA,NA,"total_catch_wt_kg ~ 0 + factor(year) + pass","delta_gamma","TRUE","iid, iid","09_3","sigma_E","0.283582315482702","0.0990765932688715","0.142985019740243","0.562429055859317"
"253","253","253","253","253","253","253",NA,NA,NA,NA,NA,NA,NA,NA,NA,NA,NA,NA,NA,NA,NA,NA,NA,NA,NA,NA,NA,NA,NA,NA,NA,NA,NA,NA,NA,NA,NA,NA,NA,NA,NA,NA,NA,NA,NA,NA,NA,NA,NA,NA,NA,NA,NA,NA,NA,NA,NA,NA,NA,NA,NA,NA,NA,NA,NA,NA,NA,NA,NA,NA,NA,NA,NA,NA,NA,NA,NA,NA,NA,NA,NA,NA,NA,NA,NA,NA,NA,NA,NA,NA,"CA","longnose skate","longnose_skate",NA,NA,NA,"total_catch_wt_kg ~ 0 + factor(year) + pass","delta_gamma","TRUE","iid, iid","09_4","range","0.833399953182201","0.135832769523757","0.605507165667655","1.14706401731555"
"254","254","254","254","254","254","254",NA,NA,NA,NA,NA,NA,NA,NA,NA,NA,NA,NA,NA,NA,NA,NA,NA,NA,NA,NA,NA,NA,NA,NA,NA,NA,NA,NA,NA,NA,NA,NA,NA,NA,NA,NA,NA,NA,NA,NA,NA,NA,NA,NA,NA,NA,NA,NA,NA,NA,NA,NA,NA,NA,NA,NA,NA,NA,NA,NA,NA,NA,NA,NA,NA,NA,NA,NA,NA,NA,NA,NA,NA,NA,NA,NA,NA,NA,NA,NA,NA,NA,NA,NA,"CA","longnose skate","longnose_skate",NA,NA,NA,"total_catch_wt_kg ~ 0 + factor(year) + pass","delta_gamma","TRUE","iid, iid","09_4","sigma_O","4.53367251679981","0.503582960788816","3.64671599929125","5.63635514626878"
"255","255","255","255","255","255","255",NA,NA,NA,NA,NA,NA,NA,NA,NA,NA,NA,NA,NA,NA,NA,NA,NA,NA,NA,NA,NA,NA,NA,NA,NA,NA,NA,NA,NA,NA,NA,NA,NA,NA,NA,NA,NA,NA,NA,NA,NA,NA,NA,NA,NA,NA,NA,NA,NA,NA,NA,NA,NA,NA,NA,NA,NA,NA,NA,NA,NA,NA,NA,NA,NA,NA,NA,NA,NA,NA,NA,NA,NA,NA,NA,NA,NA,NA,NA,NA,NA,NA,NA,NA,"CA","longnose skate","longnose_skate",NA,NA,NA,"total_catch_wt_kg ~ 0 + factor(year) + pass","delta_gamma","TRUE","iid, iid","09_4","sigma_E","0.284269494730403","0.0880885402028316","0.154868321290571","0.521792610398747"
"256","256","256","256","256","256",NA,NA,NA,NA,NA,NA,NA,NA,NA,NA,NA,NA,NA,NA,NA,NA,NA,NA,NA,NA,NA,NA,NA,NA,NA,NA,NA,NA,NA,NA,NA,NA,NA,NA,NA,NA,NA,NA,NA,NA,NA,NA,NA,NA,NA,NA,NA,NA,NA,NA,NA,NA,NA,NA,NA,NA,NA,NA,NA,NA,NA,NA,NA,NA,NA,NA,NA,NA,NA,NA,NA,NA,NA,NA,NA,NA,NA,NA,NA,NA,NA,NA,NA,NA,NA,"CA","longnose skate","longnose_skate",NA,NA,NA,"total_catch_wt_kg ~ 0 + factor(year) + pass","delta_gamma","TRUE","iid, iid","09_5","range","0.648813833841365","0.0940159252283065","0.488401875795843","0.861911904613354"
"257","257","257","257","257","257",NA,NA,NA,NA,NA,NA,NA,NA,NA,NA,NA,NA,NA,NA,NA,NA,NA,NA,NA,NA,NA,NA,NA,NA,NA,NA,NA,NA,NA,NA,NA,NA,NA,NA,NA,NA,NA,NA,NA,NA,NA,NA,NA,NA,NA,NA,NA,NA,NA,NA,NA,NA,NA,NA,NA,NA,NA,NA,NA,NA,NA,NA,NA,NA,NA,NA,NA,NA,NA,NA,NA,NA,NA,NA,NA,NA,NA,NA,NA,NA,NA,NA,NA,NA,NA,"CA","longnose skate","longnose_skate",NA,NA,NA,"total_catch_wt_kg ~ 0 + factor(year) + pass","delta_gamma","TRUE","iid, iid","09_5","sigma_O","4.06776378922319","0.347274482842905","3.44101578418676","4.80866792909118"
"258","258","258","258","258","258",NA,NA,NA,NA,NA,NA,NA,NA,NA,NA,NA,NA,NA,NA,NA,NA,NA,NA,NA,NA,NA,NA,NA,NA,NA,NA,NA,NA,NA,NA,NA,NA,NA,NA,NA,NA,NA,NA,NA,NA,NA,NA,NA,NA,NA,NA,NA,NA,NA,NA,NA,NA,NA,NA,NA,NA,NA,NA,NA,NA,NA,NA,NA,NA,NA,NA,NA,NA,NA,NA,NA,NA,NA,NA,NA,NA,NA,NA,NA,NA,NA,NA,NA,NA,NA,"CA","longnose skate","longnose_skate",NA,NA,NA,"total_catch_wt_kg ~ 0 + factor(year) + pass","delta_gamma","TRUE","iid, iid","09_5","sigma_E","0.310334553769013","0.091527164707058","0.174094370822834","0.553191552419689"
"259","259","259","259","259",NA,NA,NA,NA,NA,NA,NA,NA,NA,NA,NA,NA,NA,NA,NA,NA,NA,NA,NA,NA,NA,NA,NA,NA,NA,NA,NA,NA,NA,NA,NA,NA,NA,NA,NA,NA,NA,NA,NA,NA,NA,NA,NA,NA,NA,NA,NA,NA,NA,NA,NA,NA,NA,NA,NA,NA,NA,NA,NA,NA,NA,NA,NA,NA,NA,NA,NA,NA,NA,NA,NA,NA,NA,NA,NA,NA,NA,NA,NA,NA,NA,NA,NA,NA,NA,NA,"CA","longnose skate","longnose_skate",NA,NA,NA,"total_catch_wt_kg ~ 0 + factor(year) + pass","delta_gamma","TRUE","iid, iid","09_6","range","0.769314420081206","0.135308972803964","0.544994833343295","1.08596383072879"
"260","260","260","260","260",NA,NA,NA,NA,NA,NA,NA,NA,NA,NA,NA,NA,NA,NA,NA,NA,NA,NA,NA,NA,NA,NA,NA,NA,NA,NA,NA,NA,NA,NA,NA,NA,NA,NA,NA,NA,NA,NA,NA,NA,NA,NA,NA,NA,NA,NA,NA,NA,NA,NA,NA,NA,NA,NA,NA,NA,NA,NA,NA,NA,NA,NA,NA,NA,NA,NA,NA,NA,NA,NA,NA,NA,NA,NA,NA,NA,NA,NA,NA,NA,NA,NA,NA,NA,NA,NA,"CA","longnose skate","longnose_skate",NA,NA,NA,"total_catch_wt_kg ~ 0 + factor(year) + pass","delta_gamma","TRUE","iid, iid","09_6","sigma_O","4.13067866553872","0.470736721645906","3.3038288385098","5.16446434483963"
"261","261","261","261","261",NA,NA,NA,NA,NA,NA,NA,NA,NA,NA,NA,NA,NA,NA,NA,NA,NA,NA,NA,NA,NA,NA,NA,NA,NA,NA,NA,NA,NA,NA,NA,NA,NA,NA,NA,NA,NA,NA,NA,NA,NA,NA,NA,NA,NA,NA,NA,NA,NA,NA,NA,NA,NA,NA,NA,NA,NA,NA,NA,NA,NA,NA,NA,NA,NA,NA,NA,NA,NA,NA,NA,NA,NA,NA,NA,NA,NA,NA,NA,NA,NA,NA,NA,NA,NA,NA,"CA","longnose skate","longnose_skate",NA,NA,NA,"total_catch_wt_kg ~ 0 + factor(year) + pass","delta_gamma","TRUE","iid, iid","09_6","sigma_E","0.282262178420038","0.0921572065068914","0.148846830440575","0.535261228812213"
"262","262","262","262",NA,NA,NA,NA,NA,NA,NA,NA,NA,NA,NA,NA,NA,NA,NA,NA,NA,NA,NA,NA,NA,NA,NA,NA,NA,NA,NA,NA,NA,NA,NA,NA,NA,NA,NA,NA,NA,NA,NA,NA,NA,NA,NA,NA,NA,NA,NA,NA,NA,NA,NA,NA,NA,NA,NA,NA,NA,NA,NA,NA,NA,NA,NA,NA,NA,NA,NA,NA,NA,NA,NA,NA,NA,NA,NA,NA,NA,NA,NA,NA,NA,NA,NA,NA,NA,NA,NA,"CA","longnose skate","longnose_skate",NA,NA,NA,"total_catch_wt_kg ~ 0 + factor(year) + pass","delta_gamma","TRUE","iid, iid","09_7","range","0.537843253362416","0.0759723091429183","0.407774836064595","0.709399746142365"
"263","263","263","263",NA,NA,NA,NA,NA,NA,NA,NA,NA,NA,NA,NA,NA,NA,NA,NA,NA,NA,NA,NA,NA,NA,NA,NA,NA,NA,NA,NA,NA,NA,NA,NA,NA,NA,NA,NA,NA,NA,NA,NA,NA,NA,NA,NA,NA,NA,NA,NA,NA,NA,NA,NA,NA,NA,NA,NA,NA,NA,NA,NA,NA,NA,NA,NA,NA,NA,NA,NA,NA,NA,NA,NA,NA,NA,NA,NA,NA,NA,NA,NA,NA,NA,NA,NA,NA,NA,NA,"CA","longnose skate","longnose_skate",NA,NA,NA,"total_catch_wt_kg ~ 0 + factor(year) + pass","delta_gamma","TRUE","iid, iid","09_7","sigma_O","3.65236453733441","0.265972904859987","3.16656073277729","4.21269883615278"
"264","264","264","264",NA,NA,NA,NA,NA,NA,NA,NA,NA,NA,NA,NA,NA,NA,NA,NA,NA,NA,NA,NA,NA,NA,NA,NA,NA,NA,NA,NA,NA,NA,NA,NA,NA,NA,NA,NA,NA,NA,NA,NA,NA,NA,NA,NA,NA,NA,NA,NA,NA,NA,NA,NA,NA,NA,NA,NA,NA,NA,NA,NA,NA,NA,NA,NA,NA,NA,NA,NA,NA,NA,NA,NA,NA,NA,NA,NA,NA,NA,NA,NA,NA,NA,NA,NA,NA,NA,NA,"CA","longnose skate","longnose_skate",NA,NA,NA,"total_catch_wt_kg ~ 0 + factor(year) + pass","delta_gamma","TRUE","iid, iid","09_7","sigma_E","0.328652516035268","0.0995622791669949","0.181498577374043","0.595114726842808"
"265","265","265",NA,NA,NA,NA,NA,NA,NA,NA,NA,NA,NA,NA,NA,NA,NA,NA,NA,NA,NA,NA,NA,NA,NA,NA,NA,NA,NA,NA,NA,NA,NA,NA,NA,NA,NA,NA,NA,NA,NA,NA,NA,NA,NA,NA,NA,NA,NA,NA,NA,NA,NA,NA,NA,NA,NA,NA,NA,NA,NA,NA,NA,NA,NA,NA,NA,NA,NA,NA,NA,NA,NA,NA,NA,NA,NA,NA,NA,NA,NA,NA,NA,NA,NA,NA,NA,NA,NA,NA,"CA","longnose skate","longnose_skate",NA,NA,NA,"total_catch_wt_kg ~ 0 + factor(year) + pass","delta_gamma","TRUE","iid, iid","09_8","range","0.757354367255768","0.131872787948743","0.538375635758588","1.06540043698891"
"266","266","266",NA,NA,NA,NA,NA,NA,NA,NA,NA,NA,NA,NA,NA,NA,NA,NA,NA,NA,NA,NA,NA,NA,NA,NA,NA,NA,NA,NA,NA,NA,NA,NA,NA,NA,NA,NA,NA,NA,NA,NA,NA,NA,NA,NA,NA,NA,NA,NA,NA,NA,NA,NA,NA,NA,NA,NA,NA,NA,NA,NA,NA,NA,NA,NA,NA,NA,NA,NA,NA,NA,NA,NA,NA,NA,NA,NA,NA,NA,NA,NA,NA,NA,NA,NA,NA,NA,NA,NA,"CA","longnose skate","longnose_skate",NA,NA,NA,"total_catch_wt_kg ~ 0 + factor(year) + pass","delta_gamma","TRUE","iid, iid","09_8","sigma_O","4.09645033204642","0.448928860871145","3.3046445360004","5.07797590334272"
"267","267","267",NA,NA,NA,NA,NA,NA,NA,NA,NA,NA,NA,NA,NA,NA,NA,NA,NA,NA,NA,NA,NA,NA,NA,NA,NA,NA,NA,NA,NA,NA,NA,NA,NA,NA,NA,NA,NA,NA,NA,NA,NA,NA,NA,NA,NA,NA,NA,NA,NA,NA,NA,NA,NA,NA,NA,NA,NA,NA,NA,NA,NA,NA,NA,NA,NA,NA,NA,NA,NA,NA,NA,NA,NA,NA,NA,NA,NA,NA,NA,NA,NA,NA,NA,NA,NA,NA,NA,NA,"CA","longnose skate","longnose_skate",NA,NA,NA,"total_catch_wt_kg ~ 0 + factor(year) + pass","delta_gamma","TRUE","iid, iid","09_8","sigma_E","0.229817370573987","0.103287533167635","0.0952411659824122","0.554550369819018"
"268","268",NA,NA,NA,NA,NA,NA,NA,NA,NA,NA,NA,NA,NA,NA,NA,NA,NA,NA,NA,NA,NA,NA,NA,NA,NA,NA,NA,NA,NA,NA,NA,NA,NA,NA,NA,NA,NA,NA,NA,NA,NA,NA,NA,NA,NA,NA,NA,NA,NA,NA,NA,NA,NA,NA,NA,NA,NA,NA,NA,NA,NA,NA,NA,NA,NA,NA,NA,NA,NA,NA,NA,NA,NA,NA,NA,NA,NA,NA,NA,NA,NA,NA,NA,NA,NA,NA,NA,NA,NA,"CA","longnose skate","longnose_skate",NA,NA,NA,"total_catch_wt_kg ~ 0 + factor(year) + pass","delta_gamma","TRUE","iid, iid","09_9","range","0.969397979639446","0.189326482084382","0.661088747305201","1.4214921169959"
"269","269",NA,NA,NA,NA,NA,NA,NA,NA,NA,NA,NA,NA,NA,NA,NA,NA,NA,NA,NA,NA,NA,NA,NA,NA,NA,NA,NA,NA,NA,NA,NA,NA,NA,NA,NA,NA,NA,NA,NA,NA,NA,NA,NA,NA,NA,NA,NA,NA,NA,NA,NA,NA,NA,NA,NA,NA,NA,NA,NA,NA,NA,NA,NA,NA,NA,NA,NA,NA,NA,NA,NA,NA,NA,NA,NA,NA,NA,NA,NA,NA,NA,NA,NA,NA,NA,NA,NA,NA,NA,"CA","longnose skate","longnose_skate",NA,NA,NA,"total_catch_wt_kg ~ 0 + factor(year) + pass","delta_gamma","TRUE","iid, iid","09_9","sigma_O","4.94653484759035","0.682255996173844","3.7748370517848","6.48192403082851"
"270","270",NA,NA,NA,NA,NA,NA,NA,NA,NA,NA,NA,NA,NA,NA,NA,NA,NA,NA,NA,NA,NA,NA,NA,NA,NA,NA,NA,NA,NA,NA,NA,NA,NA,NA,NA,NA,NA,NA,NA,NA,NA,NA,NA,NA,NA,NA,NA,NA,NA,NA,NA,NA,NA,NA,NA,NA,NA,NA,NA,NA,NA,NA,NA,NA,NA,NA,NA,NA,NA,NA,NA,NA,NA,NA,NA,NA,NA,NA,NA,NA,NA,NA,NA,NA,NA,NA,NA,NA,NA,"CA","longnose skate","longnose_skate",NA,NA,NA,"total_catch_wt_kg ~ 0 + factor(year) + pass","delta_gamma","TRUE","iid, iid","09_9","sigma_E","0.294856511548872","0.0846835095886863","0.167935906496527","0.517699664214262"
"271",NA,NA,NA,NA,NA,NA,NA,NA,NA,NA,NA,NA,NA,NA,NA,NA,NA,NA,NA,NA,NA,NA,NA,NA,NA,NA,NA,NA,NA,NA,NA,NA,NA,NA,NA,NA,NA,NA,NA,NA,NA,NA,NA,NA,NA,NA,NA,NA,NA,NA,NA,NA,NA,NA,NA,NA,NA,NA,NA,NA,NA,NA,NA,NA,NA,NA,NA,NA,NA,NA,NA,NA,NA,NA,NA,NA,NA,NA,NA,NA,NA,NA,NA,NA,NA,NA,NA,NA,NA,NA,"CA","longnose skate","longnose_skate",NA,NA,NA,"total_catch_wt_kg ~ 0 + factor(year) + pass","delta_gamma","TRUE","iid, iid","1_1","range","0.720002245461616","0.106820273534059","0.538330163358249","0.962983813197144"
"272",NA,NA,NA,NA,NA,NA,NA,NA,NA,NA,NA,NA,NA,NA,NA,NA,NA,NA,NA,NA,NA,NA,NA,NA,NA,NA,NA,NA,NA,NA,NA,NA,NA,NA,NA,NA,NA,NA,NA,NA,NA,NA,NA,NA,NA,NA,NA,NA,NA,NA,NA,NA,NA,NA,NA,NA,NA,NA,NA,NA,NA,NA,NA,NA,NA,NA,NA,NA,NA,NA,NA,NA,NA,NA,NA,NA,NA,NA,NA,NA,NA,NA,NA,NA,NA,NA,NA,NA,NA,NA,"CA","longnose skate","longnose_skate",NA,NA,NA,"total_catch_wt_kg ~ 0 + factor(year) + pass","delta_gamma","TRUE","iid, iid","1_1","sigma_O","4.05243959889729","0.36837638267009","3.39109775137725","4.84275827673831"
"273",NA,NA,NA,NA,NA,NA,NA,NA,NA,NA,NA,NA,NA,NA,NA,NA,NA,NA,NA,NA,NA,NA,NA,NA,NA,NA,NA,NA,NA,NA,NA,NA,NA,NA,NA,NA,NA,NA,NA,NA,NA,NA,NA,NA,NA,NA,NA,NA,NA,NA,NA,NA,NA,NA,NA,NA,NA,NA,NA,NA,NA,NA,NA,NA,NA,NA,NA,NA,NA,NA,NA,NA,NA,NA,NA,NA,NA,NA,NA,NA,NA,NA,NA,NA,NA,NA,NA,NA,NA,NA,"CA","longnose skate","longnose_skate",NA,NA,NA,"total_catch_wt_kg ~ 0 + factor(year) + pass","delta_gamma","TRUE","iid, iid","1_1","sigma_E","0.348076138236684","0.0778773078554678","0.224506784095341","0.539658516324888"
