"","X.50","X.49","X.48","X.47","X.46","X.45","X.44","X.43","X.42","X.41","X.40","X.39","X.38","X.37","X.36","X.35","X.34","X.33","X.32","X.31","X.30","X.29","X.28","X.27","X.26","X.25","X.24","X.23","X.22","X.21","X.20","X.19","X.18","X.17","X.16","X.15","X.14","X.13","X.12","X.11","X.10","X.9","X.8","X.7","X.6","X.5","X.4","X.3","X.2","X.1","X","srvy","common_name","file_name","filter_lat_gt","filter_lat_lt","filter_depth","model_fn","model_family","model_anisotropy","model_spatiotemporal","effort","term","estimate","std.error","conf.low","conf.high"
"1","1","1","1","1","1","1","1","1","1","1","1","1","1","1","1","1","1","1","1","1","1","1","1","1","1","1","1","1","1","1","1","1","1","1","1","1","1","1","1","1","1","1","1","1","1","1","1","1","1","1","1","CA","petrale sole","petrale_sole",NA,NA,"675","total_catch_wt_kg ~ 0 + factor(year) + pass","delta_lognormal","TRUE","iid, iid","01_1","factor(year)2003","-1.92596473844302","2.00698284751393","-5.85957883715997","2.00764936027392"
"2","2","2","2","2","2","2","2","2","2","2","2","2","2","2","2","2","2","2","2","2","2","2","2","2","2","2","2","2","2","2","2","2","2","2","2","2","2","2","2","2","2","2","2","2","2","2","2","2","2","2","2","CA","petrale sole","petrale_sole",NA,NA,"675","total_catch_wt_kg ~ 0 + factor(year) + pass","delta_lognormal","TRUE","iid, iid","01_1","factor(year)2004","-2.42068171318726","2.06944545810916","-6.4767202790512","1.63535685267668"
"3","3","3","3","3","3","3","3","3","3","3","3","3","3","3","3","3","3","3","3","3","3","3","3","3","3","3","3","3","3","3","3","3","3","3","3","3","3","3","3","3","3","3","3","3","3","3","3","3","3","3","3","CA","petrale sole","petrale_sole",NA,NA,"675","total_catch_wt_kg ~ 0 + factor(year) + pass","delta_lognormal","TRUE","iid, iid","01_1","factor(year)2005","-3.2810211785725","2.04504109623108","-7.28922807408972","0.727185716944724"
"4","4","4","4","4","4","4","4","4","4","4","4","4","4","4","4","4","4","4","4","4","4","4","4","4","4","4","4","4","4","4","4","4","4","4","4","4","4","4","4","4","4","4","4","4","4","4","4","4","4","4","4","CA","petrale sole","petrale_sole",NA,NA,"675","total_catch_wt_kg ~ 0 + factor(year) + pass","delta_lognormal","TRUE","iid, iid","01_1","factor(year)2006","-3.17938936356788","2.01611580340586","-7.13090372690541","0.77212499976964"
"5","5","5","5","5","5","5","5","5","5","5","5","5","5","5","5","5","5","5","5","5","5","5","5","5","5","5","5","5","5","5","5","5","5","5","5","5","5","5","5","5","5","5","5","5","5","5","5","5","5","5","5","CA","petrale sole","petrale_sole",NA,NA,"675","total_catch_wt_kg ~ 0 + factor(year) + pass","delta_lognormal","TRUE","iid, iid","01_1","factor(year)2007","-3.12415879840161","2.04600456784699","-7.13425406358614","0.885936466782922"
"6","6","6","6","6","6","6","6","6","6","6","6","6","6","6","6","6","6","6","6","6","6","6","6","6","6","6","6","6","6","6","6","6","6","6","6","6","6","6","6","6","6","6","6","6","6","6","6","6","6","6","6","CA","petrale sole","petrale_sole",NA,NA,"675","total_catch_wt_kg ~ 0 + factor(year) + pass","delta_lognormal","TRUE","iid, iid","01_1","factor(year)2008","-2.47705985265087","2.00654508076945","-6.40981594431501","1.45569623901326"
"7","7","7","7","7","7","7","7","7","7","7","7","7","7","7","7","7","7","7","7","7","7","7","7","7","7","7","7","7","7","7","7","7","7","7","7","7","7","7","7","7","7","7","7","7","7","7","7","7","7","7","7","CA","petrale sole","petrale_sole",NA,NA,"675","total_catch_wt_kg ~ 0 + factor(year) + pass","delta_lognormal","TRUE","iid, iid","01_1","factor(year)2009","-1.86436245473676","2.01042274359556","-5.80471862588426","2.07599371641074"
"8","8","8","8","8","8","8","8","8","8","8","8","8","8","8","8","8","8","8","8","8","8","8","8","8","8","8","8","8","8","8","8","8","8","8","8","8","8","8","8","8","8","8","8","8","8","8","8","8","8","8","8","CA","petrale sole","petrale_sole",NA,NA,"675","total_catch_wt_kg ~ 0 + factor(year) + pass","delta_lognormal","TRUE","iid, iid","01_1","factor(year)2010","-2.39426770416882","2.00176368189211","-6.31765242623764","1.5291170179"
"9","9","9","9","9","9","9","9","9","9","9","9","9","9","9","9","9","9","9","9","9","9","9","9","9","9","9","9","9","9","9","9","9","9","9","9","9","9","9","9","9","9","9","9","9","9","9","9","9","9","9","9","CA","petrale sole","petrale_sole",NA,NA,"675","total_catch_wt_kg ~ 0 + factor(year) + pass","delta_lognormal","TRUE","iid, iid","01_1","factor(year)2011","-1.23215108338025","2.00598725982009","-5.16381386607382","2.69951169931331"
"10","10","10","10","10","10","10","10","10","10","10","10","10","10","10","10","10","10","10","10","10","10","10","10","10","10","10","10","10","10","10","10","10","10","10","10","10","10","10","10","10","10","10","10","10","10","10","10","10","10","10","10","CA","petrale sole","petrale_sole",NA,NA,"675","total_catch_wt_kg ~ 0 + factor(year) + pass","delta_lognormal","TRUE","iid, iid","01_1","factor(year)2012","-2.45805824721172","2.02508498772532","-6.42715188878609","1.51103539436264"
"11","11","11","11","11","11","11","11","11","11","11","11","11","11","11","11","11","11","11","11","11","11","11","11","11","11","11","11","11","11","11","11","11","11","11","11","11","11","11","11","11","11","11","11","11","11","11","11","11","11","11","11","CA","petrale sole","petrale_sole",NA,NA,"675","total_catch_wt_kg ~ 0 + factor(year) + pass","delta_lognormal","TRUE","iid, iid","01_1","factor(year)2013","-1.93461195630725","2.02667763660796","-5.90682713233161","2.0376032197171"
"12","12","12","12","12","12","12","12","12","12","12","12","12","12","12","12","12","12","12","12","12","12","12","12","12","12","12","12","12","12","12","12","12","12","12","12","12","12","12","12","12","12","12","12","12","12","12","12","12","12","12","12","CA","petrale sole","petrale_sole",NA,NA,"675","total_catch_wt_kg ~ 0 + factor(year) + pass","delta_lognormal","TRUE","iid, iid","01_1","factor(year)2014","-0.960180058397571","2.01775632811198","-4.91490979107484","2.99454967427969"
"13","13","13","13","13","13","13","13","13","13","13","13","13","13","13","13","13","13","13","13","13","13","13","13","13","13","13","13","13","13","13","13","13","13","13","13","13","13","13","13","13","13","13","13","13","13","13","13","13","13","13","13","CA","petrale sole","petrale_sole",NA,NA,"675","total_catch_wt_kg ~ 0 + factor(year) + pass","delta_lognormal","TRUE","iid, iid","01_1","factor(year)2015","-1.831763355579","2.0160386280547","-5.78312645800775","2.11959974684975"
"14","14","14","14","14","14","14","14","14","14","14","14","14","14","14","14","14","14","14","14","14","14","14","14","14","14","14","14","14","14","14","14","14","14","14","14","14","14","14","14","14","14","14","14","14","14","14","14","14","14","14","14","CA","petrale sole","petrale_sole",NA,NA,"675","total_catch_wt_kg ~ 0 + factor(year) + pass","delta_lognormal","TRUE","iid, iid","01_1","factor(year)2016","-2.5440150833058","2.00196565820126","-6.46779567166628","1.37976550505469"
"15","15","15","15","15","15","15","15","15","15","15","15","15","15","15","15","15","15","15","15","15","15","15","15","15","15","15","15","15","15","15","15","15","15","15","15","15","15","15","15","15","15","15","15","15","15","15","15","15","15","15","15","CA","petrale sole","petrale_sole",NA,NA,"675","total_catch_wt_kg ~ 0 + factor(year) + pass","delta_lognormal","TRUE","iid, iid","01_1","factor(year)2017","-2.54573885504276","2.02377494112288","-6.51226485245828","1.42078714237275"
"16","16","16","16","16","16","16","16","16","16","16","16","16","16","16","16","16","16","16","16","16","16","16","16","16","16","16","16","16","16","16","16","16","16","16","16","16","16","16","16","16","16","16","16","16","16","16","16","16","16","16","16","CA","petrale sole","petrale_sole",NA,NA,"675","total_catch_wt_kg ~ 0 + factor(year) + pass","delta_lognormal","TRUE","iid, iid","01_1","factor(year)2018","-3.06604017398196","2.02521006773655","-7.03537896787352","0.903298619909599"
"17","17","17","17","17","17","17","17","17","17","17","17","17","17","17","17","17","17","17","17","17","17","17","17","17","17","17","17","17","17","17","17","17","17","17","17","17","17","17","17","17","17","17","17","17","17","17","17","17","17","17","17","CA","petrale sole","petrale_sole",NA,NA,"675","total_catch_wt_kg ~ 0 + factor(year) + pass","delta_lognormal","TRUE","iid, iid","01_1","factor(year)2019","-3.44303546282989","2.1093159389086","-7.57721873510704","0.691147809447262"
"18","18","18","18","18","18","18","18","18","18","18","18","18","18","18","18","18","18","18","18","18","18","18","18","18","18","18","18","18","18","18","18","18","18","18","18","18","18","18","18","18","18","18","18","18","18","18","18","18","18","18","18","CA","petrale sole","petrale_sole",NA,NA,"675","total_catch_wt_kg ~ 0 + factor(year) + pass","delta_lognormal","TRUE","iid, iid","01_1","factor(year)2021","-1.62052395448462","2.00931586932414","-5.55871069192472","2.31766278295548"
"19","19","19","19","19","19","19","19","19","19","19","19","19","19","19","19","19","19","19","19","19","19","19","19","19","19","19","19","19","19","19","19","19","19","19","19","19","19","19","19","19","19","19","19","19","19","19","19","19","19","19","19","CA","petrale sole","petrale_sole",NA,NA,"675","total_catch_wt_kg ~ 0 + factor(year) + pass","delta_lognormal","TRUE","iid, iid","01_1","factor(year)2022","-1.95032734718757","2.01641261755407","-5.90242345556568","2.00176876119054"
"20","20","20","20","20","20","20","20","20","20","20","20","20","20","20","20","20","20","20","20","20","20","20","20","20","20","20","20","20","20","20","20","20","20","20","20","20","20","20","20","20","20","20","20","20","20","20","20","20","20","20","20","CA","petrale sole","petrale_sole",NA,NA,"675","total_catch_wt_kg ~ 0 + factor(year) + pass","delta_lognormal","TRUE","iid, iid","01_1","factor(year)2023","-2.74155749694665","2.02458891498203","-6.70967885381044","1.22656385991714"
"21","21","21","21","21","21","21","21","21","21","21","21","21","21","21","21","21","21","21","21","21","21","21","21","21","21","21","21","21","21","21","21","21","21","21","21","21","21","21","21","21","21","21","21","21","21","21","21","21","21","21","21","CA","petrale sole","petrale_sole",NA,NA,"675","total_catch_wt_kg ~ 0 + factor(year) + pass","delta_lognormal","TRUE","iid, iid","01_1","factor(year)2024","-2.01342125431848","2.0065656312975","-5.94621762427745","1.9193751156405"
"22","22","22","22","22","22","22","22","22","22","22","22","22","22","22","22","22","22","22","22","22","22","22","22","22","22","22","22","22","22","22","22","22","22","22","22","22","22","22","22","22","22","22","22","22","22","22","22","22","22","22","22","CA","petrale sole","petrale_sole",NA,NA,"675","total_catch_wt_kg ~ 0 + factor(year) + pass","delta_lognormal","TRUE","iid, iid","01_1","pass","0.111796658930924","0.227686472448682","-0.334460626835465","0.558053944697312"
"23","23","23","23","23","23","23","23","23","23","23","23","23","23","23","23","23","23","23","23","23","23","23","23","23","23","23","23","23","23","23","23","23","23","23","23","23","23","23","23","23","23","23","23","23","23","23","23","23","23","23",NA,"CA","petrale sole","petrale_sole",NA,NA,"675","total_catch_wt_kg ~ 0 + factor(year) + pass","delta_lognormal","TRUE","iid, iid","01_10","factor(year)2003","-2.2742952025055","1.4901353659452","-5.1949068518475","0.646316446836509"
"24","24","24","24","24","24","24","24","24","24","24","24","24","24","24","24","24","24","24","24","24","24","24","24","24","24","24","24","24","24","24","24","24","24","24","24","24","24","24","24","24","24","24","24","24","24","24","24","24","24","24",NA,"CA","petrale sole","petrale_sole",NA,NA,"675","total_catch_wt_kg ~ 0 + factor(year) + pass","delta_lognormal","TRUE","iid, iid","01_10","factor(year)2004","-1.79086022566683","1.50198838291845","-4.73470336138454","1.15298291005088"
"25","25","25","25","25","25","25","25","25","25","25","25","25","25","25","25","25","25","25","25","25","25","25","25","25","25","25","25","25","25","25","25","25","25","25","25","25","25","25","25","25","25","25","25","25","25","25","25","25","25","25",NA,"CA","petrale sole","petrale_sole",NA,NA,"675","total_catch_wt_kg ~ 0 + factor(year) + pass","delta_lognormal","TRUE","iid, iid","01_10","factor(year)2005","-1.50766924218394","1.50655223716907","-4.46045736786357","1.44511888349568"
"26","26","26","26","26","26","26","26","26","26","26","26","26","26","26","26","26","26","26","26","26","26","26","26","26","26","26","26","26","26","26","26","26","26","26","26","26","26","26","26","26","26","26","26","26","26","26","26","26","26","26",NA,"CA","petrale sole","petrale_sole",NA,NA,"675","total_catch_wt_kg ~ 0 + factor(year) + pass","delta_lognormal","TRUE","iid, iid","01_10","factor(year)2006","-1.57945832954929","1.48572925712887","-4.49143416429932","1.33251750520075"
"27","27","27","27","27","27","27","27","27","27","27","27","27","27","27","27","27","27","27","27","27","27","27","27","27","27","27","27","27","27","27","27","27","27","27","27","27","27","27","27","27","27","27","27","27","27","27","27","27","27","27",NA,"CA","petrale sole","petrale_sole",NA,NA,"675","total_catch_wt_kg ~ 0 + factor(year) + pass","delta_lognormal","TRUE","iid, iid","01_10","factor(year)2007","-2.03994114170484","1.48881393249705","-4.95796282908051","0.87808054567083"
"28","28","28","28","28","28","28","28","28","28","28","28","28","28","28","28","28","28","28","28","28","28","28","28","28","28","28","28","28","28","28","28","28","28","28","28","28","28","28","28","28","28","28","28","28","28","28","28","28","28","28",NA,"CA","petrale sole","petrale_sole",NA,NA,"675","total_catch_wt_kg ~ 0 + factor(year) + pass","delta_lognormal","TRUE","iid, iid","01_10","factor(year)2008","-1.79427847754102","1.49246632784522","-4.71945872825641","1.13090177317437"
"29","29","29","29","29","29","29","29","29","29","29","29","29","29","29","29","29","29","29","29","29","29","29","29","29","29","29","29","29","29","29","29","29","29","29","29","29","29","29","29","29","29","29","29","29","29","29","29","29","29","29",NA,"CA","petrale sole","petrale_sole",NA,NA,"675","total_catch_wt_kg ~ 0 + factor(year) + pass","delta_lognormal","TRUE","iid, iid","01_10","factor(year)2009","-0.964769039486526","1.48211814256362","-3.86966721974462","1.94012914077157"
"30","30","30","30","30","30","30","30","30","30","30","30","30","30","30","30","30","30","30","30","30","30","30","30","30","30","30","30","30","30","30","30","30","30","30","30","30","30","30","30","30","30","30","30","30","30","30","30","30","30","30",NA,"CA","petrale sole","petrale_sole",NA,NA,"675","total_catch_wt_kg ~ 0 + factor(year) + pass","delta_lognormal","TRUE","iid, iid","01_10","factor(year)2010","-1.13147901198057","1.47381033742566","-4.02009419337769","1.75713616941654"
"31","31","31","31","31","31","31","31","31","31","31","31","31","31","31","31","31","31","31","31","31","31","31","31","31","31","31","31","31","31","31","31","31","31","31","31","31","31","31","31","31","31","31","31","31","31","31","31","31","31","31",NA,"CA","petrale sole","petrale_sole",NA,NA,"675","total_catch_wt_kg ~ 0 + factor(year) + pass","delta_lognormal","TRUE","iid, iid","01_10","factor(year)2011","-0.421693307957336","1.47855367280517","-3.31960525586489","2.47621863995022"
"32","32","32","32","32","32","32","32","32","32","32","32","32","32","32","32","32","32","32","32","32","32","32","32","32","32","32","32","32","32","32","32","32","32","32","32","32","32","32","32","32","32","32","32","32","32","32","32","32","32","32",NA,"CA","petrale sole","petrale_sole",NA,NA,"675","total_catch_wt_kg ~ 0 + factor(year) + pass","delta_lognormal","TRUE","iid, iid","01_10","factor(year)2012","-2.01230196493943","1.51392192453147","-4.97953441242667","0.954930482547813"
"33","33","33","33","33","33","33","33","33","33","33","33","33","33","33","33","33","33","33","33","33","33","33","33","33","33","33","33","33","33","33","33","33","33","33","33","33","33","33","33","33","33","33","33","33","33","33","33","33","33","33",NA,"CA","petrale sole","petrale_sole",NA,NA,"675","total_catch_wt_kg ~ 0 + factor(year) + pass","delta_lognormal","TRUE","iid, iid","01_10","factor(year)2013","-1.31886745333624","1.48148125686351","-4.22251736055986","1.58478245388738"
"34","34","34","34","34","34","34","34","34","34","34","34","34","34","34","34","34","34","34","34","34","34","34","34","34","34","34","34","34","34","34","34","34","34","34","34","34","34","34","34","34","34","34","34","34","34","34","34","34","34","34",NA,"CA","petrale sole","petrale_sole",NA,NA,"675","total_catch_wt_kg ~ 0 + factor(year) + pass","delta_lognormal","TRUE","iid, iid","01_10","factor(year)2014","0.457699692541645","1.49664254933974","-2.47566580189445","3.39106518697774"
"35","35","35","35","35","35","35","35","35","35","35","35","35","35","35","35","35","35","35","35","35","35","35","35","35","35","35","35","35","35","35","35","35","35","35","35","35","35","35","35","35","35","35","35","35","35","35","35","35","35","35",NA,"CA","petrale sole","petrale_sole",NA,NA,"675","total_catch_wt_kg ~ 0 + factor(year) + pass","delta_lognormal","TRUE","iid, iid","01_10","factor(year)2015","0.0663649254766901","1.4899970190368","-2.85397556890748","2.98670541986086"
"36","36","36","36","36","36","36","36","36","36","36","36","36","36","36","36","36","36","36","36","36","36","36","36","36","36","36","36","36","36","36","36","36","36","36","36","36","36","36","36","36","36","36","36","36","36","36","36","36","36","36",NA,"CA","petrale sole","petrale_sole",NA,NA,"675","total_catch_wt_kg ~ 0 + factor(year) + pass","delta_lognormal","TRUE","iid, iid","01_10","factor(year)2016","-0.604853598121103","1.48032365522614","-3.50623464782703","2.29652745158482"
"37","37","37","37","37","37","37","37","37","37","37","37","37","37","37","37","37","37","37","37","37","37","37","37","37","37","37","37","37","37","37","37","37","37","37","37","37","37","37","37","37","37","37","37","37","37","37","37","37","37","37",NA,"CA","petrale sole","petrale_sole",NA,NA,"675","total_catch_wt_kg ~ 0 + factor(year) + pass","delta_lognormal","TRUE","iid, iid","01_10","factor(year)2017","-0.6780061557467","1.48544007966063","-3.58941521307385","2.23340290158045"
"38","38","38","38","38","38","38","38","38","38","38","38","38","38","38","38","38","38","38","38","38","38","38","38","38","38","38","38","38","38","38","38","38","38","38","38","38","38","38","38","38","38","38","38","38","38","38","38","38","38","38",NA,"CA","petrale sole","petrale_sole",NA,NA,"675","total_catch_wt_kg ~ 0 + factor(year) + pass","delta_lognormal","TRUE","iid, iid","01_10","factor(year)2018","-1.25734772136346","1.47261181402253","-4.14361384005582","1.6289183973289"
"39","39","39","39","39","39","39","39","39","39","39","39","39","39","39","39","39","39","39","39","39","39","39","39","39","39","39","39","39","39","39","39","39","39","39","39","39","39","39","39","39","39","39","39","39","39","39","39","39","39","39",NA,"CA","petrale sole","petrale_sole",NA,NA,"675","total_catch_wt_kg ~ 0 + factor(year) + pass","delta_lognormal","TRUE","iid, iid","01_10","factor(year)2019","0.421217399668116","1.59755326190827","-2.70992945705657","3.5523642563928"
"40","40","40","40","40","40","40","40","40","40","40","40","40","40","40","40","40","40","40","40","40","40","40","40","40","40","40","40","40","40","40","40","40","40","40","40","40","40","40","40","40","40","40","40","40","40","40","40","40","40","40",NA,"CA","petrale sole","petrale_sole",NA,NA,"675","total_catch_wt_kg ~ 0 + factor(year) + pass","delta_lognormal","TRUE","iid, iid","01_10","factor(year)2021","0.324997693301961","1.48541720108348","-2.58636652283794","3.23636190944186"
"41","41","41","41","41","41","41","41","41","41","41","41","41","41","41","41","41","41","41","41","41","41","41","41","41","41","41","41","41","41","41","41","41","41","41","41","41","41","41","41","41","41","41","41","41","41","41","41","41","41","41",NA,"CA","petrale sole","petrale_sole",NA,NA,"675","total_catch_wt_kg ~ 0 + factor(year) + pass","delta_lognormal","TRUE","iid, iid","01_10","factor(year)2022","-1.08058506956415","1.50494562749803","-4.03022429815132","1.86905415902302"
"42","42","42","42","42","42","42","42","42","42","42","42","42","42","42","42","42","42","42","42","42","42","42","42","42","42","42","42","42","42","42","42","42","42","42","42","42","42","42","42","42","42","42","42","42","42","42","42","42","42","42",NA,"CA","petrale sole","petrale_sole",NA,NA,"675","total_catch_wt_kg ~ 0 + factor(year) + pass","delta_lognormal","TRUE","iid, iid","01_10","factor(year)2023","-2.30849069529011","1.49184604641586","-5.23245521674366","0.615473826163453"
"43","43","43","43","43","43","43","43","43","43","43","43","43","43","43","43","43","43","43","43","43","43","43","43","43","43","43","43","43","43","43","43","43","43","43","43","43","43","43","43","43","43","43","43","43","43","43","43","43","43","43",NA,"CA","petrale sole","petrale_sole",NA,NA,"675","total_catch_wt_kg ~ 0 + factor(year) + pass","delta_lognormal","TRUE","iid, iid","01_10","factor(year)2024","-1.06940013692074","1.50111822543218","-4.01153779530449","1.872737521463"
"44","44","44","44","44","44","44","44","44","44","44","44","44","44","44","44","44","44","44","44","44","44","44","44","44","44","44","44","44","44","44","44","44","44","44","44","44","44","44","44","44","44","44","44","44","44","44","44","44","44","44",NA,"CA","petrale sole","petrale_sole",NA,NA,"675","total_catch_wt_kg ~ 0 + factor(year) + pass","delta_lognormal","TRUE","iid, iid","01_10","pass","-0.192233996672302","0.227071188205893","-0.637285347482569","0.252817354137965"
"45","45","45","45","45","45","45","45","45","45","45","45","45","45","45","45","45","45","45","45","45","45","45","45","45","45","45","45","45","45","45","45","45","45","45","45","45","45","45","45","45","45","45","45","45","45","45","45","45","45",NA,NA,"CA","petrale sole","petrale_sole",NA,NA,"675","total_catch_wt_kg ~ 0 + factor(year) + pass","delta_lognormal","TRUE","iid, iid","01_2","factor(year)2003","-3.58537033687963","2.17311316491093","-7.84459387443491","0.673853200675643"
"46","46","46","46","46","46","46","46","46","46","46","46","46","46","46","46","46","46","46","46","46","46","46","46","46","46","46","46","46","46","46","46","46","46","46","46","46","46","46","46","46","46","46","46","46","46","46","46","46","46",NA,NA,"CA","petrale sole","petrale_sole",NA,NA,"675","total_catch_wt_kg ~ 0 + factor(year) + pass","delta_lognormal","TRUE","iid, iid","01_2","factor(year)2004","-2.98168255949648","2.19042135502898","-7.2748295263207","1.31146440732775"
"47","47","47","47","47","47","47","47","47","47","47","47","47","47","47","47","47","47","47","47","47","47","47","47","47","47","47","47","47","47","47","47","47","47","47","47","47","47","47","47","47","47","47","47","47","47","47","47","47","47",NA,NA,"CA","petrale sole","petrale_sole",NA,NA,"675","total_catch_wt_kg ~ 0 + factor(year) + pass","delta_lognormal","TRUE","iid, iid","01_2","factor(year)2005","-2.96876895436915","2.18105196978464","-7.24355226355719","1.30601435481889"
"48","48","48","48","48","48","48","48","48","48","48","48","48","48","48","48","48","48","48","48","48","48","48","48","48","48","48","48","48","48","48","48","48","48","48","48","48","48","48","48","48","48","48","48","48","48","48","48","48","48",NA,NA,"CA","petrale sole","petrale_sole",NA,NA,"675","total_catch_wt_kg ~ 0 + factor(year) + pass","delta_lognormal","TRUE","iid, iid","01_2","factor(year)2006","-3.43694333478466","2.1797672187688","-7.70920857825255","0.835321908683232"
"49","49","49","49","49","49","49","49","49","49","49","49","49","49","49","49","49","49","49","49","49","49","49","49","49","49","49","49","49","49","49","49","49","49","49","49","49","49","49","49","49","49","49","49","49","49","49","49","49","49",NA,NA,"CA","petrale sole","petrale_sole",NA,NA,"675","total_catch_wt_kg ~ 0 + factor(year) + pass","delta_lognormal","TRUE","iid, iid","01_2","factor(year)2007","-2.74957626678632","2.16519436253457","-6.99327923688325","1.4941267033106"
"50","50","50","50","50","50","50","50","50","50","50","50","50","50","50","50","50","50","50","50","50","50","50","50","50","50","50","50","50","50","50","50","50","50","50","50","50","50","50","50","50","50","50","50","50","50","50","50","50","50",NA,NA,"CA","petrale sole","petrale_sole",NA,NA,"675","total_catch_wt_kg ~ 0 + factor(year) + pass","delta_lognormal","TRUE","iid, iid","01_2","factor(year)2008","-3.30036529798827","2.17094448529618","-7.55533830160463","0.954607705628091"
"51","51","51","51","51","51","51","51","51","51","51","51","51","51","51","51","51","51","51","51","51","51","51","51","51","51","51","51","51","51","51","51","51","51","51","51","51","51","51","51","51","51","51","51","51","51","51","51","51","51",NA,NA,"CA","petrale sole","petrale_sole",NA,NA,"675","total_catch_wt_kg ~ 0 + factor(year) + pass","delta_lognormal","TRUE","iid, iid","01_2","factor(year)2009","-2.69298573366112","2.17712271944086","-6.9600678536891","1.57409638636687"
"52","52","52","52","52","52","52","52","52","52","52","52","52","52","52","52","52","52","52","52","52","52","52","52","52","52","52","52","52","52","52","52","52","52","52","52","52","52","52","52","52","52","52","52","52","52","52","52","52","52",NA,NA,"CA","petrale sole","petrale_sole",NA,NA,"675","total_catch_wt_kg ~ 0 + factor(year) + pass","delta_lognormal","TRUE","iid, iid","01_2","factor(year)2010","-2.24147482951226","2.15910911625933","-6.47325093607265","1.99030127704812"
"53","53","53","53","53","53","53","53","53","53","53","53","53","53","53","53","53","53","53","53","53","53","53","53","53","53","53","53","53","53","53","53","53","53","53","53","53","53","53","53","53","53","53","53","53","53","53","53","53","53",NA,NA,"CA","petrale sole","petrale_sole",NA,NA,"675","total_catch_wt_kg ~ 0 + factor(year) + pass","delta_lognormal","TRUE","iid, iid","01_2","factor(year)2011","-2.37187792593067","2.16219013657623","-6.60969272134782","1.86593686948647"
"54","54","54","54","54","54","54","54","54","54","54","54","54","54","54","54","54","54","54","54","54","54","54","54","54","54","54","54","54","54","54","54","54","54","54","54","54","54","54","54","54","54","54","54","54","54","54","54","54","54",NA,NA,"CA","petrale sole","petrale_sole",NA,NA,"675","total_catch_wt_kg ~ 0 + factor(year) + pass","delta_lognormal","TRUE","iid, iid","01_2","factor(year)2012","-1.975695225522","2.17659401101301","-6.24174109607307","2.29035064502906"
"55","55","55","55","55","55","55","55","55","55","55","55","55","55","55","55","55","55","55","55","55","55","55","55","55","55","55","55","55","55","55","55","55","55","55","55","55","55","55","55","55","55","55","55","55","55","55","55","55","55",NA,NA,"CA","petrale sole","petrale_sole",NA,NA,"675","total_catch_wt_kg ~ 0 + factor(year) + pass","delta_lognormal","TRUE","iid, iid","01_2","factor(year)2013","-2.46971021405712","2.18414746718246","-6.75056058665911","1.81114015854488"
"56","56","56","56","56","56","56","56","56","56","56","56","56","56","56","56","56","56","56","56","56","56","56","56","56","56","56","56","56","56","56","56","56","56","56","56","56","56","56","56","56","56","56","56","56","56","56","56","56","56",NA,NA,"CA","petrale sole","petrale_sole",NA,NA,"675","total_catch_wt_kg ~ 0 + factor(year) + pass","delta_lognormal","TRUE","iid, iid","01_2","factor(year)2014","-2.43924122239938","2.17177496972632","-6.69584194558853","1.81735950078978"
"57","57","57","57","57","57","57","57","57","57","57","57","57","57","57","57","57","57","57","57","57","57","57","57","57","57","57","57","57","57","57","57","57","57","57","57","57","57","57","57","57","57","57","57","57","57","57","57","57","57",NA,NA,"CA","petrale sole","petrale_sole",NA,NA,"675","total_catch_wt_kg ~ 0 + factor(year) + pass","delta_lognormal","TRUE","iid, iid","01_2","factor(year)2015","-2.67200522230626","2.17125771994416","-6.92759215455137","1.58358170993885"
"58","58","58","58","58","58","58","58","58","58","58","58","58","58","58","58","58","58","58","58","58","58","58","58","58","58","58","58","58","58","58","58","58","58","58","58","58","58","58","58","58","58","58","58","58","58","58","58","58","58",NA,NA,"CA","petrale sole","petrale_sole",NA,NA,"675","total_catch_wt_kg ~ 0 + factor(year) + pass","delta_lognormal","TRUE","iid, iid","01_2","factor(year)2016","-2.15434299367365","2.16678101996916","-6.40115575519816","2.09246976785086"
"59","59","59","59","59","59","59","59","59","59","59","59","59","59","59","59","59","59","59","59","59","59","59","59","59","59","59","59","59","59","59","59","59","59","59","59","59","59","59","59","59","59","59","59","59","59","59","59","59","59",NA,NA,"CA","petrale sole","petrale_sole",NA,NA,"675","total_catch_wt_kg ~ 0 + factor(year) + pass","delta_lognormal","TRUE","iid, iid","01_2","factor(year)2017","-1.90650455698419","2.1602501522915","-6.1405170530727","2.32750793910431"
"60","60","60","60","60","60","60","60","60","60","60","60","60","60","60","60","60","60","60","60","60","60","60","60","60","60","60","60","60","60","60","60","60","60","60","60","60","60","60","60","60","60","60","60","60","60","60","60","60","60",NA,NA,"CA","petrale sole","petrale_sole",NA,NA,"675","total_catch_wt_kg ~ 0 + factor(year) + pass","delta_lognormal","TRUE","iid, iid","01_2","factor(year)2018","-2.66282468458876","2.16616190689025","-6.90842400677625","1.58277463759874"
"61","61","61","61","61","61","61","61","61","61","61","61","61","61","61","61","61","61","61","61","61","61","61","61","61","61","61","61","61","61","61","61","61","61","61","61","61","61","61","61","61","61","61","61","61","61","61","61","61","61",NA,NA,"CA","petrale sole","petrale_sole",NA,NA,"675","total_catch_wt_kg ~ 0 + factor(year) + pass","delta_lognormal","TRUE","iid, iid","01_2","factor(year)2019","-3.11546428727322","2.19179013141408","-7.41129400651513","1.1803654319687"
"62","62","62","62","62","62","62","62","62","62","62","62","62","62","62","62","62","62","62","62","62","62","62","62","62","62","62","62","62","62","62","62","62","62","62","62","62","62","62","62","62","62","62","62","62","62","62","62","62","62",NA,NA,"CA","petrale sole","petrale_sole",NA,NA,"675","total_catch_wt_kg ~ 0 + factor(year) + pass","delta_lognormal","TRUE","iid, iid","01_2","factor(year)2021","-2.51960941382219","2.18181531118055","-6.79588884465411","1.75667001700973"
"63","63","63","63","63","63","63","63","63","63","63","63","63","63","63","63","63","63","63","63","63","63","63","63","63","63","63","63","63","63","63","63","63","63","63","63","63","63","63","63","63","63","63","63","63","63","63","63","63","63",NA,NA,"CA","petrale sole","petrale_sole",NA,NA,"675","total_catch_wt_kg ~ 0 + factor(year) + pass","delta_lognormal","TRUE","iid, iid","01_2","factor(year)2022","-2.78391547411503","2.17292204486486","-7.04276442326327","1.47493347503321"
"64","64","64","64","64","64","64","64","64","64","64","64","64","64","64","64","64","64","64","64","64","64","64","64","64","64","64","64","64","64","64","64","64","64","64","64","64","64","64","64","64","64","64","64","64","64","64","64","64","64",NA,NA,"CA","petrale sole","petrale_sole",NA,NA,"675","total_catch_wt_kg ~ 0 + factor(year) + pass","delta_lognormal","TRUE","iid, iid","01_2","factor(year)2023","-2.72001976934787","2.16881794994722","-6.97082484026842","1.53078530157268"
"65","65","65","65","65","65","65","65","65","65","65","65","65","65","65","65","65","65","65","65","65","65","65","65","65","65","65","65","65","65","65","65","65","65","65","65","65","65","65","65","65","65","65","65","65","65","65","65","65","65",NA,NA,"CA","petrale sole","petrale_sole",NA,NA,"675","total_catch_wt_kg ~ 0 + factor(year) + pass","delta_lognormal","TRUE","iid, iid","01_2","factor(year)2024","-2.91727517103558","2.16925124289773","-7.16892948053387","1.33437913846272"
"66","66","66","66","66","66","66","66","66","66","66","66","66","66","66","66","66","66","66","66","66","66","66","66","66","66","66","66","66","66","66","66","66","66","66","66","66","66","66","66","66","66","66","66","66","66","66","66","66","66",NA,NA,"CA","petrale sole","petrale_sole",NA,NA,"675","total_catch_wt_kg ~ 0 + factor(year) + pass","delta_lognormal","TRUE","iid, iid","01_2","pass","0.133176755275752","0.197532920962648","-0.253980655572035","0.520334166123539"
"67","67","67","67","67","67","67","67","67","67","67","67","67","67","67","67","67","67","67","67","67","67","67","67","67","67","67","67","67","67","67","67","67","67","67","67","67","67","67","67","67","67","67","67","67","67","67","67","67",NA,NA,NA,"CA","petrale sole","petrale_sole",NA,NA,"675","total_catch_wt_kg ~ 0 + factor(year) + pass","delta_lognormal","TRUE","iid, iid","01_3","factor(year)2003","-3.33506378378853","2.03315620573961","-7.31997672198226","0.649849154405205"
"68","68","68","68","68","68","68","68","68","68","68","68","68","68","68","68","68","68","68","68","68","68","68","68","68","68","68","68","68","68","68","68","68","68","68","68","68","68","68","68","68","68","68","68","68","68","68","68","68",NA,NA,NA,"CA","petrale sole","petrale_sole",NA,NA,"675","total_catch_wt_kg ~ 0 + factor(year) + pass","delta_lognormal","TRUE","iid, iid","01_3","factor(year)2004","-3.43215301526655","2.06354456709019","-7.47662604725663","0.612320016723518"
"69","69","69","69","69","69","69","69","69","69","69","69","69","69","69","69","69","69","69","69","69","69","69","69","69","69","69","69","69","69","69","69","69","69","69","69","69","69","69","69","69","69","69","69","69","69","69","69","69",NA,NA,NA,"CA","petrale sole","petrale_sole",NA,NA,"675","total_catch_wt_kg ~ 0 + factor(year) + pass","delta_lognormal","TRUE","iid, iid","01_3","factor(year)2005","-2.93836156491199","2.0327510295285","-6.92248037232456","1.04575724250058"
"70","70","70","70","70","70","70","70","70","70","70","70","70","70","70","70","70","70","70","70","70","70","70","70","70","70","70","70","70","70","70","70","70","70","70","70","70","70","70","70","70","70","70","70","70","70","70","70","70",NA,NA,NA,"CA","petrale sole","petrale_sole",NA,NA,"675","total_catch_wt_kg ~ 0 + factor(year) + pass","delta_lognormal","TRUE","iid, iid","01_3","factor(year)2006","-2.85309636850562","2.03093748304199","-6.83366069012035","1.12746795310911"
"71","71","71","71","71","71","71","71","71","71","71","71","71","71","71","71","71","71","71","71","71","71","71","71","71","71","71","71","71","71","71","71","71","71","71","71","71","71","71","71","71","71","71","71","71","71","71","71","71",NA,NA,NA,"CA","petrale sole","petrale_sole",NA,NA,"675","total_catch_wt_kg ~ 0 + factor(year) + pass","delta_lognormal","TRUE","iid, iid","01_3","factor(year)2007","-3.15583134173878","2.03129936144258","-7.13710493198545","0.825442248507895"
"72","72","72","72","72","72","72","72","72","72","72","72","72","72","72","72","72","72","72","72","72","72","72","72","72","72","72","72","72","72","72","72","72","72","72","72","72","72","72","72","72","72","72","72","72","72","72","72","72",NA,NA,NA,"CA","petrale sole","petrale_sole",NA,NA,"675","total_catch_wt_kg ~ 0 + factor(year) + pass","delta_lognormal","TRUE","iid, iid","01_3","factor(year)2008","-3.45006946657154","2.04361999895996","-7.45549106261884","0.555352129475752"
"73","73","73","73","73","73","73","73","73","73","73","73","73","73","73","73","73","73","73","73","73","73","73","73","73","73","73","73","73","73","73","73","73","73","73","73","73","73","73","73","73","73","73","73","73","73","73","73","73",NA,NA,NA,"CA","petrale sole","petrale_sole",NA,NA,"675","total_catch_wt_kg ~ 0 + factor(year) + pass","delta_lognormal","TRUE","iid, iid","01_3","factor(year)2009","-2.92379967750718","2.03772045983251","-6.9176583893393","1.07005903432493"
"74","74","74","74","74","74","74","74","74","74","74","74","74","74","74","74","74","74","74","74","74","74","74","74","74","74","74","74","74","74","74","74","74","74","74","74","74","74","74","74","74","74","74","74","74","74","74","74","74",NA,NA,NA,"CA","petrale sole","petrale_sole",NA,NA,"675","total_catch_wt_kg ~ 0 + factor(year) + pass","delta_lognormal","TRUE","iid, iid","01_3","factor(year)2010","-2.10987985427609","1.99583208639958","-6.0216388628087","1.80187915425652"
"75","75","75","75","75","75","75","75","75","75","75","75","75","75","75","75","75","75","75","75","75","75","75","75","75","75","75","75","75","75","75","75","75","75","75","75","75","75","75","75","75","75","75","75","75","75","75","75","75",NA,NA,NA,"CA","petrale sole","petrale_sole",NA,NA,"675","total_catch_wt_kg ~ 0 + factor(year) + pass","delta_lognormal","TRUE","iid, iid","01_3","factor(year)2011","-2.38637045496593","2.02645983406919","-6.35815874585856","1.58541783592671"
"76","76","76","76","76","76","76","76","76","76","76","76","76","76","76","76","76","76","76","76","76","76","76","76","76","76","76","76","76","76","76","76","76","76","76","76","76","76","76","76","76","76","76","76","76","76","76","76","76",NA,NA,NA,"CA","petrale sole","petrale_sole",NA,NA,"675","total_catch_wt_kg ~ 0 + factor(year) + pass","delta_lognormal","TRUE","iid, iid","01_3","factor(year)2012","-3.11406054325753","2.04462671221695","-7.1214552610313","0.893334174516237"
"77","77","77","77","77","77","77","77","77","77","77","77","77","77","77","77","77","77","77","77","77","77","77","77","77","77","77","77","77","77","77","77","77","77","77","77","77","77","77","77","77","77","77","77","77","77","77","77","77",NA,NA,NA,"CA","petrale sole","petrale_sole",NA,NA,"675","total_catch_wt_kg ~ 0 + factor(year) + pass","delta_lognormal","TRUE","iid, iid","01_3","factor(year)2013","-1.72754718826771","2.06826232679489","-5.78126685936671","2.32617248283128"
"78","78","78","78","78","78","78","78","78","78","78","78","78","78","78","78","78","78","78","78","78","78","78","78","78","78","78","78","78","78","78","78","78","78","78","78","78","78","78","78","78","78","78","78","78","78","78","78","78",NA,NA,NA,"CA","petrale sole","petrale_sole",NA,NA,"675","total_catch_wt_kg ~ 0 + factor(year) + pass","delta_lognormal","TRUE","iid, iid","01_3","factor(year)2014","-1.92951612408926","2.02898886535274","-5.90626122521342","2.04722897703491"
"79","79","79","79","79","79","79","79","79","79","79","79","79","79","79","79","79","79","79","79","79","79","79","79","79","79","79","79","79","79","79","79","79","79","79","79","79","79","79","79","79","79","79","79","79","79","79","79","79",NA,NA,NA,"CA","petrale sole","petrale_sole",NA,NA,"675","total_catch_wt_kg ~ 0 + factor(year) + pass","delta_lognormal","TRUE","iid, iid","01_3","factor(year)2015","-2.32367828532547","2.03068431784893","-6.30374641227966","1.65638984162872"
"80","80","80","80","80","80","80","80","80","80","80","80","80","80","80","80","80","80","80","80","80","80","80","80","80","80","80","80","80","80","80","80","80","80","80","80","80","80","80","80","80","80","80","80","80","80","80","80","80",NA,NA,NA,"CA","petrale sole","petrale_sole",NA,NA,"675","total_catch_wt_kg ~ 0 + factor(year) + pass","delta_lognormal","TRUE","iid, iid","01_3","factor(year)2016","-2.39309163505545","2.03688917756955","-6.38532106359119","1.59913779348029"
"81","81","81","81","81","81","81","81","81","81","81","81","81","81","81","81","81","81","81","81","81","81","81","81","81","81","81","81","81","81","81","81","81","81","81","81","81","81","81","81","81","81","81","81","81","81","81","81","81",NA,NA,NA,"CA","petrale sole","petrale_sole",NA,NA,"675","total_catch_wt_kg ~ 0 + factor(year) + pass","delta_lognormal","TRUE","iid, iid","01_3","factor(year)2017","-2.54768621427145","2.03455134409441","-6.53533357339405","1.43996114485115"
"82","82","82","82","82","82","82","82","82","82","82","82","82","82","82","82","82","82","82","82","82","82","82","82","82","82","82","82","82","82","82","82","82","82","82","82","82","82","82","82","82","82","82","82","82","82","82","82","82",NA,NA,NA,"CA","petrale sole","petrale_sole",NA,NA,"675","total_catch_wt_kg ~ 0 + factor(year) + pass","delta_lognormal","TRUE","iid, iid","01_3","factor(year)2018","-1.50837212391974","2.02207376111415","-5.47156386978692","2.45481962194744"
"83","83","83","83","83","83","83","83","83","83","83","83","83","83","83","83","83","83","83","83","83","83","83","83","83","83","83","83","83","83","83","83","83","83","83","83","83","83","83","83","83","83","83","83","83","83","83","83","83",NA,NA,NA,"CA","petrale sole","petrale_sole",NA,NA,"675","total_catch_wt_kg ~ 0 + factor(year) + pass","delta_lognormal","TRUE","iid, iid","01_3","factor(year)2019","-3.04361667031817","2.06053975283656","-7.08220037459089","0.994967033954556"
"84","84","84","84","84","84","84","84","84","84","84","84","84","84","84","84","84","84","84","84","84","84","84","84","84","84","84","84","84","84","84","84","84","84","84","84","84","84","84","84","84","84","84","84","84","84","84","84","84",NA,NA,NA,"CA","petrale sole","petrale_sole",NA,NA,"675","total_catch_wt_kg ~ 0 + factor(year) + pass","delta_lognormal","TRUE","iid, iid","01_3","factor(year)2021","-1.76983774195443","2.03915281165485","-5.76650381177153","2.22682832786267"
"85","85","85","85","85","85","85","85","85","85","85","85","85","85","85","85","85","85","85","85","85","85","85","85","85","85","85","85","85","85","85","85","85","85","85","85","85","85","85","85","85","85","85","85","85","85","85","85","85",NA,NA,NA,"CA","petrale sole","petrale_sole",NA,NA,"675","total_catch_wt_kg ~ 0 + factor(year) + pass","delta_lognormal","TRUE","iid, iid","01_3","factor(year)2022","-2.85801720159621","2.03622733108101","-6.84894943485112","1.13291503165869"
"86","86","86","86","86","86","86","86","86","86","86","86","86","86","86","86","86","86","86","86","86","86","86","86","86","86","86","86","86","86","86","86","86","86","86","86","86","86","86","86","86","86","86","86","86","86","86","86","86",NA,NA,NA,"CA","petrale sole","petrale_sole",NA,NA,"675","total_catch_wt_kg ~ 0 + factor(year) + pass","delta_lognormal","TRUE","iid, iid","01_3","factor(year)2023","-2.83533815306896","2.03822919276891","-6.83019396313417","1.15951765699626"
"87","87","87","87","87","87","87","87","87","87","87","87","87","87","87","87","87","87","87","87","87","87","87","87","87","87","87","87","87","87","87","87","87","87","87","87","87","87","87","87","87","87","87","87","87","87","87","87","87",NA,NA,NA,"CA","petrale sole","petrale_sole",NA,NA,"675","total_catch_wt_kg ~ 0 + factor(year) + pass","delta_lognormal","TRUE","iid, iid","01_3","factor(year)2024","-2.33779555976426","2.02094203290982","-6.29876915911068","1.62317803958215"
"88","88","88","88","88","88","88","88","88","88","88","88","88","88","88","88","88","88","88","88","88","88","88","88","88","88","88","88","88","88","88","88","88","88","88","88","88","88","88","88","88","88","88","88","88","88","88","88","88",NA,NA,NA,"CA","petrale sole","petrale_sole",NA,NA,"675","total_catch_wt_kg ~ 0 + factor(year) + pass","delta_lognormal","TRUE","iid, iid","01_3","pass","0.265114625049895","0.228632027668868","-0.182995914893451","0.713225164993242"
"89","89","89","89","89","89","89","89","89","89","89","89","89","89","89","89","89","89","89","89","89","89","89","89","89","89","89","89","89","89","89","89","89","89","89","89","89","89","89","89","89","89","89","89","89","89","89","89",NA,NA,NA,NA,"CA","petrale sole","petrale_sole",NA,NA,"675","total_catch_wt_kg ~ 0 + factor(year) + pass","delta_lognormal","TRUE","iid, iid","01_4","factor(year)2003","-2.44424701427497","2.16003871279482","-6.67784509656508","1.78935106801513"
"90","90","90","90","90","90","90","90","90","90","90","90","90","90","90","90","90","90","90","90","90","90","90","90","90","90","90","90","90","90","90","90","90","90","90","90","90","90","90","90","90","90","90","90","90","90","90","90",NA,NA,NA,NA,"CA","petrale sole","petrale_sole",NA,NA,"675","total_catch_wt_kg ~ 0 + factor(year) + pass","delta_lognormal","TRUE","iid, iid","01_4","factor(year)2004","-1.63259575067145","2.18567754605134","-5.91644502274996","2.65125352140707"
"91","91","91","91","91","91","91","91","91","91","91","91","91","91","91","91","91","91","91","91","91","91","91","91","91","91","91","91","91","91","91","91","91","91","91","91","91","91","91","91","91","91","91","91","91","91","91","91",NA,NA,NA,NA,"CA","petrale sole","petrale_sole",NA,NA,"675","total_catch_wt_kg ~ 0 + factor(year) + pass","delta_lognormal","TRUE","iid, iid","01_4","factor(year)2005","-1.34551188936569","2.15697925922019","-5.57311355283714","2.88208977410576"
"92","92","92","92","92","92","92","92","92","92","92","92","92","92","92","92","92","92","92","92","92","92","92","92","92","92","92","92","92","92","92","92","92","92","92","92","92","92","92","92","92","92","92","92","92","92","92","92",NA,NA,NA,NA,"CA","petrale sole","petrale_sole",NA,NA,"675","total_catch_wt_kg ~ 0 + factor(year) + pass","delta_lognormal","TRUE","iid, iid","01_4","factor(year)2006","-1.2645106968634","2.14808921177501","-5.47468818752144","2.94566679379464"
"93","93","93","93","93","93","93","93","93","93","93","93","93","93","93","93","93","93","93","93","93","93","93","93","93","93","93","93","93","93","93","93","93","93","93","93","93","93","93","93","93","93","93","93","93","93","93","93",NA,NA,NA,NA,"CA","petrale sole","petrale_sole",NA,NA,"675","total_catch_wt_kg ~ 0 + factor(year) + pass","delta_lognormal","TRUE","iid, iid","01_4","factor(year)2007","-2.44631048284402","2.15661103391701","-6.67319043798305","1.780569472295"
"94","94","94","94","94","94","94","94","94","94","94","94","94","94","94","94","94","94","94","94","94","94","94","94","94","94","94","94","94","94","94","94","94","94","94","94","94","94","94","94","94","94","94","94","94","94","94","94",NA,NA,NA,NA,"CA","petrale sole","petrale_sole",NA,NA,"675","total_catch_wt_kg ~ 0 + factor(year) + pass","delta_lognormal","TRUE","iid, iid","01_4","factor(year)2008","-1.7537205646683","2.15177898618054","-5.97112988027226","2.46368875093566"
"95","95","95","95","95","95","95","95","95","95","95","95","95","95","95","95","95","95","95","95","95","95","95","95","95","95","95","95","95","95","95","95","95","95","95","95","95","95","95","95","95","95","95","95","95","95","95","95",NA,NA,NA,NA,"CA","petrale sole","petrale_sole",NA,NA,"675","total_catch_wt_kg ~ 0 + factor(year) + pass","delta_lognormal","TRUE","iid, iid","01_4","factor(year)2009","-1.36643628290167","2.14569110651295","-5.57191357361495","2.83904100781161"
"96","96","96","96","96","96","96","96","96","96","96","96","96","96","96","96","96","96","96","96","96","96","96","96","96","96","96","96","96","96","96","96","96","96","96","96","96","96","96","96","96","96","96","96","96","96","96","96",NA,NA,NA,NA,"CA","petrale sole","petrale_sole",NA,NA,"675","total_catch_wt_kg ~ 0 + factor(year) + pass","delta_lognormal","TRUE","iid, iid","01_4","factor(year)2010","-1.10896822197534","2.14462073254536","-5.31234761826216","3.09441117431147"
"97","97","97","97","97","97","97","97","97","97","97","97","97","97","97","97","97","97","97","97","97","97","97","97","97","97","97","97","97","97","97","97","97","97","97","97","97","97","97","97","97","97","97","97","97","97","97","97",NA,NA,NA,NA,"CA","petrale sole","petrale_sole",NA,NA,"675","total_catch_wt_kg ~ 0 + factor(year) + pass","delta_lognormal","TRUE","iid, iid","01_4","factor(year)2011","-0.566995578790063","2.15848120815285","-4.79754100807615","3.66354985049603"
"98","98","98","98","98","98","98","98","98","98","98","98","98","98","98","98","98","98","98","98","98","98","98","98","98","98","98","98","98","98","98","98","98","98","98","98","98","98","98","98","98","98","98","98","98","98","98","98",NA,NA,NA,NA,"CA","petrale sole","petrale_sole",NA,NA,"675","total_catch_wt_kg ~ 0 + factor(year) + pass","delta_lognormal","TRUE","iid, iid","01_4","factor(year)2012","-1.36864741571668","2.16995047426378","-5.62167219350929","2.88437736207593"
"99","99","99","99","99","99","99","99","99","99","99","99","99","99","99","99","99","99","99","99","99","99","99","99","99","99","99","99","99","99","99","99","99","99","99","99","99","99","99","99","99","99","99","99","99","99","99","99",NA,NA,NA,NA,"CA","petrale sole","petrale_sole",NA,NA,"675","total_catch_wt_kg ~ 0 + factor(year) + pass","delta_lognormal","TRUE","iid, iid","01_4","factor(year)2013","-0.899115582844687","2.18827526000827","-5.18805628072091","3.38982511503154"
"100","100","100","100","100","100","100","100","100","100","100","100","100","100","100","100","100","100","100","100","100","100","100","100","100","100","100","100","100","100","100","100","100","100","100","100","100","100","100","100","100","100","100","100","100","100","100","100",NA,NA,NA,NA,"CA","petrale sole","petrale_sole",NA,NA,"675","total_catch_wt_kg ~ 0 + factor(year) + pass","delta_lognormal","TRUE","iid, iid","01_4","factor(year)2014","-1.02378976405842","2.14848702381305","-5.23474695198365","3.18716742386681"
"101","101","101","101","101","101","101","101","101","101","101","101","101","101","101","101","101","101","101","101","101","101","101","101","101","101","101","101","101","101","101","101","101","101","101","101","101","101","101","101","101","101","101","101","101","101","101","101",NA,NA,NA,NA,"CA","petrale sole","petrale_sole",NA,NA,"675","total_catch_wt_kg ~ 0 + factor(year) + pass","delta_lognormal","TRUE","iid, iid","01_4","factor(year)2015","-1.28102395627626","2.15300344088336","-5.50083315899846","2.93878524644594"
"102","102","102","102","102","102","102","102","102","102","102","102","102","102","102","102","102","102","102","102","102","102","102","102","102","102","102","102","102","102","102","102","102","102","102","102","102","102","102","102","102","102","102","102","102","102","102","102",NA,NA,NA,NA,"CA","petrale sole","petrale_sole",NA,NA,"675","total_catch_wt_kg ~ 0 + factor(year) + pass","delta_lognormal","TRUE","iid, iid","01_4","factor(year)2016","-1.96540881920153","2.14870448481623","-6.17679222286104","2.24597458445798"
"103","103","103","103","103","103","103","103","103","103","103","103","103","103","103","103","103","103","103","103","103","103","103","103","103","103","103","103","103","103","103","103","103","103","103","103","103","103","103","103","103","103","103","103","103","103","103","103",NA,NA,NA,NA,"CA","petrale sole","petrale_sole",NA,NA,"675","total_catch_wt_kg ~ 0 + factor(year) + pass","delta_lognormal","TRUE","iid, iid","01_4","factor(year)2017","-1.81936154263864","2.14610046418494","-6.02564115964581","2.38691807436854"
"104","104","104","104","104","104","104","104","104","104","104","104","104","104","104","104","104","104","104","104","104","104","104","104","104","104","104","104","104","104","104","104","104","104","104","104","104","104","104","104","104","104","104","104","104","104","104","104",NA,NA,NA,NA,"CA","petrale sole","petrale_sole",NA,NA,"675","total_catch_wt_kg ~ 0 + factor(year) + pass","delta_lognormal","TRUE","iid, iid","01_4","factor(year)2018","-2.20447454216783","2.15355688354046","-6.42536847256545","2.01641938822979"
"105","105","105","105","105","105","105","105","105","105","105","105","105","105","105","105","105","105","105","105","105","105","105","105","105","105","105","105","105","105","105","105","105","105","105","105","105","105","105","105","105","105","105","105","105","105","105","105",NA,NA,NA,NA,"CA","petrale sole","petrale_sole",NA,NA,"675","total_catch_wt_kg ~ 0 + factor(year) + pass","delta_lognormal","TRUE","iid, iid","01_4","factor(year)2019","-1.7898038396769","2.19551743216286","-6.09293893414596","2.51333125479217"
"106","106","106","106","106","106","106","106","106","106","106","106","106","106","106","106","106","106","106","106","106","106","106","106","106","106","106","106","106","106","106","106","106","106","106","106","106","106","106","106","106","106","106","106","106","106","106","106",NA,NA,NA,NA,"CA","petrale sole","petrale_sole",NA,NA,"675","total_catch_wt_kg ~ 0 + factor(year) + pass","delta_lognormal","TRUE","iid, iid","01_4","factor(year)2021","-2.22879915021386","2.15895837536759","-6.46027981005543","2.00268150962771"
"107","107","107","107","107","107","107","107","107","107","107","107","107","107","107","107","107","107","107","107","107","107","107","107","107","107","107","107","107","107","107","107","107","107","107","107","107","107","107","107","107","107","107","107","107","107","107","107",NA,NA,NA,NA,"CA","petrale sole","petrale_sole",NA,NA,"675","total_catch_wt_kg ~ 0 + factor(year) + pass","delta_lognormal","TRUE","iid, iid","01_4","factor(year)2022","-2.25707010227732","2.17138962318731","-6.51291556012846","1.99877535557381"
"108","108","108","108","108","108","108","108","108","108","108","108","108","108","108","108","108","108","108","108","108","108","108","108","108","108","108","108","108","108","108","108","108","108","108","108","108","108","108","108","108","108","108","108","108","108","108","108",NA,NA,NA,NA,"CA","petrale sole","petrale_sole",NA,NA,"675","total_catch_wt_kg ~ 0 + factor(year) + pass","delta_lognormal","TRUE","iid, iid","01_4","factor(year)2023","-2.66554683901719","2.1839200455762","-6.94595147346161","1.61485779542723"
"109","109","109","109","109","109","109","109","109","109","109","109","109","109","109","109","109","109","109","109","109","109","109","109","109","109","109","109","109","109","109","109","109","109","109","109","109","109","109","109","109","109","109","109","109","109","109","109",NA,NA,NA,NA,"CA","petrale sole","petrale_sole",NA,NA,"675","total_catch_wt_kg ~ 0 + factor(year) + pass","delta_lognormal","TRUE","iid, iid","01_4","factor(year)2024","-2.35011691539232","2.16417071057075","-6.59181356450744","1.8915797337228"
"110","110","110","110","110","110","110","110","110","110","110","110","110","110","110","110","110","110","110","110","110","110","110","110","110","110","110","110","110","110","110","110","110","110","110","110","110","110","110","110","110","110","110","110","110","110","110","110",NA,NA,NA,NA,"CA","petrale sole","petrale_sole",NA,NA,"675","total_catch_wt_kg ~ 0 + factor(year) + pass","delta_lognormal","TRUE","iid, iid","01_4","pass","-0.207767518740674","0.238098329105119","-0.674431668565872","0.258896631084523"
"111","111","111","111","111","111","111","111","111","111","111","111","111","111","111","111","111","111","111","111","111","111","111","111","111","111","111","111","111","111","111","111","111","111","111","111","111","111","111","111","111","111","111","111","111","111","111",NA,NA,NA,NA,NA,"CA","petrale sole","petrale_sole",NA,NA,"675","total_catch_wt_kg ~ 0 + factor(year) + pass","delta_lognormal","TRUE","iid, iid","01_5","factor(year)2003","-3.48301272570046","5.31802887042243","-13.9061577804726","6.94013232907173"
"112","112","112","112","112","112","112","112","112","112","112","112","112","112","112","112","112","112","112","112","112","112","112","112","112","112","112","112","112","112","112","112","112","112","112","112","112","112","112","112","112","112","112","112","112","112","112",NA,NA,NA,NA,NA,"CA","petrale sole","petrale_sole",NA,NA,"675","total_catch_wt_kg ~ 0 + factor(year) + pass","delta_lognormal","TRUE","iid, iid","01_5","factor(year)2004","-4.06288338312532","5.32976266256613","-14.5090262479012","6.38325948165059"
"113","113","113","113","113","113","113","113","113","113","113","113","113","113","113","113","113","113","113","113","113","113","113","113","113","113","113","113","113","113","113","113","113","113","113","113","113","113","113","113","113","113","113","113","113","113","113",NA,NA,NA,NA,NA,"CA","petrale sole","petrale_sole",NA,NA,"675","total_catch_wt_kg ~ 0 + factor(year) + pass","delta_lognormal","TRUE","iid, iid","01_5","factor(year)2005","-3.49056002905341","5.31411134803407","-13.9060268810358","6.92490682292897"
"114","114","114","114","114","114","114","114","114","114","114","114","114","114","114","114","114","114","114","114","114","114","114","114","114","114","114","114","114","114","114","114","114","114","114","114","114","114","114","114","114","114","114","114","114","114","114",NA,NA,NA,NA,NA,"CA","petrale sole","petrale_sole",NA,NA,"675","total_catch_wt_kg ~ 0 + factor(year) + pass","delta_lognormal","TRUE","iid, iid","01_5","factor(year)2006","-3.88670462912921","5.31466734811921","-14.3032612212538","6.52985196299543"
"115","115","115","115","115","115","115","115","115","115","115","115","115","115","115","115","115","115","115","115","115","115","115","115","115","115","115","115","115","115","115","115","115","115","115","115","115","115","115","115","115","115","115","115","115","115","115",NA,NA,NA,NA,NA,"CA","petrale sole","petrale_sole",NA,NA,"675","total_catch_wt_kg ~ 0 + factor(year) + pass","delta_lognormal","TRUE","iid, iid","01_5","factor(year)2007","-3.99719991043347","5.31669084837672","-14.4177224901855","6.42332266931861"
"116","116","116","116","116","116","116","116","116","116","116","116","116","116","116","116","116","116","116","116","116","116","116","116","116","116","116","116","116","116","116","116","116","116","116","116","116","116","116","116","116","116","116","116","116","116","116",NA,NA,NA,NA,NA,"CA","petrale sole","petrale_sole",NA,NA,"675","total_catch_wt_kg ~ 0 + factor(year) + pass","delta_lognormal","TRUE","iid, iid","01_5","factor(year)2008","-2.93748739810803","5.30669406990218","-13.3384166520886","7.46344185587253"
"117","117","117","117","117","117","117","117","117","117","117","117","117","117","117","117","117","117","117","117","117","117","117","117","117","117","117","117","117","117","117","117","117","117","117","117","117","117","117","117","117","117","117","117","117","117","117",NA,NA,NA,NA,NA,"CA","petrale sole","petrale_sole",NA,NA,"675","total_catch_wt_kg ~ 0 + factor(year) + pass","delta_lognormal","TRUE","iid, iid","01_5","factor(year)2009","-3.23896739086883","5.30593333158223","-13.6384056251406","7.16047084340295"
"118","118","118","118","118","118","118","118","118","118","118","118","118","118","118","118","118","118","118","118","118","118","118","118","118","118","118","118","118","118","118","118","118","118","118","118","118","118","118","118","118","118","118","118","118","118","118",NA,NA,NA,NA,NA,"CA","petrale sole","petrale_sole",NA,NA,"675","total_catch_wt_kg ~ 0 + factor(year) + pass","delta_lognormal","TRUE","iid, iid","01_5","factor(year)2010","-2.71103649928195","5.30982666048629","-13.1181055179857","7.69603251942176"
"119","119","119","119","119","119","119","119","119","119","119","119","119","119","119","119","119","119","119","119","119","119","119","119","119","119","119","119","119","119","119","119","119","119","119","119","119","119","119","119","119","119","119","119","119","119","119",NA,NA,NA,NA,NA,"CA","petrale sole","petrale_sole",NA,NA,"675","total_catch_wt_kg ~ 0 + factor(year) + pass","delta_lognormal","TRUE","iid, iid","01_5","factor(year)2011","-3.09411654333602","5.31311660534951","-13.5076337354828","7.31940064881073"
"120","120","120","120","120","120","120","120","120","120","120","120","120","120","120","120","120","120","120","120","120","120","120","120","120","120","120","120","120","120","120","120","120","120","120","120","120","120","120","120","120","120","120","120","120","120","120",NA,NA,NA,NA,NA,"CA","petrale sole","petrale_sole",NA,NA,"675","total_catch_wt_kg ~ 0 + factor(year) + pass","delta_lognormal","TRUE","iid, iid","01_5","factor(year)2012","-2.74456940276541","5.31189437696671","-13.155691071301","7.66655226577016"
"121","121","121","121","121","121","121","121","121","121","121","121","121","121","121","121","121","121","121","121","121","121","121","121","121","121","121","121","121","121","121","121","121","121","121","121","121","121","121","121","121","121","121","121","121","121","121",NA,NA,NA,NA,NA,"CA","petrale sole","petrale_sole",NA,NA,"675","total_catch_wt_kg ~ 0 + factor(year) + pass","delta_lognormal","TRUE","iid, iid","01_5","factor(year)2013","-2.70805274739416","5.32038652176796","-13.1358187138917","7.71971321910336"
"122","122","122","122","122","122","122","122","122","122","122","122","122","122","122","122","122","122","122","122","122","122","122","122","122","122","122","122","122","122","122","122","122","122","122","122","122","122","122","122","122","122","122","122","122","122","122",NA,NA,NA,NA,NA,"CA","petrale sole","petrale_sole",NA,NA,"675","total_catch_wt_kg ~ 0 + factor(year) + pass","delta_lognormal","TRUE","iid, iid","01_5","factor(year)2014","-2.85246276212925","5.30935513128555","-13.2586076005819","7.55368207632335"
"123","123","123","123","123","123","123","123","123","123","123","123","123","123","123","123","123","123","123","123","123","123","123","123","123","123","123","123","123","123","123","123","123","123","123","123","123","123","123","123","123","123","123","123","123","123","123",NA,NA,NA,NA,NA,"CA","petrale sole","petrale_sole",NA,NA,"675","total_catch_wt_kg ~ 0 + factor(year) + pass","delta_lognormal","TRUE","iid, iid","01_5","factor(year)2015","-3.15464522795673","5.30791539194333","-13.5579682291515","7.248677773238"
"124","124","124","124","124","124","124","124","124","124","124","124","124","124","124","124","124","124","124","124","124","124","124","124","124","124","124","124","124","124","124","124","124","124","124","124","124","124","124","124","124","124","124","124","124","124","124",NA,NA,NA,NA,NA,"CA","petrale sole","petrale_sole",NA,NA,"675","total_catch_wt_kg ~ 0 + factor(year) + pass","delta_lognormal","TRUE","iid, iid","01_5","factor(year)2016","-2.68022002574323","5.30804389768062","-13.0837948935548","7.72335484206839"
"125","125","125","125","125","125","125","125","125","125","125","125","125","125","125","125","125","125","125","125","125","125","125","125","125","125","125","125","125","125","125","125","125","125","125","125","125","125","125","125","125","125","125","125","125","125","125",NA,NA,NA,NA,NA,"CA","petrale sole","petrale_sole",NA,NA,"675","total_catch_wt_kg ~ 0 + factor(year) + pass","delta_lognormal","TRUE","iid, iid","01_5","factor(year)2017","-3.14244144840109","5.31596059008123","-13.5615327481946","7.27664985139241"
"126","126","126","126","126","126","126","126","126","126","126","126","126","126","126","126","126","126","126","126","126","126","126","126","126","126","126","126","126","126","126","126","126","126","126","126","126","126","126","126","126","126","126","126","126","126","126",NA,NA,NA,NA,NA,"CA","petrale sole","petrale_sole",NA,NA,"675","total_catch_wt_kg ~ 0 + factor(year) + pass","delta_lognormal","TRUE","iid, iid","01_5","factor(year)2018","-3.56078361393505","5.31379274427007","-13.9756260140147","6.85405878614455"
"127","127","127","127","127","127","127","127","127","127","127","127","127","127","127","127","127","127","127","127","127","127","127","127","127","127","127","127","127","127","127","127","127","127","127","127","127","127","127","127","127","127","127","127","127","127","127",NA,NA,NA,NA,NA,"CA","petrale sole","petrale_sole",NA,NA,"675","total_catch_wt_kg ~ 0 + factor(year) + pass","delta_lognormal","TRUE","iid, iid","01_5","factor(year)2019","-2.51424155878026","5.32769112778448","-12.9563242899914","7.92784117243091"
"128","128","128","128","128","128","128","128","128","128","128","128","128","128","128","128","128","128","128","128","128","128","128","128","128","128","128","128","128","128","128","128","128","128","128","128","128","128","128","128","128","128","128","128","128","128","128",NA,NA,NA,NA,NA,"CA","petrale sole","petrale_sole",NA,NA,"675","total_catch_wt_kg ~ 0 + factor(year) + pass","delta_lognormal","TRUE","iid, iid","01_5","factor(year)2021","-2.68449806146593","5.3065985989782","-13.0852401958739","7.71624407294205"
"129","129","129","129","129","129","129","129","129","129","129","129","129","129","129","129","129","129","129","129","129","129","129","129","129","129","129","129","129","129","129","129","129","129","129","129","129","129","129","129","129","129","129","129","129","129","129",NA,NA,NA,NA,NA,"CA","petrale sole","petrale_sole",NA,NA,"675","total_catch_wt_kg ~ 0 + factor(year) + pass","delta_lognormal","TRUE","iid, iid","01_5","factor(year)2022","-4.14045750833632","5.3163312998454","-14.5602753859163","6.27936036924367"
"130","130","130","130","130","130","130","130","130","130","130","130","130","130","130","130","130","130","130","130","130","130","130","130","130","130","130","130","130","130","130","130","130","130","130","130","130","130","130","130","130","130","130","130","130","130","130",NA,NA,NA,NA,NA,"CA","petrale sole","petrale_sole",NA,NA,"675","total_catch_wt_kg ~ 0 + factor(year) + pass","delta_lognormal","TRUE","iid, iid","01_5","factor(year)2023","-3.93441432539537","5.32124431794634","-14.3638615415086","6.49503289071785"
"131","131","131","131","131","131","131","131","131","131","131","131","131","131","131","131","131","131","131","131","131","131","131","131","131","131","131","131","131","131","131","131","131","131","131","131","131","131","131","131","131","131","131","131","131","131","131",NA,NA,NA,NA,NA,"CA","petrale sole","petrale_sole",NA,NA,"675","total_catch_wt_kg ~ 0 + factor(year) + pass","delta_lognormal","TRUE","iid, iid","01_5","factor(year)2024","-3.92048930654581","5.31517003640942","-14.3380311496147","6.4970525365231"
"132","132","132","132","132","132","132","132","132","132","132","132","132","132","132","132","132","132","132","132","132","132","132","132","132","132","132","132","132","132","132","132","132","132","132","132","132","132","132","132","132","132","132","132","132","132","132",NA,NA,NA,NA,NA,"CA","petrale sole","petrale_sole",NA,NA,"675","total_catch_wt_kg ~ 0 + factor(year) + pass","delta_lognormal","TRUE","iid, iid","01_5","pass","-0.0810937100966931","0.225224235621304","-0.522525100360011","0.360337680166625"
"133","133","133","133","133","133","133","133","133","133","133","133","133","133","133","133","133","133","133","133","133","133","133","133","133","133","133","133","133","133","133","133","133","133","133","133","133","133","133","133","133","133","133","133","133","133",NA,NA,NA,NA,NA,NA,"CA","petrale sole","petrale_sole",NA,NA,"675","total_catch_wt_kg ~ 0 + factor(year) + pass","delta_lognormal","TRUE","iid, iid","01_6","factor(year)2003","-2.8921946311662","7.41007524427877","-17.4156752326844","11.631285970352"
"134","134","134","134","134","134","134","134","134","134","134","134","134","134","134","134","134","134","134","134","134","134","134","134","134","134","134","134","134","134","134","134","134","134","134","134","134","134","134","134","134","134","134","134","134","134",NA,NA,NA,NA,NA,NA,"CA","petrale sole","petrale_sole",NA,NA,"675","total_catch_wt_kg ~ 0 + factor(year) + pass","delta_lognormal","TRUE","iid, iid","01_6","factor(year)2004","-2.62982494751167","7.43267207818494","-17.1975945296506","11.9379446346273"
"135","135","135","135","135","135","135","135","135","135","135","135","135","135","135","135","135","135","135","135","135","135","135","135","135","135","135","135","135","135","135","135","135","135","135","135","135","135","135","135","135","135","135","135","135","135",NA,NA,NA,NA,NA,NA,"CA","petrale sole","petrale_sole",NA,NA,"675","total_catch_wt_kg ~ 0 + factor(year) + pass","delta_lognormal","TRUE","iid, iid","01_6","factor(year)2005","-2.93835674902107","7.41607855363535","-17.4736036206662","11.5968901226241"
"136","136","136","136","136","136","136","136","136","136","136","136","136","136","136","136","136","136","136","136","136","136","136","136","136","136","136","136","136","136","136","136","136","136","136","136","136","136","136","136","136","136","136","136","136","136",NA,NA,NA,NA,NA,NA,"CA","petrale sole","petrale_sole",NA,NA,"675","total_catch_wt_kg ~ 0 + factor(year) + pass","delta_lognormal","TRUE","iid, iid","01_6","factor(year)2006","-2.59259248626949","7.41716974370138","-17.1299780511444","11.9447930786054"
"137","137","137","137","137","137","137","137","137","137","137","137","137","137","137","137","137","137","137","137","137","137","137","137","137","137","137","137","137","137","137","137","137","137","137","137","137","137","137","137","137","137","137","137","137","137",NA,NA,NA,NA,NA,NA,"CA","petrale sole","petrale_sole",NA,NA,"675","total_catch_wt_kg ~ 0 + factor(year) + pass","delta_lognormal","TRUE","iid, iid","01_6","factor(year)2007","-3.4972336519608","7.41735991774038","-18.0349919511029","11.0405246471813"
"138","138","138","138","138","138","138","138","138","138","138","138","138","138","138","138","138","138","138","138","138","138","138","138","138","138","138","138","138","138","138","138","138","138","138","138","138","138","138","138","138","138","138","138","138","138",NA,NA,NA,NA,NA,NA,"CA","petrale sole","petrale_sole",NA,NA,"675","total_catch_wt_kg ~ 0 + factor(year) + pass","delta_lognormal","TRUE","iid, iid","01_6","factor(year)2008","-2.14159276131146","7.40672396987236","-16.6585049856908","12.3753194630679"
"139","139","139","139","139","139","139","139","139","139","139","139","139","139","139","139","139","139","139","139","139","139","139","139","139","139","139","139","139","139","139","139","139","139","139","139","139","139","139","139","139","139","139","139","139","139",NA,NA,NA,NA,NA,NA,"CA","petrale sole","petrale_sole",NA,NA,"675","total_catch_wt_kg ~ 0 + factor(year) + pass","delta_lognormal","TRUE","iid, iid","01_6","factor(year)2009","-3.9133836944033","7.4204158121077","-18.4571314364459","10.6303640476393"
"140","140","140","140","140","140","140","140","140","140","140","140","140","140","140","140","140","140","140","140","140","140","140","140","140","140","140","140","140","140","140","140","140","140","140","140","140","140","140","140","140","140","140","140","140","140",NA,NA,NA,NA,NA,NA,"CA","petrale sole","petrale_sole",NA,NA,"675","total_catch_wt_kg ~ 0 + factor(year) + pass","delta_lognormal","TRUE","iid, iid","01_6","factor(year)2010","-2.36962534224102","7.40913756714737","-16.8912681303526","12.1520174458705"
"141","141","141","141","141","141","141","141","141","141","141","141","141","141","141","141","141","141","141","141","141","141","141","141","141","141","141","141","141","141","141","141","141","141","141","141","141","141","141","141","141","141","141","141","141","141",NA,NA,NA,NA,NA,NA,"CA","petrale sole","petrale_sole",NA,NA,"675","total_catch_wt_kg ~ 0 + factor(year) + pass","delta_lognormal","TRUE","iid, iid","01_6","factor(year)2011","-1.42770435596876","7.40551251396436","-15.9422421703996","13.086833458462"
"142","142","142","142","142","142","142","142","142","142","142","142","142","142","142","142","142","142","142","142","142","142","142","142","142","142","142","142","142","142","142","142","142","142","142","142","142","142","142","142","142","142","142","142","142","142",NA,NA,NA,NA,NA,NA,"CA","petrale sole","petrale_sole",NA,NA,"675","total_catch_wt_kg ~ 0 + factor(year) + pass","delta_lognormal","TRUE","iid, iid","01_6","factor(year)2012","-2.28922844497074","7.40430271987228","-16.8013951065524","12.2229382166109"
"143","143","143","143","143","143","143","143","143","143","143","143","143","143","143","143","143","143","143","143","143","143","143","143","143","143","143","143","143","143","143","143","143","143","143","143","143","143","143","143","143","143","143","143","143","143",NA,NA,NA,NA,NA,NA,"CA","petrale sole","petrale_sole",NA,NA,"675","total_catch_wt_kg ~ 0 + factor(year) + pass","delta_lognormal","TRUE","iid, iid","01_6","factor(year)2013","-2.50373904087918","7.42390012931383","-17.0543159191565","12.0468378373982"
"144","144","144","144","144","144","144","144","144","144","144","144","144","144","144","144","144","144","144","144","144","144","144","144","144","144","144","144","144","144","144","144","144","144","144","144","144","144","144","144","144","144","144","144","144","144",NA,NA,NA,NA,NA,NA,"CA","petrale sole","petrale_sole",NA,NA,"675","total_catch_wt_kg ~ 0 + factor(year) + pass","delta_lognormal","TRUE","iid, iid","01_6","factor(year)2014","-1.94392365698008","7.41287874782083","-16.4728990244713","12.5850517105111"
"145","145","145","145","145","145","145","145","145","145","145","145","145","145","145","145","145","145","145","145","145","145","145","145","145","145","145","145","145","145","145","145","145","145","145","145","145","145","145","145","145","145","145","145","145","145",NA,NA,NA,NA,NA,NA,"CA","petrale sole","petrale_sole",NA,NA,"675","total_catch_wt_kg ~ 0 + factor(year) + pass","delta_lognormal","TRUE","iid, iid","01_6","factor(year)2015","-2.21639768734744","7.41203574286371","-16.7437207954839","12.310925420789"
"146","146","146","146","146","146","146","146","146","146","146","146","146","146","146","146","146","146","146","146","146","146","146","146","146","146","146","146","146","146","146","146","146","146","146","146","146","146","146","146","146","146","146","146","146","146",NA,NA,NA,NA,NA,NA,"CA","petrale sole","petrale_sole",NA,NA,"675","total_catch_wt_kg ~ 0 + factor(year) + pass","delta_lognormal","TRUE","iid, iid","01_6","factor(year)2016","-2.46225440276149","7.41288432797184","-16.9912407071477","12.0667319016247"
"147","147","147","147","147","147","147","147","147","147","147","147","147","147","147","147","147","147","147","147","147","147","147","147","147","147","147","147","147","147","147","147","147","147","147","147","147","147","147","147","147","147","147","147","147","147",NA,NA,NA,NA,NA,NA,"CA","petrale sole","petrale_sole",NA,NA,"675","total_catch_wt_kg ~ 0 + factor(year) + pass","delta_lognormal","TRUE","iid, iid","01_6","factor(year)2017","-2.79959064809742","7.40967853416877","-17.3222937120877","11.7231124158929"
"148","148","148","148","148","148","148","148","148","148","148","148","148","148","148","148","148","148","148","148","148","148","148","148","148","148","148","148","148","148","148","148","148","148","148","148","148","148","148","148","148","148","148","148","148","148",NA,NA,NA,NA,NA,NA,"CA","petrale sole","petrale_sole",NA,NA,"675","total_catch_wt_kg ~ 0 + factor(year) + pass","delta_lognormal","TRUE","iid, iid","01_6","factor(year)2018","-3.4999273111631","7.4190109602598","-18.0409215941802","11.041066971854"
"149","149","149","149","149","149","149","149","149","149","149","149","149","149","149","149","149","149","149","149","149","149","149","149","149","149","149","149","149","149","149","149","149","149","149","149","149","149","149","149","149","149","149","149","149","149",NA,NA,NA,NA,NA,NA,"CA","petrale sole","petrale_sole",NA,NA,"675","total_catch_wt_kg ~ 0 + factor(year) + pass","delta_lognormal","TRUE","iid, iid","01_6","factor(year)2019","-2.74932617411464","7.42171586627935","-17.2956219755117","11.7969696272824"
"150","150","150","150","150","150","150","150","150","150","150","150","150","150","150","150","150","150","150","150","150","150","150","150","150","150","150","150","150","150","150","150","150","150","150","150","150","150","150","150","150","150","150","150","150","150",NA,NA,NA,NA,NA,NA,"CA","petrale sole","petrale_sole",NA,NA,"675","total_catch_wt_kg ~ 0 + factor(year) + pass","delta_lognormal","TRUE","iid, iid","01_6","factor(year)2021","-2.16672168997605","7.40593688009229","-16.6820912467339","12.3486478667818"
"151","151","151","151","151","151","151","151","151","151","151","151","151","151","151","151","151","151","151","151","151","151","151","151","151","151","151","151","151","151","151","151","151","151","151","151","151","151","151","151","151","151","151","151","151","151",NA,NA,NA,NA,NA,NA,"CA","petrale sole","petrale_sole",NA,NA,"675","total_catch_wt_kg ~ 0 + factor(year) + pass","delta_lognormal","TRUE","iid, iid","01_6","factor(year)2022","-1.3770581453562","7.41268052381127","-15.9056450009278","13.1515287102154"
"152","152","152","152","152","152","152","152","152","152","152","152","152","152","152","152","152","152","152","152","152","152","152","152","152","152","152","152","152","152","152","152","152","152","152","152","152","152","152","152","152","152","152","152","152","152",NA,NA,NA,NA,NA,NA,"CA","petrale sole","petrale_sole",NA,NA,"675","total_catch_wt_kg ~ 0 + factor(year) + pass","delta_lognormal","TRUE","iid, iid","01_6","factor(year)2023","-2.86288964013367","7.40274489016593","-17.3720030115968","11.6462237313295"
"153","153","153","153","153","153","153","153","153","153","153","153","153","153","153","153","153","153","153","153","153","153","153","153","153","153","153","153","153","153","153","153","153","153","153","153","153","153","153","153","153","153","153","153","153","153",NA,NA,NA,NA,NA,NA,"CA","petrale sole","petrale_sole",NA,NA,"675","total_catch_wt_kg ~ 0 + factor(year) + pass","delta_lognormal","TRUE","iid, iid","01_6","factor(year)2024","-2.2188229700012","7.41149463730075","-16.7450855307224","12.30743959072"
"154","154","154","154","154","154","154","154","154","154","154","154","154","154","154","154","154","154","154","154","154","154","154","154","154","154","154","154","154","154","154","154","154","154","154","154","154","154","154","154","154","154","154","154","154","154",NA,NA,NA,NA,NA,NA,"CA","petrale sole","petrale_sole",NA,NA,"675","total_catch_wt_kg ~ 0 + factor(year) + pass","delta_lognormal","TRUE","iid, iid","01_6","pass","0.29161307511909","0.224562520781858","-0.14852137789088","0.73174752812906"
"155","155","155","155","155","155","155","155","155","155","155","155","155","155","155","155","155","155","155","155","155","155","155","155","155","155","155","155","155","155","155","155","155","155","155","155","155","155","155","155","155","155","155","155","155",NA,NA,NA,NA,NA,NA,NA,"CA","petrale sole","petrale_sole",NA,NA,"675","total_catch_wt_kg ~ 0 + factor(year) + pass","delta_lognormal","TRUE","iid, iid","01_7","factor(year)2003","-1.11132388591751","1.42539332449105","-3.90504346572378","1.68239569388876"
"156","156","156","156","156","156","156","156","156","156","156","156","156","156","156","156","156","156","156","156","156","156","156","156","156","156","156","156","156","156","156","156","156","156","156","156","156","156","156","156","156","156","156","156","156",NA,NA,NA,NA,NA,NA,NA,"CA","petrale sole","petrale_sole",NA,NA,"675","total_catch_wt_kg ~ 0 + factor(year) + pass","delta_lognormal","TRUE","iid, iid","01_7","factor(year)2004","-1.39168532470078","1.46905821795781","-4.27098652309068","1.48761587368911"
"157","157","157","157","157","157","157","157","157","157","157","157","157","157","157","157","157","157","157","157","157","157","157","157","157","157","157","157","157","157","157","157","157","157","157","157","157","157","157","157","157","157","157","157","157",NA,NA,NA,NA,NA,NA,NA,"CA","petrale sole","petrale_sole",NA,NA,"675","total_catch_wt_kg ~ 0 + factor(year) + pass","delta_lognormal","TRUE","iid, iid","01_7","factor(year)2005","-1.18791121422371","1.39902136130546","-3.9299426959846","1.55412026753718"
"158","158","158","158","158","158","158","158","158","158","158","158","158","158","158","158","158","158","158","158","158","158","158","158","158","158","158","158","158","158","158","158","158","158","158","158","158","158","158","158","158","158","158","158","158",NA,NA,NA,NA,NA,NA,NA,"CA","petrale sole","petrale_sole",NA,NA,"675","total_catch_wt_kg ~ 0 + factor(year) + pass","delta_lognormal","TRUE","iid, iid","01_7","factor(year)2006","-2.2356802093536","1.43525460227961","-5.048727538467","0.577367119759794"
"159","159","159","159","159","159","159","159","159","159","159","159","159","159","159","159","159","159","159","159","159","159","159","159","159","159","159","159","159","159","159","159","159","159","159","159","159","159","159","159","159","159","159","159","159",NA,NA,NA,NA,NA,NA,NA,"CA","petrale sole","petrale_sole",NA,NA,"675","total_catch_wt_kg ~ 0 + factor(year) + pass","delta_lognormal","TRUE","iid, iid","01_7","factor(year)2007","-1.71865228767783","1.39683762472458","-4.45640372438848","1.01909914903282"
"160","160","160","160","160","160","160","160","160","160","160","160","160","160","160","160","160","160","160","160","160","160","160","160","160","160","160","160","160","160","160","160","160","160","160","160","160","160","160","160","160","160","160","160","160",NA,NA,NA,NA,NA,NA,NA,"CA","petrale sole","petrale_sole",NA,NA,"675","total_catch_wt_kg ~ 0 + factor(year) + pass","delta_lognormal","TRUE","iid, iid","01_7","factor(year)2008","-2.33979062391136","1.42299729286961","-5.1288140680338","0.449232820211082"
"161","161","161","161","161","161","161","161","161","161","161","161","161","161","161","161","161","161","161","161","161","161","161","161","161","161","161","161","161","161","161","161","161","161","161","161","161","161","161","161","161","161","161","161","161",NA,NA,NA,NA,NA,NA,NA,"CA","petrale sole","petrale_sole",NA,NA,"675","total_catch_wt_kg ~ 0 + factor(year) + pass","delta_lognormal","TRUE","iid, iid","01_7","factor(year)2009","-1.56247995974575","1.40790178233411","-4.32191674689036","1.19695682739886"
"162","162","162","162","162","162","162","162","162","162","162","162","162","162","162","162","162","162","162","162","162","162","162","162","162","162","162","162","162","162","162","162","162","162","162","162","162","162","162","162","162","162","162","162","162",NA,NA,NA,NA,NA,NA,NA,"CA","petrale sole","petrale_sole",NA,NA,"675","total_catch_wt_kg ~ 0 + factor(year) + pass","delta_lognormal","TRUE","iid, iid","01_7","factor(year)2010","-1.45344617204722","1.38352135918358","-4.16509820788894","1.2582058637945"
"163","163","163","163","163","163","163","163","163","163","163","163","163","163","163","163","163","163","163","163","163","163","163","163","163","163","163","163","163","163","163","163","163","163","163","163","163","163","163","163","163","163","163","163","163",NA,NA,NA,NA,NA,NA,NA,"CA","petrale sole","petrale_sole",NA,NA,"675","total_catch_wt_kg ~ 0 + factor(year) + pass","delta_lognormal","TRUE","iid, iid","01_7","factor(year)2011","-0.592947108693301","1.40399861727612","-3.34473383289853","2.15883961551192"
"164","164","164","164","164","164","164","164","164","164","164","164","164","164","164","164","164","164","164","164","164","164","164","164","164","164","164","164","164","164","164","164","164","164","164","164","164","164","164","164","164","164","164","164","164",NA,NA,NA,NA,NA,NA,NA,"CA","petrale sole","petrale_sole",NA,NA,"675","total_catch_wt_kg ~ 0 + factor(year) + pass","delta_lognormal","TRUE","iid, iid","01_7","factor(year)2012","-1.33471512397769","1.42351792825654","-4.12475899470758","1.45532874675221"
"165","165","165","165","165","165","165","165","165","165","165","165","165","165","165","165","165","165","165","165","165","165","165","165","165","165","165","165","165","165","165","165","165","165","165","165","165","165","165","165","165","165","165","165","165",NA,NA,NA,NA,NA,NA,NA,"CA","petrale sole","petrale_sole",NA,NA,"675","total_catch_wt_kg ~ 0 + factor(year) + pass","delta_lognormal","TRUE","iid, iid","01_7","factor(year)2013","-1.78167623531425","1.43644107418525","-4.59704900663136","1.03369653600287"
"166","166","166","166","166","166","166","166","166","166","166","166","166","166","166","166","166","166","166","166","166","166","166","166","166","166","166","166","166","166","166","166","166","166","166","166","166","166","166","166","166","166","166","166","166",NA,NA,NA,NA,NA,NA,NA,"CA","petrale sole","petrale_sole",NA,NA,"675","total_catch_wt_kg ~ 0 + factor(year) + pass","delta_lognormal","TRUE","iid, iid","01_7","factor(year)2014","-0.720945816212386","1.41933617026916","-3.50279359189494","2.06090195947017"
"167","167","167","167","167","167","167","167","167","167","167","167","167","167","167","167","167","167","167","167","167","167","167","167","167","167","167","167","167","167","167","167","167","167","167","167","167","167","167","167","167","167","167","167","167",NA,NA,NA,NA,NA,NA,NA,"CA","petrale sole","petrale_sole",NA,NA,"675","total_catch_wt_kg ~ 0 + factor(year) + pass","delta_lognormal","TRUE","iid, iid","01_7","factor(year)2015","-0.898815782668117","1.3891621119483","-3.62152349077438","1.82389192543815"
"168","168","168","168","168","168","168","168","168","168","168","168","168","168","168","168","168","168","168","168","168","168","168","168","168","168","168","168","168","168","168","168","168","168","168","168","168","168","168","168","168","168","168","168","168",NA,NA,NA,NA,NA,NA,NA,"CA","petrale sole","petrale_sole",NA,NA,"675","total_catch_wt_kg ~ 0 + factor(year) + pass","delta_lognormal","TRUE","iid, iid","01_7","factor(year)2016","-1.24787122209407","1.39025049201543","-3.97271211593341","1.47696967174527"
"169","169","169","169","169","169","169","169","169","169","169","169","169","169","169","169","169","169","169","169","169","169","169","169","169","169","169","169","169","169","169","169","169","169","169","169","169","169","169","169","169","169","169","169","169",NA,NA,NA,NA,NA,NA,NA,"CA","petrale sole","petrale_sole",NA,NA,"675","total_catch_wt_kg ~ 0 + factor(year) + pass","delta_lognormal","TRUE","iid, iid","01_7","factor(year)2017","-2.21918309972411","1.40547899573595","-4.9738713123941","0.535505112945881"
"170","170","170","170","170","170","170","170","170","170","170","170","170","170","170","170","170","170","170","170","170","170","170","170","170","170","170","170","170","170","170","170","170","170","170","170","170","170","170","170","170","170","170","170","170",NA,NA,NA,NA,NA,NA,NA,"CA","petrale sole","petrale_sole",NA,NA,"675","total_catch_wt_kg ~ 0 + factor(year) + pass","delta_lognormal","TRUE","iid, iid","01_7","factor(year)2018","-1.91577244230218","1.40506026750674","-4.6696399627236","0.838095078119236"
"171","171","171","171","171","171","171","171","171","171","171","171","171","171","171","171","171","171","171","171","171","171","171","171","171","171","171","171","171","171","171","171","171","171","171","171","171","171","171","171","171","171","171","171","171",NA,NA,NA,NA,NA,NA,NA,"CA","petrale sole","petrale_sole",NA,NA,"675","total_catch_wt_kg ~ 0 + factor(year) + pass","delta_lognormal","TRUE","iid, iid","01_7","factor(year)2019","-3.23703968202545","1.48654438011106","-6.15061312846355","-0.323466235587349"
"172","172","172","172","172","172","172","172","172","172","172","172","172","172","172","172","172","172","172","172","172","172","172","172","172","172","172","172","172","172","172","172","172","172","172","172","172","172","172","172","172","172","172","172","172",NA,NA,NA,NA,NA,NA,NA,"CA","petrale sole","petrale_sole",NA,NA,"675","total_catch_wt_kg ~ 0 + factor(year) + pass","delta_lognormal","TRUE","iid, iid","01_7","factor(year)2021","-0.99514839066561","1.39773897870668","-3.73466644871849","1.74436966738727"
"173","173","173","173","173","173","173","173","173","173","173","173","173","173","173","173","173","173","173","173","173","173","173","173","173","173","173","173","173","173","173","173","173","173","173","173","173","173","173","173","173","173","173","173","173",NA,NA,NA,NA,NA,NA,NA,"CA","petrale sole","petrale_sole",NA,NA,"675","total_catch_wt_kg ~ 0 + factor(year) + pass","delta_lognormal","TRUE","iid, iid","01_7","factor(year)2022","-1.98793349121441","1.4405866528261","-4.81143144736267","0.835564464933854"
"174","174","174","174","174","174","174","174","174","174","174","174","174","174","174","174","174","174","174","174","174","174","174","174","174","174","174","174","174","174","174","174","174","174","174","174","174","174","174","174","174","174","174","174","174",NA,NA,NA,NA,NA,NA,NA,"CA","petrale sole","petrale_sole",NA,NA,"675","total_catch_wt_kg ~ 0 + factor(year) + pass","delta_lognormal","TRUE","iid, iid","01_7","factor(year)2023","-2.50313268020509","1.40746375138377","-5.26171094246291","0.255445582052733"
"175","175","175","175","175","175","175","175","175","175","175","175","175","175","175","175","175","175","175","175","175","175","175","175","175","175","175","175","175","175","175","175","175","175","175","175","175","175","175","175","175","175","175","175","175",NA,NA,NA,NA,NA,NA,NA,"CA","petrale sole","petrale_sole",NA,NA,"675","total_catch_wt_kg ~ 0 + factor(year) + pass","delta_lognormal","TRUE","iid, iid","01_7","factor(year)2024","-1.52093589148956","1.42022531053404","-4.3045263500685","1.26265456708937"
"176","176","176","176","176","176","176","176","176","176","176","176","176","176","176","176","176","176","176","176","176","176","176","176","176","176","176","176","176","176","176","176","176","176","176","176","176","176","176","176","176","176","176","176","176",NA,NA,NA,NA,NA,NA,NA,"CA","petrale sole","petrale_sole",NA,NA,"675","total_catch_wt_kg ~ 0 + factor(year) + pass","delta_lognormal","TRUE","iid, iid","01_7","pass","0.252550372052992","0.214567389110813","-0.167993982860994","0.673094726966978"
"177","177","177","177","177","177","177","177","177","177","177","177","177","177","177","177","177","177","177","177","177","177","177","177","177","177","177","177","177","177","177","177","177","177","177","177","177","177","177","177","177","177","177","177",NA,NA,NA,NA,NA,NA,NA,NA,"CA","petrale sole","petrale_sole",NA,NA,"675","total_catch_wt_kg ~ 0 + factor(year) + pass","delta_lognormal","TRUE","iid, iid","01_8","factor(year)2003","-2.61386223522157","1.5058067249161","-5.56518918373535","0.337464713292204"
"178","178","178","178","178","178","178","178","178","178","178","178","178","178","178","178","178","178","178","178","178","178","178","178","178","178","178","178","178","178","178","178","178","178","178","178","178","178","178","178","178","178","178","178",NA,NA,NA,NA,NA,NA,NA,NA,"CA","petrale sole","petrale_sole",NA,NA,"675","total_catch_wt_kg ~ 0 + factor(year) + pass","delta_lognormal","TRUE","iid, iid","01_8","factor(year)2004","-1.97499054450881","1.50309829829036","-4.92100907438137","0.971027985363746"
"179","179","179","179","179","179","179","179","179","179","179","179","179","179","179","179","179","179","179","179","179","179","179","179","179","179","179","179","179","179","179","179","179","179","179","179","179","179","179","179","179","179","179","179",NA,NA,NA,NA,NA,NA,NA,NA,"CA","petrale sole","petrale_sole",NA,NA,"675","total_catch_wt_kg ~ 0 + factor(year) + pass","delta_lognormal","TRUE","iid, iid","01_8","factor(year)2005","-2.60276625493051","1.50517286320237","-5.55285085731418","0.347318347453169"
"180","180","180","180","180","180","180","180","180","180","180","180","180","180","180","180","180","180","180","180","180","180","180","180","180","180","180","180","180","180","180","180","180","180","180","180","180","180","180","180","180","180","180","180",NA,NA,NA,NA,NA,NA,NA,NA,"CA","petrale sole","petrale_sole",NA,NA,"675","total_catch_wt_kg ~ 0 + factor(year) + pass","delta_lognormal","TRUE","iid, iid","01_8","factor(year)2006","-2.26345247907432","1.49636025809458","-5.19626469283676","0.669359734688116"
"181","181","181","181","181","181","181","181","181","181","181","181","181","181","181","181","181","181","181","181","181","181","181","181","181","181","181","181","181","181","181","181","181","181","181","181","181","181","181","181","181","181","181","181",NA,NA,NA,NA,NA,NA,NA,NA,"CA","petrale sole","petrale_sole",NA,NA,"675","total_catch_wt_kg ~ 0 + factor(year) + pass","delta_lognormal","TRUE","iid, iid","01_8","factor(year)2007","-2.01301405844586","1.47688931522952","-4.90766392544774","0.881635808556018"
"182","182","182","182","182","182","182","182","182","182","182","182","182","182","182","182","182","182","182","182","182","182","182","182","182","182","182","182","182","182","182","182","182","182","182","182","182","182","182","182","182","182","182","182",NA,NA,NA,NA,NA,NA,NA,NA,"CA","petrale sole","petrale_sole",NA,NA,"675","total_catch_wt_kg ~ 0 + factor(year) + pass","delta_lognormal","TRUE","iid, iid","01_8","factor(year)2008","-2.25177155111313","1.47790057026301","-5.14840344155985","0.644860339333587"
"183","183","183","183","183","183","183","183","183","183","183","183","183","183","183","183","183","183","183","183","183","183","183","183","183","183","183","183","183","183","183","183","183","183","183","183","183","183","183","183","183","183","183","183",NA,NA,NA,NA,NA,NA,NA,NA,"CA","petrale sole","petrale_sole",NA,NA,"675","total_catch_wt_kg ~ 0 + factor(year) + pass","delta_lognormal","TRUE","iid, iid","01_8","factor(year)2009","-2.20633785869654","1.48197739587337","-5.1109601805108","0.69828446311772"
"184","184","184","184","184","184","184","184","184","184","184","184","184","184","184","184","184","184","184","184","184","184","184","184","184","184","184","184","184","184","184","184","184","184","184","184","184","184","184","184","184","184","184","184",NA,NA,NA,NA,NA,NA,NA,NA,"CA","petrale sole","petrale_sole",NA,NA,"675","total_catch_wt_kg ~ 0 + factor(year) + pass","delta_lognormal","TRUE","iid, iid","01_8","factor(year)2010","-1.04443439844623","1.46709933924239","-3.91989626510382","1.83102746821136"
"185","185","185","185","185","185","185","185","185","185","185","185","185","185","185","185","185","185","185","185","185","185","185","185","185","185","185","185","185","185","185","185","185","185","185","185","185","185","185","185","185","185","185","185",NA,NA,NA,NA,NA,NA,NA,NA,"CA","petrale sole","petrale_sole",NA,NA,"675","total_catch_wt_kg ~ 0 + factor(year) + pass","delta_lognormal","TRUE","iid, iid","01_8","factor(year)2011","-0.669370412253723","1.49167317362503","-3.59299610926334","2.2542552847559"
"186","186","186","186","186","186","186","186","186","186","186","186","186","186","186","186","186","186","186","186","186","186","186","186","186","186","186","186","186","186","186","186","186","186","186","186","186","186","186","186","186","186","186","186",NA,NA,NA,NA,NA,NA,NA,NA,"CA","petrale sole","petrale_sole",NA,NA,"675","total_catch_wt_kg ~ 0 + factor(year) + pass","delta_lognormal","TRUE","iid, iid","01_8","factor(year)2012","-2.3588488320447","1.48048177701249","-5.26053979475703","0.542842130667632"
"187","187","187","187","187","187","187","187","187","187","187","187","187","187","187","187","187","187","187","187","187","187","187","187","187","187","187","187","187","187","187","187","187","187","187","187","187","187","187","187","187","187","187","187",NA,NA,NA,NA,NA,NA,NA,NA,"CA","petrale sole","petrale_sole",NA,NA,"675","total_catch_wt_kg ~ 0 + factor(year) + pass","delta_lognormal","TRUE","iid, iid","01_8","factor(year)2013","-1.0587549912044","1.56295616376702","-4.12209278160264","2.00458279919384"
"188","188","188","188","188","188","188","188","188","188","188","188","188","188","188","188","188","188","188","188","188","188","188","188","188","188","188","188","188","188","188","188","188","188","188","188","188","188","188","188","188","188","188","188",NA,NA,NA,NA,NA,NA,NA,NA,"CA","petrale sole","petrale_sole",NA,NA,"675","total_catch_wt_kg ~ 0 + factor(year) + pass","delta_lognormal","TRUE","iid, iid","01_8","factor(year)2014","-0.231428632463198","1.47117232621428","-3.1148734068952","2.65201614196881"
"189","189","189","189","189","189","189","189","189","189","189","189","189","189","189","189","189","189","189","189","189","189","189","189","189","189","189","189","189","189","189","189","189","189","189","189","189","189","189","189","189","189","189","189",NA,NA,NA,NA,NA,NA,NA,NA,"CA","petrale sole","petrale_sole",NA,NA,"675","total_catch_wt_kg ~ 0 + factor(year) + pass","delta_lognormal","TRUE","iid, iid","01_8","factor(year)2015","-1.80689997754662","1.47731997408022","-4.7023939203855","1.08859396529226"
"190","190","190","190","190","190","190","190","190","190","190","190","190","190","190","190","190","190","190","190","190","190","190","190","190","190","190","190","190","190","190","190","190","190","190","190","190","190","190","190","190","190","190","190",NA,NA,NA,NA,NA,NA,NA,NA,"CA","petrale sole","petrale_sole",NA,NA,"675","total_catch_wt_kg ~ 0 + factor(year) + pass","delta_lognormal","TRUE","iid, iid","01_8","factor(year)2016","-1.50315920961388","1.47105080552175","-4.38636580786515","1.38004738863738"
"191","191","191","191","191","191","191","191","191","191","191","191","191","191","191","191","191","191","191","191","191","191","191","191","191","191","191","191","191","191","191","191","191","191","191","191","191","191","191","191","191","191","191","191",NA,NA,NA,NA,NA,NA,NA,NA,"CA","petrale sole","petrale_sole",NA,NA,"675","total_catch_wt_kg ~ 0 + factor(year) + pass","delta_lognormal","TRUE","iid, iid","01_8","factor(year)2017","-2.06990371543998","1.46738437592475","-4.94592424372926","0.806116812849305"
"192","192","192","192","192","192","192","192","192","192","192","192","192","192","192","192","192","192","192","192","192","192","192","192","192","192","192","192","192","192","192","192","192","192","192","192","192","192","192","192","192","192","192","192",NA,NA,NA,NA,NA,NA,NA,NA,"CA","petrale sole","petrale_sole",NA,NA,"675","total_catch_wt_kg ~ 0 + factor(year) + pass","delta_lognormal","TRUE","iid, iid","01_8","factor(year)2018","-2.28006036104413","1.49388516922917","-5.20802148977183","0.647900767683574"
"193","193","193","193","193","193","193","193","193","193","193","193","193","193","193","193","193","193","193","193","193","193","193","193","193","193","193","193","193","193","193","193","193","193","193","193","193","193","193","193","193","193","193","193",NA,NA,NA,NA,NA,NA,NA,NA,"CA","petrale sole","petrale_sole",NA,NA,"675","total_catch_wt_kg ~ 0 + factor(year) + pass","delta_lognormal","TRUE","iid, iid","01_8","factor(year)2019","-1.44876278655091","1.65178941363733","-4.68621054732462","1.7886849742228"
"194","194","194","194","194","194","194","194","194","194","194","194","194","194","194","194","194","194","194","194","194","194","194","194","194","194","194","194","194","194","194","194","194","194","194","194","194","194","194","194","194","194","194","194",NA,NA,NA,NA,NA,NA,NA,NA,"CA","petrale sole","petrale_sole",NA,NA,"675","total_catch_wt_kg ~ 0 + factor(year) + pass","delta_lognormal","TRUE","iid, iid","01_8","factor(year)2021","-1.74312649330584","1.47549195354883","-4.6350375817402","1.14878459512851"
"195","195","195","195","195","195","195","195","195","195","195","195","195","195","195","195","195","195","195","195","195","195","195","195","195","195","195","195","195","195","195","195","195","195","195","195","195","195","195","195","195","195","195","195",NA,NA,NA,NA,NA,NA,NA,NA,"CA","petrale sole","petrale_sole",NA,NA,"675","total_catch_wt_kg ~ 0 + factor(year) + pass","delta_lognormal","TRUE","iid, iid","01_8","factor(year)2022","-1.64830667641449","1.47290551456958","-4.53514843760131","1.23853508477233"
"196","196","196","196","196","196","196","196","196","196","196","196","196","196","196","196","196","196","196","196","196","196","196","196","196","196","196","196","196","196","196","196","196","196","196","196","196","196","196","196","196","196","196","196",NA,NA,NA,NA,NA,NA,NA,NA,"CA","petrale sole","petrale_sole",NA,NA,"675","total_catch_wt_kg ~ 0 + factor(year) + pass","delta_lognormal","TRUE","iid, iid","01_8","factor(year)2023","-1.96190250922967","1.49490344304769","-4.89185941796805","0.968054399508722"
"197","197","197","197","197","197","197","197","197","197","197","197","197","197","197","197","197","197","197","197","197","197","197","197","197","197","197","197","197","197","197","197","197","197","197","197","197","197","197","197","197","197","197","197",NA,NA,NA,NA,NA,NA,NA,NA,"CA","petrale sole","petrale_sole",NA,NA,"675","total_catch_wt_kg ~ 0 + factor(year) + pass","delta_lognormal","TRUE","iid, iid","01_8","factor(year)2024","-1.99699201969523","1.50075291370519","-4.93841368025095","0.944429640860478"
"198","198","198","198","198","198","198","198","198","198","198","198","198","198","198","198","198","198","198","198","198","198","198","198","198","198","198","198","198","198","198","198","198","198","198","198","198","198","198","198","198","198","198","198",NA,NA,NA,NA,NA,NA,NA,NA,"CA","petrale sole","petrale_sole",NA,NA,"675","total_catch_wt_kg ~ 0 + factor(year) + pass","delta_lognormal","TRUE","iid, iid","01_8","pass","0.00597238119781329","0.238538866056187","-0.461555205185337","0.473499967580964"
"199","199","199","199","199","199","199","199","199","199","199","199","199","199","199","199","199","199","199","199","199","199","199","199","199","199","199","199","199","199","199","199","199","199","199","199","199","199","199","199","199","199","199",NA,NA,NA,NA,NA,NA,NA,NA,NA,"CA","petrale sole","petrale_sole",NA,NA,"675","total_catch_wt_kg ~ 0 + factor(year) + pass","delta_lognormal","TRUE","iid, iid","01_9","factor(year)2003","-1.6159812895077","2.59653720427033","-6.70510069439587","3.47313811538048"
"200","200","200","200","200","200","200","200","200","200","200","200","200","200","200","200","200","200","200","200","200","200","200","200","200","200","200","200","200","200","200","200","200","200","200","200","200","200","200","200","200","200","200",NA,NA,NA,NA,NA,NA,NA,NA,NA,"CA","petrale sole","petrale_sole",NA,NA,"675","total_catch_wt_kg ~ 0 + factor(year) + pass","delta_lognormal","TRUE","iid, iid","01_9","factor(year)2004","-2.3998773709283","2.61589091318638","-7.52692934825919","2.7271746064026"
"201","201","201","201","201","201","201","201","201","201","201","201","201","201","201","201","201","201","201","201","201","201","201","201","201","201","201","201","201","201","201","201","201","201","201","201","201","201","201","201","201","201","201",NA,NA,NA,NA,NA,NA,NA,NA,NA,"CA","petrale sole","petrale_sole",NA,NA,"675","total_catch_wt_kg ~ 0 + factor(year) + pass","delta_lognormal","TRUE","iid, iid","01_9","factor(year)2005","-3.17135535835771","2.60923544397723","-8.28536285573847","1.94265213902304"
"202","202","202","202","202","202","202","202","202","202","202","202","202","202","202","202","202","202","202","202","202","202","202","202","202","202","202","202","202","202","202","202","202","202","202","202","202","202","202","202","202","202","202",NA,NA,NA,NA,NA,NA,NA,NA,NA,"CA","petrale sole","petrale_sole",NA,NA,"675","total_catch_wt_kg ~ 0 + factor(year) + pass","delta_lognormal","TRUE","iid, iid","01_9","factor(year)2006","-2.50215111011634","2.59300517955102","-7.58434787376217","2.58004565352948"
"203","203","203","203","203","203","203","203","203","203","203","203","203","203","203","203","203","203","203","203","203","203","203","203","203","203","203","203","203","203","203","203","203","203","203","203","203","203","203","203","203","203","203",NA,NA,NA,NA,NA,NA,NA,NA,NA,"CA","petrale sole","petrale_sole",NA,NA,"675","total_catch_wt_kg ~ 0 + factor(year) + pass","delta_lognormal","TRUE","iid, iid","01_9","factor(year)2007","-3.23238289907798","2.60188145281925","-8.33197683864646","1.86721104049051"
"204","204","204","204","204","204","204","204","204","204","204","204","204","204","204","204","204","204","204","204","204","204","204","204","204","204","204","204","204","204","204","204","204","204","204","204","204","204","204","204","204","204","204",NA,NA,NA,NA,NA,NA,NA,NA,NA,"CA","petrale sole","petrale_sole",NA,NA,"675","total_catch_wt_kg ~ 0 + factor(year) + pass","delta_lognormal","TRUE","iid, iid","01_9","factor(year)2008","-1.91572820958769","2.58695313394131","-6.98606318180569","3.1546067626303"
"205","205","205","205","205","205","205","205","205","205","205","205","205","205","205","205","205","205","205","205","205","205","205","205","205","205","205","205","205","205","205","205","205","205","205","205","205","205","205","205","205","205","205",NA,NA,NA,NA,NA,NA,NA,NA,NA,"CA","petrale sole","petrale_sole",NA,NA,"675","total_catch_wt_kg ~ 0 + factor(year) + pass","delta_lognormal","TRUE","iid, iid","01_9","factor(year)2009","-2.45273234668121","2.59160228598227","-7.53217948945814","2.62671479609571"
"206","206","206","206","206","206","206","206","206","206","206","206","206","206","206","206","206","206","206","206","206","206","206","206","206","206","206","206","206","206","206","206","206","206","206","206","206","206","206","206","206","206","206",NA,NA,NA,NA,NA,NA,NA,NA,NA,"CA","petrale sole","petrale_sole",NA,NA,"675","total_catch_wt_kg ~ 0 + factor(year) + pass","delta_lognormal","TRUE","iid, iid","01_9","factor(year)2010","-1.72865732152804","2.58981708326124","-6.80460553126665","3.34729088821057"
"207","207","207","207","207","207","207","207","207","207","207","207","207","207","207","207","207","207","207","207","207","207","207","207","207","207","207","207","207","207","207","207","207","207","207","207","207","207","207","207","207","207","207",NA,NA,NA,NA,NA,NA,NA,NA,NA,"CA","petrale sole","petrale_sole",NA,NA,"675","total_catch_wt_kg ~ 0 + factor(year) + pass","delta_lognormal","TRUE","iid, iid","01_9","factor(year)2011","-1.48437480449446","2.58786598267004","-6.5564989273441","3.58774931835518"
"208","208","208","208","208","208","208","208","208","208","208","208","208","208","208","208","208","208","208","208","208","208","208","208","208","208","208","208","208","208","208","208","208","208","208","208","208","208","208","208","208","208","208",NA,NA,NA,NA,NA,NA,NA,NA,NA,"CA","petrale sole","petrale_sole",NA,NA,"675","total_catch_wt_kg ~ 0 + factor(year) + pass","delta_lognormal","TRUE","iid, iid","01_9","factor(year)2012","-2.74483696548344","2.59391289515371","-7.82881281901873","2.33913888805185"
"209","209","209","209","209","209","209","209","209","209","209","209","209","209","209","209","209","209","209","209","209","209","209","209","209","209","209","209","209","209","209","209","209","209","209","209","209","209","209","209","209","209","209",NA,NA,NA,NA,NA,NA,NA,NA,NA,"CA","petrale sole","petrale_sole",NA,NA,"675","total_catch_wt_kg ~ 0 + factor(year) + pass","delta_lognormal","TRUE","iid, iid","01_9","factor(year)2013","-2.56500720377679","2.60467069576568","-7.67006795906442","2.54005355151083"
"210","210","210","210","210","210","210","210","210","210","210","210","210","210","210","210","210","210","210","210","210","210","210","210","210","210","210","210","210","210","210","210","210","210","210","210","210","210","210","210","210","210","210",NA,NA,NA,NA,NA,NA,NA,NA,NA,"CA","petrale sole","petrale_sole",NA,NA,"675","total_catch_wt_kg ~ 0 + factor(year) + pass","delta_lognormal","TRUE","iid, iid","01_9","factor(year)2014","-1.59430947558646","2.6025637600004","-6.69524071265639","3.50662176148347"
"211","211","211","211","211","211","211","211","211","211","211","211","211","211","211","211","211","211","211","211","211","211","211","211","211","211","211","211","211","211","211","211","211","211","211","211","211","211","211","211","211","211","211",NA,NA,NA,NA,NA,NA,NA,NA,NA,"CA","petrale sole","petrale_sole",NA,NA,"675","total_catch_wt_kg ~ 0 + factor(year) + pass","delta_lognormal","TRUE","iid, iid","01_9","factor(year)2015","-1.03629974042181","2.59082125237707","-6.11421608546182","4.0416166046182"
"212","212","212","212","212","212","212","212","212","212","212","212","212","212","212","212","212","212","212","212","212","212","212","212","212","212","212","212","212","212","212","212","212","212","212","212","212","212","212","212","212","212","212",NA,NA,NA,NA,NA,NA,NA,NA,NA,"CA","petrale sole","petrale_sole",NA,NA,"675","total_catch_wt_kg ~ 0 + factor(year) + pass","delta_lognormal","TRUE","iid, iid","01_9","factor(year)2016","-1.87451555620198","2.5880058002774","-6.94691371652643","3.19788260412248"
"213","213","213","213","213","213","213","213","213","213","213","213","213","213","213","213","213","213","213","213","213","213","213","213","213","213","213","213","213","213","213","213","213","213","213","213","213","213","213","213","213","213","213",NA,NA,NA,NA,NA,NA,NA,NA,NA,"CA","petrale sole","petrale_sole",NA,NA,"675","total_catch_wt_kg ~ 0 + factor(year) + pass","delta_lognormal","TRUE","iid, iid","01_9","factor(year)2017","-2.170962565223","2.59234404133013","-7.25186352176706","2.90993839132106"
"214","214","214","214","214","214","214","214","214","214","214","214","214","214","214","214","214","214","214","214","214","214","214","214","214","214","214","214","214","214","214","214","214","214","214","214","214","214","214","214","214","214","214",NA,NA,NA,NA,NA,NA,NA,NA,NA,"CA","petrale sole","petrale_sole",NA,NA,"675","total_catch_wt_kg ~ 0 + factor(year) + pass","delta_lognormal","TRUE","iid, iid","01_9","factor(year)2018","-2.34560121879923","2.60514807950728","-7.4515976290272","2.76039519142873"
"215","215","215","215","215","215","215","215","215","215","215","215","215","215","215","215","215","215","215","215","215","215","215","215","215","215","215","215","215","215","215","215","215","215","215","215","215","215","215","215","215","215","215",NA,NA,NA,NA,NA,NA,NA,NA,NA,"CA","petrale sole","petrale_sole",NA,NA,"675","total_catch_wt_kg ~ 0 + factor(year) + pass","delta_lognormal","TRUE","iid, iid","01_9","factor(year)2019","-2.84036833927278","2.62691105148126","-7.98901939076629","2.30828271222073"
"216","216","216","216","216","216","216","216","216","216","216","216","216","216","216","216","216","216","216","216","216","216","216","216","216","216","216","216","216","216","216","216","216","216","216","216","216","216","216","216","216","216","216",NA,NA,NA,NA,NA,NA,NA,NA,NA,"CA","petrale sole","petrale_sole",NA,NA,"675","total_catch_wt_kg ~ 0 + factor(year) + pass","delta_lognormal","TRUE","iid, iid","01_9","factor(year)2021","-2.15370977278045","2.58122838776095","-7.21282444866431","2.90540490310341"
"217","217","217","217","217","217","217","217","217","217","217","217","217","217","217","217","217","217","217","217","217","217","217","217","217","217","217","217","217","217","217","217","217","217","217","217","217","217","217","217","217","217","217",NA,NA,NA,NA,NA,NA,NA,NA,NA,"CA","petrale sole","petrale_sole",NA,NA,"675","total_catch_wt_kg ~ 0 + factor(year) + pass","delta_lognormal","TRUE","iid, iid","01_9","factor(year)2022","-2.4564841250518","2.5953961872697","-7.54336717771299","2.63039892760938"
"218","218","218","218","218","218","218","218","218","218","218","218","218","218","218","218","218","218","218","218","218","218","218","218","218","218","218","218","218","218","218","218","218","218","218","218","218","218","218","218","218","218","218",NA,NA,NA,NA,NA,NA,NA,NA,NA,"CA","petrale sole","petrale_sole",NA,NA,"675","total_catch_wt_kg ~ 0 + factor(year) + pass","delta_lognormal","TRUE","iid, iid","01_9","factor(year)2023","-3.16871828352406","2.61496512440751","-8.29395574819108","1.95651918114297"
"219","219","219","219","219","219","219","219","219","219","219","219","219","219","219","219","219","219","219","219","219","219","219","219","219","219","219","219","219","219","219","219","219","219","219","219","219","219","219","219","219","219","219",NA,NA,NA,NA,NA,NA,NA,NA,NA,"CA","petrale sole","petrale_sole",NA,NA,"675","total_catch_wt_kg ~ 0 + factor(year) + pass","delta_lognormal","TRUE","iid, iid","01_9","factor(year)2024","-2.43196493893715","2.58796694616668","-7.50428694660396","2.64035706872966"
"220","220","220","220","220","220","220","220","220","220","220","220","220","220","220","220","220","220","220","220","220","220","220","220","220","220","220","220","220","220","220","220","220","220","220","220","220","220","220","220","220","220","220",NA,NA,NA,NA,NA,NA,NA,NA,NA,"CA","petrale sole","petrale_sole",NA,NA,"675","total_catch_wt_kg ~ 0 + factor(year) + pass","delta_lognormal","TRUE","iid, iid","01_9","pass","-0.0285899275623531","0.228775106028921","-0.476980895938371","0.419801040813665"
"221","221","221","221","221","221","221","221","221","221","221","221","221","221","221","221","221","221","221","221","221","221","221","221","221","221","221","221","221","221","221","221","221","221","221","221","221","221","221","221","221","221",NA,NA,NA,NA,NA,NA,NA,NA,NA,NA,"CA","petrale sole","petrale_sole",NA,NA,"675","total_catch_wt_kg ~ 0 + factor(year) + pass","delta_lognormal","TRUE","iid, iid","02_1","factor(year)2003","-3.629172429651","2.30351354237422","-8.14397601060475","0.885631151302757"
"222","222","222","222","222","222","222","222","222","222","222","222","222","222","222","222","222","222","222","222","222","222","222","222","222","222","222","222","222","222","222","222","222","222","222","222","222","222","222","222","222","222",NA,NA,NA,NA,NA,NA,NA,NA,NA,NA,"CA","petrale sole","petrale_sole",NA,NA,"675","total_catch_wt_kg ~ 0 + factor(year) + pass","delta_lognormal","TRUE","iid, iid","02_1","factor(year)2004","-3.33152781568285","2.31918652408219","-7.87704987631457","1.21399424494888"
"223","223","223","223","223","223","223","223","223","223","223","223","223","223","223","223","223","223","223","223","223","223","223","223","223","223","223","223","223","223","223","223","223","223","223","223","223","223","223","223","223","223",NA,NA,NA,NA,NA,NA,NA,NA,NA,NA,"CA","petrale sole","petrale_sole",NA,NA,"675","total_catch_wt_kg ~ 0 + factor(year) + pass","delta_lognormal","TRUE","iid, iid","02_1","factor(year)2005","-3.84934622855489","2.31209745775932","-8.38097397450978","0.682281517399999"
"224","224","224","224","224","224","224","224","224","224","224","224","224","224","224","224","224","224","224","224","224","224","224","224","224","224","224","224","224","224","224","224","224","224","224","224","224","224","224","224","224","224",NA,NA,NA,NA,NA,NA,NA,NA,NA,NA,"CA","petrale sole","petrale_sole",NA,NA,"675","total_catch_wt_kg ~ 0 + factor(year) + pass","delta_lognormal","TRUE","iid, iid","02_1","factor(year)2006","-4.0913898406656","2.29942467814555","-8.59817939499348","0.415399713662278"
"225","225","225","225","225","225","225","225","225","225","225","225","225","225","225","225","225","225","225","225","225","225","225","225","225","225","225","225","225","225","225","225","225","225","225","225","225","225","225","225","225","225",NA,NA,NA,NA,NA,NA,NA,NA,NA,NA,"CA","petrale sole","petrale_sole",NA,NA,"675","total_catch_wt_kg ~ 0 + factor(year) + pass","delta_lognormal","TRUE","iid, iid","02_1","factor(year)2007","-3.87507422766749","2.29994095990287","-8.3828756756456","0.632727220310612"
"226","226","226","226","226","226","226","226","226","226","226","226","226","226","226","226","226","226","226","226","226","226","226","226","226","226","226","226","226","226","226","226","226","226","226","226","226","226","226","226","226","226",NA,NA,NA,NA,NA,NA,NA,NA,NA,NA,"CA","petrale sole","petrale_sole",NA,NA,"675","total_catch_wt_kg ~ 0 + factor(year) + pass","delta_lognormal","TRUE","iid, iid","02_1","factor(year)2008","-3.13555551007481","2.29954489580085","-7.64258068667738","1.37146966652777"
"227","227","227","227","227","227","227","227","227","227","227","227","227","227","227","227","227","227","227","227","227","227","227","227","227","227","227","227","227","227","227","227","227","227","227","227","227","227","227","227","227","227",NA,NA,NA,NA,NA,NA,NA,NA,NA,NA,"CA","petrale sole","petrale_sole",NA,NA,"675","total_catch_wt_kg ~ 0 + factor(year) + pass","delta_lognormal","TRUE","iid, iid","02_1","factor(year)2009","-3.54871984196896","2.30435191137783","-8.06516659597553","0.967726912037617"
"228","228","228","228","228","228","228","228","228","228","228","228","228","228","228","228","228","228","228","228","228","228","228","228","228","228","228","228","228","228","228","228","228","228","228","228","228","228","228","228","228","228",NA,NA,NA,NA,NA,NA,NA,NA,NA,NA,"CA","petrale sole","petrale_sole",NA,NA,"675","total_catch_wt_kg ~ 0 + factor(year) + pass","delta_lognormal","TRUE","iid, iid","02_1","factor(year)2010","-3.56822674948632","2.29341451126639","-8.06323659318998","0.926783094217337"
"229","229","229","229","229","229","229","229","229","229","229","229","229","229","229","229","229","229","229","229","229","229","229","229","229","229","229","229","229","229","229","229","229","229","229","229","229","229","229","229","229","229",NA,NA,NA,NA,NA,NA,NA,NA,NA,NA,"CA","petrale sole","petrale_sole",NA,NA,"675","total_catch_wt_kg ~ 0 + factor(year) + pass","delta_lognormal","TRUE","iid, iid","02_1","factor(year)2011","-2.56442119505802","2.29305133812969","-7.0587192324936","1.92987684237756"
"230","230","230","230","230","230","230","230","230","230","230","230","230","230","230","230","230","230","230","230","230","230","230","230","230","230","230","230","230","230","230","230","230","230","230","230","230","230","230","230","230","230",NA,NA,NA,NA,NA,NA,NA,NA,NA,NA,"CA","petrale sole","petrale_sole",NA,NA,"675","total_catch_wt_kg ~ 0 + factor(year) + pass","delta_lognormal","TRUE","iid, iid","02_1","factor(year)2012","-3.38945289332196","2.29971568940518","-7.8968128192378","1.11790703259389"
"231","231","231","231","231","231","231","231","231","231","231","231","231","231","231","231","231","231","231","231","231","231","231","231","231","231","231","231","231","231","231","231","231","231","231","231","231","231","231","231","231","231",NA,NA,NA,NA,NA,NA,NA,NA,NA,NA,"CA","petrale sole","petrale_sole",NA,NA,"675","total_catch_wt_kg ~ 0 + factor(year) + pass","delta_lognormal","TRUE","iid, iid","02_1","factor(year)2013","-2.63683004727575","2.30602273764034","-7.15655156058127","1.88289146602978"
"232","232","232","232","232","232","232","232","232","232","232","232","232","232","232","232","232","232","232","232","232","232","232","232","232","232","232","232","232","232","232","232","232","232","232","232","232","232","232","232","232","232",NA,NA,NA,NA,NA,NA,NA,NA,NA,NA,"CA","petrale sole","petrale_sole",NA,NA,"675","total_catch_wt_kg ~ 0 + factor(year) + pass","delta_lognormal","TRUE","iid, iid","02_1","factor(year)2014","-2.57486388192814","2.29331615757417","-7.0696809559373","1.91995319208102"
"233","233","233","233","233","233","233","233","233","233","233","233","233","233","233","233","233","233","233","233","233","233","233","233","233","233","233","233","233","233","233","233","233","233","233","233","233","233","233","233","233","233",NA,NA,NA,NA,NA,NA,NA,NA,NA,NA,"CA","petrale sole","petrale_sole",NA,NA,"675","total_catch_wt_kg ~ 0 + factor(year) + pass","delta_lognormal","TRUE","iid, iid","02_1","factor(year)2015","-2.95041069267785","2.3068247464666","-7.47170411439812","1.57088272904243"
"234","234","234","234","234","234","234","234","234","234","234","234","234","234","234","234","234","234","234","234","234","234","234","234","234","234","234","234","234","234","234","234","234","234","234","234","234","234","234","234","234","234",NA,NA,NA,NA,NA,NA,NA,NA,NA,NA,"CA","petrale sole","petrale_sole",NA,NA,"675","total_catch_wt_kg ~ 0 + factor(year) + pass","delta_lognormal","TRUE","iid, iid","02_1","factor(year)2016","-3.30852673223665","2.29531732428483","-7.80726602092576","1.19021255645247"
"235","235","235","235","235","235","235","235","235","235","235","235","235","235","235","235","235","235","235","235","235","235","235","235","235","235","235","235","235","235","235","235","235","235","235","235","235","235","235","235","235","235",NA,NA,NA,NA,NA,NA,NA,NA,NA,NA,"CA","petrale sole","petrale_sole",NA,NA,"675","total_catch_wt_kg ~ 0 + factor(year) + pass","delta_lognormal","TRUE","iid, iid","02_1","factor(year)2017","-3.56142802527917","2.3077598335733","-8.08455418405098","0.961698133492636"
"236","236","236","236","236","236","236","236","236","236","236","236","236","236","236","236","236","236","236","236","236","236","236","236","236","236","236","236","236","236","236","236","236","236","236","236","236","236","236","236","236","236",NA,NA,NA,NA,NA,NA,NA,NA,NA,NA,"CA","petrale sole","petrale_sole",NA,NA,"675","total_catch_wt_kg ~ 0 + factor(year) + pass","delta_lognormal","TRUE","iid, iid","02_1","factor(year)2018","-3.61247011850071","2.30435698615253","-8.12892681888294","0.903986581881513"
"237","237","237","237","237","237","237","237","237","237","237","237","237","237","237","237","237","237","237","237","237","237","237","237","237","237","237","237","237","237","237","237","237","237","237","237","237","237","237","237","237","237",NA,NA,NA,NA,NA,NA,NA,NA,NA,NA,"CA","petrale sole","petrale_sole",NA,NA,"675","total_catch_wt_kg ~ 0 + factor(year) + pass","delta_lognormal","TRUE","iid, iid","02_1","factor(year)2019","-4.25444816732957","2.34676385499615","-8.85402080334241","0.345124468683259"
"238","238","238","238","238","238","238","238","238","238","238","238","238","238","238","238","238","238","238","238","238","238","238","238","238","238","238","238","238","238","238","238","238","238","238","238","238","238","238","238","238","238",NA,NA,NA,NA,NA,NA,NA,NA,NA,NA,"CA","petrale sole","petrale_sole",NA,NA,"675","total_catch_wt_kg ~ 0 + factor(year) + pass","delta_lognormal","TRUE","iid, iid","02_1","factor(year)2021","-3.01761116576355","2.2949071826939","-7.51554659170588","1.48032426017878"
"239","239","239","239","239","239","239","239","239","239","239","239","239","239","239","239","239","239","239","239","239","239","239","239","239","239","239","239","239","239","239","239","239","239","239","239","239","239","239","239","239","239",NA,NA,NA,NA,NA,NA,NA,NA,NA,NA,"CA","petrale sole","petrale_sole",NA,NA,"675","total_catch_wt_kg ~ 0 + factor(year) + pass","delta_lognormal","TRUE","iid, iid","02_1","factor(year)2022","-3.20463851566147","2.29948351964808","-7.7115433972151","1.30226636589216"
"240","240","240","240","240","240","240","240","240","240","240","240","240","240","240","240","240","240","240","240","240","240","240","240","240","240","240","240","240","240","240","240","240","240","240","240","240","240","240","240","240","240",NA,NA,NA,NA,NA,NA,NA,NA,NA,NA,"CA","petrale sole","petrale_sole",NA,NA,"675","total_catch_wt_kg ~ 0 + factor(year) + pass","delta_lognormal","TRUE","iid, iid","02_1","factor(year)2023","-3.35400227811566","2.30346079379604","-7.86870247375594","1.16069791752463"
"241","241","241","241","241","241","241","241","241","241","241","241","241","241","241","241","241","241","241","241","241","241","241","241","241","241","241","241","241","241","241","241","241","241","241","241","241","241","241","241","241","241",NA,NA,NA,NA,NA,NA,NA,NA,NA,NA,"CA","petrale sole","petrale_sole",NA,NA,"675","total_catch_wt_kg ~ 0 + factor(year) + pass","delta_lognormal","TRUE","iid, iid","02_1","factor(year)2024","-2.78320430821308","2.29921584744434","-7.28958456188773","1.72317594546157"
"242","242","242","242","242","242","242","242","242","242","242","242","242","242","242","242","242","242","242","242","242","242","242","242","242","242","242","242","242","242","242","242","242","242","242","242","242","242","242","242","242","242",NA,NA,NA,NA,NA,NA,NA,NA,NA,NA,"CA","petrale sole","petrale_sole",NA,NA,"675","total_catch_wt_kg ~ 0 + factor(year) + pass","delta_lognormal","TRUE","iid, iid","02_1","pass","0.181206588194229","0.163369995931817","-0.138992719986587","0.501405896375045"
"243","243","243","243","243","243","243","243","243","243","243","243","243","243","243","243","243","243","243","243","243","243","243","243","243","243","243","243","243","243","243","243","243","243","243","243","243","243","243","243","243",NA,NA,NA,NA,NA,NA,NA,NA,NA,NA,NA,"CA","petrale sole","petrale_sole",NA,NA,"675","total_catch_wt_kg ~ 0 + factor(year) + pass","delta_lognormal","TRUE","iid, iid","02_10","factor(year)2003","-3.24793102145283","2.15578825976837","-7.47319836889312","0.977336325987463"
"244","244","244","244","244","244","244","244","244","244","244","244","244","244","244","244","244","244","244","244","244","244","244","244","244","244","244","244","244","244","244","244","244","244","244","244","244","244","244","244","244",NA,NA,NA,NA,NA,NA,NA,NA,NA,NA,NA,"CA","petrale sole","petrale_sole",NA,NA,"675","total_catch_wt_kg ~ 0 + factor(year) + pass","delta_lognormal","TRUE","iid, iid","02_10","factor(year)2004","-3.0485551943193","2.15731016700734","-7.27680542513578","1.17969503649718"
"245","245","245","245","245","245","245","245","245","245","245","245","245","245","245","245","245","245","245","245","245","245","245","245","245","245","245","245","245","245","245","245","245","245","245","245","245","245","245","245","245",NA,NA,NA,NA,NA,NA,NA,NA,NA,NA,NA,"CA","petrale sole","petrale_sole",NA,NA,"675","total_catch_wt_kg ~ 0 + factor(year) + pass","delta_lognormal","TRUE","iid, iid","02_10","factor(year)2005","-2.92924961272316","2.15914655209145","-7.16109909216623","1.30259986671991"
"246","246","246","246","246","246","246","246","246","246","246","246","246","246","246","246","246","246","246","246","246","246","246","246","246","246","246","246","246","246","246","246","246","246","246","246","246","246","246","246","246",NA,NA,NA,NA,NA,NA,NA,NA,NA,NA,NA,"CA","petrale sole","petrale_sole",NA,NA,"675","total_catch_wt_kg ~ 0 + factor(year) + pass","delta_lognormal","TRUE","iid, iid","02_10","factor(year)2006","-2.68094576569114","2.15331846726823","-6.90137240878186","1.53948087739959"
"247","247","247","247","247","247","247","247","247","247","247","247","247","247","247","247","247","247","247","247","247","247","247","247","247","247","247","247","247","247","247","247","247","247","247","247","247","247","247","247","247",NA,NA,NA,NA,NA,NA,NA,NA,NA,NA,NA,"CA","petrale sole","petrale_sole",NA,NA,"675","total_catch_wt_kg ~ 0 + factor(year) + pass","delta_lognormal","TRUE","iid, iid","02_10","factor(year)2007","-3.32523983534199","2.15090190907863","-7.54093011141455","0.890450440730562"
"248","248","248","248","248","248","248","248","248","248","248","248","248","248","248","248","248","248","248","248","248","248","248","248","248","248","248","248","248","248","248","248","248","248","248","248","248","248","248","248","248",NA,NA,NA,NA,NA,NA,NA,NA,NA,NA,NA,"CA","petrale sole","petrale_sole",NA,NA,"675","total_catch_wt_kg ~ 0 + factor(year) + pass","delta_lognormal","TRUE","iid, iid","02_10","factor(year)2008","-3.16092955350381","2.14911498939897","-7.37311753136097","1.05125842435335"
"249","249","249","249","249","249","249","249","249","249","249","249","249","249","249","249","249","249","249","249","249","249","249","249","249","249","249","249","249","249","249","249","249","249","249","249","249","249","249","249","249",NA,NA,NA,NA,NA,NA,NA,NA,NA,NA,NA,"CA","petrale sole","petrale_sole",NA,NA,"675","total_catch_wt_kg ~ 0 + factor(year) + pass","delta_lognormal","TRUE","iid, iid","02_10","factor(year)2009","-2.3224666935688","2.15141052402502","-6.53915383661828","1.89422044948069"
"250","250","250","250","250","250","250","250","250","250","250","250","250","250","250","250","250","250","250","250","250","250","250","250","250","250","250","250","250","250","250","250","250","250","250","250","250","250","250","250","250",NA,NA,NA,NA,NA,NA,NA,NA,NA,NA,NA,"CA","petrale sole","petrale_sole",NA,NA,"675","total_catch_wt_kg ~ 0 + factor(year) + pass","delta_lognormal","TRUE","iid, iid","02_10","factor(year)2010","-1.8916610219059","2.14742198658943","-6.10053077523064","2.31720873141884"
"251","251","251","251","251","251","251","251","251","251","251","251","251","251","251","251","251","251","251","251","251","251","251","251","251","251","251","251","251","251","251","251","251","251","251","251","251","251","251","251","251",NA,NA,NA,NA,NA,NA,NA,NA,NA,NA,NA,"CA","petrale sole","petrale_sole",NA,NA,"675","total_catch_wt_kg ~ 0 + factor(year) + pass","delta_lognormal","TRUE","iid, iid","02_10","factor(year)2011","-1.53510876173289","2.14986557698963","-5.74876786423498","2.6785503407692"
"252","252","252","252","252","252","252","252","252","252","252","252","252","252","252","252","252","252","252","252","252","252","252","252","252","252","252","252","252","252","252","252","252","252","252","252","252","252","252","252","252",NA,NA,NA,NA,NA,NA,NA,NA,NA,NA,NA,"CA","petrale sole","petrale_sole",NA,NA,"675","total_catch_wt_kg ~ 0 + factor(year) + pass","delta_lognormal","TRUE","iid, iid","02_10","factor(year)2012","-2.39815595941099","2.1545442314897","-6.62098505622933","1.82467313740734"
"253","253","253","253","253","253","253","253","253","253","253","253","253","253","253","253","253","253","253","253","253","253","253","253","253","253","253","253","253","253","253","253","253","253","253","253","253","253","253","253","253",NA,NA,NA,NA,NA,NA,NA,NA,NA,NA,NA,"CA","petrale sole","petrale_sole",NA,NA,"675","total_catch_wt_kg ~ 0 + factor(year) + pass","delta_lognormal","TRUE","iid, iid","02_10","factor(year)2013","-2.28499370449453","2.15495224424305","-6.50862249161468","1.93863508262561"
"254","254","254","254","254","254","254","254","254","254","254","254","254","254","254","254","254","254","254","254","254","254","254","254","254","254","254","254","254","254","254","254","254","254","254","254","254","254","254","254","254",NA,NA,NA,NA,NA,NA,NA,NA,NA,NA,NA,"CA","petrale sole","petrale_sole",NA,NA,"675","total_catch_wt_kg ~ 0 + factor(year) + pass","delta_lognormal","TRUE","iid, iid","02_10","factor(year)2014","-1.01530914816206","2.14797273641415","-5.22525835130775","3.19464005498362"
"255","255","255","255","255","255","255","255","255","255","255","255","255","255","255","255","255","255","255","255","255","255","255","255","255","255","255","255","255","255","255","255","255","255","255","255","255","255","255","255","255",NA,NA,NA,NA,NA,NA,NA,NA,NA,NA,NA,"CA","petrale sole","petrale_sole",NA,NA,"675","total_catch_wt_kg ~ 0 + factor(year) + pass","delta_lognormal","TRUE","iid, iid","02_10","factor(year)2015","-1.75306533985901","2.14999878490388","-5.96698552507548","2.46085484535747"
"256","256","256","256","256","256","256","256","256","256","256","256","256","256","256","256","256","256","256","256","256","256","256","256","256","256","256","256","256","256","256","256","256","256","256","256","256","256","256","256","256",NA,NA,NA,NA,NA,NA,NA,NA,NA,NA,NA,"CA","petrale sole","petrale_sole",NA,NA,"675","total_catch_wt_kg ~ 0 + factor(year) + pass","delta_lognormal","TRUE","iid, iid","02_10","factor(year)2016","-1.85835393418181","2.15212942222237","-6.07645009180665","2.35974222344304"
"257","257","257","257","257","257","257","257","257","257","257","257","257","257","257","257","257","257","257","257","257","257","257","257","257","257","257","257","257","257","257","257","257","257","257","257","257","257","257","257","257",NA,NA,NA,NA,NA,NA,NA,NA,NA,NA,NA,"CA","petrale sole","petrale_sole",NA,NA,"675","total_catch_wt_kg ~ 0 + factor(year) + pass","delta_lognormal","TRUE","iid, iid","02_10","factor(year)2017","-2.12645918691222","2.14771114215195","-6.33589567472541","2.08297730090098"
"258","258","258","258","258","258","258","258","258","258","258","258","258","258","258","258","258","258","258","258","258","258","258","258","258","258","258","258","258","258","258","258","258","258","258","258","258","258","258","258","258",NA,NA,NA,NA,NA,NA,NA,NA,NA,NA,NA,"CA","petrale sole","petrale_sole",NA,NA,"675","total_catch_wt_kg ~ 0 + factor(year) + pass","delta_lognormal","TRUE","iid, iid","02_10","factor(year)2018","-2.36246440345118","2.14708021251288","-6.57066429189503","1.84573548499266"
"259","259","259","259","259","259","259","259","259","259","259","259","259","259","259","259","259","259","259","259","259","259","259","259","259","259","259","259","259","259","259","259","259","259","259","259","259","259","259","259","259",NA,NA,NA,NA,NA,NA,NA,NA,NA,NA,NA,"CA","petrale sole","petrale_sole",NA,NA,"675","total_catch_wt_kg ~ 0 + factor(year) + pass","delta_lognormal","TRUE","iid, iid","02_10","factor(year)2019","-1.77629201849907","2.17321067955575","-6.03570668124617","2.48312264424802"
"260","260","260","260","260","260","260","260","260","260","260","260","260","260","260","260","260","260","260","260","260","260","260","260","260","260","260","260","260","260","260","260","260","260","260","260","260","260","260","260","260",NA,NA,NA,NA,NA,NA,NA,NA,NA,NA,NA,"CA","petrale sole","petrale_sole",NA,NA,"675","total_catch_wt_kg ~ 0 + factor(year) + pass","delta_lognormal","TRUE","iid, iid","02_10","factor(year)2021","-1.93068181991789","2.15259545928424","-6.14969139339945","2.28832775356367"
"261","261","261","261","261","261","261","261","261","261","261","261","261","261","261","261","261","261","261","261","261","261","261","261","261","261","261","261","261","261","261","261","261","261","261","261","261","261","261","261","261",NA,NA,NA,NA,NA,NA,NA,NA,NA,NA,NA,"CA","petrale sole","petrale_sole",NA,NA,"675","total_catch_wt_kg ~ 0 + factor(year) + pass","delta_lognormal","TRUE","iid, iid","02_10","factor(year)2022","-2.54269372110586","2.15101072359009","-6.75859726970188","1.67320982749015"
"262","262","262","262","262","262","262","262","262","262","262","262","262","262","262","262","262","262","262","262","262","262","262","262","262","262","262","262","262","262","262","262","262","262","262","262","262","262","262","262","262",NA,NA,NA,NA,NA,NA,NA,NA,NA,NA,NA,"CA","petrale sole","petrale_sole",NA,NA,"675","total_catch_wt_kg ~ 0 + factor(year) + pass","delta_lognormal","TRUE","iid, iid","02_10","factor(year)2023","-3.0976667772109","2.15650129021605","-7.32433163864851","1.12899808422671"
"263","263","263","263","263","263","263","263","263","263","263","263","263","263","263","263","263","263","263","263","263","263","263","263","263","263","263","263","263","263","263","263","263","263","263","263","263","263","263","263","263",NA,NA,NA,NA,NA,NA,NA,NA,NA,NA,NA,"CA","petrale sole","petrale_sole",NA,NA,"675","total_catch_wt_kg ~ 0 + factor(year) + pass","delta_lognormal","TRUE","iid, iid","02_10","factor(year)2024","-2.57198948141194","2.15015200725532","-6.78620997691887","1.642231014095"
"264","264","264","264","264","264","264","264","264","264","264","264","264","264","264","264","264","264","264","264","264","264","264","264","264","264","264","264","264","264","264","264","264","264","264","264","264","264","264","264","264",NA,NA,NA,NA,NA,NA,NA,NA,NA,NA,NA,"CA","petrale sole","petrale_sole",NA,NA,"675","total_catch_wt_kg ~ 0 + factor(year) + pass","delta_lognormal","TRUE","iid, iid","02_10","pass","-0.0466136498120682","0.149296906848627","-0.339230210238609","0.246002910614472"
"265","265","265","265","265","265","265","265","265","265","265","265","265","265","265","265","265","265","265","265","265","265","265","265","265","265","265","265","265","265","265","265","265","265","265","265","265","265","265","265",NA,NA,NA,NA,NA,NA,NA,NA,NA,NA,NA,NA,"CA","petrale sole","petrale_sole",NA,NA,"675","total_catch_wt_kg ~ 0 + factor(year) + pass","delta_lognormal","TRUE","iid, iid","02_2","factor(year)2003","-4.15240246175883","4.77335298627755","-13.5080024003595","5.20319747684189"
"266","266","266","266","266","266","266","266","266","266","266","266","266","266","266","266","266","266","266","266","266","266","266","266","266","266","266","266","266","266","266","266","266","266","266","266","266","266","266","266",NA,NA,NA,NA,NA,NA,NA,NA,NA,NA,NA,NA,"CA","petrale sole","petrale_sole",NA,NA,"675","total_catch_wt_kg ~ 0 + factor(year) + pass","delta_lognormal","TRUE","iid, iid","02_2","factor(year)2004","-4.07412320969817","4.77862595179308","-13.440057970801","5.29181155140469"
"267","267","267","267","267","267","267","267","267","267","267","267","267","267","267","267","267","267","267","267","267","267","267","267","267","267","267","267","267","267","267","267","267","267","267","267","267","267","267","267",NA,NA,NA,NA,NA,NA,NA,NA,NA,NA,NA,NA,"CA","petrale sole","petrale_sole",NA,NA,"675","total_catch_wt_kg ~ 0 + factor(year) + pass","delta_lognormal","TRUE","iid, iid","02_2","factor(year)2005","-4.1301477577679","4.77342430131724","-13.485887471278","5.22559195574216"
"268","268","268","268","268","268","268","268","268","268","268","268","268","268","268","268","268","268","268","268","268","268","268","268","268","268","268","268","268","268","268","268","268","268","268","268","268","268","268","268",NA,NA,NA,NA,NA,NA,NA,NA,NA,NA,NA,NA,"CA","petrale sole","petrale_sole",NA,NA,"675","total_catch_wt_kg ~ 0 + factor(year) + pass","delta_lognormal","TRUE","iid, iid","02_2","factor(year)2006","-4.23705972588992","4.77425899831045","-13.5944354154447","5.12031596366484"
"269","269","269","269","269","269","269","269","269","269","269","269","269","269","269","269","269","269","269","269","269","269","269","269","269","269","269","269","269","269","269","269","269","269","269","269","269","269","269","269",NA,NA,NA,NA,NA,NA,NA,NA,NA,NA,NA,NA,"CA","petrale sole","petrale_sole",NA,NA,"675","total_catch_wt_kg ~ 0 + factor(year) + pass","delta_lognormal","TRUE","iid, iid","02_2","factor(year)2007","-4.00117042794432","4.7744542801065","-13.3589288627862","5.35658800689753"
"270","270","270","270","270","270","270","270","270","270","270","270","270","270","270","270","270","270","270","270","270","270","270","270","270","270","270","270","270","270","270","270","270","270","270","270","270","270","270","270",NA,NA,NA,NA,NA,NA,NA,NA,NA,NA,NA,NA,"CA","petrale sole","petrale_sole",NA,NA,"675","total_catch_wt_kg ~ 0 + factor(year) + pass","delta_lognormal","TRUE","iid, iid","02_2","factor(year)2008","-4.59009521711693","4.77817201299174","-13.955140274518","4.77494984028414"
"271","271","271","271","271","271","271","271","271","271","271","271","271","271","271","271","271","271","271","271","271","271","271","271","271","271","271","271","271","271","271","271","271","271","271","271","271","271","271","271",NA,NA,NA,NA,NA,NA,NA,NA,NA,NA,NA,NA,"CA","petrale sole","petrale_sole",NA,NA,"675","total_catch_wt_kg ~ 0 + factor(year) + pass","delta_lognormal","TRUE","iid, iid","02_2","factor(year)2009","-3.32643511288194","4.77161121266446","-12.6786212379318","6.0257510121679"
"272","272","272","272","272","272","272","272","272","272","272","272","272","272","272","272","272","272","272","272","272","272","272","272","272","272","272","272","272","272","272","272","272","272","272","272","272","272","272","272",NA,NA,NA,NA,NA,NA,NA,NA,NA,NA,NA,NA,"CA","petrale sole","petrale_sole",NA,NA,"675","total_catch_wt_kg ~ 0 + factor(year) + pass","delta_lognormal","TRUE","iid, iid","02_2","factor(year)2010","-3.09533287671607","4.76812165554364","-12.4406795954871","6.25001384205496"
"273","273","273","273","273","273","273","273","273","273","273","273","273","273","273","273","273","273","273","273","273","273","273","273","273","273","273","273","273","273","273","273","273","273","273","273","273","273","273","273",NA,NA,NA,NA,NA,NA,NA,NA,NA,NA,NA,NA,"CA","petrale sole","petrale_sole",NA,NA,"675","total_catch_wt_kg ~ 0 + factor(year) + pass","delta_lognormal","TRUE","iid, iid","02_2","factor(year)2011","-3.09743467124044","4.76961687980667","-12.4457119757158","6.25084263323494"
"274","274","274","274","274","274","274","274","274","274","274","274","274","274","274","274","274","274","274","274","274","274","274","274","274","274","274","274","274","274","274","274","274","274","274","274","274","274","274","274",NA,NA,NA,NA,NA,NA,NA,NA,NA,NA,NA,NA,"CA","petrale sole","petrale_sole",NA,NA,"675","total_catch_wt_kg ~ 0 + factor(year) + pass","delta_lognormal","TRUE","iid, iid","02_2","factor(year)2012","-3.51622853057148","4.77396404133661","-12.8730261150805","5.84056905393757"
"275","275","275","275","275","275","275","275","275","275","275","275","275","275","275","275","275","275","275","275","275","275","275","275","275","275","275","275","275","275","275","275","275","275","275","275","275","275","275","275",NA,NA,NA,NA,NA,NA,NA,NA,NA,NA,NA,NA,"CA","petrale sole","petrale_sole",NA,NA,"675","total_catch_wt_kg ~ 0 + factor(year) + pass","delta_lognormal","TRUE","iid, iid","02_2","factor(year)2013","-3.24117988627035","4.77235890990965","-12.5948314709921","6.11247169845139"
"276","276","276","276","276","276","276","276","276","276","276","276","276","276","276","276","276","276","276","276","276","276","276","276","276","276","276","276","276","276","276","276","276","276","276","276","276","276","276","276",NA,NA,NA,NA,NA,NA,NA,NA,NA,NA,NA,NA,"CA","petrale sole","petrale_sole",NA,NA,"675","total_catch_wt_kg ~ 0 + factor(year) + pass","delta_lognormal","TRUE","iid, iid","02_2","factor(year)2014","-3.27013707338984","4.77158087319852","-12.6222637341791","6.08198958739943"
"277","277","277","277","277","277","277","277","277","277","277","277","277","277","277","277","277","277","277","277","277","277","277","277","277","277","277","277","277","277","277","277","277","277","277","277","277","277","277","277",NA,NA,NA,NA,NA,NA,NA,NA,NA,NA,NA,NA,"CA","petrale sole","petrale_sole",NA,NA,"675","total_catch_wt_kg ~ 0 + factor(year) + pass","delta_lognormal","TRUE","iid, iid","02_2","factor(year)2015","-3.23229193289882","4.76953340094267","-12.5804056218073","6.11582175600965"
"278","278","278","278","278","278","278","278","278","278","278","278","278","278","278","278","278","278","278","278","278","278","278","278","278","278","278","278","278","278","278","278","278","278","278","278","278","278","278","278",NA,NA,NA,NA,NA,NA,NA,NA,NA,NA,NA,NA,"CA","petrale sole","petrale_sole",NA,NA,"675","total_catch_wt_kg ~ 0 + factor(year) + pass","delta_lognormal","TRUE","iid, iid","02_2","factor(year)2016","-3.14407004821888","4.77069016749091","-12.4944509579004","6.20631086146266"
"279","279","279","279","279","279","279","279","279","279","279","279","279","279","279","279","279","279","279","279","279","279","279","279","279","279","279","279","279","279","279","279","279","279","279","279","279","279","279","279",NA,NA,NA,NA,NA,NA,NA,NA,NA,NA,NA,NA,"CA","petrale sole","petrale_sole",NA,NA,"675","total_catch_wt_kg ~ 0 + factor(year) + pass","delta_lognormal","TRUE","iid, iid","02_2","factor(year)2017","-3.05458819338918","4.76794912600327","-12.3995967604748","6.29042037369645"
"280","280","280","280","280","280","280","280","280","280","280","280","280","280","280","280","280","280","280","280","280","280","280","280","280","280","280","280","280","280","280","280","280","280","280","280","280","280","280","280",NA,NA,NA,NA,NA,NA,NA,NA,NA,NA,NA,NA,"CA","petrale sole","petrale_sole",NA,NA,"675","total_catch_wt_kg ~ 0 + factor(year) + pass","delta_lognormal","TRUE","iid, iid","02_2","factor(year)2018","-3.65307221194904","4.76850014784194","-12.9991607619932","5.69301633809509"
"281","281","281","281","281","281","281","281","281","281","281","281","281","281","281","281","281","281","281","281","281","281","281","281","281","281","281","281","281","281","281","281","281","281","281","281","281","281","281","281",NA,NA,NA,NA,NA,NA,NA,NA,NA,NA,NA,NA,"CA","petrale sole","petrale_sole",NA,NA,"675","total_catch_wt_kg ~ 0 + factor(year) + pass","delta_lognormal","TRUE","iid, iid","02_2","factor(year)2019","-3.84305135984249","4.77911311833175","-13.2099409498156","5.52383823013064"
"282","282","282","282","282","282","282","282","282","282","282","282","282","282","282","282","282","282","282","282","282","282","282","282","282","282","282","282","282","282","282","282","282","282","282","282","282","282","282","282",NA,NA,NA,NA,NA,NA,NA,NA,NA,NA,NA,NA,"CA","petrale sole","petrale_sole",NA,NA,"675","total_catch_wt_kg ~ 0 + factor(year) + pass","delta_lognormal","TRUE","iid, iid","02_2","factor(year)2021","-3.75810742767583","4.77197932207316","-13.1110150339091","5.59480017855742"
"283","283","283","283","283","283","283","283","283","283","283","283","283","283","283","283","283","283","283","283","283","283","283","283","283","283","283","283","283","283","283","283","283","283","283","283","283","283","283","283",NA,NA,NA,NA,NA,NA,NA,NA,NA,NA,NA,NA,"CA","petrale sole","petrale_sole",NA,NA,"675","total_catch_wt_kg ~ 0 + factor(year) + pass","delta_lognormal","TRUE","iid, iid","02_2","factor(year)2022","-3.50187991127351","4.77178361986685","-12.8544039482307","5.85064412568369"
"284","284","284","284","284","284","284","284","284","284","284","284","284","284","284","284","284","284","284","284","284","284","284","284","284","284","284","284","284","284","284","284","284","284","284","284","284","284","284","284",NA,NA,NA,NA,NA,NA,NA,NA,NA,NA,NA,NA,"CA","petrale sole","petrale_sole",NA,NA,"675","total_catch_wt_kg ~ 0 + factor(year) + pass","delta_lognormal","TRUE","iid, iid","02_2","factor(year)2023","-3.85673643715809","4.7684595843078","-13.2027454841362","5.48927260982003"
"285","285","285","285","285","285","285","285","285","285","285","285","285","285","285","285","285","285","285","285","285","285","285","285","285","285","285","285","285","285","285","285","285","285","285","285","285","285","285","285",NA,NA,NA,NA,NA,NA,NA,NA,NA,NA,NA,NA,"CA","petrale sole","petrale_sole",NA,NA,"675","total_catch_wt_kg ~ 0 + factor(year) + pass","delta_lognormal","TRUE","iid, iid","02_2","factor(year)2024","-3.47232606049661","4.77043959333303","-12.8222158538532","5.87756373286003"
"286","286","286","286","286","286","286","286","286","286","286","286","286","286","286","286","286","286","286","286","286","286","286","286","286","286","286","286","286","286","286","286","286","286","286","286","286","286","286","286",NA,NA,NA,NA,NA,NA,NA,NA,NA,NA,NA,NA,"CA","petrale sole","petrale_sole",NA,NA,"675","total_catch_wt_kg ~ 0 + factor(year) + pass","delta_lognormal","TRUE","iid, iid","02_2","pass","0.171243933406266","0.15024742890353","-0.123235616014395","0.465723482826926"
"287","287","287","287","287","287","287","287","287","287","287","287","287","287","287","287","287","287","287","287","287","287","287","287","287","287","287","287","287","287","287","287","287","287","287","287","287","287","287",NA,NA,NA,NA,NA,NA,NA,NA,NA,NA,NA,NA,NA,"CA","petrale sole","petrale_sole",NA,NA,"675","total_catch_wt_kg ~ 0 + factor(year) + pass","delta_lognormal","TRUE","iid, iid","02_3","factor(year)2003","-4.14164743031077","2.6585718324099","-9.35235247214683","1.0690576115253"
"288","288","288","288","288","288","288","288","288","288","288","288","288","288","288","288","288","288","288","288","288","288","288","288","288","288","288","288","288","288","288","288","288","288","288","288","288","288","288",NA,NA,NA,NA,NA,NA,NA,NA,NA,NA,NA,NA,NA,"CA","petrale sole","petrale_sole",NA,NA,"675","total_catch_wt_kg ~ 0 + factor(year) + pass","delta_lognormal","TRUE","iid, iid","02_3","factor(year)2004","-4.04442430453678","2.66323758571976","-9.26427405482091","1.17542544574735"
"289","289","289","289","289","289","289","289","289","289","289","289","289","289","289","289","289","289","289","289","289","289","289","289","289","289","289","289","289","289","289","289","289","289","289","289","289","289","289",NA,NA,NA,NA,NA,NA,NA,NA,NA,NA,NA,NA,NA,"CA","petrale sole","petrale_sole",NA,NA,"675","total_catch_wt_kg ~ 0 + factor(year) + pass","delta_lognormal","TRUE","iid, iid","02_3","factor(year)2005","-3.86864988215439","2.65379727348152","-9.06999696044877","1.33269719613998"
"290","290","290","290","290","290","290","290","290","290","290","290","290","290","290","290","290","290","290","290","290","290","290","290","290","290","290","290","290","290","290","290","290","290","290","290","290","290","290",NA,NA,NA,NA,NA,NA,NA,NA,NA,NA,NA,NA,NA,"CA","petrale sole","petrale_sole",NA,NA,"675","total_catch_wt_kg ~ 0 + factor(year) + pass","delta_lognormal","TRUE","iid, iid","02_3","factor(year)2006","-3.85608259127656","2.65511818255689","-9.06001860378551","1.3478534212324"
"291","291","291","291","291","291","291","291","291","291","291","291","291","291","291","291","291","291","291","291","291","291","291","291","291","291","291","291","291","291","291","291","291","291","291","291","291","291","291",NA,NA,NA,NA,NA,NA,NA,NA,NA,NA,NA,NA,NA,"CA","petrale sole","petrale_sole",NA,NA,"675","total_catch_wt_kg ~ 0 + factor(year) + pass","delta_lognormal","TRUE","iid, iid","02_3","factor(year)2007","-4.3323604929646","2.65020046918823","-9.52665796438469","0.86193697845548"
"292","292","292","292","292","292","292","292","292","292","292","292","292","292","292","292","292","292","292","292","292","292","292","292","292","292","292","292","292","292","292","292","292","292","292","292","292","292","292",NA,NA,NA,NA,NA,NA,NA,NA,NA,NA,NA,NA,NA,"CA","petrale sole","petrale_sole",NA,NA,"675","total_catch_wt_kg ~ 0 + factor(year) + pass","delta_lognormal","TRUE","iid, iid","02_3","factor(year)2008","-4.37131589498891","2.65715818775373","-9.57925024421194","0.836618454234118"
"293","293","293","293","293","293","293","293","293","293","293","293","293","293","293","293","293","293","293","293","293","293","293","293","293","293","293","293","293","293","293","293","293","293","293","293","293","293","293",NA,NA,NA,NA,NA,NA,NA,NA,NA,NA,NA,NA,NA,"CA","petrale sole","petrale_sole",NA,NA,"675","total_catch_wt_kg ~ 0 + factor(year) + pass","delta_lognormal","TRUE","iid, iid","02_3","factor(year)2009","-3.76743397774948","2.65172274387388","-8.964715052728","1.42984709722905"
"294","294","294","294","294","294","294","294","294","294","294","294","294","294","294","294","294","294","294","294","294","294","294","294","294","294","294","294","294","294","294","294","294","294","294","294","294","294","294",NA,NA,NA,NA,NA,NA,NA,NA,NA,NA,NA,NA,NA,"CA","petrale sole","petrale_sole",NA,NA,"675","total_catch_wt_kg ~ 0 + factor(year) + pass","delta_lognormal","TRUE","iid, iid","02_3","factor(year)2010","-2.7968125395132","2.63749853310973","-7.96621467368549","2.37258959465909"
"295","295","295","295","295","295","295","295","295","295","295","295","295","295","295","295","295","295","295","295","295","295","295","295","295","295","295","295","295","295","295","295","295","295","295","295","295","295","295",NA,NA,NA,NA,NA,NA,NA,NA,NA,NA,NA,NA,NA,"CA","petrale sole","petrale_sole",NA,NA,"675","total_catch_wt_kg ~ 0 + factor(year) + pass","delta_lognormal","TRUE","iid, iid","02_3","factor(year)2011","-2.85005389065913","2.65147248510622","-8.04684446746623","2.34673668614796"
"296","296","296","296","296","296","296","296","296","296","296","296","296","296","296","296","296","296","296","296","296","296","296","296","296","296","296","296","296","296","296","296","296","296","296","296","296","296","296",NA,NA,NA,NA,NA,NA,NA,NA,NA,NA,NA,NA,NA,"CA","petrale sole","petrale_sole",NA,NA,"675","total_catch_wt_kg ~ 0 + factor(year) + pass","delta_lognormal","TRUE","iid, iid","02_3","factor(year)2012","-3.6453769193743","2.65237590166184","-8.84393816009345","1.55318432134485"
"297","297","297","297","297","297","297","297","297","297","297","297","297","297","297","297","297","297","297","297","297","297","297","297","297","297","297","297","297","297","297","297","297","297","297","297","297","297","297",NA,NA,NA,NA,NA,NA,NA,NA,NA,NA,NA,NA,NA,"CA","petrale sole","petrale_sole",NA,NA,"675","total_catch_wt_kg ~ 0 + factor(year) + pass","delta_lognormal","TRUE","iid, iid","02_3","factor(year)2013","-3.39540059951117","2.66229523292431","-8.61340337225548","1.82260217323314"
"298","298","298","298","298","298","298","298","298","298","298","298","298","298","298","298","298","298","298","298","298","298","298","298","298","298","298","298","298","298","298","298","298","298","298","298","298","298","298",NA,NA,NA,NA,NA,NA,NA,NA,NA,NA,NA,NA,NA,"CA","petrale sole","petrale_sole",NA,NA,"675","total_catch_wt_kg ~ 0 + factor(year) + pass","delta_lognormal","TRUE","iid, iid","02_3","factor(year)2014","-3.0196733656068","2.64922460404775","-8.21205817649777","2.17271144528418"
"299","299","299","299","299","299","299","299","299","299","299","299","299","299","299","299","299","299","299","299","299","299","299","299","299","299","299","299","299","299","299","299","299","299","299","299","299","299","299",NA,NA,NA,NA,NA,NA,NA,NA,NA,NA,NA,NA,NA,"CA","petrale sole","petrale_sole",NA,NA,"675","total_catch_wt_kg ~ 0 + factor(year) + pass","delta_lognormal","TRUE","iid, iid","02_3","factor(year)2015","-2.98944377472157","2.64766534310706","-8.1787724903263","2.19988494088316"
"300","300","300","300","300","300","300","300","300","300","300","300","300","300","300","300","300","300","300","300","300","300","300","300","300","300","300","300","300","300","300","300","300","300","300","300","300","300","300",NA,NA,NA,NA,NA,NA,NA,NA,NA,NA,NA,NA,NA,"CA","petrale sole","petrale_sole",NA,NA,"675","total_catch_wt_kg ~ 0 + factor(year) + pass","delta_lognormal","TRUE","iid, iid","02_3","factor(year)2016","-3.21838417587283","2.65107031059809","-8.41438650512849","1.97761815338284"
"301","301","301","301","301","301","301","301","301","301","301","301","301","301","301","301","301","301","301","301","301","301","301","301","301","301","301","301","301","301","301","301","301","301","301","301","301","301","301",NA,NA,NA,NA,NA,NA,NA,NA,NA,NA,NA,NA,NA,"CA","petrale sole","petrale_sole",NA,NA,"675","total_catch_wt_kg ~ 0 + factor(year) + pass","delta_lognormal","TRUE","iid, iid","02_3","factor(year)2017","-3.53133152406422","2.65055041552074","-8.72631487769255","1.66365182956411"
"302","302","302","302","302","302","302","302","302","302","302","302","302","302","302","302","302","302","302","302","302","302","302","302","302","302","302","302","302","302","302","302","302","302","302","302","302","302","302",NA,NA,NA,NA,NA,NA,NA,NA,NA,NA,NA,NA,NA,"CA","petrale sole","petrale_sole",NA,NA,"675","total_catch_wt_kg ~ 0 + factor(year) + pass","delta_lognormal","TRUE","iid, iid","02_3","factor(year)2018","-2.90249949475604","2.64640896664747","-8.08936575774894","2.28436676823687"
"303","303","303","303","303","303","303","303","303","303","303","303","303","303","303","303","303","303","303","303","303","303","303","303","303","303","303","303","303","303","303","303","303","303","303","303","303","303","303",NA,NA,NA,NA,NA,NA,NA,NA,NA,NA,NA,NA,NA,"CA","petrale sole","petrale_sole",NA,NA,"675","total_catch_wt_kg ~ 0 + factor(year) + pass","delta_lognormal","TRUE","iid, iid","02_3","factor(year)2019","-3.07937305492663","2.66743324796388","-8.30744615210054","2.14870004224727"
"304","304","304","304","304","304","304","304","304","304","304","304","304","304","304","304","304","304","304","304","304","304","304","304","304","304","304","304","304","304","304","304","304","304","304","304","304","304","304",NA,NA,NA,NA,NA,NA,NA,NA,NA,NA,NA,NA,NA,"CA","petrale sole","petrale_sole",NA,NA,"675","total_catch_wt_kg ~ 0 + factor(year) + pass","delta_lognormal","TRUE","iid, iid","02_3","factor(year)2021","-3.61035880916209","2.65276010966701","-8.80967308373397","1.58895546540978"
"305","305","305","305","305","305","305","305","305","305","305","305","305","305","305","305","305","305","305","305","305","305","305","305","305","305","305","305","305","305","305","305","305","305","305","305","305","305","305",NA,NA,NA,NA,NA,NA,NA,NA,NA,NA,NA,NA,NA,"CA","petrale sole","petrale_sole",NA,NA,"675","total_catch_wt_kg ~ 0 + factor(year) + pass","delta_lognormal","TRUE","iid, iid","02_3","factor(year)2022","-3.47977813030359","2.65558706416427","-8.68463313387602","1.72507687326884"
"306","306","306","306","306","306","306","306","306","306","306","306","306","306","306","306","306","306","306","306","306","306","306","306","306","306","306","306","306","306","306","306","306","306","306","306","306","306","306",NA,NA,NA,NA,NA,NA,NA,NA,NA,NA,NA,NA,NA,"CA","petrale sole","petrale_sole",NA,NA,"675","total_catch_wt_kg ~ 0 + factor(year) + pass","delta_lognormal","TRUE","iid, iid","02_3","factor(year)2023","-3.84838957013436","2.65197561681015","-9.04616626696064","1.34938712669193"
"307","307","307","307","307","307","307","307","307","307","307","307","307","307","307","307","307","307","307","307","307","307","307","307","307","307","307","307","307","307","307","307","307","307","307","307","307","307","307",NA,NA,NA,NA,NA,NA,NA,NA,NA,NA,NA,NA,NA,"CA","petrale sole","petrale_sole",NA,NA,"675","total_catch_wt_kg ~ 0 + factor(year) + pass","delta_lognormal","TRUE","iid, iid","02_3","factor(year)2024","-3.44558030832778","2.64801563710241","-8.63559558754739","1.74443497089183"
"308","308","308","308","308","308","308","308","308","308","308","308","308","308","308","308","308","308","308","308","308","308","308","308","308","308","308","308","308","308","308","308","308","308","308","308","308","308","308",NA,NA,NA,NA,NA,NA,NA,NA,NA,NA,NA,NA,NA,"CA","petrale sole","petrale_sole",NA,NA,"675","total_catch_wt_kg ~ 0 + factor(year) + pass","delta_lognormal","TRUE","iid, iid","02_3","pass","-0.0412572738714995","0.154316974561154","-0.343712986214544","0.261198438471545"
"309","309","309","309","309","309","309","309","309","309","309","309","309","309","309","309","309","309","309","309","309","309","309","309","309","309","309","309","309","309","309","309","309","309","309","309","309","309",NA,NA,NA,NA,NA,NA,NA,NA,NA,NA,NA,NA,NA,NA,"CA","petrale sole","petrale_sole",NA,NA,"675","total_catch_wt_kg ~ 0 + factor(year) + pass","delta_lognormal","TRUE","iid, iid","02_4","factor(year)2003","-2.00112552045455","1.96181610102265","-5.84621442274974","1.84396338184063"
"310","310","310","310","310","310","310","310","310","310","310","310","310","310","310","310","310","310","310","310","310","310","310","310","310","310","310","310","310","310","310","310","310","310","310","310","310","310",NA,NA,NA,NA,NA,NA,NA,NA,NA,NA,NA,NA,NA,NA,"CA","petrale sole","petrale_sole",NA,NA,"675","total_catch_wt_kg ~ 0 + factor(year) + pass","delta_lognormal","TRUE","iid, iid","02_4","factor(year)2004","-1.84997110819869","1.97873890723188","-5.72822810118131","2.02828588478393"
"311","311","311","311","311","311","311","311","311","311","311","311","311","311","311","311","311","311","311","311","311","311","311","311","311","311","311","311","311","311","311","311","311","311","311","311","311","311",NA,NA,NA,NA,NA,NA,NA,NA,NA,NA,NA,NA,NA,NA,"CA","petrale sole","petrale_sole",NA,NA,"675","total_catch_wt_kg ~ 0 + factor(year) + pass","delta_lognormal","TRUE","iid, iid","02_4","factor(year)2005","-1.82103351475459","1.96416316687901","-5.67072258159759","2.02865555208841"
"312","312","312","312","312","312","312","312","312","312","312","312","312","312","312","312","312","312","312","312","312","312","312","312","312","312","312","312","312","312","312","312","312","312","312","312","312","312",NA,NA,NA,NA,NA,NA,NA,NA,NA,NA,NA,NA,NA,NA,"CA","petrale sole","petrale_sole",NA,NA,"675","total_catch_wt_kg ~ 0 + factor(year) + pass","delta_lognormal","TRUE","iid, iid","02_4","factor(year)2006","-2.03085108547004","1.96462426643327","-5.88144389083266","1.81974171989259"
"313","313","313","313","313","313","313","313","313","313","313","313","313","313","313","313","313","313","313","313","313","313","313","313","313","313","313","313","313","313","313","313","313","313","313","313","313","313",NA,NA,NA,NA,NA,NA,NA,NA,NA,NA,NA,NA,NA,NA,"CA","petrale sole","petrale_sole",NA,NA,"675","total_catch_wt_kg ~ 0 + factor(year) + pass","delta_lognormal","TRUE","iid, iid","02_4","factor(year)2007","-2.04591188556475","1.96576537358532","-5.8987412198479","1.8069174487184"
"314","314","314","314","314","314","314","314","314","314","314","314","314","314","314","314","314","314","314","314","314","314","314","314","314","314","314","314","314","314","314","314","314","314","314","314","314","314",NA,NA,NA,NA,NA,NA,NA,NA,NA,NA,NA,NA,NA,NA,"CA","petrale sole","petrale_sole",NA,NA,"675","total_catch_wt_kg ~ 0 + factor(year) + pass","delta_lognormal","TRUE","iid, iid","02_4","factor(year)2008","-2.04244338819974","1.96046100344758","-5.88487634805225","1.79998957165277"
"315","315","315","315","315","315","315","315","315","315","315","315","315","315","315","315","315","315","315","315","315","315","315","315","315","315","315","315","315","315","315","315","315","315","315","315","315","315",NA,NA,NA,NA,NA,NA,NA,NA,NA,NA,NA,NA,NA,NA,"CA","petrale sole","petrale_sole",NA,NA,"675","total_catch_wt_kg ~ 0 + factor(year) + pass","delta_lognormal","TRUE","iid, iid","02_4","factor(year)2009","-1.46660839656026","1.96059200904407","-5.30929812266366","2.37608132954313"
"316","316","316","316","316","316","316","316","316","316","316","316","316","316","316","316","316","316","316","316","316","316","316","316","316","316","316","316","316","316","316","316","316","316","316","316","316","316",NA,NA,NA,NA,NA,NA,NA,NA,NA,NA,NA,NA,NA,NA,"CA","petrale sole","petrale_sole",NA,NA,"675","total_catch_wt_kg ~ 0 + factor(year) + pass","delta_lognormal","TRUE","iid, iid","02_4","factor(year)2010","-0.82770689317445","1.96501957645751","-4.67907449194732","3.02366070559842"
"317","317","317","317","317","317","317","317","317","317","317","317","317","317","317","317","317","317","317","317","317","317","317","317","317","317","317","317","317","317","317","317","317","317","317","317","317","317",NA,NA,NA,NA,NA,NA,NA,NA,NA,NA,NA,NA,NA,NA,"CA","petrale sole","petrale_sole",NA,NA,"675","total_catch_wt_kg ~ 0 + factor(year) + pass","delta_lognormal","TRUE","iid, iid","02_4","factor(year)2011","-1.32887225727681","1.96899460896961","-5.18803077661078","2.53028626205715"
"318","318","318","318","318","318","318","318","318","318","318","318","318","318","318","318","318","318","318","318","318","318","318","318","318","318","318","318","318","318","318","318","318","318","318","318","318","318",NA,NA,NA,NA,NA,NA,NA,NA,NA,NA,NA,NA,NA,NA,"CA","petrale sole","petrale_sole",NA,NA,"675","total_catch_wt_kg ~ 0 + factor(year) + pass","delta_lognormal","TRUE","iid, iid","02_4","factor(year)2012","-1.00139784869514","1.96501869919457","-4.85276372806424","2.84996803067396"
"319","319","319","319","319","319","319","319","319","319","319","319","319","319","319","319","319","319","319","319","319","319","319","319","319","319","319","319","319","319","319","319","319","319","319","319","319","319",NA,NA,NA,NA,NA,NA,NA,NA,NA,NA,NA,NA,NA,NA,"CA","petrale sole","petrale_sole",NA,NA,"675","total_catch_wt_kg ~ 0 + factor(year) + pass","delta_lognormal","TRUE","iid, iid","02_4","factor(year)2013","-0.69679330973258","1.97709159246187","-4.57182162509479","3.17823500562963"
"320","320","320","320","320","320","320","320","320","320","320","320","320","320","320","320","320","320","320","320","320","320","320","320","320","320","320","320","320","320","320","320","320","320","320","320","320","320",NA,NA,NA,NA,NA,NA,NA,NA,NA,NA,NA,NA,NA,NA,"CA","petrale sole","petrale_sole",NA,NA,"675","total_catch_wt_kg ~ 0 + factor(year) + pass","delta_lognormal","TRUE","iid, iid","02_4","factor(year)2014","-0.788633770876532","1.96445379972531","-4.638892467631","3.06162492587794"
"321","321","321","321","321","321","321","321","321","321","321","321","321","321","321","321","321","321","321","321","321","321","321","321","321","321","321","321","321","321","321","321","321","321","321","321","321","321",NA,NA,NA,NA,NA,NA,NA,NA,NA,NA,NA,NA,NA,NA,"CA","petrale sole","petrale_sole",NA,NA,"675","total_catch_wt_kg ~ 0 + factor(year) + pass","delta_lognormal","TRUE","iid, iid","02_4","factor(year)2015","-1.42973175411888","1.96139272402973","-5.27399085275605","2.41452734451829"
"322","322","322","322","322","322","322","322","322","322","322","322","322","322","322","322","322","322","322","322","322","322","322","322","322","322","322","322","322","322","322","322","322","322","322","322","322","322",NA,NA,NA,NA,NA,NA,NA,NA,NA,NA,NA,NA,NA,NA,"CA","petrale sole","petrale_sole",NA,NA,"675","total_catch_wt_kg ~ 0 + factor(year) + pass","delta_lognormal","TRUE","iid, iid","02_4","factor(year)2016","-1.48188303264461","1.96224158424198","-5.3278058667257","2.36403980143649"
"323","323","323","323","323","323","323","323","323","323","323","323","323","323","323","323","323","323","323","323","323","323","323","323","323","323","323","323","323","323","323","323","323","323","323","323","323","323",NA,NA,NA,NA,NA,NA,NA,NA,NA,NA,NA,NA,NA,NA,"CA","petrale sole","petrale_sole",NA,NA,"675","total_catch_wt_kg ~ 0 + factor(year) + pass","delta_lognormal","TRUE","iid, iid","02_4","factor(year)2017","-1.60339386456299","1.9610541374664","-5.44698934573039","2.24020161660441"
"324","324","324","324","324","324","324","324","324","324","324","324","324","324","324","324","324","324","324","324","324","324","324","324","324","324","324","324","324","324","324","324","324","324","324","324","324","324",NA,NA,NA,NA,NA,NA,NA,NA,NA,NA,NA,NA,NA,NA,"CA","petrale sole","petrale_sole",NA,NA,"675","total_catch_wt_kg ~ 0 + factor(year) + pass","delta_lognormal","TRUE","iid, iid","02_4","factor(year)2018","-1.35728553289921","1.96409744015728","-5.20684577773479","2.49227471193638"
"325","325","325","325","325","325","325","325","325","325","325","325","325","325","325","325","325","325","325","325","325","325","325","325","325","325","325","325","325","325","325","325","325","325","325","325","325","325",NA,NA,NA,NA,NA,NA,NA,NA,NA,NA,NA,NA,NA,NA,"CA","petrale sole","petrale_sole",NA,NA,"675","total_catch_wt_kg ~ 0 + factor(year) + pass","delta_lognormal","TRUE","iid, iid","02_4","factor(year)2019","-1.50432808296589","1.98767806186017","-5.40010549707219","2.39144933114041"
"326","326","326","326","326","326","326","326","326","326","326","326","326","326","326","326","326","326","326","326","326","326","326","326","326","326","326","326","326","326","326","326","326","326","326","326","326","326",NA,NA,NA,NA,NA,NA,NA,NA,NA,NA,NA,NA,NA,NA,"CA","petrale sole","petrale_sole",NA,NA,"675","total_catch_wt_kg ~ 0 + factor(year) + pass","delta_lognormal","TRUE","iid, iid","02_4","factor(year)2021","-2.31262854336477","1.96396753626626","-6.16193418125249","1.53667709452295"
"327","327","327","327","327","327","327","327","327","327","327","327","327","327","327","327","327","327","327","327","327","327","327","327","327","327","327","327","327","327","327","327","327","327","327","327","327","327",NA,NA,NA,NA,NA,NA,NA,NA,NA,NA,NA,NA,NA,NA,"CA","petrale sole","petrale_sole",NA,NA,"675","total_catch_wt_kg ~ 0 + factor(year) + pass","delta_lognormal","TRUE","iid, iid","02_4","factor(year)2022","-1.82791059491555","1.96330455759145","-5.67591681847812","2.02009562864703"
"328","328","328","328","328","328","328","328","328","328","328","328","328","328","328","328","328","328","328","328","328","328","328","328","328","328","328","328","328","328","328","328","328","328","328","328","328","328",NA,NA,NA,NA,NA,NA,NA,NA,NA,NA,NA,NA,NA,NA,"CA","petrale sole","petrale_sole",NA,NA,"675","total_catch_wt_kg ~ 0 + factor(year) + pass","delta_lognormal","TRUE","iid, iid","02_4","factor(year)2023","-1.9546582669538","1.96938362419022","-5.8145792421096","1.905262708202"
"329","329","329","329","329","329","329","329","329","329","329","329","329","329","329","329","329","329","329","329","329","329","329","329","329","329","329","329","329","329","329","329","329","329","329","329","329","329",NA,NA,NA,NA,NA,NA,NA,NA,NA,NA,NA,NA,NA,NA,"CA","petrale sole","petrale_sole",NA,NA,"675","total_catch_wt_kg ~ 0 + factor(year) + pass","delta_lognormal","TRUE","iid, iid","02_4","factor(year)2024","-1.7743135663756","1.9623099439746","-5.62037038307063","2.07174325031943"
"330","330","330","330","330","330","330","330","330","330","330","330","330","330","330","330","330","330","330","330","330","330","330","330","330","330","330","330","330","330","330","330","330","330","330","330","330","330",NA,NA,NA,NA,NA,NA,NA,NA,NA,NA,NA,NA,NA,NA,"CA","petrale sole","petrale_sole",NA,NA,"675","total_catch_wt_kg ~ 0 + factor(year) + pass","delta_lognormal","TRUE","iid, iid","02_4","pass","-0.19552502597793","0.157476162797597","-0.504172633484786","0.113122581528926"
"331","331","331","331","331","331","331","331","331","331","331","331","331","331","331","331","331","331","331","331","331","331","331","331","331","331","331","331","331","331","331","331","331","331","331","331","331",NA,NA,NA,NA,NA,NA,NA,NA,NA,NA,NA,NA,NA,NA,NA,"CA","petrale sole","petrale_sole",NA,NA,"675","total_catch_wt_kg ~ 0 + factor(year) + pass","delta_lognormal","TRUE","iid, iid","02_5","factor(year)2003","-3.77940870833098","2.27216111605677","-8.23276266287458","0.673945246212623"
"332","332","332","332","332","332","332","332","332","332","332","332","332","332","332","332","332","332","332","332","332","332","332","332","332","332","332","332","332","332","332","332","332","332","332","332","332",NA,NA,NA,NA,NA,NA,NA,NA,NA,NA,NA,NA,NA,NA,NA,"CA","petrale sole","petrale_sole",NA,NA,"675","total_catch_wt_kg ~ 0 + factor(year) + pass","delta_lognormal","TRUE","iid, iid","02_5","factor(year)2004","-3.6460465782061","2.27811039342099","-8.11106090211761","0.818967745705409"
"333","333","333","333","333","333","333","333","333","333","333","333","333","333","333","333","333","333","333","333","333","333","333","333","333","333","333","333","333","333","333","333","333","333","333","333","333",NA,NA,NA,NA,NA,NA,NA,NA,NA,NA,NA,NA,NA,NA,NA,"CA","petrale sole","petrale_sole",NA,NA,"675","total_catch_wt_kg ~ 0 + factor(year) + pass","delta_lognormal","TRUE","iid, iid","02_5","factor(year)2005","-3.16026195893854","2.27079836215942","-7.61094496492354","1.29042104704647"
"334","334","334","334","334","334","334","334","334","334","334","334","334","334","334","334","334","334","334","334","334","334","334","334","334","334","334","334","334","334","334","334","334","334","334","334","334",NA,NA,NA,NA,NA,NA,NA,NA,NA,NA,NA,NA,NA,NA,NA,"CA","petrale sole","petrale_sole",NA,NA,"675","total_catch_wt_kg ~ 0 + factor(year) + pass","delta_lognormal","TRUE","iid, iid","02_5","factor(year)2006","-3.75237665568703","2.2682816037549","-8.19812690584139","0.693373594467322"
"335","335","335","335","335","335","335","335","335","335","335","335","335","335","335","335","335","335","335","335","335","335","335","335","335","335","335","335","335","335","335","335","335","335","335","335","335",NA,NA,NA,NA,NA,NA,NA,NA,NA,NA,NA,NA,NA,NA,NA,"CA","petrale sole","petrale_sole",NA,NA,"675","total_catch_wt_kg ~ 0 + factor(year) + pass","delta_lognormal","TRUE","iid, iid","02_5","factor(year)2007","-3.63135782615258","2.26853943686899","-8.07761341992458","0.814897767619422"
"336","336","336","336","336","336","336","336","336","336","336","336","336","336","336","336","336","336","336","336","336","336","336","336","336","336","336","336","336","336","336","336","336","336","336","336","336",NA,NA,NA,NA,NA,NA,NA,NA,NA,NA,NA,NA,NA,NA,NA,"CA","petrale sole","petrale_sole",NA,NA,"675","total_catch_wt_kg ~ 0 + factor(year) + pass","delta_lognormal","TRUE","iid, iid","02_5","factor(year)2008","-2.32649078157808","2.26970495609481","-6.77503075105598","2.12204918789981"
"337","337","337","337","337","337","337","337","337","337","337","337","337","337","337","337","337","337","337","337","337","337","337","337","337","337","337","337","337","337","337","337","337","337","337","337","337",NA,NA,NA,NA,NA,NA,NA,NA,NA,NA,NA,NA,NA,NA,NA,"CA","petrale sole","petrale_sole",NA,NA,"675","total_catch_wt_kg ~ 0 + factor(year) + pass","delta_lognormal","TRUE","iid, iid","02_5","factor(year)2009","-3.58237961752627","2.26541528633979","-8.02251198877876","0.857752753726219"
"338","338","338","338","338","338","338","338","338","338","338","338","338","338","338","338","338","338","338","338","338","338","338","338","338","338","338","338","338","338","338","338","338","338","338","338","338",NA,NA,NA,NA,NA,NA,NA,NA,NA,NA,NA,NA,NA,NA,NA,"CA","petrale sole","petrale_sole",NA,NA,"675","total_catch_wt_kg ~ 0 + factor(year) + pass","delta_lognormal","TRUE","iid, iid","02_5","factor(year)2010","-2.92908957046526","2.26539350281968","-7.36917924680288","1.51100010587235"
"339","339","339","339","339","339","339","339","339","339","339","339","339","339","339","339","339","339","339","339","339","339","339","339","339","339","339","339","339","339","339","339","339","339","339","339","339",NA,NA,NA,NA,NA,NA,NA,NA,NA,NA,NA,NA,NA,NA,NA,"CA","petrale sole","petrale_sole",NA,NA,"675","total_catch_wt_kg ~ 0 + factor(year) + pass","delta_lognormal","TRUE","iid, iid","02_5","factor(year)2011","-2.681438598789","2.26481399897121","-7.12039246845471","1.7575152708767"
"340","340","340","340","340","340","340","340","340","340","340","340","340","340","340","340","340","340","340","340","340","340","340","340","340","340","340","340","340","340","340","340","340","340","340","340","340",NA,NA,NA,NA,NA,NA,NA,NA,NA,NA,NA,NA,NA,NA,NA,"CA","petrale sole","petrale_sole",NA,NA,"675","total_catch_wt_kg ~ 0 + factor(year) + pass","delta_lognormal","TRUE","iid, iid","02_5","factor(year)2012","-2.84520117515337","2.26977043332498","-7.29386947764421","1.60346712733747"
"341","341","341","341","341","341","341","341","341","341","341","341","341","341","341","341","341","341","341","341","341","341","341","341","341","341","341","341","341","341","341","341","341","341","341","341","341",NA,NA,NA,NA,NA,NA,NA,NA,NA,NA,NA,NA,NA,NA,NA,"CA","petrale sole","petrale_sole",NA,NA,"675","total_catch_wt_kg ~ 0 + factor(year) + pass","delta_lognormal","TRUE","iid, iid","02_5","factor(year)2013","-2.19423861584519","2.26733714376866","-6.63813775844169","2.2496605267513"
"342","342","342","342","342","342","342","342","342","342","342","342","342","342","342","342","342","342","342","342","342","342","342","342","342","342","342","342","342","342","342","342","342","342","342","342","342",NA,NA,NA,NA,NA,NA,NA,NA,NA,NA,NA,NA,NA,NA,NA,"CA","petrale sole","petrale_sole",NA,NA,"675","total_catch_wt_kg ~ 0 + factor(year) + pass","delta_lognormal","TRUE","iid, iid","02_5","factor(year)2014","-1.94672562701253","2.27135026538204","-6.39849034343682","2.50503908941175"
"343","343","343","343","343","343","343","343","343","343","343","343","343","343","343","343","343","343","343","343","343","343","343","343","343","343","343","343","343","343","343","343","343","343","343","343","343",NA,NA,NA,NA,NA,NA,NA,NA,NA,NA,NA,NA,NA,NA,NA,"CA","petrale sole","petrale_sole",NA,NA,"675","total_catch_wt_kg ~ 0 + factor(year) + pass","delta_lognormal","TRUE","iid, iid","02_5","factor(year)2015","-2.27031940262139","2.26648862821915","-6.71255548530052","2.17191668005773"
"344","344","344","344","344","344","344","344","344","344","344","344","344","344","344","344","344","344","344","344","344","344","344","344","344","344","344","344","344","344","344","344","344","344","344","344","344",NA,NA,NA,NA,NA,NA,NA,NA,NA,NA,NA,NA,NA,NA,NA,"CA","petrale sole","petrale_sole",NA,NA,"675","total_catch_wt_kg ~ 0 + factor(year) + pass","delta_lognormal","TRUE","iid, iid","02_5","factor(year)2016","-2.62018972062999","2.26451818760262","-7.05856381066704","1.81818436940707"
"345","345","345","345","345","345","345","345","345","345","345","345","345","345","345","345","345","345","345","345","345","345","345","345","345","345","345","345","345","345","345","345","345","345","345","345","345",NA,NA,NA,NA,NA,NA,NA,NA,NA,NA,NA,NA,NA,NA,NA,"CA","petrale sole","petrale_sole",NA,NA,"675","total_catch_wt_kg ~ 0 + factor(year) + pass","delta_lognormal","TRUE","iid, iid","02_5","factor(year)2017","-2.5004434539197","2.26412681746138","-6.93805047257529","1.9371635647359"
"346","346","346","346","346","346","346","346","346","346","346","346","346","346","346","346","346","346","346","346","346","346","346","346","346","346","346","346","346","346","346","346","346","346","346","346","346",NA,NA,NA,NA,NA,NA,NA,NA,NA,NA,NA,NA,NA,NA,NA,"CA","petrale sole","petrale_sole",NA,NA,"675","total_catch_wt_kg ~ 0 + factor(year) + pass","delta_lognormal","TRUE","iid, iid","02_5","factor(year)2018","-2.71199332775747","2.26832975320799","-7.15783794910577","1.73385129359082"
"347","347","347","347","347","347","347","347","347","347","347","347","347","347","347","347","347","347","347","347","347","347","347","347","347","347","347","347","347","347","347","347","347","347","347","347","347",NA,NA,NA,NA,NA,NA,NA,NA,NA,NA,NA,NA,NA,NA,NA,"CA","petrale sole","petrale_sole",NA,NA,"675","total_catch_wt_kg ~ 0 + factor(year) + pass","delta_lognormal","TRUE","iid, iid","02_5","factor(year)2019","-2.65178475588137","2.2865826112395","-7.13340432158634","1.8298348098236"
"348","348","348","348","348","348","348","348","348","348","348","348","348","348","348","348","348","348","348","348","348","348","348","348","348","348","348","348","348","348","348","348","348","348","348","348","348",NA,NA,NA,NA,NA,NA,NA,NA,NA,NA,NA,NA,NA,NA,NA,"CA","petrale sole","petrale_sole",NA,NA,"675","total_catch_wt_kg ~ 0 + factor(year) + pass","delta_lognormal","TRUE","iid, iid","02_5","factor(year)2021","-2.65910390292112","2.26115167917629","-7.09087975768893","1.77267195184668"
"349","349","349","349","349","349","349","349","349","349","349","349","349","349","349","349","349","349","349","349","349","349","349","349","349","349","349","349","349","349","349","349","349","349","349","349","349",NA,NA,NA,NA,NA,NA,NA,NA,NA,NA,NA,NA,NA,NA,NA,"CA","petrale sole","petrale_sole",NA,NA,"675","total_catch_wt_kg ~ 0 + factor(year) + pass","delta_lognormal","TRUE","iid, iid","02_5","factor(year)2022","-3.63444151794252","2.26767847562685","-8.07900965868784","0.810126622802802"
"350","350","350","350","350","350","350","350","350","350","350","350","350","350","350","350","350","350","350","350","350","350","350","350","350","350","350","350","350","350","350","350","350","350","350","350","350",NA,NA,NA,NA,NA,NA,NA,NA,NA,NA,NA,NA,NA,NA,NA,"CA","petrale sole","petrale_sole",NA,NA,"675","total_catch_wt_kg ~ 0 + factor(year) + pass","delta_lognormal","TRUE","iid, iid","02_5","factor(year)2023","-3.05941496506779","2.27150249986115","-7.51147805558834","1.39264812545277"
"351","351","351","351","351","351","351","351","351","351","351","351","351","351","351","351","351","351","351","351","351","351","351","351","351","351","351","351","351","351","351","351","351","351","351","351","351",NA,NA,NA,NA,NA,NA,NA,NA,NA,NA,NA,NA,NA,NA,NA,"CA","petrale sole","petrale_sole",NA,NA,"675","total_catch_wt_kg ~ 0 + factor(year) + pass","delta_lognormal","TRUE","iid, iid","02_5","factor(year)2024","-2.85708090474323","2.26323110697267","-7.29293236310037","1.57877055361391"
"352","352","352","352","352","352","352","352","352","352","352","352","352","352","352","352","352","352","352","352","352","352","352","352","352","352","352","352","352","352","352","352","352","352","352","352","352",NA,NA,NA,NA,NA,NA,NA,NA,NA,NA,NA,NA,NA,NA,NA,"CA","petrale sole","petrale_sole",NA,NA,"675","total_catch_wt_kg ~ 0 + factor(year) + pass","delta_lognormal","TRUE","iid, iid","02_5","pass","0.0865662781433433","0.153498307215793","-0.214284875687475","0.387417431974162"
"353","353","353","353","353","353","353","353","353","353","353","353","353","353","353","353","353","353","353","353","353","353","353","353","353","353","353","353","353","353","353","353","353","353","353","353",NA,NA,NA,NA,NA,NA,NA,NA,NA,NA,NA,NA,NA,NA,NA,NA,"CA","petrale sole","petrale_sole",NA,NA,"675","total_catch_wt_kg ~ 0 + factor(year) + pass","delta_lognormal","TRUE","iid, iid","02_6","factor(year)2003","-1.68235322825606","10.5942437273133","-22.4466893772295","19.0819829207174"
"354","354","354","354","354","354","354","354","354","354","354","354","354","354","354","354","354","354","354","354","354","354","354","354","354","354","354","354","354","354","354","354","354","354","354","354",NA,NA,NA,NA,NA,NA,NA,NA,NA,NA,NA,NA,NA,NA,NA,NA,"CA","petrale sole","petrale_sole",NA,NA,"675","total_catch_wt_kg ~ 0 + factor(year) + pass","delta_lognormal","TRUE","iid, iid","02_6","factor(year)2004","-1.13905827448043","10.5984359275087","-21.9116109848529","19.633494435892"
"355","355","355","355","355","355","355","355","355","355","355","355","355","355","355","355","355","355","355","355","355","355","355","355","355","355","355","355","355","355","355","355","355","355","355","355",NA,NA,NA,NA,NA,NA,NA,NA,NA,NA,NA,NA,NA,NA,NA,NA,"CA","petrale sole","petrale_sole",NA,NA,"675","total_catch_wt_kg ~ 0 + factor(year) + pass","delta_lognormal","TRUE","iid, iid","02_6","factor(year)2005","-1.57372725513479","10.5936890205409","-22.3369761988123","19.1895216885427"
"356","356","356","356","356","356","356","356","356","356","356","356","356","356","356","356","356","356","356","356","356","356","356","356","356","356","356","356","356","356","356","356","356","356","356","356",NA,NA,NA,NA,NA,NA,NA,NA,NA,NA,NA,NA,NA,NA,NA,NA,"CA","petrale sole","petrale_sole",NA,NA,"675","total_catch_wt_kg ~ 0 + factor(year) + pass","delta_lognormal","TRUE","iid, iid","02_6","factor(year)2006","-0.93380813353008","10.5954218826494","-21.7004534245304","19.8328371574703"
"357","357","357","357","357","357","357","357","357","357","357","357","357","357","357","357","357","357","357","357","357","357","357","357","357","357","357","357","357","357","357","357","357","357","357","357",NA,NA,NA,NA,NA,NA,NA,NA,NA,NA,NA,NA,NA,NA,NA,NA,"CA","petrale sole","petrale_sole",NA,NA,"675","total_catch_wt_kg ~ 0 + factor(year) + pass","delta_lognormal","TRUE","iid, iid","02_6","factor(year)2007","-1.56421099583906","10.5955078631574","-22.3310248055386","19.2026028138605"
"358","358","358","358","358","358","358","358","358","358","358","358","358","358","358","358","358","358","358","358","358","358","358","358","358","358","358","358","358","358","358","358","358","358","358","358",NA,NA,NA,NA,NA,NA,NA,NA,NA,NA,NA,NA,NA,NA,NA,NA,"CA","petrale sole","petrale_sole",NA,NA,"675","total_catch_wt_kg ~ 0 + factor(year) + pass","delta_lognormal","TRUE","iid, iid","02_6","factor(year)2008","-1.33220295815464","10.594357485841","-22.0967620697452","19.432356153436"
"359","359","359","359","359","359","359","359","359","359","359","359","359","359","359","359","359","359","359","359","359","359","359","359","359","359","359","359","359","359","359","359","359","359","359","359",NA,NA,NA,NA,NA,NA,NA,NA,NA,NA,NA,NA,NA,NA,NA,NA,"CA","petrale sole","petrale_sole",NA,NA,"675","total_catch_wt_kg ~ 0 + factor(year) + pass","delta_lognormal","TRUE","iid, iid","02_6","factor(year)2009","-1.65564896619346","10.594518305416","-22.4205232783591","19.1092253459722"
"360","360","360","360","360","360","360","360","360","360","360","360","360","360","360","360","360","360","360","360","360","360","360","360","360","360","360","360","360","360","360","360","360","360","360","360",NA,NA,NA,NA,NA,NA,NA,NA,NA,NA,NA,NA,NA,NA,NA,NA,"CA","petrale sole","petrale_sole",NA,NA,"675","total_catch_wt_kg ~ 0 + factor(year) + pass","delta_lognormal","TRUE","iid, iid","02_6","factor(year)2010","-0.27579036275268","10.5923921465483","-21.0364974801123","20.484916754607"
"361","361","361","361","361","361","361","361","361","361","361","361","361","361","361","361","361","361","361","361","361","361","361","361","361","361","361","361","361","361","361","361","361","361","361","361",NA,NA,NA,NA,NA,NA,NA,NA,NA,NA,NA,NA,NA,NA,NA,NA,"CA","petrale sole","petrale_sole",NA,NA,"675","total_catch_wt_kg ~ 0 + factor(year) + pass","delta_lognormal","TRUE","iid, iid","02_6","factor(year)2011","-0.601231711139905","10.5909884725716","-21.359187678059","20.1567242557792"
"362","362","362","362","362","362","362","362","362","362","362","362","362","362","362","362","362","362","362","362","362","362","362","362","362","362","362","362","362","362","362","362","362","362","362","362",NA,NA,NA,NA,NA,NA,NA,NA,NA,NA,NA,NA,NA,NA,NA,NA,"CA","petrale sole","petrale_sole",NA,NA,"675","total_catch_wt_kg ~ 0 + factor(year) + pass","delta_lognormal","TRUE","iid, iid","02_6","factor(year)2012","-0.826205415262974","10.592489938172","-21.5871042006829","19.934693370157"
"363","363","363","363","363","363","363","363","363","363","363","363","363","363","363","363","363","363","363","363","363","363","363","363","363","363","363","363","363","363","363","363","363","363","363","363",NA,NA,NA,NA,NA,NA,NA,NA,NA,NA,NA,NA,NA,NA,NA,NA,"CA","petrale sole","petrale_sole",NA,NA,"675","total_catch_wt_kg ~ 0 + factor(year) + pass","delta_lognormal","TRUE","iid, iid","02_6","factor(year)2013","-0.416433134290089","10.5953609720201","-21.1829590426508","20.3500927740706"
"364","364","364","364","364","364","364","364","364","364","364","364","364","364","364","364","364","364","364","364","364","364","364","364","364","364","364","364","364","364","364","364","364","364","364","364",NA,NA,NA,NA,NA,NA,NA,NA,NA,NA,NA,NA,NA,NA,NA,NA,"CA","petrale sole","petrale_sole",NA,NA,"675","total_catch_wt_kg ~ 0 + factor(year) + pass","delta_lognormal","TRUE","iid, iid","02_6","factor(year)2014","-0.454418299612843","10.592915978492","-21.2161521087161","20.3073155094904"
"365","365","365","365","365","365","365","365","365","365","365","365","365","365","365","365","365","365","365","365","365","365","365","365","365","365","365","365","365","365","365","365","365","365","365","365",NA,NA,NA,NA,NA,NA,NA,NA,NA,NA,NA,NA,NA,NA,NA,NA,"CA","petrale sole","petrale_sole",NA,NA,"675","total_catch_wt_kg ~ 0 + factor(year) + pass","delta_lognormal","TRUE","iid, iid","02_6","factor(year)2015","-0.85546879560631","10.5935081258508","-21.6183631922062","19.9074256009936"
"366","366","366","366","366","366","366","366","366","366","366","366","366","366","366","366","366","366","366","366","366","366","366","366","366","366","366","366","366","366","366","366","366","366","366","366",NA,NA,NA,NA,NA,NA,NA,NA,NA,NA,NA,NA,NA,NA,NA,NA,"CA","petrale sole","petrale_sole",NA,NA,"675","total_catch_wt_kg ~ 0 + factor(year) + pass","delta_lognormal","TRUE","iid, iid","02_6","factor(year)2016","-0.828823915707985","10.5933119724155","-21.5913338586393","19.9336860272234"
"367","367","367","367","367","367","367","367","367","367","367","367","367","367","367","367","367","367","367","367","367","367","367","367","367","367","367","367","367","367","367","367","367","367","367","367",NA,NA,NA,NA,NA,NA,NA,NA,NA,NA,NA,NA,NA,NA,NA,NA,"CA","petrale sole","petrale_sole",NA,NA,"675","total_catch_wt_kg ~ 0 + factor(year) + pass","delta_lognormal","TRUE","iid, iid","02_6","factor(year)2017","-0.978079737509851","10.5922072327962","-21.7384244305751","19.7822649555554"
"368","368","368","368","368","368","368","368","368","368","368","368","368","368","368","368","368","368","368","368","368","368","368","368","368","368","368","368","368","368","368","368","368","368","368","368",NA,NA,NA,NA,NA,NA,NA,NA,NA,NA,NA,NA,NA,NA,NA,NA,"CA","petrale sole","petrale_sole",NA,NA,"675","total_catch_wt_kg ~ 0 + factor(year) + pass","delta_lognormal","TRUE","iid, iid","02_6","factor(year)2018","-1.56713039577421","10.5948129827241","-22.3325822648509","19.1983214733025"
"369","369","369","369","369","369","369","369","369","369","369","369","369","369","369","369","369","369","369","369","369","369","369","369","369","369","369","369","369","369","369","369","369","369","369","369",NA,NA,NA,NA,NA,NA,NA,NA,NA,NA,NA,NA,NA,NA,NA,NA,"CA","petrale sole","petrale_sole",NA,NA,"675","total_catch_wt_kg ~ 0 + factor(year) + pass","delta_lognormal","TRUE","iid, iid","02_6","factor(year)2019","-1.43727703801513","10.5935916395066","-22.2003351183727","19.3257810423425"
"370","370","370","370","370","370","370","370","370","370","370","370","370","370","370","370","370","370","370","370","370","370","370","370","370","370","370","370","370","370","370","370","370","370","370","370",NA,NA,NA,NA,NA,NA,NA,NA,NA,NA,NA,NA,NA,NA,NA,NA,"CA","petrale sole","petrale_sole",NA,NA,"675","total_catch_wt_kg ~ 0 + factor(year) + pass","delta_lognormal","TRUE","iid, iid","02_6","factor(year)2021","-1.06702898146457","10.5923185889077","-21.8275919284978","19.6935339655686"
"371","371","371","371","371","371","371","371","371","371","371","371","371","371","371","371","371","371","371","371","371","371","371","371","371","371","371","371","371","371","371","371","371","371","371","371",NA,NA,NA,NA,NA,NA,NA,NA,NA,NA,NA,NA,NA,NA,NA,NA,"CA","petrale sole","petrale_sole",NA,NA,"675","total_catch_wt_kg ~ 0 + factor(year) + pass","delta_lognormal","TRUE","iid, iid","02_6","factor(year)2022","-0.5171191656853","10.5963000629811","-21.2854856585078","20.2512473271372"
"372","372","372","372","372","372","372","372","372","372","372","372","372","372","372","372","372","372","372","372","372","372","372","372","372","372","372","372","372","372","372","372","372","372","372","372",NA,NA,NA,NA,NA,NA,NA,NA,NA,NA,NA,NA,NA,NA,NA,NA,"CA","petrale sole","petrale_sole",NA,NA,"675","total_catch_wt_kg ~ 0 + factor(year) + pass","delta_lognormal","TRUE","iid, iid","02_6","factor(year)2023","-1.80132624890848","10.590281521012","-22.557896616232","18.9552441184151"
"373","373","373","373","373","373","373","373","373","373","373","373","373","373","373","373","373","373","373","373","373","373","373","373","373","373","373","373","373","373","373","373","373","373","373","373",NA,NA,NA,NA,NA,NA,NA,NA,NA,NA,NA,NA,NA,NA,NA,NA,"CA","petrale sole","petrale_sole",NA,NA,"675","total_catch_wt_kg ~ 0 + factor(year) + pass","delta_lognormal","TRUE","iid, iid","02_6","factor(year)2024","-1.08228039037865","10.5906904015304","-21.8396521487924","19.6750913680351"
"374","374","374","374","374","374","374","374","374","374","374","374","374","374","374","374","374","374","374","374","374","374","374","374","374","374","374","374","374","374","374","374","374","374","374","374",NA,NA,NA,NA,NA,NA,NA,NA,NA,NA,NA,NA,NA,NA,NA,NA,"CA","petrale sole","petrale_sole",NA,NA,"675","total_catch_wt_kg ~ 0 + factor(year) + pass","delta_lognormal","TRUE","iid, iid","02_6","pass","0.129622925095732","0.151169484376213","-0.166663819843136","0.425909670034599"
"375","375","375","375","375","375","375","375","375","375","375","375","375","375","375","375","375","375","375","375","375","375","375","375","375","375","375","375","375","375","375","375","375","375","375",NA,NA,NA,NA,NA,NA,NA,NA,NA,NA,NA,NA,NA,NA,NA,NA,NA,"CA","petrale sole","petrale_sole",NA,NA,"675","total_catch_wt_kg ~ 0 + factor(year) + pass","delta_lognormal","TRUE","iid, iid","02_7","factor(year)2003","-3.15884347862252","2.26240187069404","-7.59306966373889","1.27538270649385"
"376","376","376","376","376","376","376","376","376","376","376","376","376","376","376","376","376","376","376","376","376","376","376","376","376","376","376","376","376","376","376","376","376","376","376",NA,NA,NA,NA,NA,NA,NA,NA,NA,NA,NA,NA,NA,NA,NA,NA,NA,"CA","petrale sole","petrale_sole",NA,NA,"675","total_catch_wt_kg ~ 0 + factor(year) + pass","delta_lognormal","TRUE","iid, iid","02_7","factor(year)2004","-2.83765028305885","2.26650222857865","-7.27991302195278","1.60461245583508"
"377","377","377","377","377","377","377","377","377","377","377","377","377","377","377","377","377","377","377","377","377","377","377","377","377","377","377","377","377","377","377","377","377","377","377",NA,NA,NA,NA,NA,NA,NA,NA,NA,NA,NA,NA,NA,NA,NA,NA,NA,"CA","petrale sole","petrale_sole",NA,NA,"675","total_catch_wt_kg ~ 0 + factor(year) + pass","delta_lognormal","TRUE","iid, iid","02_7","factor(year)2005","-3.20077509009275","2.25007716162182","-7.61084528930763","1.20929510912212"
"378","378","378","378","378","378","378","378","378","378","378","378","378","378","378","378","378","378","378","378","378","378","378","378","378","378","378","378","378","378","378","378","378","378","378",NA,NA,NA,NA,NA,NA,NA,NA,NA,NA,NA,NA,NA,NA,NA,NA,NA,"CA","petrale sole","petrale_sole",NA,NA,"675","total_catch_wt_kg ~ 0 + factor(year) + pass","delta_lognormal","TRUE","iid, iid","02_7","factor(year)2006","-3.56539612843957","2.26074074327279","-7.99636656363655","0.865574306757411"
"379","379","379","379","379","379","379","379","379","379","379","379","379","379","379","379","379","379","379","379","379","379","379","379","379","379","379","379","379","379","379","379","379","379","379",NA,NA,NA,NA,NA,NA,NA,NA,NA,NA,NA,NA,NA,NA,NA,NA,NA,"CA","petrale sole","petrale_sole",NA,NA,"675","total_catch_wt_kg ~ 0 + factor(year) + pass","delta_lognormal","TRUE","iid, iid","02_7","factor(year)2007","-3.12914722949405","2.24900743459834","-7.53712080226961","1.27882634328151"
"380","380","380","380","380","380","380","380","380","380","380","380","380","380","380","380","380","380","380","380","380","380","380","380","380","380","380","380","380","380","380","380","380","380","380",NA,NA,NA,NA,NA,NA,NA,NA,NA,NA,NA,NA,NA,NA,NA,NA,NA,"CA","petrale sole","petrale_sole",NA,NA,"675","total_catch_wt_kg ~ 0 + factor(year) + pass","delta_lognormal","TRUE","iid, iid","02_7","factor(year)2008","-4.13154343426643","2.25730479222873","-8.55577952916441","0.292692660631546"
"381","381","381","381","381","381","381","381","381","381","381","381","381","381","381","381","381","381","381","381","381","381","381","381","381","381","381","381","381","381","381","381","381","381","381",NA,NA,NA,NA,NA,NA,NA,NA,NA,NA,NA,NA,NA,NA,NA,NA,NA,"CA","petrale sole","petrale_sole",NA,NA,"675","total_catch_wt_kg ~ 0 + factor(year) + pass","delta_lognormal","TRUE","iid, iid","02_7","factor(year)2009","-3.1647184319961","2.25219724614882","-7.57894392052807","1.24950705653587"
"382","382","382","382","382","382","382","382","382","382","382","382","382","382","382","382","382","382","382","382","382","382","382","382","382","382","382","382","382","382","382","382","382","382","382",NA,NA,NA,NA,NA,NA,NA,NA,NA,NA,NA,NA,NA,NA,NA,NA,NA,"CA","petrale sole","petrale_sole",NA,NA,"675","total_catch_wt_kg ~ 0 + factor(year) + pass","delta_lognormal","TRUE","iid, iid","02_7","factor(year)2010","-2.92843821525495","2.24087583135224","-7.32047413853159","1.46359770802169"
"383","383","383","383","383","383","383","383","383","383","383","383","383","383","383","383","383","383","383","383","383","383","383","383","383","383","383","383","383","383","383","383","383","383","383",NA,NA,NA,NA,NA,NA,NA,NA,NA,NA,NA,NA,NA,NA,NA,NA,NA,"CA","petrale sole","petrale_sole",NA,NA,"675","total_catch_wt_kg ~ 0 + factor(year) + pass","delta_lognormal","TRUE","iid, iid","02_7","factor(year)2011","-2.60785044798597","2.25233216169989","-7.022340366139","1.80663947016706"
"384","384","384","384","384","384","384","384","384","384","384","384","384","384","384","384","384","384","384","384","384","384","384","384","384","384","384","384","384","384","384","384","384","384","384",NA,NA,NA,NA,NA,NA,NA,NA,NA,NA,NA,NA,NA,NA,NA,NA,NA,"CA","petrale sole","petrale_sole",NA,NA,"675","total_catch_wt_kg ~ 0 + factor(year) + pass","delta_lognormal","TRUE","iid, iid","02_7","factor(year)2012","-3.10527978977809","2.25087920239641","-7.51692196002529","1.30636238046911"
"385","385","385","385","385","385","385","385","385","385","385","385","385","385","385","385","385","385","385","385","385","385","385","385","385","385","385","385","385","385","385","385","385","385","385",NA,NA,NA,NA,NA,NA,NA,NA,NA,NA,NA,NA,NA,NA,NA,NA,NA,"CA","petrale sole","petrale_sole",NA,NA,"675","total_catch_wt_kg ~ 0 + factor(year) + pass","delta_lognormal","TRUE","iid, iid","02_7","factor(year)2013","-3.21092999447177","2.25546289313691","-7.63155603348664","1.20969604454309"
"386","386","386","386","386","386","386","386","386","386","386","386","386","386","386","386","386","386","386","386","386","386","386","386","386","386","386","386","386","386","386","386","386","386","386",NA,NA,NA,NA,NA,NA,NA,NA,NA,NA,NA,NA,NA,NA,NA,NA,NA,"CA","petrale sole","petrale_sole",NA,NA,"675","total_catch_wt_kg ~ 0 + factor(year) + pass","delta_lognormal","TRUE","iid, iid","02_7","factor(year)2014","-2.18672925071464","2.24800831386186","-6.5927445828305","2.21928608140122"
"387","387","387","387","387","387","387","387","387","387","387","387","387","387","387","387","387","387","387","387","387","387","387","387","387","387","387","387","387","387","387","387","387","387","387",NA,NA,NA,NA,NA,NA,NA,NA,NA,NA,NA,NA,NA,NA,NA,NA,NA,"CA","petrale sole","petrale_sole",NA,NA,"675","total_catch_wt_kg ~ 0 + factor(year) + pass","delta_lognormal","TRUE","iid, iid","02_7","factor(year)2015","-2.22221319644849","2.24767413502884","-6.62757355008724","2.18314715719025"
"388","388","388","388","388","388","388","388","388","388","388","388","388","388","388","388","388","388","388","388","388","388","388","388","388","388","388","388","388","388","388","388","388","388","388",NA,NA,NA,NA,NA,NA,NA,NA,NA,NA,NA,NA,NA,NA,NA,NA,NA,"CA","petrale sole","petrale_sole",NA,NA,"675","total_catch_wt_kg ~ 0 + factor(year) + pass","delta_lognormal","TRUE","iid, iid","02_7","factor(year)2016","-2.84203166239075","2.25067281326099","-7.25326931736574","1.56920599258424"
"389","389","389","389","389","389","389","389","389","389","389","389","389","389","389","389","389","389","389","389","389","389","389","389","389","389","389","389","389","389","389","389","389","389","389",NA,NA,NA,NA,NA,NA,NA,NA,NA,NA,NA,NA,NA,NA,NA,NA,NA,"CA","petrale sole","petrale_sole",NA,NA,"675","total_catch_wt_kg ~ 0 + factor(year) + pass","delta_lognormal","TRUE","iid, iid","02_7","factor(year)2017","-2.91677230967401","2.24901704752647","-7.32476472344249","1.49122010409447"
"390","390","390","390","390","390","390","390","390","390","390","390","390","390","390","390","390","390","390","390","390","390","390","390","390","390","390","390","390","390","390","390","390","390","390",NA,NA,NA,NA,NA,NA,NA,NA,NA,NA,NA,NA,NA,NA,NA,NA,NA,"CA","petrale sole","petrale_sole",NA,NA,"675","total_catch_wt_kg ~ 0 + factor(year) + pass","delta_lognormal","TRUE","iid, iid","02_7","factor(year)2018","-3.42811994984055","2.25077297113526","-7.83955391064187","0.983314010960768"
"391","391","391","391","391","391","391","391","391","391","391","391","391","391","391","391","391","391","391","391","391","391","391","391","391","391","391","391","391","391","391","391","391","391","391",NA,NA,NA,NA,NA,NA,NA,NA,NA,NA,NA,NA,NA,NA,NA,NA,NA,"CA","petrale sole","petrale_sole",NA,NA,"675","total_catch_wt_kg ~ 0 + factor(year) + pass","delta_lognormal","TRUE","iid, iid","02_7","factor(year)2019","-3.70985756036752","2.27022636241555","-8.15941946745538","0.739704346720345"
"392","392","392","392","392","392","392","392","392","392","392","392","392","392","392","392","392","392","392","392","392","392","392","392","392","392","392","392","392","392","392","392","392","392","392",NA,NA,NA,NA,NA,NA,NA,NA,NA,NA,NA,NA,NA,NA,NA,NA,NA,"CA","petrale sole","petrale_sole",NA,NA,"675","total_catch_wt_kg ~ 0 + factor(year) + pass","delta_lognormal","TRUE","iid, iid","02_7","factor(year)2021","-3.02626045243257","2.24725436254507","-7.43079806712142","1.37827716225628"
"393","393","393","393","393","393","393","393","393","393","393","393","393","393","393","393","393","393","393","393","393","393","393","393","393","393","393","393","393","393","393","393","393","393","393",NA,NA,NA,NA,NA,NA,NA,NA,NA,NA,NA,NA,NA,NA,NA,NA,NA,"CA","petrale sole","petrale_sole",NA,NA,"675","total_catch_wt_kg ~ 0 + factor(year) + pass","delta_lognormal","TRUE","iid, iid","02_7","factor(year)2022","-3.2733744782234","2.25573554851002","-7.69453491194974","1.14778595550295"
"394","394","394","394","394","394","394","394","394","394","394","394","394","394","394","394","394","394","394","394","394","394","394","394","394","394","394","394","394","394","394","394","394","394","394",NA,NA,NA,NA,NA,NA,NA,NA,NA,NA,NA,NA,NA,NA,NA,NA,NA,"CA","petrale sole","petrale_sole",NA,NA,"675","total_catch_wt_kg ~ 0 + factor(year) + pass","delta_lognormal","TRUE","iid, iid","02_7","factor(year)2023","-3.47430600456298","2.25094317766843","-7.88607356403925","0.937461554913297"
"395","395","395","395","395","395","395","395","395","395","395","395","395","395","395","395","395","395","395","395","395","395","395","395","395","395","395","395","395","395","395","395","395","395","395",NA,NA,NA,NA,NA,NA,NA,NA,NA,NA,NA,NA,NA,NA,NA,NA,NA,"CA","petrale sole","petrale_sole",NA,NA,"675","total_catch_wt_kg ~ 0 + factor(year) + pass","delta_lognormal","TRUE","iid, iid","02_7","factor(year)2024","-3.01900273063672","2.25163334106021","-7.43212298550432","1.39411752423087"
"396","396","396","396","396","396","396","396","396","396","396","396","396","396","396","396","396","396","396","396","396","396","396","396","396","396","396","396","396","396","396","396","396","396","396",NA,NA,NA,NA,NA,NA,NA,NA,NA,NA,NA,NA,NA,NA,NA,NA,NA,"CA","petrale sole","petrale_sole",NA,NA,"675","total_catch_wt_kg ~ 0 + factor(year) + pass","delta_lognormal","TRUE","iid, iid","02_7","pass","0.169111584842688","0.146340154208316","-0.117709846897649","0.455933016583026"
"397","397","397","397","397","397","397","397","397","397","397","397","397","397","397","397","397","397","397","397","397","397","397","397","397","397","397","397","397","397","397","397","397","397",NA,NA,NA,NA,NA,NA,NA,NA,NA,NA,NA,NA,NA,NA,NA,NA,NA,NA,"CA","petrale sole","petrale_sole",NA,NA,"675","total_catch_wt_kg ~ 0 + factor(year) + pass","delta_lognormal","TRUE","iid, iid","02_8","factor(year)2003","-4.25253244623628","3.08860455754906","-10.3060861415187","1.80102124904615"
"398","398","398","398","398","398","398","398","398","398","398","398","398","398","398","398","398","398","398","398","398","398","398","398","398","398","398","398","398","398","398","398","398","398",NA,NA,NA,NA,NA,NA,NA,NA,NA,NA,NA,NA,NA,NA,NA,NA,NA,NA,"CA","petrale sole","petrale_sole",NA,NA,"675","total_catch_wt_kg ~ 0 + factor(year) + pass","delta_lognormal","TRUE","iid, iid","02_8","factor(year)2004","-3.85433241946342","3.09886904352663","-9.9280041375817","2.21933929865485"
"399","399","399","399","399","399","399","399","399","399","399","399","399","399","399","399","399","399","399","399","399","399","399","399","399","399","399","399","399","399","399","399","399","399",NA,NA,NA,NA,NA,NA,NA,NA,NA,NA,NA,NA,NA,NA,NA,NA,NA,NA,"CA","petrale sole","petrale_sole",NA,NA,"675","total_catch_wt_kg ~ 0 + factor(year) + pass","delta_lognormal","TRUE","iid, iid","02_8","factor(year)2005","-3.72040143926102","3.09353690767903","-9.78362236315732","2.34281948463528"
"400","400","400","400","400","400","400","400","400","400","400","400","400","400","400","400","400","400","400","400","400","400","400","400","400","400","400","400","400","400","400","400","400","400",NA,NA,NA,NA,NA,NA,NA,NA,NA,NA,NA,NA,NA,NA,NA,NA,NA,NA,"CA","petrale sole","petrale_sole",NA,NA,"675","total_catch_wt_kg ~ 0 + factor(year) + pass","delta_lognormal","TRUE","iid, iid","02_8","factor(year)2006","-3.48018411657509","3.0856469553137","-9.52794101799561","2.56757278484544"
"401","401","401","401","401","401","401","401","401","401","401","401","401","401","401","401","401","401","401","401","401","401","401","401","401","401","401","401","401","401","401","401","401","401",NA,NA,NA,NA,NA,NA,NA,NA,NA,NA,NA,NA,NA,NA,NA,NA,NA,NA,"CA","petrale sole","petrale_sole",NA,NA,"675","total_catch_wt_kg ~ 0 + factor(year) + pass","delta_lognormal","TRUE","iid, iid","02_8","factor(year)2007","-3.9451925774265","3.08637210531424","-9.99437074673148","2.10398559187847"
"402","402","402","402","402","402","402","402","402","402","402","402","402","402","402","402","402","402","402","402","402","402","402","402","402","402","402","402","402","402","402","402","402","402",NA,NA,NA,NA,NA,NA,NA,NA,NA,NA,NA,NA,NA,NA,NA,NA,NA,NA,"CA","petrale sole","petrale_sole",NA,NA,"675","total_catch_wt_kg ~ 0 + factor(year) + pass","delta_lognormal","TRUE","iid, iid","02_8","factor(year)2008","-4.02387060756456","3.08720814188117","-10.0746873784305","2.02694616330135"
"403","403","403","403","403","403","403","403","403","403","403","403","403","403","403","403","403","403","403","403","403","403","403","403","403","403","403","403","403","403","403","403","403","403",NA,NA,NA,NA,NA,NA,NA,NA,NA,NA,NA,NA,NA,NA,NA,NA,NA,NA,"CA","petrale sole","petrale_sole",NA,NA,"675","total_catch_wt_kg ~ 0 + factor(year) + pass","delta_lognormal","TRUE","iid, iid","02_8","factor(year)2009","-3.4730383962471","3.08867382797779","-9.52672785907502","2.58065106658082"
"404","404","404","404","404","404","404","404","404","404","404","404","404","404","404","404","404","404","404","404","404","404","404","404","404","404","404","404","404","404","404","404","404","404",NA,NA,NA,NA,NA,NA,NA,NA,NA,NA,NA,NA,NA,NA,NA,NA,NA,NA,"CA","petrale sole","petrale_sole",NA,NA,"675","total_catch_wt_kg ~ 0 + factor(year) + pass","delta_lognormal","TRUE","iid, iid","02_8","factor(year)2010","-2.51813894580307","3.08431350046028","-8.56328232373589","3.52700443212975"
"405","405","405","405","405","405","405","405","405","405","405","405","405","405","405","405","405","405","405","405","405","405","405","405","405","405","405","405","405","405","405","405","405","405",NA,NA,NA,NA,NA,NA,NA,NA,NA,NA,NA,NA,NA,NA,NA,NA,NA,NA,"CA","petrale sole","petrale_sole",NA,NA,"675","total_catch_wt_kg ~ 0 + factor(year) + pass","delta_lognormal","TRUE","iid, iid","02_8","factor(year)2011","-2.75095038885599","3.08722206925271","-8.80179445686852","3.29989367915655"
"406","406","406","406","406","406","406","406","406","406","406","406","406","406","406","406","406","406","406","406","406","406","406","406","406","406","406","406","406","406","406","406","406","406",NA,NA,NA,NA,NA,NA,NA,NA,NA,NA,NA,NA,NA,NA,NA,NA,NA,NA,"CA","petrale sole","petrale_sole",NA,NA,"675","total_catch_wt_kg ~ 0 + factor(year) + pass","delta_lognormal","TRUE","iid, iid","02_8","factor(year)2012","-3.44141602393065","3.08695271124647","-9.49173215995202","2.60890011209071"
"407","407","407","407","407","407","407","407","407","407","407","407","407","407","407","407","407","407","407","407","407","407","407","407","407","407","407","407","407","407","407","407","407","407",NA,NA,NA,NA,NA,NA,NA,NA,NA,NA,NA,NA,NA,NA,NA,NA,NA,NA,"CA","petrale sole","petrale_sole",NA,NA,"675","total_catch_wt_kg ~ 0 + factor(year) + pass","delta_lognormal","TRUE","iid, iid","02_8","factor(year)2013","-2.99716054757101","3.09262514230139","-9.05859444416478","3.06427334902277"
"408","408","408","408","408","408","408","408","408","408","408","408","408","408","408","408","408","408","408","408","408","408","408","408","408","408","408","408","408","408","408","408","408","408",NA,NA,NA,NA,NA,NA,NA,NA,NA,NA,NA,NA,NA,NA,NA,NA,NA,NA,"CA","petrale sole","petrale_sole",NA,NA,"675","total_catch_wt_kg ~ 0 + factor(year) + pass","delta_lognormal","TRUE","iid, iid","02_8","factor(year)2014","-2.19387412143198","3.08209629323843","-8.2346718530637","3.84692361019973"
"409","409","409","409","409","409","409","409","409","409","409","409","409","409","409","409","409","409","409","409","409","409","409","409","409","409","409","409","409","409","409","409","409","409",NA,NA,NA,NA,NA,NA,NA,NA,NA,NA,NA,NA,NA,NA,NA,NA,NA,NA,"CA","petrale sole","petrale_sole",NA,NA,"675","total_catch_wt_kg ~ 0 + factor(year) + pass","delta_lognormal","TRUE","iid, iid","02_8","factor(year)2015","-3.32572671722234","3.08472790601522","-9.37168231511783","2.72022888067315"
"410","410","410","410","410","410","410","410","410","410","410","410","410","410","410","410","410","410","410","410","410","410","410","410","410","410","410","410","410","410","410","410","410","410",NA,NA,NA,NA,NA,NA,NA,NA,NA,NA,NA,NA,NA,NA,NA,NA,NA,NA,"CA","petrale sole","petrale_sole",NA,NA,"675","total_catch_wt_kg ~ 0 + factor(year) + pass","delta_lognormal","TRUE","iid, iid","02_8","factor(year)2016","-3.07607675196275","3.07960504174283","-9.11199172038666","2.95983821646116"
"411","411","411","411","411","411","411","411","411","411","411","411","411","411","411","411","411","411","411","411","411","411","411","411","411","411","411","411","411","411","411","411","411","411",NA,NA,NA,NA,NA,NA,NA,NA,NA,NA,NA,NA,NA,NA,NA,NA,NA,NA,"CA","petrale sole","petrale_sole",NA,NA,"675","total_catch_wt_kg ~ 0 + factor(year) + pass","delta_lognormal","TRUE","iid, iid","02_8","factor(year)2017","-3.44918386204634","3.08234126341878","-9.49046172640884","2.59209400231615"
"412","412","412","412","412","412","412","412","412","412","412","412","412","412","412","412","412","412","412","412","412","412","412","412","412","412","412","412","412","412","412","412","412","412",NA,NA,NA,NA,NA,NA,NA,NA,NA,NA,NA,NA,NA,NA,NA,NA,NA,NA,"CA","petrale sole","petrale_sole",NA,NA,"675","total_catch_wt_kg ~ 0 + factor(year) + pass","delta_lognormal","TRUE","iid, iid","02_8","factor(year)2018","-3.4907287431982","3.08154859001237","-9.53045299623262","2.54899550983622"
"413","413","413","413","413","413","413","413","413","413","413","413","413","413","413","413","413","413","413","413","413","413","413","413","413","413","413","413","413","413","413","413","413","413",NA,NA,NA,NA,NA,NA,NA,NA,NA,NA,NA,NA,NA,NA,NA,NA,NA,NA,"CA","petrale sole","petrale_sole",NA,NA,"675","total_catch_wt_kg ~ 0 + factor(year) + pass","delta_lognormal","TRUE","iid, iid","02_8","factor(year)2019","-3.27151722105791","3.11860676011628","-9.38387415282895","2.84083971071314"
"414","414","414","414","414","414","414","414","414","414","414","414","414","414","414","414","414","414","414","414","414","414","414","414","414","414","414","414","414","414","414","414","414","414",NA,NA,NA,NA,NA,NA,NA,NA,NA,NA,NA,NA,NA,NA,NA,NA,NA,NA,"CA","petrale sole","petrale_sole",NA,NA,"675","total_catch_wt_kg ~ 0 + factor(year) + pass","delta_lognormal","TRUE","iid, iid","02_8","factor(year)2021","-3.15245401919001","3.08431273556016","-9.19759589794614","2.89268785956611"
"415","415","415","415","415","415","415","415","415","415","415","415","415","415","415","415","415","415","415","415","415","415","415","415","415","415","415","415","415","415","415","415","415","415",NA,NA,NA,NA,NA,NA,NA,NA,NA,NA,NA,NA,NA,NA,NA,NA,NA,NA,"CA","petrale sole","petrale_sole",NA,NA,"675","total_catch_wt_kg ~ 0 + factor(year) + pass","delta_lognormal","TRUE","iid, iid","02_8","factor(year)2022","-3.29238729032095","3.08106170672419","-9.33115726964588","2.74638268900398"
"416","416","416","416","416","416","416","416","416","416","416","416","416","416","416","416","416","416","416","416","416","416","416","416","416","416","416","416","416","416","416","416","416","416",NA,NA,NA,NA,NA,NA,NA,NA,NA,NA,NA,NA,NA,NA,NA,NA,NA,NA,"CA","petrale sole","petrale_sole",NA,NA,"675","total_catch_wt_kg ~ 0 + factor(year) + pass","delta_lognormal","TRUE","iid, iid","02_8","factor(year)2023","-3.40040963850246","3.08640556764667","-9.44965339277383","2.64883411576892"
"417","417","417","417","417","417","417","417","417","417","417","417","417","417","417","417","417","417","417","417","417","417","417","417","417","417","417","417","417","417","417","417","417","417",NA,NA,NA,NA,NA,NA,NA,NA,NA,NA,NA,NA,NA,NA,NA,NA,NA,NA,"CA","petrale sole","petrale_sole",NA,NA,"675","total_catch_wt_kg ~ 0 + factor(year) + pass","delta_lognormal","TRUE","iid, iid","02_8","factor(year)2024","-3.10393993642973","3.08851380335945","-9.15731575676908","2.94943588390963"
"418","418","418","418","418","418","418","418","418","418","418","418","418","418","418","418","418","418","418","418","418","418","418","418","418","418","418","418","418","418","418","418","418","418",NA,NA,NA,NA,NA,NA,NA,NA,NA,NA,NA,NA,NA,NA,NA,NA,NA,NA,"CA","petrale sole","petrale_sole",NA,NA,"675","total_catch_wt_kg ~ 0 + factor(year) + pass","delta_lognormal","TRUE","iid, iid","02_8","pass","-0.00977147087474258","0.157696846175192","-0.318851609853673","0.299308668104188"
"419","419","419","419","419","419","419","419","419","419","419","419","419","419","419","419","419","419","419","419","419","419","419","419","419","419","419","419","419","419","419","419","419",NA,NA,NA,NA,NA,NA,NA,NA,NA,NA,NA,NA,NA,NA,NA,NA,NA,NA,NA,"CA","petrale sole","petrale_sole",NA,NA,"675","total_catch_wt_kg ~ 0 + factor(year) + pass","delta_lognormal","TRUE","iid, iid","02_9","factor(year)2003","-2.90968198465703","2.84960000015237","-8.49479535530101","2.67543138598694"
"420","420","420","420","420","420","420","420","420","420","420","420","420","420","420","420","420","420","420","420","420","420","420","420","420","420","420","420","420","420","420","420","420",NA,NA,NA,NA,NA,NA,NA,NA,NA,NA,NA,NA,NA,NA,NA,NA,NA,NA,NA,"CA","petrale sole","petrale_sole",NA,NA,"675","total_catch_wt_kg ~ 0 + factor(year) + pass","delta_lognormal","TRUE","iid, iid","02_9","factor(year)2004","-2.33384304665628","2.8616266890343","-7.94252829436211","3.27484220104954"
"421","421","421","421","421","421","421","421","421","421","421","421","421","421","421","421","421","421","421","421","421","421","421","421","421","421","421","421","421","421","421","421","421",NA,NA,NA,NA,NA,NA,NA,NA,NA,NA,NA,NA,NA,NA,NA,NA,NA,NA,NA,"CA","petrale sole","petrale_sole",NA,NA,"675","total_catch_wt_kg ~ 0 + factor(year) + pass","delta_lognormal","TRUE","iid, iid","02_9","factor(year)2005","-3.06069339734222","2.85435345775209","-8.65512337368369","2.53373657899926"
"422","422","422","422","422","422","422","422","422","422","422","422","422","422","422","422","422","422","422","422","422","422","422","422","422","422","422","422","422","422","422","422","422",NA,NA,NA,NA,NA,NA,NA,NA,NA,NA,NA,NA,NA,NA,NA,NA,NA,NA,NA,"CA","petrale sole","petrale_sole",NA,NA,"675","total_catch_wt_kg ~ 0 + factor(year) + pass","delta_lognormal","TRUE","iid, iid","02_9","factor(year)2006","-2.90292513669732","2.85307213998216","-8.49484377635696","2.68899350296233"
"423","423","423","423","423","423","423","423","423","423","423","423","423","423","423","423","423","423","423","423","423","423","423","423","423","423","423","423","423","423","423","423","423",NA,NA,NA,NA,NA,NA,NA,NA,NA,NA,NA,NA,NA,NA,NA,NA,NA,NA,NA,"CA","petrale sole","petrale_sole",NA,NA,"675","total_catch_wt_kg ~ 0 + factor(year) + pass","delta_lognormal","TRUE","iid, iid","02_9","factor(year)2007","-3.00392473627205","2.84907148527671","-8.58800223679443","2.58015276425034"
"424","424","424","424","424","424","424","424","424","424","424","424","424","424","424","424","424","424","424","424","424","424","424","424","424","424","424","424","424","424","424","424","424",NA,NA,NA,NA,NA,NA,NA,NA,NA,NA,NA,NA,NA,NA,NA,NA,NA,NA,NA,"CA","petrale sole","petrale_sole",NA,NA,"675","total_catch_wt_kg ~ 0 + factor(year) + pass","delta_lognormal","TRUE","iid, iid","02_9","factor(year)2008","-2.10744352374227","2.84841868914298","-7.69024156735329","3.47535451986875"
"425","425","425","425","425","425","425","425","425","425","425","425","425","425","425","425","425","425","425","425","425","425","425","425","425","425","425","425","425","425","425","425","425",NA,NA,NA,NA,NA,NA,NA,NA,NA,NA,NA,NA,NA,NA,NA,NA,NA,NA,NA,"CA","petrale sole","petrale_sole",NA,NA,"675","total_catch_wt_kg ~ 0 + factor(year) + pass","delta_lognormal","TRUE","iid, iid","02_9","factor(year)2009","-2.55897589765839","2.85106641761998","-8.14696339372518","3.02901159840839"
"426","426","426","426","426","426","426","426","426","426","426","426","426","426","426","426","426","426","426","426","426","426","426","426","426","426","426","426","426","426","426","426","426",NA,NA,NA,NA,NA,NA,NA,NA,NA,NA,NA,NA,NA,NA,NA,NA,NA,NA,NA,"CA","petrale sole","petrale_sole",NA,NA,"675","total_catch_wt_kg ~ 0 + factor(year) + pass","delta_lognormal","TRUE","iid, iid","02_9","factor(year)2010","-2.18392811410944","2.84930804387693","-7.76846926096849","3.40061303274961"
"427","427","427","427","427","427","427","427","427","427","427","427","427","427","427","427","427","427","427","427","427","427","427","427","427","427","427","427","427","427","427","427","427",NA,NA,NA,NA,NA,NA,NA,NA,NA,NA,NA,NA,NA,NA,NA,NA,NA,NA,NA,"CA","petrale sole","petrale_sole",NA,NA,"675","total_catch_wt_kg ~ 0 + factor(year) + pass","delta_lognormal","TRUE","iid, iid","02_9","factor(year)2011","-1.97753801005648","2.84810529980432","-7.55972182185059","3.60464580173763"
"428","428","428","428","428","428","428","428","428","428","428","428","428","428","428","428","428","428","428","428","428","428","428","428","428","428","428","428","428","428","428","428","428",NA,NA,NA,NA,NA,NA,NA,NA,NA,NA,NA,NA,NA,NA,NA,NA,NA,NA,NA,"CA","petrale sole","petrale_sole",NA,NA,"675","total_catch_wt_kg ~ 0 + factor(year) + pass","delta_lognormal","TRUE","iid, iid","02_9","factor(year)2012","-2.89725907962839","2.85189641441368","-8.48687333951812","2.69235518026134"
"429","429","429","429","429","429","429","429","429","429","429","429","429","429","429","429","429","429","429","429","429","429","429","429","429","429","429","429","429","429","429","429","429",NA,NA,NA,NA,NA,NA,NA,NA,NA,NA,NA,NA,NA,NA,NA,NA,NA,NA,NA,"CA","petrale sole","petrale_sole",NA,NA,"675","total_catch_wt_kg ~ 0 + factor(year) + pass","delta_lognormal","TRUE","iid, iid","02_9","factor(year)2013","-2.26935610198126","2.85315598027757","-7.86143906560037","3.32272686163784"
"430","430","430","430","430","430","430","430","430","430","430","430","430","430","430","430","430","430","430","430","430","430","430","430","430","430","430","430","430","430","430","430","430",NA,NA,NA,NA,NA,NA,NA,NA,NA,NA,NA,NA,NA,NA,NA,NA,NA,NA,NA,"CA","petrale sole","petrale_sole",NA,NA,"675","total_catch_wt_kg ~ 0 + factor(year) + pass","delta_lognormal","TRUE","iid, iid","02_9","factor(year)2014","-1.52177950590924","2.85007976444209","-7.10783319728213","4.06427418546364"
"431","431","431","431","431","431","431","431","431","431","431","431","431","431","431","431","431","431","431","431","431","431","431","431","431","431","431","431","431","431","431","431","431",NA,NA,NA,NA,NA,NA,NA,NA,NA,NA,NA,NA,NA,NA,NA,NA,NA,NA,NA,"CA","petrale sole","petrale_sole",NA,NA,"675","total_catch_wt_kg ~ 0 + factor(year) + pass","delta_lognormal","TRUE","iid, iid","02_9","factor(year)2015","-1.88591407721405","2.85030846721513","-7.47241601778528","3.70058786335718"
"432","432","432","432","432","432","432","432","432","432","432","432","432","432","432","432","432","432","432","432","432","432","432","432","432","432","432","432","432","432","432","432","432",NA,NA,NA,NA,NA,NA,NA,NA,NA,NA,NA,NA,NA,NA,NA,NA,NA,NA,NA,"CA","petrale sole","petrale_sole",NA,NA,"675","total_catch_wt_kg ~ 0 + factor(year) + pass","delta_lognormal","TRUE","iid, iid","02_9","factor(year)2016","-2.09778314985427","2.85031803358901","-7.68430384017376","3.48873754046521"
"433","433","433","433","433","433","433","433","433","433","433","433","433","433","433","433","433","433","433","433","433","433","433","433","433","433","433","433","433","433","433","433","433",NA,NA,NA,NA,NA,NA,NA,NA,NA,NA,NA,NA,NA,NA,NA,NA,NA,NA,NA,"CA","petrale sole","petrale_sole",NA,NA,"675","total_catch_wt_kg ~ 0 + factor(year) + pass","delta_lognormal","TRUE","iid, iid","02_9","factor(year)2017","-2.75240353690206","2.8501539710255","-8.33860267050586","2.83379559670174"
"434","434","434","434","434","434","434","434","434","434","434","434","434","434","434","434","434","434","434","434","434","434","434","434","434","434","434","434","434","434","434","434","434",NA,NA,NA,NA,NA,NA,NA,NA,NA,NA,NA,NA,NA,NA,NA,NA,NA,NA,NA,"CA","petrale sole","petrale_sole",NA,NA,"675","total_catch_wt_kg ~ 0 + factor(year) + pass","delta_lognormal","TRUE","iid, iid","02_9","factor(year)2018","-2.76852624337196","2.85321065479438","-8.36071636707488","2.82366388033096"
"435","435","435","435","435","435","435","435","435","435","435","435","435","435","435","435","435","435","435","435","435","435","435","435","435","435","435","435","435","435","435","435","435",NA,NA,NA,NA,NA,NA,NA,NA,NA,NA,NA,NA,NA,NA,NA,NA,NA,NA,NA,"CA","petrale sole","petrale_sole",NA,NA,"675","total_catch_wt_kg ~ 0 + factor(year) + pass","delta_lognormal","TRUE","iid, iid","02_9","factor(year)2019","-2.79311626787986","2.86408938350422","-8.40662830805165","2.82039577229194"
"436","436","436","436","436","436","436","436","436","436","436","436","436","436","436","436","436","436","436","436","436","436","436","436","436","436","436","436","436","436","436","436","436",NA,NA,NA,NA,NA,NA,NA,NA,NA,NA,NA,NA,NA,NA,NA,NA,NA,NA,NA,"CA","petrale sole","petrale_sole",NA,NA,"675","total_catch_wt_kg ~ 0 + factor(year) + pass","delta_lognormal","TRUE","iid, iid","02_9","factor(year)2021","-2.68257831137714","2.8478764037578","-8.26431349516388","2.89915687240961"
"437","437","437","437","437","437","437","437","437","437","437","437","437","437","437","437","437","437","437","437","437","437","437","437","437","437","437","437","437","437","437","437","437",NA,NA,NA,NA,NA,NA,NA,NA,NA,NA,NA,NA,NA,NA,NA,NA,NA,NA,NA,"CA","petrale sole","petrale_sole",NA,NA,"675","total_catch_wt_kg ~ 0 + factor(year) + pass","delta_lognormal","TRUE","iid, iid","02_9","factor(year)2022","-2.61594794300481","2.85105044904874","-8.20390414124709","2.97200825523748"
"438","438","438","438","438","438","438","438","438","438","438","438","438","438","438","438","438","438","438","438","438","438","438","438","438","438","438","438","438","438","438","438","438",NA,NA,NA,NA,NA,NA,NA,NA,NA,NA,NA,NA,NA,NA,NA,NA,NA,NA,NA,"CA","petrale sole","petrale_sole",NA,NA,"675","total_catch_wt_kg ~ 0 + factor(year) + pass","delta_lognormal","TRUE","iid, iid","02_9","factor(year)2023","-3.37002918968619","2.85769279497041","-8.97100414670779","2.23094576733541"
"439","439","439","439","439","439","439","439","439","439","439","439","439","439","439","439","439","439","439","439","439","439","439","439","439","439","439","439","439","439","439","439","439",NA,NA,NA,NA,NA,NA,NA,NA,NA,NA,NA,NA,NA,NA,NA,NA,NA,NA,NA,"CA","petrale sole","petrale_sole",NA,NA,"675","total_catch_wt_kg ~ 0 + factor(year) + pass","delta_lognormal","TRUE","iid, iid","02_9","factor(year)2024","-3.0249184219787","2.85238452929735","-8.61548936946075","2.56565252550334"
"440","440","440","440","440","440","440","440","440","440","440","440","440","440","440","440","440","440","440","440","440","440","440","440","440","440","440","440","440","440","440","440","440",NA,NA,NA,NA,NA,NA,NA,NA,NA,NA,NA,NA,NA,NA,NA,NA,NA,NA,NA,"CA","petrale sole","petrale_sole",NA,NA,"675","total_catch_wt_kg ~ 0 + factor(year) + pass","delta_lognormal","TRUE","iid, iid","02_9","pass","0.079196040055928","0.151673018501142","-0.218077613632787","0.376469693744643"
"441","441","441","441","441","441","441","441","441","441","441","441","441","441","441","441","441","441","441","441","441","441","441","441","441","441","441","441","441","441","441","441",NA,NA,NA,NA,NA,NA,NA,NA,NA,NA,NA,NA,NA,NA,NA,NA,NA,NA,NA,NA,"CA","petrale sole","petrale_sole",NA,NA,"675","total_catch_wt_kg ~ 0 + factor(year) + pass","delta_lognormal","TRUE","iid, iid","03_1","factor(year)2003","-3.95684342265805","2.27775618601233","-8.42116351280553","0.507476667489435"
"442","442","442","442","442","442","442","442","442","442","442","442","442","442","442","442","442","442","442","442","442","442","442","442","442","442","442","442","442","442","442","442",NA,NA,NA,NA,NA,NA,NA,NA,NA,NA,NA,NA,NA,NA,NA,NA,NA,NA,NA,NA,"CA","petrale sole","petrale_sole",NA,NA,"675","total_catch_wt_kg ~ 0 + factor(year) + pass","delta_lognormal","TRUE","iid, iid","03_1","factor(year)2004","-3.92804880795327","2.28564832066898","-8.40783719778892","0.551739581882374"
"443","443","443","443","443","443","443","443","443","443","443","443","443","443","443","443","443","443","443","443","443","443","443","443","443","443","443","443","443","443","443","443",NA,NA,NA,NA,NA,NA,NA,NA,NA,NA,NA,NA,NA,NA,NA,NA,NA,NA,NA,NA,"CA","petrale sole","petrale_sole",NA,NA,"675","total_catch_wt_kg ~ 0 + factor(year) + pass","delta_lognormal","TRUE","iid, iid","03_1","factor(year)2005","-4.00322271162777","2.28017770115676","-8.47228888424635","0.465843460990804"
"444","444","444","444","444","444","444","444","444","444","444","444","444","444","444","444","444","444","444","444","444","444","444","444","444","444","444","444","444","444","444","444",NA,NA,NA,NA,NA,NA,NA,NA,NA,NA,NA,NA,NA,NA,NA,NA,NA,NA,NA,NA,"CA","petrale sole","petrale_sole",NA,NA,"675","total_catch_wt_kg ~ 0 + factor(year) + pass","delta_lognormal","TRUE","iid, iid","03_1","factor(year)2006","-4.14455930767306","2.27439497183666","-8.6022915390919","0.313172923745782"
"445","445","445","445","445","445","445","445","445","445","445","445","445","445","445","445","445","445","445","445","445","445","445","445","445","445","445","445","445","445","445","445",NA,NA,NA,NA,NA,NA,NA,NA,NA,NA,NA,NA,NA,NA,NA,NA,NA,NA,NA,NA,"CA","petrale sole","petrale_sole",NA,NA,"675","total_catch_wt_kg ~ 0 + factor(year) + pass","delta_lognormal","TRUE","iid, iid","03_1","factor(year)2007","-4.23639425557105","2.27592526568669","-8.69712580782171","0.224337296679611"
"446","446","446","446","446","446","446","446","446","446","446","446","446","446","446","446","446","446","446","446","446","446","446","446","446","446","446","446","446","446","446","446",NA,NA,NA,NA,NA,NA,NA,NA,NA,NA,NA,NA,NA,NA,NA,NA,NA,NA,NA,NA,"CA","petrale sole","petrale_sole",NA,NA,"675","total_catch_wt_kg ~ 0 + factor(year) + pass","delta_lognormal","TRUE","iid, iid","03_1","factor(year)2008","-3.93745761219457","2.27866361044617","-8.40355622155107","0.528640997161927"
"447","447","447","447","447","447","447","447","447","447","447","447","447","447","447","447","447","447","447","447","447","447","447","447","447","447","447","447","447","447","447","447",NA,NA,NA,NA,NA,NA,NA,NA,NA,NA,NA,NA,NA,NA,NA,NA,NA,NA,NA,NA,"CA","petrale sole","petrale_sole",NA,NA,"675","total_catch_wt_kg ~ 0 + factor(year) + pass","delta_lognormal","TRUE","iid, iid","03_1","factor(year)2009","-3.85367740665255","2.27683673056971","-8.31619539724711","0.608840583942001"
"448","448","448","448","448","448","448","448","448","448","448","448","448","448","448","448","448","448","448","448","448","448","448","448","448","448","448","448","448","448","448","448",NA,NA,NA,NA,NA,NA,NA,NA,NA,NA,NA,NA,NA,NA,NA,NA,NA,NA,NA,NA,"CA","petrale sole","petrale_sole",NA,NA,"675","total_catch_wt_kg ~ 0 + factor(year) + pass","delta_lognormal","TRUE","iid, iid","03_1","factor(year)2010","-3.42633085521138","2.27271696822447","-7.8807742599844","1.02811254956163"
"449","449","449","449","449","449","449","449","449","449","449","449","449","449","449","449","449","449","449","449","449","449","449","449","449","449","449","449","449","449","449","449",NA,NA,NA,NA,NA,NA,NA,NA,NA,NA,NA,NA,NA,NA,NA,NA,NA,NA,NA,NA,"CA","petrale sole","petrale_sole",NA,NA,"675","total_catch_wt_kg ~ 0 + factor(year) + pass","delta_lognormal","TRUE","iid, iid","03_1","factor(year)2011","-3.05718782749381","2.27498723057066","-7.51608086470082","1.4017052097132"
"450","450","450","450","450","450","450","450","450","450","450","450","450","450","450","450","450","450","450","450","450","450","450","450","450","450","450","450","450","450","450","450",NA,NA,NA,NA,NA,NA,NA,NA,NA,NA,NA,NA,NA,NA,NA,NA,NA,NA,NA,NA,"CA","petrale sole","petrale_sole",NA,NA,"675","total_catch_wt_kg ~ 0 + factor(year) + pass","delta_lognormal","TRUE","iid, iid","03_1","factor(year)2012","-3.44878456395723","2.27532772718186","-7.90834496225905","1.01077583434459"
"451","451","451","451","451","451","451","451","451","451","451","451","451","451","451","451","451","451","451","451","451","451","451","451","451","451","451","451","451","451","451","451",NA,NA,NA,NA,NA,NA,NA,NA,NA,NA,NA,NA,NA,NA,NA,NA,NA,NA,NA,NA,"CA","petrale sole","petrale_sole",NA,NA,"675","total_catch_wt_kg ~ 0 + factor(year) + pass","delta_lognormal","TRUE","iid, iid","03_1","factor(year)2013","-3.37708823150584","2.2786681810146","-7.84319579901186","1.08901933600018"
"452","452","452","452","452","452","452","452","452","452","452","452","452","452","452","452","452","452","452","452","452","452","452","452","452","452","452","452","452","452","452","452",NA,NA,NA,NA,NA,NA,NA,NA,NA,NA,NA,NA,NA,NA,NA,NA,NA,NA,NA,NA,"CA","petrale sole","petrale_sole",NA,NA,"675","total_catch_wt_kg ~ 0 + factor(year) + pass","delta_lognormal","TRUE","iid, iid","03_1","factor(year)2014","-2.697846200461","2.27280099318035","-7.15245429112135","1.75676189019935"
"453","453","453","453","453","453","453","453","453","453","453","453","453","453","453","453","453","453","453","453","453","453","453","453","453","453","453","453","453","453","453","453",NA,NA,NA,NA,NA,NA,NA,NA,NA,NA,NA,NA,NA,NA,NA,NA,NA,NA,NA,NA,"CA","petrale sole","petrale_sole",NA,NA,"675","total_catch_wt_kg ~ 0 + factor(year) + pass","delta_lognormal","TRUE","iid, iid","03_1","factor(year)2015","-3.08824754808863","2.27849429382469","-7.55401430296504","1.37751920678779"
"454","454","454","454","454","454","454","454","454","454","454","454","454","454","454","454","454","454","454","454","454","454","454","454","454","454","454","454","454","454","454","454",NA,NA,NA,NA,NA,NA,NA,NA,NA,NA,NA,NA,NA,NA,NA,NA,NA,NA,NA,NA,"CA","petrale sole","petrale_sole",NA,NA,"675","total_catch_wt_kg ~ 0 + factor(year) + pass","delta_lognormal","TRUE","iid, iid","03_1","factor(year)2016","-3.29443809666968","2.27401443276534","-7.75142448521402","1.16254829187465"
"455","455","455","455","455","455","455","455","455","455","455","455","455","455","455","455","455","455","455","455","455","455","455","455","455","455","455","455","455","455","455","455",NA,NA,NA,NA,NA,NA,NA,NA,NA,NA,NA,NA,NA,NA,NA,NA,NA,NA,NA,NA,"CA","petrale sole","petrale_sole",NA,NA,"675","total_catch_wt_kg ~ 0 + factor(year) + pass","delta_lognormal","TRUE","iid, iid","03_1","factor(year)2017","-3.43069639200374","2.27712443003822","-7.89377826319496","1.03238547918747"
"456","456","456","456","456","456","456","456","456","456","456","456","456","456","456","456","456","456","456","456","456","456","456","456","456","456","456","456","456","456","456","456",NA,NA,NA,NA,NA,NA,NA,NA,NA,NA,NA,NA,NA,NA,NA,NA,NA,NA,NA,NA,"CA","petrale sole","petrale_sole",NA,NA,"675","total_catch_wt_kg ~ 0 + factor(year) + pass","delta_lognormal","TRUE","iid, iid","03_1","factor(year)2018","-3.95853384968316","2.2767124719419","-8.42080829784244","0.503740598476122"
"457","457","457","457","457","457","457","457","457","457","457","457","457","457","457","457","457","457","457","457","457","457","457","457","457","457","457","457","457","457","457","457",NA,NA,NA,NA,NA,NA,NA,NA,NA,NA,NA,NA,NA,NA,NA,NA,NA,NA,NA,NA,"CA","petrale sole","petrale_sole",NA,NA,"675","total_catch_wt_kg ~ 0 + factor(year) + pass","delta_lognormal","TRUE","iid, iid","03_1","factor(year)2019","-3.92751219354243","2.28712731417915","-8.41019935739138","0.555174970306521"
"458","458","458","458","458","458","458","458","458","458","458","458","458","458","458","458","458","458","458","458","458","458","458","458","458","458","458","458","458","458","458","458",NA,NA,NA,NA,NA,NA,NA,NA,NA,NA,NA,NA,NA,NA,NA,NA,NA,NA,NA,NA,"CA","petrale sole","petrale_sole",NA,NA,"675","total_catch_wt_kg ~ 0 + factor(year) + pass","delta_lognormal","TRUE","iid, iid","03_1","factor(year)2021","-3.67457652298246","2.27272343264415","-8.12903259778524","0.779879551820323"
"459","459","459","459","459","459","459","459","459","459","459","459","459","459","459","459","459","459","459","459","459","459","459","459","459","459","459","459","459","459","459","459",NA,NA,NA,NA,NA,NA,NA,NA,NA,NA,NA,NA,NA,NA,NA,NA,NA,NA,NA,NA,"CA","petrale sole","petrale_sole",NA,NA,"675","total_catch_wt_kg ~ 0 + factor(year) + pass","delta_lognormal","TRUE","iid, iid","03_1","factor(year)2022","-3.37549981936046","2.27868126835949","-7.8416330375911","1.09063339887018"
"460","460","460","460","460","460","460","460","460","460","460","460","460","460","460","460","460","460","460","460","460","460","460","460","460","460","460","460","460","460","460","460",NA,NA,NA,NA,NA,NA,NA,NA,NA,NA,NA,NA,NA,NA,NA,NA,NA,NA,NA,NA,"CA","petrale sole","petrale_sole",NA,NA,"675","total_catch_wt_kg ~ 0 + factor(year) + pass","delta_lognormal","TRUE","iid, iid","03_1","factor(year)2023","-3.68768787887353","2.27837322170903","-8.15321733676372","0.777841579016664"
"461","461","461","461","461","461","461","461","461","461","461","461","461","461","461","461","461","461","461","461","461","461","461","461","461","461","461","461","461","461","461","461",NA,NA,NA,NA,NA,NA,NA,NA,NA,NA,NA,NA,NA,NA,NA,NA,NA,NA,NA,NA,"CA","petrale sole","petrale_sole",NA,NA,"675","total_catch_wt_kg ~ 0 + factor(year) + pass","delta_lognormal","TRUE","iid, iid","03_1","factor(year)2024","-3.23187398422482","2.27565514516807","-7.6920761099875","1.22832814153786"
"462","462","462","462","462","462","462","462","462","462","462","462","462","462","462","462","462","462","462","462","462","462","462","462","462","462","462","462","462","462","462","462",NA,NA,NA,NA,NA,NA,NA,NA,NA,NA,NA,NA,NA,NA,NA,NA,NA,NA,NA,NA,"CA","petrale sole","petrale_sole",NA,NA,"675","total_catch_wt_kg ~ 0 + factor(year) + pass","delta_lognormal","TRUE","iid, iid","03_1","pass","0.0932450900722235","0.126320196220256","-0.15433794503951","0.340828125183957"
"463","463","463","463","463","463","463","463","463","463","463","463","463","463","463","463","463","463","463","463","463","463","463","463","463","463","463","463","463","463","463",NA,NA,NA,NA,NA,NA,NA,NA,NA,NA,NA,NA,NA,NA,NA,NA,NA,NA,NA,NA,NA,"CA","petrale sole","petrale_sole",NA,NA,"675","total_catch_wt_kg ~ 0 + factor(year) + pass","delta_lognormal","TRUE","iid, iid","03_10","factor(year)2003","-4.3410317614877","2.83955796753266","-9.90646310986548","1.22439958689007"
"464","464","464","464","464","464","464","464","464","464","464","464","464","464","464","464","464","464","464","464","464","464","464","464","464","464","464","464","464","464","464",NA,NA,NA,NA,NA,NA,NA,NA,NA,NA,NA,NA,NA,NA,NA,NA,NA,NA,NA,NA,NA,"CA","petrale sole","petrale_sole",NA,NA,"675","total_catch_wt_kg ~ 0 + factor(year) + pass","delta_lognormal","TRUE","iid, iid","03_10","factor(year)2004","-4.21456237140781","2.84079803842576","-9.78242421407432","1.3532994712587"
"465","465","465","465","465","465","465","465","465","465","465","465","465","465","465","465","465","465","465","465","465","465","465","465","465","465","465","465","465","465","465",NA,NA,NA,NA,NA,NA,NA,NA,NA,NA,NA,NA,NA,NA,NA,NA,NA,NA,NA,NA,NA,"CA","petrale sole","petrale_sole",NA,NA,"675","total_catch_wt_kg ~ 0 + factor(year) + pass","delta_lognormal","TRUE","iid, iid","03_10","factor(year)2005","-4.27268758958322","2.83794244180803","-9.83495256572461","1.28957738655818"
"466","466","466","466","466","466","466","466","466","466","466","466","466","466","466","466","466","466","466","466","466","466","466","466","466","466","466","466","466","466","466",NA,NA,NA,NA,NA,NA,NA,NA,NA,NA,NA,NA,NA,NA,NA,NA,NA,NA,NA,NA,NA,"CA","petrale sole","petrale_sole",NA,NA,"675","total_catch_wt_kg ~ 0 + factor(year) + pass","delta_lognormal","TRUE","iid, iid","03_10","factor(year)2006","-4.57773119773215","2.8334796456765","-10.1312492541854","0.975786858721111"
"467","467","467","467","467","467","467","467","467","467","467","467","467","467","467","467","467","467","467","467","467","467","467","467","467","467","467","467","467","467","467",NA,NA,NA,NA,NA,NA,NA,NA,NA,NA,NA,NA,NA,NA,NA,NA,NA,NA,NA,NA,NA,"CA","petrale sole","petrale_sole",NA,NA,"675","total_catch_wt_kg ~ 0 + factor(year) + pass","delta_lognormal","TRUE","iid, iid","03_10","factor(year)2007","-4.53861981259846","2.83385736561315","-10.0928781865238","1.01563856132688"
"468","468","468","468","468","468","468","468","468","468","468","468","468","468","468","468","468","468","468","468","468","468","468","468","468","468","468","468","468","468","468",NA,NA,NA,NA,NA,NA,NA,NA,NA,NA,NA,NA,NA,NA,NA,NA,NA,NA,NA,NA,NA,"CA","petrale sole","petrale_sole",NA,NA,"675","total_catch_wt_kg ~ 0 + factor(year) + pass","delta_lognormal","TRUE","iid, iid","03_10","factor(year)2008","-4.50859274550925","2.83447830391175","-10.0640681361365","1.04688264511796"
"469","469","469","469","469","469","469","469","469","469","469","469","469","469","469","469","469","469","469","469","469","469","469","469","469","469","469","469","469","469","469",NA,NA,NA,NA,NA,NA,NA,NA,NA,NA,NA,NA,NA,NA,NA,NA,NA,NA,NA,NA,NA,"CA","petrale sole","petrale_sole",NA,NA,"675","total_catch_wt_kg ~ 0 + factor(year) + pass","delta_lognormal","TRUE","iid, iid","03_10","factor(year)2009","-3.84119222190641","2.83329898960605","-9.39435619896799","1.71197175515516"
"470","470","470","470","470","470","470","470","470","470","470","470","470","470","470","470","470","470","470","470","470","470","470","470","470","470","470","470","470","470","470",NA,NA,NA,NA,NA,NA,NA,NA,NA,NA,NA,NA,NA,NA,NA,NA,NA,NA,NA,NA,NA,"CA","petrale sole","petrale_sole",NA,NA,"675","total_catch_wt_kg ~ 0 + factor(year) + pass","delta_lognormal","TRUE","iid, iid","03_10","factor(year)2010","-3.32155819285369","2.83025247884484","-8.86875111854478","2.2256347328374"
"471","471","471","471","471","471","471","471","471","471","471","471","471","471","471","471","471","471","471","471","471","471","471","471","471","471","471","471","471","471","471",NA,NA,NA,NA,NA,NA,NA,NA,NA,NA,NA,NA,NA,NA,NA,NA,NA,NA,NA,NA,NA,"CA","petrale sole","petrale_sole",NA,NA,"675","total_catch_wt_kg ~ 0 + factor(year) + pass","delta_lognormal","TRUE","iid, iid","03_10","factor(year)2011","-2.97706330054208","2.83052014044135","-8.52478083332239","2.57065423223822"
"472","472","472","472","472","472","472","472","472","472","472","472","472","472","472","472","472","472","472","472","472","472","472","472","472","472","472","472","472","472","472",NA,NA,NA,NA,NA,NA,NA,NA,NA,NA,NA,NA,NA,NA,NA,NA,NA,NA,NA,NA,NA,"CA","petrale sole","petrale_sole",NA,NA,"675","total_catch_wt_kg ~ 0 + factor(year) + pass","delta_lognormal","TRUE","iid, iid","03_10","factor(year)2012","-3.58438506251042","2.83673668453412","-9.14428679782086","1.97551667280002"
"473","473","473","473","473","473","473","473","473","473","473","473","473","473","473","473","473","473","473","473","473","473","473","473","473","473","473","473","473","473","473",NA,NA,NA,NA,NA,NA,NA,NA,NA,NA,NA,NA,NA,NA,NA,NA,NA,NA,NA,NA,NA,"CA","petrale sole","petrale_sole",NA,NA,"675","total_catch_wt_kg ~ 0 + factor(year) + pass","delta_lognormal","TRUE","iid, iid","03_10","factor(year)2013","-3.66050852275144","2.83892000943603","-9.22468949623618","1.90367245073329"
"474","474","474","474","474","474","474","474","474","474","474","474","474","474","474","474","474","474","474","474","474","474","474","474","474","474","474","474","474","474","474",NA,NA,NA,NA,NA,NA,NA,NA,NA,NA,NA,NA,NA,NA,NA,NA,NA,NA,NA,NA,NA,"CA","petrale sole","petrale_sole",NA,NA,"675","total_catch_wt_kg ~ 0 + factor(year) + pass","delta_lognormal","TRUE","iid, iid","03_10","factor(year)2014","-2.5690704732677","2.83580556378763","-8.12714724544976","2.98900629891435"
"475","475","475","475","475","475","475","475","475","475","475","475","475","475","475","475","475","475","475","475","475","475","475","475","475","475","475","475","475","475","475",NA,NA,NA,NA,NA,NA,NA,NA,NA,NA,NA,NA,NA,NA,NA,NA,NA,NA,NA,NA,NA,"CA","petrale sole","petrale_sole",NA,NA,"675","total_catch_wt_kg ~ 0 + factor(year) + pass","delta_lognormal","TRUE","iid, iid","03_10","factor(year)2015","-3.08793942199871","2.83469357477862","-8.64383673577191","2.46795789177448"
"476","476","476","476","476","476","476","476","476","476","476","476","476","476","476","476","476","476","476","476","476","476","476","476","476","476","476","476","476","476","476",NA,NA,NA,NA,NA,NA,NA,NA,NA,NA,NA,NA,NA,NA,NA,NA,NA,NA,NA,NA,NA,"CA","petrale sole","petrale_sole",NA,NA,"675","total_catch_wt_kg ~ 0 + factor(year) + pass","delta_lognormal","TRUE","iid, iid","03_10","factor(year)2016","-3.20017395213421","2.83471119665683","-8.75610580415403","2.3557578998856"
"477","477","477","477","477","477","477","477","477","477","477","477","477","477","477","477","477","477","477","477","477","477","477","477","477","477","477","477","477","477","477",NA,NA,NA,NA,NA,NA,NA,NA,NA,NA,NA,NA,NA,NA,NA,NA,NA,NA,NA,NA,NA,"CA","petrale sole","petrale_sole",NA,NA,"675","total_catch_wt_kg ~ 0 + factor(year) + pass","delta_lognormal","TRUE","iid, iid","03_10","factor(year)2017","-3.25473470505015","2.831713288732","-8.80479076550834","2.29532135540804"
"478","478","478","478","478","478","478","478","478","478","478","478","478","478","478","478","478","478","478","478","478","478","478","478","478","478","478","478","478","478","478",NA,NA,NA,NA,NA,NA,NA,NA,NA,NA,NA,NA,NA,NA,NA,NA,NA,NA,NA,NA,NA,"CA","petrale sole","petrale_sole",NA,NA,"675","total_catch_wt_kg ~ 0 + factor(year) + pass","delta_lognormal","TRUE","iid, iid","03_10","factor(year)2018","-3.6538793061803","2.83150907226161","-9.20353510971147","1.89577649735087"
"479","479","479","479","479","479","479","479","479","479","479","479","479","479","479","479","479","479","479","479","479","479","479","479","479","479","479","479","479","479","479",NA,NA,NA,NA,NA,NA,NA,NA,NA,NA,NA,NA,NA,NA,NA,NA,NA,NA,NA,NA,NA,"CA","petrale sole","petrale_sole",NA,NA,"675","total_catch_wt_kg ~ 0 + factor(year) + pass","delta_lognormal","TRUE","iid, iid","03_10","factor(year)2019","-3.40146701828905","2.84649350465069","-8.98049176963159","2.1775577330535"
"480","480","480","480","480","480","480","480","480","480","480","480","480","480","480","480","480","480","480","480","480","480","480","480","480","480","480","480","480","480","480",NA,NA,NA,NA,NA,NA,NA,NA,NA,NA,NA,NA,NA,NA,NA,NA,NA,NA,NA,NA,NA,"CA","petrale sole","petrale_sole",NA,NA,"675","total_catch_wt_kg ~ 0 + factor(year) + pass","delta_lognormal","TRUE","iid, iid","03_10","factor(year)2021","-3.42406284609855","2.83253506380686","-8.97572955610686","2.12760386390975"
"481","481","481","481","481","481","481","481","481","481","481","481","481","481","481","481","481","481","481","481","481","481","481","481","481","481","481","481","481","481","481",NA,NA,NA,NA,NA,NA,NA,NA,NA,NA,NA,NA,NA,NA,NA,NA,NA,NA,NA,NA,NA,"CA","petrale sole","petrale_sole",NA,NA,"675","total_catch_wt_kg ~ 0 + factor(year) + pass","delta_lognormal","TRUE","iid, iid","03_10","factor(year)2022","-3.92671360582672","2.83573141178372","-9.48464504275174","1.6312178310983"
"482","482","482","482","482","482","482","482","482","482","482","482","482","482","482","482","482","482","482","482","482","482","482","482","482","482","482","482","482","482","482",NA,NA,NA,NA,NA,NA,NA,NA,NA,NA,NA,NA,NA,NA,NA,NA,NA,NA,NA,NA,NA,"CA","petrale sole","petrale_sole",NA,NA,"675","total_catch_wt_kg ~ 0 + factor(year) + pass","delta_lognormal","TRUE","iid, iid","03_10","factor(year)2023","-4.09349712633096","2.83335431145858","-9.64676953223106","1.45977527956914"
"483","483","483","483","483","483","483","483","483","483","483","483","483","483","483","483","483","483","483","483","483","483","483","483","483","483","483","483","483","483","483",NA,NA,NA,NA,NA,NA,NA,NA,NA,NA,NA,NA,NA,NA,NA,NA,NA,NA,NA,NA,NA,"CA","petrale sole","petrale_sole",NA,NA,"675","total_catch_wt_kg ~ 0 + factor(year) + pass","delta_lognormal","TRUE","iid, iid","03_10","factor(year)2024","-3.86446140314175","2.8343818451015","-9.41974773797487","1.69082493169137"
"484","484","484","484","484","484","484","484","484","484","484","484","484","484","484","484","484","484","484","484","484","484","484","484","484","484","484","484","484","484","484",NA,NA,NA,NA,NA,NA,NA,NA,NA,NA,NA,NA,NA,NA,NA,NA,NA,NA,NA,NA,NA,"CA","petrale sole","petrale_sole",NA,NA,"675","total_catch_wt_kg ~ 0 + factor(year) + pass","delta_lognormal","TRUE","iid, iid","03_10","pass","-0.128689614245618","0.122248763258098","-0.368292787386055","0.110913558894818"
"485","485","485","485","485","485","485","485","485","485","485","485","485","485","485","485","485","485","485","485","485","485","485","485","485","485","485","485","485","485",NA,NA,NA,NA,NA,NA,NA,NA,NA,NA,NA,NA,NA,NA,NA,NA,NA,NA,NA,NA,NA,NA,"CA","petrale sole","petrale_sole",NA,NA,"675","total_catch_wt_kg ~ 0 + factor(year) + pass","delta_lognormal","TRUE","iid, iid","03_2","factor(year)2003","-3.56040772548233","2.65028441943121","-8.75486973635514","1.63405428539049"
"486","486","486","486","486","486","486","486","486","486","486","486","486","486","486","486","486","486","486","486","486","486","486","486","486","486","486","486","486","486",NA,NA,NA,NA,NA,NA,NA,NA,NA,NA,NA,NA,NA,NA,NA,NA,NA,NA,NA,NA,NA,NA,"CA","petrale sole","petrale_sole",NA,NA,"675","total_catch_wt_kg ~ 0 + factor(year) + pass","delta_lognormal","TRUE","iid, iid","03_2","factor(year)2004","-3.26541379186699","2.65684297262298","-8.47273033078637","1.9419027470524"
"487","487","487","487","487","487","487","487","487","487","487","487","487","487","487","487","487","487","487","487","487","487","487","487","487","487","487","487","487","487",NA,NA,NA,NA,NA,NA,NA,NA,NA,NA,NA,NA,NA,NA,NA,NA,NA,NA,NA,NA,NA,NA,"CA","petrale sole","petrale_sole",NA,NA,"675","total_catch_wt_kg ~ 0 + factor(year) + pass","delta_lognormal","TRUE","iid, iid","03_2","factor(year)2005","-3.87904501405295","2.65170516586409","-9.07629163676537","1.31820160865948"
"488","488","488","488","488","488","488","488","488","488","488","488","488","488","488","488","488","488","488","488","488","488","488","488","488","488","488","488","488","488",NA,NA,NA,NA,NA,NA,NA,NA,NA,NA,NA,NA,NA,NA,NA,NA,NA,NA,NA,NA,NA,NA,"CA","petrale sole","petrale_sole",NA,NA,"675","total_catch_wt_kg ~ 0 + factor(year) + pass","delta_lognormal","TRUE","iid, iid","03_2","factor(year)2006","-3.78251873031551","2.65035660721315","-8.97712222664106","1.41208476601004"
"489","489","489","489","489","489","489","489","489","489","489","489","489","489","489","489","489","489","489","489","489","489","489","489","489","489","489","489","489","489",NA,NA,NA,NA,NA,NA,NA,NA,NA,NA,NA,NA,NA,NA,NA,NA,NA,NA,NA,NA,NA,NA,"CA","petrale sole","petrale_sole",NA,NA,"675","total_catch_wt_kg ~ 0 + factor(year) + pass","delta_lognormal","TRUE","iid, iid","03_2","factor(year)2007","-3.44225599525995","2.6493922010501","-8.63496929023944","1.75045729971955"
"490","490","490","490","490","490","490","490","490","490","490","490","490","490","490","490","490","490","490","490","490","490","490","490","490","490","490","490","490","490",NA,NA,NA,NA,NA,NA,NA,NA,NA,NA,NA,NA,NA,NA,NA,NA,NA,NA,NA,NA,NA,NA,"CA","petrale sole","petrale_sole",NA,NA,"675","total_catch_wt_kg ~ 0 + factor(year) + pass","delta_lognormal","TRUE","iid, iid","03_2","factor(year)2008","-4.04271975128534","2.65198101512261","-9.24050702860963","1.15506752603896"
"491","491","491","491","491","491","491","491","491","491","491","491","491","491","491","491","491","491","491","491","491","491","491","491","491","491","491","491","491","491",NA,NA,NA,NA,NA,NA,NA,NA,NA,NA,NA,NA,NA,NA,NA,NA,NA,NA,NA,NA,NA,NA,"CA","petrale sole","petrale_sole",NA,NA,"675","total_catch_wt_kg ~ 0 + factor(year) + pass","delta_lognormal","TRUE","iid, iid","03_2","factor(year)2009","-3.1351812484352","2.64846945464164","-8.32608599368726","2.05572349681685"
"492","492","492","492","492","492","492","492","492","492","492","492","492","492","492","492","492","492","492","492","492","492","492","492","492","492","492","492","492","492",NA,NA,NA,NA,NA,NA,NA,NA,NA,NA,NA,NA,NA,NA,NA,NA,NA,NA,NA,NA,NA,NA,"CA","petrale sole","petrale_sole",NA,NA,"675","total_catch_wt_kg ~ 0 + factor(year) + pass","delta_lognormal","TRUE","iid, iid","03_2","factor(year)2010","-2.55479499679536","2.646186669804","-7.74122556598117","2.63163557239046"
"493","493","493","493","493","493","493","493","493","493","493","493","493","493","493","493","493","493","493","493","493","493","493","493","493","493","493","493","493","493",NA,NA,NA,NA,NA,NA,NA,NA,NA,NA,NA,NA,NA,NA,NA,NA,NA,NA,NA,NA,NA,NA,"CA","petrale sole","petrale_sole",NA,NA,"675","total_catch_wt_kg ~ 0 + factor(year) + pass","delta_lognormal","TRUE","iid, iid","03_2","factor(year)2011","-2.61159307481229","2.64711754976471","-7.79984813519504","2.57666198557046"
"494","494","494","494","494","494","494","494","494","494","494","494","494","494","494","494","494","494","494","494","494","494","494","494","494","494","494","494","494","494",NA,NA,NA,NA,NA,NA,NA,NA,NA,NA,NA,NA,NA,NA,NA,NA,NA,NA,NA,NA,NA,NA,"CA","petrale sole","petrale_sole",NA,NA,"675","total_catch_wt_kg ~ 0 + factor(year) + pass","delta_lognormal","TRUE","iid, iid","03_2","factor(year)2012","-3.10043305046006","2.65066225075808","-8.29563559712576","2.09476949620565"
"495","495","495","495","495","495","495","495","495","495","495","495","495","495","495","495","495","495","495","495","495","495","495","495","495","495","495","495","495","495",NA,NA,NA,NA,NA,NA,NA,NA,NA,NA,NA,NA,NA,NA,NA,NA,NA,NA,NA,NA,NA,NA,"CA","petrale sole","petrale_sole",NA,NA,"675","total_catch_wt_kg ~ 0 + factor(year) + pass","delta_lognormal","TRUE","iid, iid","03_2","factor(year)2013","-2.79736404113484","2.64410425810329","-7.97971315838628","2.38498507611661"
"496","496","496","496","496","496","496","496","496","496","496","496","496","496","496","496","496","496","496","496","496","496","496","496","496","496","496","496","496","496",NA,NA,NA,NA,NA,NA,NA,NA,NA,NA,NA,NA,NA,NA,NA,NA,NA,NA,NA,NA,NA,NA,"CA","petrale sole","petrale_sole",NA,NA,"675","total_catch_wt_kg ~ 0 + factor(year) + pass","delta_lognormal","TRUE","iid, iid","03_2","factor(year)2014","-2.93834182471444","2.64768454378485","-8.12770817295611","2.25102452352723"
"497","497","497","497","497","497","497","497","497","497","497","497","497","497","497","497","497","497","497","497","497","497","497","497","497","497","497","497","497","497",NA,NA,NA,NA,NA,NA,NA,NA,NA,NA,NA,NA,NA,NA,NA,NA,NA,NA,NA,NA,NA,NA,"CA","petrale sole","petrale_sole",NA,NA,"675","total_catch_wt_kg ~ 0 + factor(year) + pass","delta_lognormal","TRUE","iid, iid","03_2","factor(year)2015","-2.8924857214355","2.64675382471954","-8.08002789382945","2.29505645095844"
"498","498","498","498","498","498","498","498","498","498","498","498","498","498","498","498","498","498","498","498","498","498","498","498","498","498","498","498","498","498",NA,NA,NA,NA,NA,NA,NA,NA,NA,NA,NA,NA,NA,NA,NA,NA,NA,NA,NA,NA,NA,NA,"CA","petrale sole","petrale_sole",NA,NA,"675","total_catch_wt_kg ~ 0 + factor(year) + pass","delta_lognormal","TRUE","iid, iid","03_2","factor(year)2016","-2.62641985581298","2.64852395944153","-7.8174314285098","2.56459171688383"
"499","499","499","499","499","499","499","499","499","499","499","499","499","499","499","499","499","499","499","499","499","499","499","499","499","499","499","499","499","499",NA,NA,NA,NA,NA,NA,NA,NA,NA,NA,NA,NA,NA,NA,NA,NA,NA,NA,NA,NA,NA,NA,"CA","petrale sole","petrale_sole",NA,NA,"675","total_catch_wt_kg ~ 0 + factor(year) + pass","delta_lognormal","TRUE","iid, iid","03_2","factor(year)2017","-2.52525019202861","2.64783733456567","-7.71491600469785","2.66441562064063"
"500","500","500","500","500","500","500","500","500","500","500","500","500","500","500","500","500","500","500","500","500","500","500","500","500","500","500","500","500","500",NA,NA,NA,NA,NA,NA,NA,NA,NA,NA,NA,NA,NA,NA,NA,NA,NA,NA,NA,NA,NA,NA,"CA","petrale sole","petrale_sole",NA,NA,"675","total_catch_wt_kg ~ 0 + factor(year) + pass","delta_lognormal","TRUE","iid, iid","03_2","factor(year)2018","-3.06793770781555","2.64535585292869","-8.25273990584801","2.11686449021691"
"501","501","501","501","501","501","501","501","501","501","501","501","501","501","501","501","501","501","501","501","501","501","501","501","501","501","501","501","501","501",NA,NA,NA,NA,NA,NA,NA,NA,NA,NA,NA,NA,NA,NA,NA,NA,NA,NA,NA,NA,NA,NA,"CA","petrale sole","petrale_sole",NA,NA,"675","total_catch_wt_kg ~ 0 + factor(year) + pass","delta_lognormal","TRUE","iid, iid","03_2","factor(year)2019","-3.66749586530903","2.65891410897248","-8.87887175688049","1.54388002626244"
"502","502","502","502","502","502","502","502","502","502","502","502","502","502","502","502","502","502","502","502","502","502","502","502","502","502","502","502","502","502",NA,NA,NA,NA,NA,NA,NA,NA,NA,NA,NA,NA,NA,NA,NA,NA,NA,NA,NA,NA,NA,NA,"CA","petrale sole","petrale_sole",NA,NA,"675","total_catch_wt_kg ~ 0 + factor(year) + pass","delta_lognormal","TRUE","iid, iid","03_2","factor(year)2021","-3.46671204763736","2.64772475326508","-8.65615720501211","1.72273310973739"
"503","503","503","503","503","503","503","503","503","503","503","503","503","503","503","503","503","503","503","503","503","503","503","503","503","503","503","503","503","503",NA,NA,NA,NA,NA,NA,NA,NA,NA,NA,NA,NA,NA,NA,NA,NA,NA,NA,NA,NA,NA,NA,"CA","petrale sole","petrale_sole",NA,NA,"675","total_catch_wt_kg ~ 0 + factor(year) + pass","delta_lognormal","TRUE","iid, iid","03_2","factor(year)2022","-3.20053412713078","2.64867151653756","-8.39183490642148","1.99076665215992"
"504","504","504","504","504","504","504","504","504","504","504","504","504","504","504","504","504","504","504","504","504","504","504","504","504","504","504","504","504","504",NA,NA,NA,NA,NA,NA,NA,NA,NA,NA,NA,NA,NA,NA,NA,NA,NA,NA,NA,NA,NA,NA,"CA","petrale sole","petrale_sole",NA,NA,"675","total_catch_wt_kg ~ 0 + factor(year) + pass","delta_lognormal","TRUE","iid, iid","03_2","factor(year)2023","-3.36059926076626","2.64807829277585","-8.55073734284924","1.82953882131672"
"505","505","505","505","505","505","505","505","505","505","505","505","505","505","505","505","505","505","505","505","505","505","505","505","505","505","505","505","505","505",NA,NA,NA,NA,NA,NA,NA,NA,NA,NA,NA,NA,NA,NA,NA,NA,NA,NA,NA,NA,NA,NA,"CA","petrale sole","petrale_sole",NA,NA,"675","total_catch_wt_kg ~ 0 + factor(year) + pass","delta_lognormal","TRUE","iid, iid","03_2","factor(year)2024","-3.07342512897932","2.64495561340867","-8.25744287196736","2.11059261400872"
"506","506","506","506","506","506","506","506","506","506","506","506","506","506","506","506","506","506","506","506","506","506","506","506","506","506","506","506","506","506",NA,NA,NA,NA,NA,NA,NA,NA,NA,NA,NA,NA,NA,NA,NA,NA,NA,NA,NA,NA,NA,NA,"CA","petrale sole","petrale_sole",NA,NA,"675","total_catch_wt_kg ~ 0 + factor(year) + pass","delta_lognormal","TRUE","iid, iid","03_2","pass","0.217629351382942","0.126275914808758","-0.0298668937570724","0.465125596522956"
"507","507","507","507","507","507","507","507","507","507","507","507","507","507","507","507","507","507","507","507","507","507","507","507","507","507","507","507","507",NA,NA,NA,NA,NA,NA,NA,NA,NA,NA,NA,NA,NA,NA,NA,NA,NA,NA,NA,NA,NA,NA,NA,"CA","petrale sole","petrale_sole",NA,NA,"675","total_catch_wt_kg ~ 0 + factor(year) + pass","delta_lognormal","TRUE","iid, iid","03_3","factor(year)2003","-3.37688403593729","2.24934895818963","-7.78552698265166","1.03175891077709"
"508","508","508","508","508","508","508","508","508","508","508","508","508","508","508","508","508","508","508","508","508","508","508","508","508","508","508","508","508",NA,NA,NA,NA,NA,NA,NA,NA,NA,NA,NA,NA,NA,NA,NA,NA,NA,NA,NA,NA,NA,NA,NA,"CA","petrale sole","petrale_sole",NA,NA,"675","total_catch_wt_kg ~ 0 + factor(year) + pass","delta_lognormal","TRUE","iid, iid","03_3","factor(year)2004","-3.16910166159706","2.25565999218989","-7.59011400765715","1.25191068446304"
"509","509","509","509","509","509","509","509","509","509","509","509","509","509","509","509","509","509","509","509","509","509","509","509","509","509","509","509","509",NA,NA,NA,NA,NA,NA,NA,NA,NA,NA,NA,NA,NA,NA,NA,NA,NA,NA,NA,NA,NA,NA,NA,"CA","petrale sole","petrale_sole",NA,NA,"675","total_catch_wt_kg ~ 0 + factor(year) + pass","delta_lognormal","TRUE","iid, iid","03_3","factor(year)2005","-3.0163625498632","2.25002027436155","-7.42632125209677","1.39359615237038"
"510","510","510","510","510","510","510","510","510","510","510","510","510","510","510","510","510","510","510","510","510","510","510","510","510","510","510","510","510",NA,NA,NA,NA,NA,NA,NA,NA,NA,NA,NA,NA,NA,NA,NA,NA,NA,NA,NA,NA,NA,NA,NA,"CA","petrale sole","petrale_sole",NA,NA,"675","total_catch_wt_kg ~ 0 + factor(year) + pass","delta_lognormal","TRUE","iid, iid","03_3","factor(year)2006","-3.04483874017074","2.25013935875076","-7.45503084351828","1.3653533631768"
"511","511","511","511","511","511","511","511","511","511","511","511","511","511","511","511","511","511","511","511","511","511","511","511","511","511","511","511","511",NA,NA,NA,NA,NA,NA,NA,NA,NA,NA,NA,NA,NA,NA,NA,NA,NA,NA,NA,NA,NA,NA,NA,"CA","petrale sole","petrale_sole",NA,NA,"675","total_catch_wt_kg ~ 0 + factor(year) + pass","delta_lognormal","TRUE","iid, iid","03_3","factor(year)2007","-3.35432053090636","2.24286511363296","-7.7502553758083","1.04161431399559"
"512","512","512","512","512","512","512","512","512","512","512","512","512","512","512","512","512","512","512","512","512","512","512","512","512","512","512","512","512",NA,NA,NA,NA,NA,NA,NA,NA,NA,NA,NA,NA,NA,NA,NA,NA,NA,NA,NA,NA,NA,NA,NA,"CA","petrale sole","petrale_sole",NA,NA,"675","total_catch_wt_kg ~ 0 + factor(year) + pass","delta_lognormal","TRUE","iid, iid","03_3","factor(year)2008","-3.64368266631995","2.24640213163577","-8.04654993912006","0.759184606480152"
"513","513","513","513","513","513","513","513","513","513","513","513","513","513","513","513","513","513","513","513","513","513","513","513","513","513","513","513","513",NA,NA,NA,NA,NA,NA,NA,NA,NA,NA,NA,NA,NA,NA,NA,NA,NA,NA,NA,NA,NA,NA,NA,"CA","petrale sole","petrale_sole",NA,NA,"675","total_catch_wt_kg ~ 0 + factor(year) + pass","delta_lognormal","TRUE","iid, iid","03_3","factor(year)2009","-3.33795126422056","2.24636884092159","-7.74075328841987","1.06485075997875"
"514","514","514","514","514","514","514","514","514","514","514","514","514","514","514","514","514","514","514","514","514","514","514","514","514","514","514","514","514",NA,NA,NA,NA,NA,NA,NA,NA,NA,NA,NA,NA,NA,NA,NA,NA,NA,NA,NA,NA,NA,NA,NA,"CA","petrale sole","petrale_sole",NA,NA,"675","total_catch_wt_kg ~ 0 + factor(year) + pass","delta_lognormal","TRUE","iid, iid","03_3","factor(year)2010","-2.17834125369096","2.23770509466728","-6.56416264726062","2.2074801398787"
"515","515","515","515","515","515","515","515","515","515","515","515","515","515","515","515","515","515","515","515","515","515","515","515","515","515","515","515","515",NA,NA,NA,NA,NA,NA,NA,NA,NA,NA,NA,NA,NA,NA,NA,NA,NA,NA,NA,NA,NA,NA,NA,"CA","petrale sole","petrale_sole",NA,NA,"675","total_catch_wt_kg ~ 0 + factor(year) + pass","delta_lognormal","TRUE","iid, iid","03_3","factor(year)2011","-2.61304822153775","2.24578041870726","-7.01469695938926","1.78860051631377"
"516","516","516","516","516","516","516","516","516","516","516","516","516","516","516","516","516","516","516","516","516","516","516","516","516","516","516","516","516",NA,NA,NA,NA,NA,NA,NA,NA,NA,NA,NA,NA,NA,NA,NA,NA,NA,NA,NA,NA,NA,NA,NA,"CA","petrale sole","petrale_sole",NA,NA,"675","total_catch_wt_kg ~ 0 + factor(year) + pass","delta_lognormal","TRUE","iid, iid","03_3","factor(year)2012","-2.9322617783422","2.24545802344339","-7.33327863308775","1.46875507640334"
"517","517","517","517","517","517","517","517","517","517","517","517","517","517","517","517","517","517","517","517","517","517","517","517","517","517","517","517","517",NA,NA,NA,NA,NA,NA,NA,NA,NA,NA,NA,NA,NA,NA,NA,NA,NA,NA,NA,NA,NA,NA,NA,"CA","petrale sole","petrale_sole",NA,NA,"675","total_catch_wt_kg ~ 0 + factor(year) + pass","delta_lognormal","TRUE","iid, iid","03_3","factor(year)2013","-2.79805295959261","2.2535687600427","-7.21496656596088","1.61886064677567"
"518","518","518","518","518","518","518","518","518","518","518","518","518","518","518","518","518","518","518","518","518","518","518","518","518","518","518","518","518",NA,NA,NA,NA,NA,NA,NA,NA,NA,NA,NA,NA,NA,NA,NA,NA,NA,NA,NA,NA,NA,NA,NA,"CA","petrale sole","petrale_sole",NA,NA,"675","total_catch_wt_kg ~ 0 + factor(year) + pass","delta_lognormal","TRUE","iid, iid","03_3","factor(year)2014","-2.30264242684894","2.24601934436544","-6.70475945038547","2.09947459668759"
"519","519","519","519","519","519","519","519","519","519","519","519","519","519","519","519","519","519","519","519","519","519","519","519","519","519","519","519","519",NA,NA,NA,NA,NA,NA,NA,NA,NA,NA,NA,NA,NA,NA,NA,NA,NA,NA,NA,NA,NA,NA,NA,"CA","petrale sole","petrale_sole",NA,NA,"675","total_catch_wt_kg ~ 0 + factor(year) + pass","delta_lognormal","TRUE","iid, iid","03_3","factor(year)2015","-2.44093475096518","2.24311360799506","-6.8373566358672","1.95548713393683"
"520","520","520","520","520","520","520","520","520","520","520","520","520","520","520","520","520","520","520","520","520","520","520","520","520","520","520","520","520",NA,NA,NA,NA,NA,NA,NA,NA,NA,NA,NA,NA,NA,NA,NA,NA,NA,NA,NA,NA,NA,NA,NA,"CA","petrale sole","petrale_sole",NA,NA,"675","total_catch_wt_kg ~ 0 + factor(year) + pass","delta_lognormal","TRUE","iid, iid","03_3","factor(year)2016","-2.43787137417513","2.24442471412175","-6.83686297986536","1.96112023151511"
"521","521","521","521","521","521","521","521","521","521","521","521","521","521","521","521","521","521","521","521","521","521","521","521","521","521","521","521","521",NA,NA,NA,NA,NA,NA,NA,NA,NA,NA,NA,NA,NA,NA,NA,NA,NA,NA,NA,NA,NA,NA,NA,"CA","petrale sole","petrale_sole",NA,NA,"675","total_catch_wt_kg ~ 0 + factor(year) + pass","delta_lognormal","TRUE","iid, iid","03_3","factor(year)2017","-2.61278193320771","2.24454105315918","-7.01200155922131","1.78643769280588"
"522","522","522","522","522","522","522","522","522","522","522","522","522","522","522","522","522","522","522","522","522","522","522","522","522","522","522","522","522",NA,NA,NA,NA,NA,NA,NA,NA,NA,NA,NA,NA,NA,NA,NA,NA,NA,NA,NA,NA,NA,NA,NA,"CA","petrale sole","petrale_sole",NA,NA,"675","total_catch_wt_kg ~ 0 + factor(year) + pass","delta_lognormal","TRUE","iid, iid","03_3","factor(year)2018","-2.66998743367472","2.24297605548711","-7.06613972061517","1.72616485326573"
"523","523","523","523","523","523","523","523","523","523","523","523","523","523","523","523","523","523","523","523","523","523","523","523","523","523","523","523","523",NA,NA,NA,NA,NA,NA,NA,NA,NA,NA,NA,NA,NA,NA,NA,NA,NA,NA,NA,NA,NA,NA,NA,"CA","petrale sole","petrale_sole",NA,NA,"675","total_catch_wt_kg ~ 0 + factor(year) + pass","delta_lognormal","TRUE","iid, iid","03_3","factor(year)2019","-2.69562197519812","2.25455285200027","-7.11446436636071","1.72322041596447"
"524","524","524","524","524","524","524","524","524","524","524","524","524","524","524","524","524","524","524","524","524","524","524","524","524","524","524","524","524",NA,NA,NA,NA,NA,NA,NA,NA,NA,NA,NA,NA,NA,NA,NA,NA,NA,NA,NA,NA,NA,NA,NA,"CA","petrale sole","petrale_sole",NA,NA,"675","total_catch_wt_kg ~ 0 + factor(year) + pass","delta_lognormal","TRUE","iid, iid","03_3","factor(year)2021","-3.32798905609999","2.24710000695061","-7.73222413938289","1.07624602718291"
"525","525","525","525","525","525","525","525","525","525","525","525","525","525","525","525","525","525","525","525","525","525","525","525","525","525","525","525","525",NA,NA,NA,NA,NA,NA,NA,NA,NA,NA,NA,NA,NA,NA,NA,NA,NA,NA,NA,NA,NA,NA,NA,"CA","petrale sole","petrale_sole",NA,NA,"675","total_catch_wt_kg ~ 0 + factor(year) + pass","delta_lognormal","TRUE","iid, iid","03_3","factor(year)2022","-2.90285670542817","2.24800041464044","-7.30885655535453","1.50314314449819"
"526","526","526","526","526","526","526","526","526","526","526","526","526","526","526","526","526","526","526","526","526","526","526","526","526","526","526","526","526",NA,NA,NA,NA,NA,NA,NA,NA,NA,NA,NA,NA,NA,NA,NA,NA,NA,NA,NA,NA,NA,NA,NA,"CA","petrale sole","petrale_sole",NA,NA,"675","total_catch_wt_kg ~ 0 + factor(year) + pass","delta_lognormal","TRUE","iid, iid","03_3","factor(year)2023","-3.25620443132255","2.24577841973789","-7.65784925126609","1.14544038862099"
"527","527","527","527","527","527","527","527","527","527","527","527","527","527","527","527","527","527","527","527","527","527","527","527","527","527","527","527","527",NA,NA,NA,NA,NA,NA,NA,NA,NA,NA,NA,NA,NA,NA,NA,NA,NA,NA,NA,NA,NA,NA,NA,"CA","petrale sole","petrale_sole",NA,NA,"675","total_catch_wt_kg ~ 0 + factor(year) + pass","delta_lognormal","TRUE","iid, iid","03_3","factor(year)2024","-3.11898507255497","2.24518361662277","-7.51946409981498","1.28149395470503"
"528","528","528","528","528","528","528","528","528","528","528","528","528","528","528","528","528","528","528","528","528","528","528","528","528","528","528","528","528",NA,NA,NA,NA,NA,NA,NA,NA,NA,NA,NA,NA,NA,NA,NA,NA,NA,NA,NA,NA,NA,NA,NA,"CA","petrale sole","petrale_sole",NA,NA,"675","total_catch_wt_kg ~ 0 + factor(year) + pass","delta_lognormal","TRUE","iid, iid","03_3","pass","-0.174342161628773","0.12429504965539","-0.417955982409955","0.0692716591524089"
"529","529","529","529","529","529","529","529","529","529","529","529","529","529","529","529","529","529","529","529","529","529","529","529","529","529","529","529",NA,NA,NA,NA,NA,NA,NA,NA,NA,NA,NA,NA,NA,NA,NA,NA,NA,NA,NA,NA,NA,NA,NA,NA,"CA","petrale sole","petrale_sole",NA,NA,"675","total_catch_wt_kg ~ 0 + factor(year) + pass","delta_lognormal","TRUE","iid, iid","03_4","factor(year)2003","-2.62830563985712","2.14586740803794","-6.83412847520979","1.57751719549556"
"530","530","530","530","530","530","530","530","530","530","530","530","530","530","530","530","530","530","530","530","530","530","530","530","530","530","530","530",NA,NA,NA,NA,NA,NA,NA,NA,NA,NA,NA,NA,NA,NA,NA,NA,NA,NA,NA,NA,NA,NA,NA,NA,"CA","petrale sole","petrale_sole",NA,NA,"675","total_catch_wt_kg ~ 0 + factor(year) + pass","delta_lognormal","TRUE","iid, iid","03_4","factor(year)2004","-2.71998883662171","2.15806081042857","-6.94971030150903","1.50973262826561"
"531","531","531","531","531","531","531","531","531","531","531","531","531","531","531","531","531","531","531","531","531","531","531","531","531","531","531","531",NA,NA,NA,NA,NA,NA,NA,NA,NA,NA,NA,NA,NA,NA,NA,NA,NA,NA,NA,NA,NA,NA,NA,NA,"CA","petrale sole","petrale_sole",NA,NA,"675","total_catch_wt_kg ~ 0 + factor(year) + pass","delta_lognormal","TRUE","iid, iid","03_4","factor(year)2005","-2.63207708233711","2.14548072767865","-6.83714203811205","1.57298787343783"
"532","532","532","532","532","532","532","532","532","532","532","532","532","532","532","532","532","532","532","532","532","532","532","532","532","532","532","532",NA,NA,NA,NA,NA,NA,NA,NA,NA,NA,NA,NA,NA,NA,NA,NA,NA,NA,NA,NA,NA,NA,NA,NA,"CA","petrale sole","petrale_sole",NA,NA,"675","total_catch_wt_kg ~ 0 + factor(year) + pass","delta_lognormal","TRUE","iid, iid","03_4","factor(year)2006","-2.95038077455473","2.14684081464799","-7.15811145180542","1.25734990269596"
"533","533","533","533","533","533","533","533","533","533","533","533","533","533","533","533","533","533","533","533","533","533","533","533","533","533","533","533",NA,NA,NA,NA,NA,NA,NA,NA,NA,NA,NA,NA,NA,NA,NA,NA,NA,NA,NA,NA,NA,NA,NA,NA,"CA","petrale sole","petrale_sole",NA,NA,"675","total_catch_wt_kg ~ 0 + factor(year) + pass","delta_lognormal","TRUE","iid, iid","03_4","factor(year)2007","-3.12674838156435","2.14766903229994","-7.33610233558422","1.08260557245552"
"534","534","534","534","534","534","534","534","534","534","534","534","534","534","534","534","534","534","534","534","534","534","534","534","534","534","534","534",NA,NA,NA,NA,NA,NA,NA,NA,NA,NA,NA,NA,NA,NA,NA,NA,NA,NA,NA,NA,NA,NA,NA,NA,"CA","petrale sole","petrale_sole",NA,NA,"675","total_catch_wt_kg ~ 0 + factor(year) + pass","delta_lognormal","TRUE","iid, iid","03_4","factor(year)2008","-2.85662419249341","2.14605767759584","-7.06281994932692","1.3495715643401"
"535","535","535","535","535","535","535","535","535","535","535","535","535","535","535","535","535","535","535","535","535","535","535","535","535","535","535","535",NA,NA,NA,NA,NA,NA,NA,NA,NA,NA,NA,NA,NA,NA,NA,NA,NA,NA,NA,NA,NA,NA,NA,NA,"CA","petrale sole","petrale_sole",NA,NA,"675","total_catch_wt_kg ~ 0 + factor(year) + pass","delta_lognormal","TRUE","iid, iid","03_4","factor(year)2009","-2.64767609939653","2.14443356066393","-6.85068864553682","1.55533644674376"
"536","536","536","536","536","536","536","536","536","536","536","536","536","536","536","536","536","536","536","536","536","536","536","536","536","536","536","536",NA,NA,NA,NA,NA,NA,NA,NA,NA,NA,NA,NA,NA,NA,NA,NA,NA,NA,NA,NA,NA,NA,NA,NA,"CA","petrale sole","petrale_sole",NA,NA,"675","total_catch_wt_kg ~ 0 + factor(year) + pass","delta_lognormal","TRUE","iid, iid","03_4","factor(year)2010","-2.14897962139483","2.14512080943522","-6.35333915037526","2.0553799075856"
"537","537","537","537","537","537","537","537","537","537","537","537","537","537","537","537","537","537","537","537","537","537","537","537","537","537","537","537",NA,NA,NA,NA,NA,NA,NA,NA,NA,NA,NA,NA,NA,NA,NA,NA,NA,NA,NA,NA,NA,NA,NA,NA,"CA","petrale sole","petrale_sole",NA,NA,"675","total_catch_wt_kg ~ 0 + factor(year) + pass","delta_lognormal","TRUE","iid, iid","03_4","factor(year)2011","-2.11352377861459","2.14876260009594","-6.32502108612928","2.09797352890009"
"538","538","538","538","538","538","538","538","538","538","538","538","538","538","538","538","538","538","538","538","538","538","538","538","538","538","538","538",NA,NA,NA,NA,NA,NA,NA,NA,NA,NA,NA,NA,NA,NA,NA,NA,NA,NA,NA,NA,NA,NA,NA,NA,"CA","petrale sole","petrale_sole",NA,NA,"675","total_catch_wt_kg ~ 0 + factor(year) + pass","delta_lognormal","TRUE","iid, iid","03_4","factor(year)2012","-2.30098124432346","2.14395530224489","-6.50305642118713","1.90109393254021"
"539","539","539","539","539","539","539","539","539","539","539","539","539","539","539","539","539","539","539","539","539","539","539","539","539","539","539","539",NA,NA,NA,NA,NA,NA,NA,NA,NA,NA,NA,NA,NA,NA,NA,NA,NA,NA,NA,NA,NA,NA,NA,NA,"CA","petrale sole","petrale_sole",NA,NA,"675","total_catch_wt_kg ~ 0 + factor(year) + pass","delta_lognormal","TRUE","iid, iid","03_4","factor(year)2013","-1.49874348290431","2.14944917714147","-5.71158645670084","2.71409949089222"
"540","540","540","540","540","540","540","540","540","540","540","540","540","540","540","540","540","540","540","540","540","540","540","540","540","540","540","540",NA,NA,NA,NA,NA,NA,NA,NA,NA,NA,NA,NA,NA,NA,NA,NA,NA,NA,NA,NA,NA,NA,NA,NA,"CA","petrale sole","petrale_sole",NA,NA,"675","total_catch_wt_kg ~ 0 + factor(year) + pass","delta_lognormal","TRUE","iid, iid","03_4","factor(year)2014","-1.91913167384124","2.14547725955389","-6.12418983221655","2.28592648453407"
"541","541","541","541","541","541","541","541","541","541","541","541","541","541","541","541","541","541","541","541","541","541","541","541","541","541","541","541",NA,NA,NA,NA,NA,NA,NA,NA,NA,NA,NA,NA,NA,NA,NA,NA,NA,NA,NA,NA,NA,NA,NA,NA,"CA","petrale sole","petrale_sole",NA,NA,"675","total_catch_wt_kg ~ 0 + factor(year) + pass","delta_lognormal","TRUE","iid, iid","03_4","factor(year)2015","-1.92316360924302","2.14462970033849","-6.12656058208139","2.28023336359534"
"542","542","542","542","542","542","542","542","542","542","542","542","542","542","542","542","542","542","542","542","542","542","542","542","542","542","542","542",NA,NA,NA,NA,NA,NA,NA,NA,NA,NA,NA,NA,NA,NA,NA,NA,NA,NA,NA,NA,NA,NA,NA,NA,"CA","petrale sole","petrale_sole",NA,NA,"675","total_catch_wt_kg ~ 0 + factor(year) + pass","delta_lognormal","TRUE","iid, iid","03_4","factor(year)2016","-2.45427408819557","2.14478236109588","-6.65797027062028","1.74942209422914"
"543","543","543","543","543","543","543","543","543","543","543","543","543","543","543","543","543","543","543","543","543","543","543","543","543","543","543","543",NA,NA,NA,NA,NA,NA,NA,NA,NA,NA,NA,NA,NA,NA,NA,NA,NA,NA,NA,NA,NA,NA,NA,NA,"CA","petrale sole","petrale_sole",NA,NA,"675","total_catch_wt_kg ~ 0 + factor(year) + pass","delta_lognormal","TRUE","iid, iid","03_4","factor(year)2017","-2.49275462744014","2.14503539035591","-6.69694673810153","1.71143748322125"
"544","544","544","544","544","544","544","544","544","544","544","544","544","544","544","544","544","544","544","544","544","544","544","544","544","544","544","544",NA,NA,NA,NA,NA,NA,NA,NA,NA,NA,NA,NA,NA,NA,NA,NA,NA,NA,NA,NA,NA,NA,NA,NA,"CA","petrale sole","petrale_sole",NA,NA,"675","total_catch_wt_kg ~ 0 + factor(year) + pass","delta_lognormal","TRUE","iid, iid","03_4","factor(year)2018","-2.18951590850616","2.14523618290429","-6.39410156533075","2.01506974831842"
"545","545","545","545","545","545","545","545","545","545","545","545","545","545","545","545","545","545","545","545","545","545","545","545","545","545","545","545",NA,NA,NA,NA,NA,NA,NA,NA,NA,NA,NA,NA,NA,NA,NA,NA,NA,NA,NA,NA,NA,NA,NA,NA,"CA","petrale sole","petrale_sole",NA,NA,"675","total_catch_wt_kg ~ 0 + factor(year) + pass","delta_lognormal","TRUE","iid, iid","03_4","factor(year)2019","-2.31697436192909","2.15844317971216","-6.54744525684103","1.91349653298285"
"546","546","546","546","546","546","546","546","546","546","546","546","546","546","546","546","546","546","546","546","546","546","546","546","546","546","546","546",NA,NA,NA,NA,NA,NA,NA,NA,NA,NA,NA,NA,NA,NA,NA,NA,NA,NA,NA,NA,NA,NA,NA,NA,"CA","petrale sole","petrale_sole",NA,NA,"675","total_catch_wt_kg ~ 0 + factor(year) + pass","delta_lognormal","TRUE","iid, iid","03_4","factor(year)2021","-3.05238008392718","2.14820775525978","-7.26278991554597","1.15802974769161"
"547","547","547","547","547","547","547","547","547","547","547","547","547","547","547","547","547","547","547","547","547","547","547","547","547","547","547","547",NA,NA,NA,NA,NA,NA,NA,NA,NA,NA,NA,NA,NA,NA,NA,NA,NA,NA,NA,NA,NA,NA,NA,NA,"CA","petrale sole","petrale_sole",NA,NA,"675","total_catch_wt_kg ~ 0 + factor(year) + pass","delta_lognormal","TRUE","iid, iid","03_4","factor(year)2022","-2.78111008597028","2.1462541656381","-6.98769095229002","1.42547078034945"
"548","548","548","548","548","548","548","548","548","548","548","548","548","548","548","548","548","548","548","548","548","548","548","548","548","548","548","548",NA,NA,NA,NA,NA,NA,NA,NA,NA,NA,NA,NA,NA,NA,NA,NA,NA,NA,NA,NA,NA,NA,NA,NA,"CA","petrale sole","petrale_sole",NA,NA,"675","total_catch_wt_kg ~ 0 + factor(year) + pass","delta_lognormal","TRUE","iid, iid","03_4","factor(year)2023","-2.68242268393594","2.14401213466554","-6.88460925029723","1.51976388242535"
"549","549","549","549","549","549","549","549","549","549","549","549","549","549","549","549","549","549","549","549","549","549","549","549","549","549","549","549",NA,NA,NA,NA,NA,NA,NA,NA,NA,NA,NA,NA,NA,NA,NA,NA,NA,NA,NA,NA,NA,NA,NA,NA,"CA","petrale sole","petrale_sole",NA,NA,"675","total_catch_wt_kg ~ 0 + factor(year) + pass","delta_lognormal","TRUE","iid, iid","03_4","factor(year)2024","-2.69628164727028","2.14622550024365","-6.90280633044929","1.51024303590872"
"550","550","550","550","550","550","550","550","550","550","550","550","550","550","550","550","550","550","550","550","550","550","550","550","550","550","550","550",NA,NA,NA,NA,NA,NA,NA,NA,NA,NA,NA,NA,NA,NA,NA,NA,NA,NA,NA,NA,NA,NA,NA,NA,"CA","petrale sole","petrale_sole",NA,NA,"675","total_catch_wt_kg ~ 0 + factor(year) + pass","delta_lognormal","TRUE","iid, iid","03_4","pass","-0.0633969970264825","0.129161946508382","-0.316549760356","0.189755766303035"
"551","551","551","551","551","551","551","551","551","551","551","551","551","551","551","551","551","551","551","551","551","551","551","551","551","551","551",NA,NA,NA,NA,NA,NA,NA,NA,NA,NA,NA,NA,NA,NA,NA,NA,NA,NA,NA,NA,NA,NA,NA,NA,NA,"CA","petrale sole","petrale_sole",NA,NA,"675","total_catch_wt_kg ~ 0 + factor(year) + pass","delta_lognormal","TRUE","iid, iid","03_5","factor(year)2003","-4.56210237795305","3.98523880541156","-12.3730269063511","3.24882215044504"
"552","552","552","552","552","552","552","552","552","552","552","552","552","552","552","552","552","552","552","552","552","552","552","552","552","552","552",NA,NA,NA,NA,NA,NA,NA,NA,NA,NA,NA,NA,NA,NA,NA,NA,NA,NA,NA,NA,NA,NA,NA,NA,NA,"CA","petrale sole","petrale_sole",NA,NA,"675","total_catch_wt_kg ~ 0 + factor(year) + pass","delta_lognormal","TRUE","iid, iid","03_5","factor(year)2004","-4.2492195398473","3.98792990448945","-12.0654185255169","3.56697944582227"
"553","553","553","553","553","553","553","553","553","553","553","553","553","553","553","553","553","553","553","553","553","553","553","553","553","553","553",NA,NA,NA,NA,NA,NA,NA,NA,NA,NA,NA,NA,NA,NA,NA,NA,NA,NA,NA,NA,NA,NA,NA,NA,NA,"CA","petrale sole","petrale_sole",NA,NA,"675","total_catch_wt_kg ~ 0 + factor(year) + pass","delta_lognormal","TRUE","iid, iid","03_5","factor(year)2005","-4.2988552516649","3.98277639603693","-12.1049535463735","3.50724304304371"
"554","554","554","554","554","554","554","554","554","554","554","554","554","554","554","554","554","554","554","554","554","554","554","554","554","554","554",NA,NA,NA,NA,NA,NA,NA,NA,NA,NA,NA,NA,NA,NA,NA,NA,NA,NA,NA,NA,NA,NA,NA,NA,NA,"CA","petrale sole","petrale_sole",NA,NA,"675","total_catch_wt_kg ~ 0 + factor(year) + pass","delta_lognormal","TRUE","iid, iid","03_5","factor(year)2006","-4.64080953239571","3.98226427364339","-12.4459040856573","3.1642850208659"
"555","555","555","555","555","555","555","555","555","555","555","555","555","555","555","555","555","555","555","555","555","555","555","555","555","555","555",NA,NA,NA,NA,NA,NA,NA,NA,NA,NA,NA,NA,NA,NA,NA,NA,NA,NA,NA,NA,NA,NA,NA,NA,NA,"CA","petrale sole","petrale_sole",NA,NA,"675","total_catch_wt_kg ~ 0 + factor(year) + pass","delta_lognormal","TRUE","iid, iid","03_5","factor(year)2007","-4.69510509892193","3.9838979078836","-12.5034015164583","3.11319131861439"
"556","556","556","556","556","556","556","556","556","556","556","556","556","556","556","556","556","556","556","556","556","556","556","556","556","556","556",NA,NA,NA,NA,NA,NA,NA,NA,NA,NA,NA,NA,NA,NA,NA,NA,NA,NA,NA,NA,NA,NA,NA,NA,NA,"CA","petrale sole","petrale_sole",NA,NA,"675","total_catch_wt_kg ~ 0 + factor(year) + pass","delta_lognormal","TRUE","iid, iid","03_5","factor(year)2008","-4.14422424969255","3.98247674090105","-11.9497352311271","3.66128673174195"
"557","557","557","557","557","557","557","557","557","557","557","557","557","557","557","557","557","557","557","557","557","557","557","557","557","557","557",NA,NA,NA,NA,NA,NA,NA,NA,NA,NA,NA,NA,NA,NA,NA,NA,NA,NA,NA,NA,NA,NA,NA,NA,NA,"CA","petrale sole","petrale_sole",NA,NA,"675","total_catch_wt_kg ~ 0 + factor(year) + pass","delta_lognormal","TRUE","iid, iid","03_5","factor(year)2009","-4.20108085880495","3.98075067256517","-12.0032088084663","3.60104709085637"
"558","558","558","558","558","558","558","558","558","558","558","558","558","558","558","558","558","558","558","558","558","558","558","558","558","558","558",NA,NA,NA,NA,NA,NA,NA,NA,NA,NA,NA,NA,NA,NA,NA,NA,NA,NA,NA,NA,NA,NA,NA,NA,NA,"CA","petrale sole","petrale_sole",NA,NA,"675","total_catch_wt_kg ~ 0 + factor(year) + pass","delta_lognormal","TRUE","iid, iid","03_5","factor(year)2010","-3.95141724251149","3.97867418822487","-11.7494753576514","3.8466408726284"
"559","559","559","559","559","559","559","559","559","559","559","559","559","559","559","559","559","559","559","559","559","559","559","559","559","559","559",NA,NA,NA,NA,NA,NA,NA,NA,NA,NA,NA,NA,NA,NA,NA,NA,NA,NA,NA,NA,NA,NA,NA,NA,NA,"CA","petrale sole","petrale_sole",NA,NA,"675","total_catch_wt_kg ~ 0 + factor(year) + pass","delta_lognormal","TRUE","iid, iid","03_5","factor(year)2011","-3.69567274350541","3.98069030140606","-11.4976823678692","4.10633688085836"
"560","560","560","560","560","560","560","560","560","560","560","560","560","560","560","560","560","560","560","560","560","560","560","560","560","560","560",NA,NA,NA,NA,NA,NA,NA,NA,NA,NA,NA,NA,NA,NA,NA,NA,NA,NA,NA,NA,NA,NA,NA,NA,NA,"CA","petrale sole","petrale_sole",NA,NA,"675","total_catch_wt_kg ~ 0 + factor(year) + pass","delta_lognormal","TRUE","iid, iid","03_5","factor(year)2012","-4.02407984169349","3.98262218388425","-11.8298758861369","3.7817162027499"
"561","561","561","561","561","561","561","561","561","561","561","561","561","561","561","561","561","561","561","561","561","561","561","561","561","561","561",NA,NA,NA,NA,NA,NA,NA,NA,NA,NA,NA,NA,NA,NA,NA,NA,NA,NA,NA,NA,NA,NA,NA,NA,NA,"CA","petrale sole","petrale_sole",NA,NA,"675","total_catch_wt_kg ~ 0 + factor(year) + pass","delta_lognormal","TRUE","iid, iid","03_5","factor(year)2013","-3.56224759009233","3.98046403638401","-11.3638137431619","4.23931856297726"
"562","562","562","562","562","562","562","562","562","562","562","562","562","562","562","562","562","562","562","562","562","562","562","562","562","562","562",NA,NA,NA,NA,NA,NA,NA,NA,NA,NA,NA,NA,NA,NA,NA,NA,NA,NA,NA,NA,NA,NA,NA,NA,NA,"CA","petrale sole","petrale_sole",NA,NA,"675","total_catch_wt_kg ~ 0 + factor(year) + pass","delta_lognormal","TRUE","iid, iid","03_5","factor(year)2014","-3.23453650642084","3.98198711669262","-11.0390878420409","4.57001482919918"
"563","563","563","563","563","563","563","563","563","563","563","563","563","563","563","563","563","563","563","563","563","563","563","563","563","563","563",NA,NA,NA,NA,NA,NA,NA,NA,NA,NA,NA,NA,NA,NA,NA,NA,NA,NA,NA,NA,NA,NA,NA,NA,NA,"CA","petrale sole","petrale_sole",NA,NA,"675","total_catch_wt_kg ~ 0 + factor(year) + pass","delta_lognormal","TRUE","iid, iid","03_5","factor(year)2015","-3.56820828395444","3.9811970739565","-11.3712111642654","4.23479459635655"
"564","564","564","564","564","564","564","564","564","564","564","564","564","564","564","564","564","564","564","564","564","564","564","564","564","564","564",NA,NA,NA,NA,NA,NA,NA,NA,NA,NA,NA,NA,NA,NA,NA,NA,NA,NA,NA,NA,NA,NA,NA,NA,NA,"CA","petrale sole","petrale_sole",NA,NA,"675","total_catch_wt_kg ~ 0 + factor(year) + pass","delta_lognormal","TRUE","iid, iid","03_5","factor(year)2016","-3.82872310755419","3.98135749959719","-11.6320404163431","3.97459420123473"
"565","565","565","565","565","565","565","565","565","565","565","565","565","565","565","565","565","565","565","565","565","565","565","565","565","565","565",NA,NA,NA,NA,NA,NA,NA,NA,NA,NA,NA,NA,NA,NA,NA,NA,NA,NA,NA,NA,NA,NA,NA,NA,NA,"CA","petrale sole","petrale_sole",NA,NA,"675","total_catch_wt_kg ~ 0 + factor(year) + pass","delta_lognormal","TRUE","iid, iid","03_5","factor(year)2017","-3.60228385790116","3.98002451277141","-11.4029885605197","4.19842084471738"
"566","566","566","566","566","566","566","566","566","566","566","566","566","566","566","566","566","566","566","566","566","566","566","566","566","566","566",NA,NA,NA,NA,NA,NA,NA,NA,NA,NA,NA,NA,NA,NA,NA,NA,NA,NA,NA,NA,NA,NA,NA,NA,NA,"CA","petrale sole","petrale_sole",NA,NA,"675","total_catch_wt_kg ~ 0 + factor(year) + pass","delta_lognormal","TRUE","iid, iid","03_5","factor(year)2018","-3.81948800778422","3.98213938083763","-11.6243377756446","3.98536176007617"
"567","567","567","567","567","567","567","567","567","567","567","567","567","567","567","567","567","567","567","567","567","567","567","567","567","567","567",NA,NA,NA,NA,NA,NA,NA,NA,NA,NA,NA,NA,NA,NA,NA,NA,NA,NA,NA,NA,NA,NA,NA,NA,NA,"CA","petrale sole","petrale_sole",NA,NA,"675","total_catch_wt_kg ~ 0 + factor(year) + pass","delta_lognormal","TRUE","iid, iid","03_5","factor(year)2019","-3.83949724715558","3.98816256734742","-11.6561522436473","3.97715774933616"
"568","568","568","568","568","568","568","568","568","568","568","568","568","568","568","568","568","568","568","568","568","568","568","568","568","568","568",NA,NA,NA,NA,NA,NA,NA,NA,NA,NA,NA,NA,NA,NA,NA,NA,NA,NA,NA,NA,NA,NA,NA,NA,NA,"CA","petrale sole","petrale_sole",NA,NA,"675","total_catch_wt_kg ~ 0 + factor(year) + pass","delta_lognormal","TRUE","iid, iid","03_5","factor(year)2021","-3.90762297295136","3.98012833900832","-11.7085311712549","3.89328522535217"
"569","569","569","569","569","569","569","569","569","569","569","569","569","569","569","569","569","569","569","569","569","569","569","569","569","569","569",NA,NA,NA,NA,NA,NA,NA,NA,NA,NA,NA,NA,NA,NA,NA,NA,NA,NA,NA,NA,NA,NA,NA,NA,NA,"CA","petrale sole","petrale_sole",NA,NA,"675","total_catch_wt_kg ~ 0 + factor(year) + pass","delta_lognormal","TRUE","iid, iid","03_5","factor(year)2022","-4.62977498361343","3.98131761343836","-12.4330141169676","3.17346414974072"
"570","570","570","570","570","570","570","570","570","570","570","570","570","570","570","570","570","570","570","570","570","570","570","570","570","570","570",NA,NA,NA,NA,NA,NA,NA,NA,NA,NA,NA,NA,NA,NA,NA,NA,NA,NA,NA,NA,NA,NA,NA,NA,NA,"CA","petrale sole","petrale_sole",NA,NA,"675","total_catch_wt_kg ~ 0 + factor(year) + pass","delta_lognormal","TRUE","iid, iid","03_5","factor(year)2023","-4.2918783232866","3.98334444397733","-12.0990899714999","3.5153333249267"
"571","571","571","571","571","571","571","571","571","571","571","571","571","571","571","571","571","571","571","571","571","571","571","571","571","571","571",NA,NA,NA,NA,NA,NA,NA,NA,NA,NA,NA,NA,NA,NA,NA,NA,NA,NA,NA,NA,NA,NA,NA,NA,NA,"CA","petrale sole","petrale_sole",NA,NA,"675","total_catch_wt_kg ~ 0 + factor(year) + pass","delta_lognormal","TRUE","iid, iid","03_5","factor(year)2024","-3.87181043997578","3.9804309582284","-11.6733117610517","3.92969088110013"
"572","572","572","572","572","572","572","572","572","572","572","572","572","572","572","572","572","572","572","572","572","572","572","572","572","572","572",NA,NA,NA,NA,NA,NA,NA,NA,NA,NA,NA,NA,NA,NA,NA,NA,NA,NA,NA,NA,NA,NA,NA,NA,NA,"CA","petrale sole","petrale_sole",NA,NA,"675","total_catch_wt_kg ~ 0 + factor(year) + pass","delta_lognormal","TRUE","iid, iid","03_5","pass","0.0630029036053006","0.124196956723515","-0.180418658562268","0.306424465772869"
"573","573","573","573","573","573","573","573","573","573","573","573","573","573","573","573","573","573","573","573","573","573","573","573","573","573",NA,NA,NA,NA,NA,NA,NA,NA,NA,NA,NA,NA,NA,NA,NA,NA,NA,NA,NA,NA,NA,NA,NA,NA,NA,NA,"CA","petrale sole","petrale_sole",NA,NA,"675","total_catch_wt_kg ~ 0 + factor(year) + pass","delta_lognormal","TRUE","iid, iid","03_6","factor(year)2003","-4.43521827151558","5.28256537961134","-14.788856161532","5.91841961850081"
"574","574","574","574","574","574","574","574","574","574","574","574","574","574","574","574","574","574","574","574","574","574","574","574","574","574",NA,NA,NA,NA,NA,NA,NA,NA,NA,NA,NA,NA,NA,NA,NA,NA,NA,NA,NA,NA,NA,NA,NA,NA,NA,NA,"CA","petrale sole","petrale_sole",NA,NA,"675","total_catch_wt_kg ~ 0 + factor(year) + pass","delta_lognormal","TRUE","iid, iid","03_6","factor(year)2004","-3.54113898292689","5.285857457843","-13.9012292277116","6.81895126185784"
"575","575","575","575","575","575","575","575","575","575","575","575","575","575","575","575","575","575","575","575","575","575","575","575","575","575",NA,NA,NA,NA,NA,NA,NA,NA,NA,NA,NA,NA,NA,NA,NA,NA,NA,NA,NA,NA,NA,NA,NA,NA,NA,NA,"CA","petrale sole","petrale_sole",NA,NA,"675","total_catch_wt_kg ~ 0 + factor(year) + pass","delta_lognormal","TRUE","iid, iid","03_6","factor(year)2005","-3.87043652103899","5.2829550736211","-14.2248381972795","6.48396515520151"
"576","576","576","576","576","576","576","576","576","576","576","576","576","576","576","576","576","576","576","576","576","576","576","576","576","576",NA,NA,NA,NA,NA,NA,NA,NA,NA,NA,NA,NA,NA,NA,NA,NA,NA,NA,NA,NA,NA,NA,NA,NA,NA,NA,"CA","petrale sole","petrale_sole",NA,NA,"675","total_catch_wt_kg ~ 0 + factor(year) + pass","delta_lognormal","TRUE","iid, iid","03_6","factor(year)2006","-3.61823321494304","5.28201879749754","-13.9707998237018","6.7343333938157"
"577","577","577","577","577","577","577","577","577","577","577","577","577","577","577","577","577","577","577","577","577","577","577","577","577","577",NA,NA,NA,NA,NA,NA,NA,NA,NA,NA,NA,NA,NA,NA,NA,NA,NA,NA,NA,NA,NA,NA,NA,NA,NA,NA,"CA","petrale sole","petrale_sole",NA,NA,"675","total_catch_wt_kg ~ 0 + factor(year) + pass","delta_lognormal","TRUE","iid, iid","03_6","factor(year)2007","-4.13180100640152","5.28256733839198","-14.4854427355574","6.22184072275437"
"578","578","578","578","578","578","578","578","578","578","578","578","578","578","578","578","578","578","578","578","578","578","578","578","578","578",NA,NA,NA,NA,NA,NA,NA,NA,NA,NA,NA,NA,NA,NA,NA,NA,NA,NA,NA,NA,NA,NA,NA,NA,NA,NA,"CA","petrale sole","petrale_sole",NA,NA,"675","total_catch_wt_kg ~ 0 + factor(year) + pass","delta_lognormal","TRUE","iid, iid","03_6","factor(year)2008","-3.83542969180515","5.2814239926419","-14.186830504469","6.51597112085869"
"579","579","579","579","579","579","579","579","579","579","579","579","579","579","579","579","579","579","579","579","579","579","579","579","579","579",NA,NA,NA,NA,NA,NA,NA,NA,NA,NA,NA,NA,NA,NA,NA,NA,NA,NA,NA,NA,NA,NA,NA,NA,NA,NA,"CA","petrale sole","petrale_sole",NA,NA,"675","total_catch_wt_kg ~ 0 + factor(year) + pass","delta_lognormal","TRUE","iid, iid","03_6","factor(year)2009","-4.09019755291583","5.28136551072462","-14.4414837431281","6.26108863729642"
"580","580","580","580","580","580","580","580","580","580","580","580","580","580","580","580","580","580","580","580","580","580","580","580","580","580",NA,NA,NA,NA,NA,NA,NA,NA,NA,NA,NA,NA,NA,NA,NA,NA,NA,NA,NA,NA,NA,NA,NA,NA,NA,NA,"CA","petrale sole","petrale_sole",NA,NA,"675","total_catch_wt_kg ~ 0 + factor(year) + pass","delta_lognormal","TRUE","iid, iid","03_6","factor(year)2010","-2.91878392063676","5.27928949289183","-13.2660011906655","7.42843334939195"
"581","581","581","581","581","581","581","581","581","581","581","581","581","581","581","581","581","581","581","581","581","581","581","581","581","581",NA,NA,NA,NA,NA,NA,NA,NA,NA,NA,NA,NA,NA,NA,NA,NA,NA,NA,NA,NA,NA,NA,NA,NA,NA,NA,"CA","petrale sole","petrale_sole",NA,NA,"675","total_catch_wt_kg ~ 0 + factor(year) + pass","delta_lognormal","TRUE","iid, iid","03_6","factor(year)2011","-3.14168229935486","5.27800110898855","-13.4863743833349","7.20300978462517"
"582","582","582","582","582","582","582","582","582","582","582","582","582","582","582","582","582","582","582","582","582","582","582","582","582","582",NA,NA,NA,NA,NA,NA,NA,NA,NA,NA,NA,NA,NA,NA,NA,NA,NA,NA,NA,NA,NA,NA,NA,NA,NA,NA,"CA","petrale sole","petrale_sole",NA,NA,"675","total_catch_wt_kg ~ 0 + factor(year) + pass","delta_lognormal","TRUE","iid, iid","03_6","factor(year)2012","-3.3789056149746","5.27812107449814","-13.7238328270328","6.96602159708359"
"583","583","583","583","583","583","583","583","583","583","583","583","583","583","583","583","583","583","583","583","583","583","583","583","583","583",NA,NA,NA,NA,NA,NA,NA,NA,NA,NA,NA,NA,NA,NA,NA,NA,NA,NA,NA,NA,NA,NA,NA,NA,NA,NA,"CA","petrale sole","petrale_sole",NA,NA,"675","total_catch_wt_kg ~ 0 + factor(year) + pass","delta_lognormal","TRUE","iid, iid","03_6","factor(year)2013","-3.40465008727908","5.28154750915288","-13.756292987856","6.9469928132978"
"584","584","584","584","584","584","584","584","584","584","584","584","584","584","584","584","584","584","584","584","584","584","584","584","584","584",NA,NA,NA,NA,NA,NA,NA,NA,NA,NA,NA,NA,NA,NA,NA,NA,NA,NA,NA,NA,NA,NA,NA,NA,NA,NA,"CA","petrale sole","petrale_sole",NA,NA,"675","total_catch_wt_kg ~ 0 + factor(year) + pass","delta_lognormal","TRUE","iid, iid","03_6","factor(year)2014","-2.96846255558596","5.28041603729479","-13.3178878120715","7.38096270089954"
"585","585","585","585","585","585","585","585","585","585","585","585","585","585","585","585","585","585","585","585","585","585","585","585","585","585",NA,NA,NA,NA,NA,NA,NA,NA,NA,NA,NA,NA,NA,NA,NA,NA,NA,NA,NA,NA,NA,NA,NA,NA,NA,NA,"CA","petrale sole","petrale_sole",NA,NA,"675","total_catch_wt_kg ~ 0 + factor(year) + pass","delta_lognormal","TRUE","iid, iid","03_6","factor(year)2015","-3.53898849128774","5.27998595309298","-13.8875707982274","6.8095938156519"
"586","586","586","586","586","586","586","586","586","586","586","586","586","586","586","586","586","586","586","586","586","586","586","586","586","586",NA,NA,NA,NA,NA,NA,NA,NA,NA,NA,NA,NA,NA,NA,NA,NA,NA,NA,NA,NA,NA,NA,NA,NA,NA,NA,"CA","petrale sole","petrale_sole",NA,NA,"675","total_catch_wt_kg ~ 0 + factor(year) + pass","delta_lognormal","TRUE","iid, iid","03_6","factor(year)2016","-3.35631739777261","5.28029316929061","-13.7055018373951","6.99286704184984"
"587","587","587","587","587","587","587","587","587","587","587","587","587","587","587","587","587","587","587","587","587","587","587","587","587","587",NA,NA,NA,NA,NA,NA,NA,NA,NA,NA,NA,NA,NA,NA,NA,NA,NA,NA,NA,NA,NA,NA,NA,NA,NA,NA,"CA","petrale sole","petrale_sole",NA,NA,"675","total_catch_wt_kg ~ 0 + factor(year) + pass","delta_lognormal","TRUE","iid, iid","03_6","factor(year)2017","-3.5986693935689","5.27849100430267","-13.9443216547208","6.74698286758298"
"588","588","588","588","588","588","588","588","588","588","588","588","588","588","588","588","588","588","588","588","588","588","588","588","588","588",NA,NA,NA,NA,NA,NA,NA,NA,NA,NA,NA,NA,NA,NA,NA,NA,NA,NA,NA,NA,NA,NA,NA,NA,NA,NA,"CA","petrale sole","petrale_sole",NA,NA,"675","total_catch_wt_kg ~ 0 + factor(year) + pass","delta_lognormal","TRUE","iid, iid","03_6","factor(year)2018","-3.89758388423703","5.28070683791467","-14.2475790994642","6.45241133099011"
"589","589","589","589","589","589","589","589","589","589","589","589","589","589","589","589","589","589","589","589","589","589","589","589","589","589",NA,NA,NA,NA,NA,NA,NA,NA,NA,NA,NA,NA,NA,NA,NA,NA,NA,NA,NA,NA,NA,NA,NA,NA,NA,NA,"CA","petrale sole","petrale_sole",NA,NA,"675","total_catch_wt_kg ~ 0 + factor(year) + pass","delta_lognormal","TRUE","iid, iid","03_6","factor(year)2019","-3.75729742915748","5.28320756545127","-14.1121939802915","6.59759912197654"
"590","590","590","590","590","590","590","590","590","590","590","590","590","590","590","590","590","590","590","590","590","590","590","590","590","590",NA,NA,NA,NA,NA,NA,NA,NA,NA,NA,NA,NA,NA,NA,NA,NA,NA,NA,NA,NA,NA,NA,NA,NA,NA,NA,"CA","petrale sole","petrale_sole",NA,NA,"675","total_catch_wt_kg ~ 0 + factor(year) + pass","delta_lognormal","TRUE","iid, iid","03_6","factor(year)2021","-3.7281282976793","5.27913260135788","-14.075038065952","6.61878147059339"
"591","591","591","591","591","591","591","591","591","591","591","591","591","591","591","591","591","591","591","591","591","591","591","591","591","591",NA,NA,NA,NA,NA,NA,NA,NA,NA,NA,NA,NA,NA,NA,NA,NA,NA,NA,NA,NA,NA,NA,NA,NA,NA,NA,"CA","petrale sole","petrale_sole",NA,NA,"675","total_catch_wt_kg ~ 0 + factor(year) + pass","delta_lognormal","TRUE","iid, iid","03_6","factor(year)2022","-3.60983029869251","5.28214871284545","-13.9626515368542","6.74299093946916"
"592","592","592","592","592","592","592","592","592","592","592","592","592","592","592","592","592","592","592","592","592","592","592","592","592","592",NA,NA,NA,NA,NA,NA,NA,NA,NA,NA,NA,NA,NA,NA,NA,NA,NA,NA,NA,NA,NA,NA,NA,NA,NA,NA,"CA","petrale sole","petrale_sole",NA,NA,"675","total_catch_wt_kg ~ 0 + factor(year) + pass","delta_lognormal","TRUE","iid, iid","03_6","factor(year)2023","-4.28426645699581","5.28052890882172","-14.633912937609","6.06538002361736"
"593","593","593","593","593","593","593","593","593","593","593","593","593","593","593","593","593","593","593","593","593","593","593","593","593","593",NA,NA,NA,NA,NA,NA,NA,NA,NA,NA,NA,NA,NA,NA,NA,NA,NA,NA,NA,NA,NA,NA,NA,NA,NA,NA,"CA","petrale sole","petrale_sole",NA,NA,"675","total_catch_wt_kg ~ 0 + factor(year) + pass","delta_lognormal","TRUE","iid, iid","03_6","factor(year)2024","-3.74927281520299","5.27849858357716","-14.0949399314599","6.59639430105393"
"594","594","594","594","594","594","594","594","594","594","594","594","594","594","594","594","594","594","594","594","594","594","594","594","594","594",NA,NA,NA,NA,NA,NA,NA,NA,NA,NA,NA,NA,NA,NA,NA,NA,NA,NA,NA,NA,NA,NA,NA,NA,NA,NA,"CA","petrale sole","petrale_sole",NA,NA,"675","total_catch_wt_kg ~ 0 + factor(year) + pass","delta_lognormal","TRUE","iid, iid","03_6","pass","0.0529701983891808","0.127851877481315","-0.197614876830023","0.303555273608385"
"595","595","595","595","595","595","595","595","595","595","595","595","595","595","595","595","595","595","595","595","595","595","595","595","595",NA,NA,NA,NA,NA,NA,NA,NA,NA,NA,NA,NA,NA,NA,NA,NA,NA,NA,NA,NA,NA,NA,NA,NA,NA,NA,NA,"CA","petrale sole","petrale_sole",NA,NA,"675","total_catch_wt_kg ~ 0 + factor(year) + pass","delta_lognormal","TRUE","iid, iid","03_7","factor(year)2003","-3.6044201984593","2.65010747504975","-8.79853540471719","1.58969500779859"
"596","596","596","596","596","596","596","596","596","596","596","596","596","596","596","596","596","596","596","596","596","596","596","596","596",NA,NA,NA,NA,NA,NA,NA,NA,NA,NA,NA,NA,NA,NA,NA,NA,NA,NA,NA,NA,NA,NA,NA,NA,NA,NA,NA,"CA","petrale sole","petrale_sole",NA,NA,"675","total_catch_wt_kg ~ 0 + factor(year) + pass","delta_lognormal","TRUE","iid, iid","03_7","factor(year)2004","-3.61299958071555","2.65194899344507","-8.81072409670513","1.58472493527402"
"597","597","597","597","597","597","597","597","597","597","597","597","597","597","597","597","597","597","597","597","597","597","597","597","597",NA,NA,NA,NA,NA,NA,NA,NA,NA,NA,NA,NA,NA,NA,NA,NA,NA,NA,NA,NA,NA,NA,NA,NA,NA,NA,NA,"CA","petrale sole","petrale_sole",NA,NA,"675","total_catch_wt_kg ~ 0 + factor(year) + pass","delta_lognormal","TRUE","iid, iid","03_7","factor(year)2005","-3.59402221217975","2.64247723962852","-8.77318243181847","1.58513800745897"
"598","598","598","598","598","598","598","598","598","598","598","598","598","598","598","598","598","598","598","598","598","598","598","598","598",NA,NA,NA,NA,NA,NA,NA,NA,NA,NA,NA,NA,NA,NA,NA,NA,NA,NA,NA,NA,NA,NA,NA,NA,NA,NA,NA,"CA","petrale sole","petrale_sole",NA,NA,"675","total_catch_wt_kg ~ 0 + factor(year) + pass","delta_lognormal","TRUE","iid, iid","03_7","factor(year)2006","-4.01058937795362","2.64882302005374","-9.20218709867957","1.18100834277234"
"599","599","599","599","599","599","599","599","599","599","599","599","599","599","599","599","599","599","599","599","599","599","599","599","599",NA,NA,NA,NA,NA,NA,NA,NA,NA,NA,NA,NA,NA,NA,NA,NA,NA,NA,NA,NA,NA,NA,NA,NA,NA,NA,NA,"CA","petrale sole","petrale_sole",NA,NA,"675","total_catch_wt_kg ~ 0 + factor(year) + pass","delta_lognormal","TRUE","iid, iid","03_7","factor(year)2007","-3.56419029262572","2.64397449506899","-8.74628507900342","1.61790449375197"
"600","600","600","600","600","600","600","600","600","600","600","600","600","600","600","600","600","600","600","600","600","600","600","600","600",NA,NA,NA,NA,NA,NA,NA,NA,NA,NA,NA,NA,NA,NA,NA,NA,NA,NA,NA,NA,NA,NA,NA,NA,NA,NA,NA,"CA","petrale sole","petrale_sole",NA,NA,"675","total_catch_wt_kg ~ 0 + factor(year) + pass","delta_lognormal","TRUE","iid, iid","03_7","factor(year)2008","-4.48094523895576","2.64683555207728","-9.66864759402742","0.706757116115897"
"601","601","601","601","601","601","601","601","601","601","601","601","601","601","601","601","601","601","601","601","601","601","601","601","601",NA,NA,NA,NA,NA,NA,NA,NA,NA,NA,NA,NA,NA,NA,NA,NA,NA,NA,NA,NA,NA,NA,NA,NA,NA,NA,NA,"CA","petrale sole","petrale_sole",NA,NA,"675","total_catch_wt_kg ~ 0 + factor(year) + pass","delta_lognormal","TRUE","iid, iid","03_7","factor(year)2009","-3.40102348996118","2.64292472570382","-8.58106076619107","1.7790137862687"
"602","602","602","602","602","602","602","602","602","602","602","602","602","602","602","602","602","602","602","602","602","602","602","602","602",NA,NA,NA,NA,NA,NA,NA,NA,NA,NA,NA,NA,NA,NA,NA,NA,NA,NA,NA,NA,NA,NA,NA,NA,NA,NA,NA,"CA","petrale sole","petrale_sole",NA,NA,"675","total_catch_wt_kg ~ 0 + factor(year) + pass","delta_lognormal","TRUE","iid, iid","03_7","factor(year)2010","-3.13197696022478","2.63831279491117","-8.30297501820188","2.03902109775232"
"603","603","603","603","603","603","603","603","603","603","603","603","603","603","603","603","603","603","603","603","603","603","603","603","603",NA,NA,NA,NA,NA,NA,NA,NA,NA,NA,NA,NA,NA,NA,NA,NA,NA,NA,NA,NA,NA,NA,NA,NA,NA,NA,NA,"CA","petrale sole","petrale_sole",NA,NA,"675","total_catch_wt_kg ~ 0 + factor(year) + pass","delta_lognormal","TRUE","iid, iid","03_7","factor(year)2011","-3.10131462169534","2.64312960788557","-8.28175345962253","2.07912421623184"
"604","604","604","604","604","604","604","604","604","604","604","604","604","604","604","604","604","604","604","604","604","604","604","604","604",NA,NA,NA,NA,NA,NA,NA,NA,NA,NA,NA,NA,NA,NA,NA,NA,NA,NA,NA,NA,NA,NA,NA,NA,NA,NA,NA,"CA","petrale sole","petrale_sole",NA,NA,"675","total_catch_wt_kg ~ 0 + factor(year) + pass","delta_lognormal","TRUE","iid, iid","03_7","factor(year)2012","-3.35475051975973","2.64253306335342","-8.53402015188874","1.82451911236928"
"605","605","605","605","605","605","605","605","605","605","605","605","605","605","605","605","605","605","605","605","605","605","605","605","605",NA,NA,NA,NA,NA,NA,NA,NA,NA,NA,NA,NA,NA,NA,NA,NA,NA,NA,NA,NA,NA,NA,NA,NA,NA,NA,NA,"CA","petrale sole","petrale_sole",NA,NA,"675","total_catch_wt_kg ~ 0 + factor(year) + pass","delta_lognormal","TRUE","iid, iid","03_7","factor(year)2013","-3.12144925364056","2.64843301249941","-8.31228257360632","2.0693840663252"
"606","606","606","606","606","606","606","606","606","606","606","606","606","606","606","606","606","606","606","606","606","606","606","606","606",NA,NA,NA,NA,NA,NA,NA,NA,NA,NA,NA,NA,NA,NA,NA,NA,NA,NA,NA,NA,NA,NA,NA,NA,NA,NA,NA,"CA","petrale sole","petrale_sole",NA,NA,"675","total_catch_wt_kg ~ 0 + factor(year) + pass","delta_lognormal","TRUE","iid, iid","03_7","factor(year)2014","-2.55526156655118","2.6407816326807","-7.73109845764022","2.62057532453787"
"607","607","607","607","607","607","607","607","607","607","607","607","607","607","607","607","607","607","607","607","607","607","607","607","607",NA,NA,NA,NA,NA,NA,NA,NA,NA,NA,NA,NA,NA,NA,NA,NA,NA,NA,NA,NA,NA,NA,NA,NA,NA,NA,NA,"CA","petrale sole","petrale_sole",NA,NA,"675","total_catch_wt_kg ~ 0 + factor(year) + pass","delta_lognormal","TRUE","iid, iid","03_7","factor(year)2015","-2.59846668768798","2.64206384946925","-7.77681667750297","2.57988330212701"
"608","608","608","608","608","608","608","608","608","608","608","608","608","608","608","608","608","608","608","608","608","608","608","608","608",NA,NA,NA,NA,NA,NA,NA,NA,NA,NA,NA,NA,NA,NA,NA,NA,NA,NA,NA,NA,NA,NA,NA,NA,NA,NA,NA,"CA","petrale sole","petrale_sole",NA,NA,"675","total_catch_wt_kg ~ 0 + factor(year) + pass","delta_lognormal","TRUE","iid, iid","03_7","factor(year)2016","-3.27117937493932","2.64185291206845","-8.44911593504575","1.9067571851671"
"609","609","609","609","609","609","609","609","609","609","609","609","609","609","609","609","609","609","609","609","609","609","609","609","609",NA,NA,NA,NA,NA,NA,NA,NA,NA,NA,NA,NA,NA,NA,NA,NA,NA,NA,NA,NA,NA,NA,NA,NA,NA,NA,NA,"CA","petrale sole","petrale_sole",NA,NA,"675","total_catch_wt_kg ~ 0 + factor(year) + pass","delta_lognormal","TRUE","iid, iid","03_7","factor(year)2017","-3.10370943958453","2.64227380312187","-8.28247093099708","2.07505205182802"
"610","610","610","610","610","610","610","610","610","610","610","610","610","610","610","610","610","610","610","610","610","610","610","610","610",NA,NA,NA,NA,NA,NA,NA,NA,NA,NA,NA,NA,NA,NA,NA,NA,NA,NA,NA,NA,NA,NA,NA,NA,NA,NA,NA,"CA","petrale sole","petrale_sole",NA,NA,"675","total_catch_wt_kg ~ 0 + factor(year) + pass","delta_lognormal","TRUE","iid, iid","03_7","factor(year)2018","-3.80745943915813","2.64386971668379","-8.98934886367448","1.37442998535821"
"611","611","611","611","611","611","611","611","611","611","611","611","611","611","611","611","611","611","611","611","611","611","611","611","611",NA,NA,NA,NA,NA,NA,NA,NA,NA,NA,NA,NA,NA,NA,NA,NA,NA,NA,NA,NA,NA,NA,NA,NA,NA,NA,NA,"CA","petrale sole","petrale_sole",NA,NA,"675","total_catch_wt_kg ~ 0 + factor(year) + pass","delta_lognormal","TRUE","iid, iid","03_7","factor(year)2019","-3.69497187192692","2.65561629470429","-8.89988416630503","1.5099404224512"
"612","612","612","612","612","612","612","612","612","612","612","612","612","612","612","612","612","612","612","612","612","612","612","612","612",NA,NA,NA,NA,NA,NA,NA,NA,NA,NA,NA,NA,NA,NA,NA,NA,NA,NA,NA,NA,NA,NA,NA,NA,NA,NA,NA,"CA","petrale sole","petrale_sole",NA,NA,"675","total_catch_wt_kg ~ 0 + factor(year) + pass","delta_lognormal","TRUE","iid, iid","03_7","factor(year)2021","-3.38963626757441","2.64030985067553","-8.56454848292477","1.78527594777596"
"613","613","613","613","613","613","613","613","613","613","613","613","613","613","613","613","613","613","613","613","613","613","613","613","613",NA,NA,NA,NA,NA,NA,NA,NA,NA,NA,NA,NA,NA,NA,NA,NA,NA,NA,NA,NA,NA,NA,NA,NA,NA,NA,NA,"CA","petrale sole","petrale_sole",NA,NA,"675","total_catch_wt_kg ~ 0 + factor(year) + pass","delta_lognormal","TRUE","iid, iid","03_7","factor(year)2022","-3.54369659236436","2.64591182172291","-8.72958846921003","1.64219528448131"
"614","614","614","614","614","614","614","614","614","614","614","614","614","614","614","614","614","614","614","614","614","614","614","614","614",NA,NA,NA,NA,NA,NA,NA,NA,NA,NA,NA,NA,NA,NA,NA,NA,NA,NA,NA,NA,NA,NA,NA,NA,NA,NA,NA,"CA","petrale sole","petrale_sole",NA,NA,"675","total_catch_wt_kg ~ 0 + factor(year) + pass","delta_lognormal","TRUE","iid, iid","03_7","factor(year)2023","-3.8721060236933","2.64430135628305","-9.0548414462785","1.3106293988919"
"615","615","615","615","615","615","615","615","615","615","615","615","615","615","615","615","615","615","615","615","615","615","615","615","615",NA,NA,NA,NA,NA,NA,NA,NA,NA,NA,NA,NA,NA,NA,NA,NA,NA,NA,NA,NA,NA,NA,NA,NA,NA,NA,NA,"CA","petrale sole","petrale_sole",NA,NA,"675","total_catch_wt_kg ~ 0 + factor(year) + pass","delta_lognormal","TRUE","iid, iid","03_7","factor(year)2024","-3.1738032203493","2.64393111323143","-8.35581297988779","2.00820653918919"
"616","616","616","616","616","616","616","616","616","616","616","616","616","616","616","616","616","616","616","616","616","616","616","616","616",NA,NA,NA,NA,NA,NA,NA,NA,NA,NA,NA,NA,NA,NA,NA,NA,NA,NA,NA,NA,NA,NA,NA,NA,NA,NA,NA,"CA","petrale sole","petrale_sole",NA,NA,"675","total_catch_wt_kg ~ 0 + factor(year) + pass","delta_lognormal","TRUE","iid, iid","03_7","pass","0.206312310129766","0.122877216676856","-0.0345226090773955","0.447147229336928"
"617","617","617","617","617","617","617","617","617","617","617","617","617","617","617","617","617","617","617","617","617","617","617","617",NA,NA,NA,NA,NA,NA,NA,NA,NA,NA,NA,NA,NA,NA,NA,NA,NA,NA,NA,NA,NA,NA,NA,NA,NA,NA,NA,NA,"CA","petrale sole","petrale_sole",NA,NA,"675","total_catch_wt_kg ~ 0 + factor(year) + pass","delta_lognormal","TRUE","iid, iid","03_8","factor(year)2003","-3.6793929884032","2.41137636769724","-8.4056038222608","1.0468178454544"
"618","618","618","618","618","618","618","618","618","618","618","618","618","618","618","618","618","618","618","618","618","618","618","618",NA,NA,NA,NA,NA,NA,NA,NA,NA,NA,NA,NA,NA,NA,NA,NA,NA,NA,NA,NA,NA,NA,NA,NA,NA,NA,NA,NA,"CA","petrale sole","petrale_sole",NA,NA,"675","total_catch_wt_kg ~ 0 + factor(year) + pass","delta_lognormal","TRUE","iid, iid","03_8","factor(year)2004","-3.32198000489012","2.42067291598008","-8.06641173856263","1.42245172878239"
"619","619","619","619","619","619","619","619","619","619","619","619","619","619","619","619","619","619","619","619","619","619","619","619",NA,NA,NA,NA,NA,NA,NA,NA,NA,NA,NA,NA,NA,NA,NA,NA,NA,NA,NA,NA,NA,NA,NA,NA,NA,NA,NA,NA,"CA","petrale sole","petrale_sole",NA,NA,"675","total_catch_wt_kg ~ 0 + factor(year) + pass","delta_lognormal","TRUE","iid, iid","03_8","factor(year)2005","-3.0071070708457","2.41197701412954","-7.73449515007805","1.72028100838665"
"620","620","620","620","620","620","620","620","620","620","620","620","620","620","620","620","620","620","620","620","620","620","620","620",NA,NA,NA,NA,NA,NA,NA,NA,NA,NA,NA,NA,NA,NA,NA,NA,NA,NA,NA,NA,NA,NA,NA,NA,NA,NA,NA,NA,"CA","petrale sole","petrale_sole",NA,NA,"675","total_catch_wt_kg ~ 0 + factor(year) + pass","delta_lognormal","TRUE","iid, iid","03_8","factor(year)2006","-3.17495567603252","2.4078874286972","-7.89432831510578","1.54441696304075"
"621","621","621","621","621","621","621","621","621","621","621","621","621","621","621","621","621","621","621","621","621","621","621","621",NA,NA,NA,NA,NA,NA,NA,NA,NA,NA,NA,NA,NA,NA,NA,NA,NA,NA,NA,NA,NA,NA,NA,NA,NA,NA,NA,NA,"CA","petrale sole","petrale_sole",NA,NA,"675","total_catch_wt_kg ~ 0 + factor(year) + pass","delta_lognormal","TRUE","iid, iid","03_8","factor(year)2007","-3.28943313286722","2.40929516276903","-8.01156488002108","1.43269861428664"
"622","622","622","622","622","622","622","622","622","622","622","622","622","622","622","622","622","622","622","622","622","622","622","622",NA,NA,NA,NA,NA,NA,NA,NA,NA,NA,NA,NA,NA,NA,NA,NA,NA,NA,NA,NA,NA,NA,NA,NA,NA,NA,NA,NA,"CA","petrale sole","petrale_sole",NA,NA,"675","total_catch_wt_kg ~ 0 + factor(year) + pass","delta_lognormal","TRUE","iid, iid","03_8","factor(year)2008","-3.62334474126524","2.411404307932","-8.34961033697669","1.10292085444621"
"623","623","623","623","623","623","623","623","623","623","623","623","623","623","623","623","623","623","623","623","623","623","623","623",NA,NA,NA,NA,NA,NA,NA,NA,NA,NA,NA,NA,NA,NA,NA,NA,NA,NA,NA,NA,NA,NA,NA,NA,NA,NA,NA,NA,"CA","petrale sole","petrale_sole",NA,NA,"675","total_catch_wt_kg ~ 0 + factor(year) + pass","delta_lognormal","TRUE","iid, iid","03_8","factor(year)2009","-3.1739059624943","2.40935120324852","-7.89614754696963","1.54833562198103"
"624","624","624","624","624","624","624","624","624","624","624","624","624","624","624","624","624","624","624","624","624","624","624","624",NA,NA,NA,NA,NA,NA,NA,NA,NA,NA,NA,NA,NA,NA,NA,NA,NA,NA,NA,NA,NA,NA,NA,NA,NA,NA,NA,NA,"CA","petrale sole","petrale_sole",NA,NA,"675","total_catch_wt_kg ~ 0 + factor(year) + pass","delta_lognormal","TRUE","iid, iid","03_8","factor(year)2010","-2.33603943260806","2.40450709537173","-7.04878674010767","2.37670787489155"
"625","625","625","625","625","625","625","625","625","625","625","625","625","625","625","625","625","625","625","625","625","625","625","625",NA,NA,NA,NA,NA,NA,NA,NA,NA,NA,NA,NA,NA,NA,NA,NA,NA,NA,NA,NA,NA,NA,NA,NA,NA,NA,NA,NA,"CA","petrale sole","petrale_sole",NA,NA,"675","total_catch_wt_kg ~ 0 + factor(year) + pass","delta_lognormal","TRUE","iid, iid","03_8","factor(year)2011","-2.27934769375136","2.41185075156867","-7.00648830291181","2.4477929154091"
"626","626","626","626","626","626","626","626","626","626","626","626","626","626","626","626","626","626","626","626","626","626","626","626",NA,NA,NA,NA,NA,NA,NA,NA,NA,NA,NA,NA,NA,NA,NA,NA,NA,NA,NA,NA,NA,NA,NA,NA,NA,NA,NA,NA,"CA","petrale sole","petrale_sole",NA,NA,"675","total_catch_wt_kg ~ 0 + factor(year) + pass","delta_lognormal","TRUE","iid, iid","03_8","factor(year)2012","-2.83202551702978","2.41035631362741","-7.55623708164824","1.89218604758869"
"627","627","627","627","627","627","627","627","627","627","627","627","627","627","627","627","627","627","627","627","627","627","627","627",NA,NA,NA,NA,NA,NA,NA,NA,NA,NA,NA,NA,NA,NA,NA,NA,NA,NA,NA,NA,NA,NA,NA,NA,NA,NA,NA,NA,"CA","petrale sole","petrale_sole",NA,NA,"675","total_catch_wt_kg ~ 0 + factor(year) + pass","delta_lognormal","TRUE","iid, iid","03_8","factor(year)2013","-2.50216003060648","2.41888984370902","-7.24309700684588","2.23877694563293"
"628","628","628","628","628","628","628","628","628","628","628","628","628","628","628","628","628","628","628","628","628","628","628","628",NA,NA,NA,NA,NA,NA,NA,NA,NA,NA,NA,NA,NA,NA,NA,NA,NA,NA,NA,NA,NA,NA,NA,NA,NA,NA,NA,NA,"CA","petrale sole","petrale_sole",NA,NA,"675","total_catch_wt_kg ~ 0 + factor(year) + pass","delta_lognormal","TRUE","iid, iid","03_8","factor(year)2014","-1.90856592284907","2.40759198069746","-6.62735949448354","2.8102276487854"
"629","629","629","629","629","629","629","629","629","629","629","629","629","629","629","629","629","629","629","629","629","629","629","629",NA,NA,NA,NA,NA,NA,NA,NA,NA,NA,NA,NA,NA,NA,NA,NA,NA,NA,NA,NA,NA,NA,NA,NA,NA,NA,NA,NA,"CA","petrale sole","petrale_sole",NA,NA,"675","total_catch_wt_kg ~ 0 + factor(year) + pass","delta_lognormal","TRUE","iid, iid","03_8","factor(year)2015","-2.52502680931745","2.40963554941491","-7.24782570203805","2.19777208340316"
"630","630","630","630","630","630","630","630","630","630","630","630","630","630","630","630","630","630","630","630","630","630","630","630",NA,NA,NA,NA,NA,NA,NA,NA,NA,NA,NA,NA,NA,NA,NA,NA,NA,NA,NA,NA,NA,NA,NA,NA,NA,NA,NA,NA,"CA","petrale sole","petrale_sole",NA,NA,"675","total_catch_wt_kg ~ 0 + factor(year) + pass","delta_lognormal","TRUE","iid, iid","03_8","factor(year)2016","-2.52330720113961","2.40788798416387","-7.24268092890755","2.19606652662832"
"631","631","631","631","631","631","631","631","631","631","631","631","631","631","631","631","631","631","631","631","631","631","631","631",NA,NA,NA,NA,NA,NA,NA,NA,NA,NA,NA,NA,NA,NA,NA,NA,NA,NA,NA,NA,NA,NA,NA,NA,NA,NA,NA,NA,"CA","petrale sole","petrale_sole",NA,NA,"675","total_catch_wt_kg ~ 0 + factor(year) + pass","delta_lognormal","TRUE","iid, iid","03_8","factor(year)2017","-2.84250256894547","2.40929763334588","-7.56463915834099","1.87963402045005"
"632","632","632","632","632","632","632","632","632","632","632","632","632","632","632","632","632","632","632","632","632","632","632","632",NA,NA,NA,NA,NA,NA,NA,NA,NA,NA,NA,NA,NA,NA,NA,NA,NA,NA,NA,NA,NA,NA,NA,NA,NA,NA,NA,NA,"CA","petrale sole","petrale_sole",NA,NA,"675","total_catch_wt_kg ~ 0 + factor(year) + pass","delta_lognormal","TRUE","iid, iid","03_8","factor(year)2018","-3.15040889298113","2.40668800297059","-7.86743070082812","1.56661291486585"
"633","633","633","633","633","633","633","633","633","633","633","633","633","633","633","633","633","633","633","633","633","633","633","633",NA,NA,NA,NA,NA,NA,NA,NA,NA,NA,NA,NA,NA,NA,NA,NA,NA,NA,NA,NA,NA,NA,NA,NA,NA,NA,NA,NA,"CA","petrale sole","petrale_sole",NA,NA,"675","total_catch_wt_kg ~ 0 + factor(year) + pass","delta_lognormal","TRUE","iid, iid","03_8","factor(year)2019","-2.63634659725853","2.42735533765035","-7.39387563673428","2.12118244221722"
"634","634","634","634","634","634","634","634","634","634","634","634","634","634","634","634","634","634","634","634","634","634","634","634",NA,NA,NA,NA,NA,NA,NA,NA,NA,NA,NA,NA,NA,NA,NA,NA,NA,NA,NA,NA,NA,NA,NA,NA,NA,NA,NA,NA,"CA","petrale sole","petrale_sole",NA,NA,"675","total_catch_wt_kg ~ 0 + factor(year) + pass","delta_lognormal","TRUE","iid, iid","03_8","factor(year)2021","-3.03202322929977","2.40597225641814","-7.74764219968189","1.68359574108235"
"635","635","635","635","635","635","635","635","635","635","635","635","635","635","635","635","635","635","635","635","635","635","635","635",NA,NA,NA,NA,NA,NA,NA,NA,NA,NA,NA,NA,NA,NA,NA,NA,NA,NA,NA,NA,NA,NA,NA,NA,NA,NA,NA,NA,"CA","petrale sole","petrale_sole",NA,NA,"675","total_catch_wt_kg ~ 0 + factor(year) + pass","delta_lognormal","TRUE","iid, iid","03_8","factor(year)2022","-2.98649367531448","2.40603011950456","-7.70222605526201","1.72923870463305"
"636","636","636","636","636","636","636","636","636","636","636","636","636","636","636","636","636","636","636","636","636","636","636","636",NA,NA,NA,NA,NA,NA,NA,NA,NA,NA,NA,NA,NA,NA,NA,NA,NA,NA,NA,NA,NA,NA,NA,NA,NA,NA,NA,NA,"CA","petrale sole","petrale_sole",NA,NA,"675","total_catch_wt_kg ~ 0 + factor(year) + pass","delta_lognormal","TRUE","iid, iid","03_8","factor(year)2023","-2.99886189974576","2.41157181666523","-7.72545580654144","1.72773200704992"
"637","637","637","637","637","637","637","637","637","637","637","637","637","637","637","637","637","637","637","637","637","637","637","637",NA,NA,NA,NA,NA,NA,NA,NA,NA,NA,NA,NA,NA,NA,NA,NA,NA,NA,NA,NA,NA,NA,NA,NA,NA,NA,NA,NA,"CA","petrale sole","petrale_sole",NA,NA,"675","total_catch_wt_kg ~ 0 + factor(year) + pass","delta_lognormal","TRUE","iid, iid","03_8","factor(year)2024","-2.98981757363351","2.41409557910609","-7.72135796391881","1.74172281665179"
"638","638","638","638","638","638","638","638","638","638","638","638","638","638","638","638","638","638","638","638","638","638","638","638",NA,NA,NA,NA,NA,NA,NA,NA,NA,NA,NA,NA,NA,NA,NA,NA,NA,NA,NA,NA,NA,NA,NA,NA,NA,NA,NA,NA,"CA","petrale sole","petrale_sole",NA,NA,"675","total_catch_wt_kg ~ 0 + factor(year) + pass","delta_lognormal","TRUE","iid, iid","03_8","pass","0.00157008889379974","0.133144252170233","-0.259387850108376","0.262528027895976"
"639","639","639","639","639","639","639","639","639","639","639","639","639","639","639","639","639","639","639","639","639","639","639",NA,NA,NA,NA,NA,NA,NA,NA,NA,NA,NA,NA,NA,NA,NA,NA,NA,NA,NA,NA,NA,NA,NA,NA,NA,NA,NA,NA,NA,"CA","petrale sole","petrale_sole",NA,NA,"675","total_catch_wt_kg ~ 0 + factor(year) + pass","delta_lognormal","TRUE","iid, iid","03_9","factor(year)2003","-3.47653475976033","2.87964946330565","-9.12054399593949","2.16747447641883"
"640","640","640","640","640","640","640","640","640","640","640","640","640","640","640","640","640","640","640","640","640","640","640",NA,NA,NA,NA,NA,NA,NA,NA,NA,NA,NA,NA,NA,NA,NA,NA,NA,NA,NA,NA,NA,NA,NA,NA,NA,NA,NA,NA,NA,"CA","petrale sole","petrale_sole",NA,NA,"675","total_catch_wt_kg ~ 0 + factor(year) + pass","delta_lognormal","TRUE","iid, iid","03_9","factor(year)2004","-3.3205212173265","2.88905509331328","-8.98296514957253","2.34192271491953"
"641","641","641","641","641","641","641","641","641","641","641","641","641","641","641","641","641","641","641","641","641","641","641",NA,NA,NA,NA,NA,NA,NA,NA,NA,NA,NA,NA,NA,NA,NA,NA,NA,NA,NA,NA,NA,NA,NA,NA,NA,NA,NA,NA,NA,"CA","petrale sole","petrale_sole",NA,NA,"675","total_catch_wt_kg ~ 0 + factor(year) + pass","delta_lognormal","TRUE","iid, iid","03_9","factor(year)2005","-3.48194060695849","2.88276094038349","-9.13204822614894","2.16816701223197"
"642","642","642","642","642","642","642","642","642","642","642","642","642","642","642","642","642","642","642","642","642","642","642",NA,NA,NA,NA,NA,NA,NA,NA,NA,NA,NA,NA,NA,NA,NA,NA,NA,NA,NA,NA,NA,NA,NA,NA,NA,NA,NA,NA,NA,"CA","petrale sole","petrale_sole",NA,NA,"675","total_catch_wt_kg ~ 0 + factor(year) + pass","delta_lognormal","TRUE","iid, iid","03_9","factor(year)2006","-3.49477968600807","2.88166257021751","-9.14273453923153","2.15317516721538"
"643","643","643","643","643","643","643","643","643","643","643","643","643","643","643","643","643","643","643","643","643","643","643",NA,NA,NA,NA,NA,NA,NA,NA,NA,NA,NA,NA,NA,NA,NA,NA,NA,NA,NA,NA,NA,NA,NA,NA,NA,NA,NA,NA,NA,"CA","petrale sole","petrale_sole",NA,NA,"675","total_catch_wt_kg ~ 0 + factor(year) + pass","delta_lognormal","TRUE","iid, iid","03_9","factor(year)2007","-3.31626431827484","2.88040179197938","-8.96174809155905","2.32921945500936"
"644","644","644","644","644","644","644","644","644","644","644","644","644","644","644","644","644","644","644","644","644","644","644",NA,NA,NA,NA,NA,NA,NA,NA,NA,NA,NA,NA,NA,NA,NA,NA,NA,NA,NA,NA,NA,NA,NA,NA,NA,NA,NA,NA,NA,"CA","petrale sole","petrale_sole",NA,NA,"675","total_catch_wt_kg ~ 0 + factor(year) + pass","delta_lognormal","TRUE","iid, iid","03_9","factor(year)2008","-3.18436237930392","2.87978681255324","-8.82864081506166","2.45991605645383"
"645","645","645","645","645","645","645","645","645","645","645","645","645","645","645","645","645","645","645","645","645","645","645",NA,NA,NA,NA,NA,NA,NA,NA,NA,NA,NA,NA,NA,NA,NA,NA,NA,NA,NA,NA,NA,NA,NA,NA,NA,NA,NA,NA,NA,"CA","petrale sole","petrale_sole",NA,NA,"675","total_catch_wt_kg ~ 0 + factor(year) + pass","delta_lognormal","TRUE","iid, iid","03_9","factor(year)2009","-3.31981383588165","2.88150326192579","-8.96745645059088","2.32782877882758"
"646","646","646","646","646","646","646","646","646","646","646","646","646","646","646","646","646","646","646","646","646","646","646",NA,NA,NA,NA,NA,NA,NA,NA,NA,NA,NA,NA,NA,NA,NA,NA,NA,NA,NA,NA,NA,NA,NA,NA,NA,NA,NA,NA,NA,"CA","petrale sole","petrale_sole",NA,NA,"675","total_catch_wt_kg ~ 0 + factor(year) + pass","delta_lognormal","TRUE","iid, iid","03_9","factor(year)2010","-2.56772692965231","2.87845427324069","-8.20939363634948","3.07393977704487"
"647","647","647","647","647","647","647","647","647","647","647","647","647","647","647","647","647","647","647","647","647","647","647",NA,NA,NA,NA,NA,NA,NA,NA,NA,NA,NA,NA,NA,NA,NA,NA,NA,NA,NA,NA,NA,NA,NA,NA,NA,NA,NA,NA,NA,"CA","petrale sole","petrale_sole",NA,NA,"675","total_catch_wt_kg ~ 0 + factor(year) + pass","delta_lognormal","TRUE","iid, iid","03_9","factor(year)2011","-2.56017584040414","2.87970805216228","-8.2042999086322","3.08394822782391"
"648","648","648","648","648","648","648","648","648","648","648","648","648","648","648","648","648","648","648","648","648","648","648",NA,NA,NA,NA,NA,NA,NA,NA,NA,NA,NA,NA,NA,NA,NA,NA,NA,NA,NA,NA,NA,NA,NA,NA,NA,NA,NA,NA,NA,"CA","petrale sole","petrale_sole",NA,NA,"675","total_catch_wt_kg ~ 0 + factor(year) + pass","delta_lognormal","TRUE","iid, iid","03_9","factor(year)2012","-3.04936011496518","2.87966532112811","-8.69340043190524","2.59468020197489"
"649","649","649","649","649","649","649","649","649","649","649","649","649","649","649","649","649","649","649","649","649","649","649",NA,NA,NA,NA,NA,NA,NA,NA,NA,NA,NA,NA,NA,NA,NA,NA,NA,NA,NA,NA,NA,NA,NA,NA,NA,NA,NA,NA,NA,"CA","petrale sole","petrale_sole",NA,NA,"675","total_catch_wt_kg ~ 0 + factor(year) + pass","delta_lognormal","TRUE","iid, iid","03_9","factor(year)2013","-2.83715192727589","2.88207256848852","-8.48591036234424","2.81160650779246"
"650","650","650","650","650","650","650","650","650","650","650","650","650","650","650","650","650","650","650","650","650","650","650",NA,NA,NA,NA,NA,NA,NA,NA,NA,NA,NA,NA,NA,NA,NA,NA,NA,NA,NA,NA,NA,NA,NA,NA,NA,NA,NA,NA,NA,"CA","petrale sole","petrale_sole",NA,NA,"675","total_catch_wt_kg ~ 0 + factor(year) + pass","delta_lognormal","TRUE","iid, iid","03_9","factor(year)2014","-2.25080091942259","2.88081373710301","-7.89709209031273","3.39549025146755"
"651","651","651","651","651","651","651","651","651","651","651","651","651","651","651","651","651","651","651","651","651","651","651",NA,NA,NA,NA,NA,NA,NA,NA,NA,NA,NA,NA,NA,NA,NA,NA,NA,NA,NA,NA,NA,NA,NA,NA,NA,NA,NA,NA,NA,"CA","petrale sole","petrale_sole",NA,NA,"675","total_catch_wt_kg ~ 0 + factor(year) + pass","delta_lognormal","TRUE","iid, iid","03_9","factor(year)2015","-2.60794256368515","2.88064614176078","-8.25390525374055","3.03802012637025"
"652","652","652","652","652","652","652","652","652","652","652","652","652","652","652","652","652","652","652","652","652","652","652",NA,NA,NA,NA,NA,NA,NA,NA,NA,NA,NA,NA,NA,NA,NA,NA,NA,NA,NA,NA,NA,NA,NA,NA,NA,NA,NA,NA,NA,"CA","petrale sole","petrale_sole",NA,NA,"675","total_catch_wt_kg ~ 0 + factor(year) + pass","delta_lognormal","TRUE","iid, iid","03_9","factor(year)2016","-2.57543751864499","2.87836098316643","-8.2169213801565","3.06604634286652"
"653","653","653","653","653","653","653","653","653","653","653","653","653","653","653","653","653","653","653","653","653","653","653",NA,NA,NA,NA,NA,NA,NA,NA,NA,NA,NA,NA,NA,NA,NA,NA,NA,NA,NA,NA,NA,NA,NA,NA,NA,NA,NA,NA,NA,"CA","petrale sole","petrale_sole",NA,NA,"675","total_catch_wt_kg ~ 0 + factor(year) + pass","delta_lognormal","TRUE","iid, iid","03_9","factor(year)2017","-3.08692161866108","2.87892616163326","-8.72951320961242","2.55566997229026"
"654","654","654","654","654","654","654","654","654","654","654","654","654","654","654","654","654","654","654","654","654","654","654",NA,NA,NA,NA,NA,NA,NA,NA,NA,NA,NA,NA,NA,NA,NA,NA,NA,NA,NA,NA,NA,NA,NA,NA,NA,NA,NA,NA,NA,"CA","petrale sole","petrale_sole",NA,NA,"675","total_catch_wt_kg ~ 0 + factor(year) + pass","delta_lognormal","TRUE","iid, iid","03_9","factor(year)2018","-3.4658204838588","2.88158193048235","-9.11361728610561","2.18197631838802"
"655","655","655","655","655","655","655","655","655","655","655","655","655","655","655","655","655","655","655","655","655","655","655",NA,NA,NA,NA,NA,NA,NA,NA,NA,NA,NA,NA,NA,NA,NA,NA,NA,NA,NA,NA,NA,NA,NA,NA,NA,NA,NA,NA,NA,"CA","petrale sole","petrale_sole",NA,NA,"675","total_catch_wt_kg ~ 0 + factor(year) + pass","delta_lognormal","TRUE","iid, iid","03_9","factor(year)2019","-2.82084398129027","2.89108849894341","-8.48727331533732","2.84558535275679"
"656","656","656","656","656","656","656","656","656","656","656","656","656","656","656","656","656","656","656","656","656","656","656",NA,NA,NA,NA,NA,NA,NA,NA,NA,NA,NA,NA,NA,NA,NA,NA,NA,NA,NA,NA,NA,NA,NA,NA,NA,NA,NA,NA,NA,"CA","petrale sole","petrale_sole",NA,NA,"675","total_catch_wt_kg ~ 0 + factor(year) + pass","delta_lognormal","TRUE","iid, iid","03_9","factor(year)2021","-3.1479071034684","2.87899252495521","-8.79062876414065","2.49481455720385"
"657","657","657","657","657","657","657","657","657","657","657","657","657","657","657","657","657","657","657","657","657","657","657",NA,NA,NA,NA,NA,NA,NA,NA,NA,NA,NA,NA,NA,NA,NA,NA,NA,NA,NA,NA,NA,NA,NA,NA,NA,NA,NA,NA,NA,"CA","petrale sole","petrale_sole",NA,NA,"675","total_catch_wt_kg ~ 0 + factor(year) + pass","delta_lognormal","TRUE","iid, iid","03_9","factor(year)2022","-3.149703035154","2.88085683191753","-8.79607867032852","2.49667260002052"
"658","658","658","658","658","658","658","658","658","658","658","658","658","658","658","658","658","658","658","658","658","658","658",NA,NA,NA,NA,NA,NA,NA,NA,NA,NA,NA,NA,NA,NA,NA,NA,NA,NA,NA,NA,NA,NA,NA,NA,NA,NA,NA,NA,NA,"CA","petrale sole","petrale_sole",NA,NA,"675","total_catch_wt_kg ~ 0 + factor(year) + pass","delta_lognormal","TRUE","iid, iid","03_9","factor(year)2023","-3.54101472178956","2.8843912045941","-9.1943176001181","2.11228815653898"
"659","659","659","659","659","659","659","659","659","659","659","659","659","659","659","659","659","659","659","659","659","659","659",NA,NA,NA,NA,NA,NA,NA,NA,NA,NA,NA,NA,NA,NA,NA,NA,NA,NA,NA,NA,NA,NA,NA,NA,NA,NA,NA,NA,NA,"CA","petrale sole","petrale_sole",NA,NA,"675","total_catch_wt_kg ~ 0 + factor(year) + pass","delta_lognormal","TRUE","iid, iid","03_9","factor(year)2024","-3.16299155262062","2.88077015154028","-8.80919729737756","2.48321419213631"
"660","660","660","660","660","660","660","660","660","660","660","660","660","660","660","660","660","660","660","660","660","660","660",NA,NA,NA,NA,NA,NA,NA,NA,NA,NA,NA,NA,NA,NA,NA,NA,NA,NA,NA,NA,NA,NA,NA,NA,NA,NA,NA,NA,NA,"CA","petrale sole","petrale_sole",NA,NA,"675","total_catch_wt_kg ~ 0 + factor(year) + pass","delta_lognormal","TRUE","iid, iid","03_9","pass","0.04553979509674","0.124752324069365","-0.198970267066884","0.290049857260364"
"661","661","661","661","661","661","661","661","661","661","661","661","661","661","661","661","661","661","661","661","661","661",NA,NA,NA,NA,NA,NA,NA,NA,NA,NA,NA,NA,NA,NA,NA,NA,NA,NA,NA,NA,NA,NA,NA,NA,NA,NA,NA,NA,NA,NA,"CA","petrale sole","petrale_sole",NA,NA,"675","total_catch_wt_kg ~ 0 + factor(year) + pass","delta_lognormal","TRUE","iid, iid","04_1","factor(year)2003","-4.68513524229092","3.55743698107254","-11.657583602464","2.28731311788214"
"662","662","662","662","662","662","662","662","662","662","662","662","662","662","662","662","662","662","662","662","662","662",NA,NA,NA,NA,NA,NA,NA,NA,NA,NA,NA,NA,NA,NA,NA,NA,NA,NA,NA,NA,NA,NA,NA,NA,NA,NA,NA,NA,NA,NA,"CA","petrale sole","petrale_sole",NA,NA,"675","total_catch_wt_kg ~ 0 + factor(year) + pass","delta_lognormal","TRUE","iid, iid","04_1","factor(year)2004","-4.33321436078813","3.56066870864801","-11.311996790617","2.64556806904072"
"663","663","663","663","663","663","663","663","663","663","663","663","663","663","663","663","663","663","663","663","663","663",NA,NA,NA,NA,NA,NA,NA,NA,NA,NA,NA,NA,NA,NA,NA,NA,NA,NA,NA,NA,NA,NA,NA,NA,NA,NA,NA,NA,NA,NA,"CA","petrale sole","petrale_sole",NA,NA,"675","total_catch_wt_kg ~ 0 + factor(year) + pass","delta_lognormal","TRUE","iid, iid","04_1","factor(year)2005","-4.51010482988644","3.55665517299958","-11.4810208743937","2.46081121462081"
"664","664","664","664","664","664","664","664","664","664","664","664","664","664","664","664","664","664","664","664","664","664",NA,NA,NA,NA,NA,NA,NA,NA,NA,NA,NA,NA,NA,NA,NA,NA,NA,NA,NA,NA,NA,NA,NA,NA,NA,NA,NA,NA,NA,NA,"CA","petrale sole","petrale_sole",NA,NA,"675","total_catch_wt_kg ~ 0 + factor(year) + pass","delta_lognormal","TRUE","iid, iid","04_1","factor(year)2006","-4.49955246651052","3.55707201712213","-11.4712855104851","2.47218057746411"
"665","665","665","665","665","665","665","665","665","665","665","665","665","665","665","665","665","665","665","665","665","665",NA,NA,NA,NA,NA,NA,NA,NA,NA,NA,NA,NA,NA,NA,NA,NA,NA,NA,NA,NA,NA,NA,NA,NA,NA,NA,NA,NA,NA,NA,"CA","petrale sole","petrale_sole",NA,NA,"675","total_catch_wt_kg ~ 0 + factor(year) + pass","delta_lognormal","TRUE","iid, iid","04_1","factor(year)2007","-4.59898502299651","3.55687530813646","-11.5703325244438","2.37236247845076"
"666","666","666","666","666","666","666","666","666","666","666","666","666","666","666","666","666","666","666","666","666","666",NA,NA,NA,NA,NA,NA,NA,NA,NA,NA,NA,NA,NA,NA,NA,NA,NA,NA,NA,NA,NA,NA,NA,NA,NA,NA,NA,NA,NA,NA,"CA","petrale sole","petrale_sole",NA,NA,"675","total_catch_wt_kg ~ 0 + factor(year) + pass","delta_lognormal","TRUE","iid, iid","04_1","factor(year)2008","-4.66388952632524","3.55647252652728","-11.6344475903249","2.30666853767441"
"667","667","667","667","667","667","667","667","667","667","667","667","667","667","667","667","667","667","667","667","667","667",NA,NA,NA,NA,NA,NA,NA,NA,NA,NA,NA,NA,NA,NA,NA,NA,NA,NA,NA,NA,NA,NA,NA,NA,NA,NA,NA,NA,NA,NA,"CA","petrale sole","petrale_sole",NA,NA,"675","total_catch_wt_kg ~ 0 + factor(year) + pass","delta_lognormal","TRUE","iid, iid","04_1","factor(year)2009","-4.34062902955799","3.5562112058236","-11.31067491439","2.62941685527402"
"668","668","668","668","668","668","668","668","668","668","668","668","668","668","668","668","668","668","668","668","668","668",NA,NA,NA,NA,NA,NA,NA,NA,NA,NA,NA,NA,NA,NA,NA,NA,NA,NA,NA,NA,NA,NA,NA,NA,NA,NA,NA,NA,NA,NA,"CA","petrale sole","petrale_sole",NA,NA,"675","total_catch_wt_kg ~ 0 + factor(year) + pass","delta_lognormal","TRUE","iid, iid","04_1","factor(year)2010","-3.85409920749729","3.5535412726182","-10.8189121194056","3.110713704411"
"669","669","669","669","669","669","669","669","669","669","669","669","669","669","669","669","669","669","669","669","669","669",NA,NA,NA,NA,NA,NA,NA,NA,NA,NA,NA,NA,NA,NA,NA,NA,NA,NA,NA,NA,NA,NA,NA,NA,NA,NA,NA,NA,NA,NA,"CA","petrale sole","petrale_sole",NA,NA,"675","total_catch_wt_kg ~ 0 + factor(year) + pass","delta_lognormal","TRUE","iid, iid","04_1","factor(year)2011","-3.54569735632187","3.55545399639498","-10.514259137945","3.42286442530129"
"670","670","670","670","670","670","670","670","670","670","670","670","670","670","670","670","670","670","670","670","670","670",NA,NA,NA,NA,NA,NA,NA,NA,NA,NA,NA,NA,NA,NA,NA,NA,NA,NA,NA,NA,NA,NA,NA,NA,NA,NA,NA,NA,NA,NA,"CA","petrale sole","petrale_sole",NA,NA,"675","total_catch_wt_kg ~ 0 + factor(year) + pass","delta_lognormal","TRUE","iid, iid","04_1","factor(year)2012","-4.23249119929038","3.55526207344651","-11.2006768188467","2.73569442026597"
"671","671","671","671","671","671","671","671","671","671","671","671","671","671","671","671","671","671","671","671","671","671",NA,NA,NA,NA,NA,NA,NA,NA,NA,NA,NA,NA,NA,NA,NA,NA,NA,NA,NA,NA,NA,NA,NA,NA,NA,NA,NA,NA,NA,NA,"CA","petrale sole","petrale_sole",NA,NA,"675","total_catch_wt_kg ~ 0 + factor(year) + pass","delta_lognormal","TRUE","iid, iid","04_1","factor(year)2013","-3.94986387881166","3.55841921396615","-10.9242373800806","3.02450962245732"
"672","672","672","672","672","672","672","672","672","672","672","672","672","672","672","672","672","672","672","672","672","672",NA,NA,NA,NA,NA,NA,NA,NA,NA,NA,NA,NA,NA,NA,NA,NA,NA,NA,NA,NA,NA,NA,NA,NA,NA,NA,NA,NA,NA,NA,"CA","petrale sole","petrale_sole",NA,NA,"675","total_catch_wt_kg ~ 0 + factor(year) + pass","delta_lognormal","TRUE","iid, iid","04_1","factor(year)2014","-3.48348618428808","3.55403320578092","-10.4492632674781","3.48229089890196"
"673","673","673","673","673","673","673","673","673","673","673","673","673","673","673","673","673","673","673","673","673","673",NA,NA,NA,NA,NA,NA,NA,NA,NA,NA,NA,NA,NA,NA,NA,NA,NA,NA,NA,NA,NA,NA,NA,NA,NA,NA,NA,NA,NA,NA,"CA","petrale sole","petrale_sole",NA,NA,"675","total_catch_wt_kg ~ 0 + factor(year) + pass","delta_lognormal","TRUE","iid, iid","04_1","factor(year)2015","-3.4344659223777","3.55548232126251","-10.4030832197211","3.53415137496568"
"674","674","674","674","674","674","674","674","674","674","674","674","674","674","674","674","674","674","674","674","674","674",NA,NA,NA,NA,NA,NA,NA,NA,NA,NA,NA,NA,NA,NA,NA,NA,NA,NA,NA,NA,NA,NA,NA,NA,NA,NA,NA,NA,NA,NA,"CA","petrale sole","petrale_sole",NA,NA,"675","total_catch_wt_kg ~ 0 + factor(year) + pass","delta_lognormal","TRUE","iid, iid","04_1","factor(year)2016","-3.89209509174935","3.55315633109938","-10.8561535321446","3.07196334864592"
"675","675","675","675","675","675","675","675","675","675","675","675","675","675","675","675","675","675","675","675","675","675",NA,NA,NA,NA,NA,NA,NA,NA,NA,NA,NA,NA,NA,NA,NA,NA,NA,NA,NA,NA,NA,NA,NA,NA,NA,NA,NA,NA,NA,NA,"CA","petrale sole","petrale_sole",NA,NA,"675","total_catch_wt_kg ~ 0 + factor(year) + pass","delta_lognormal","TRUE","iid, iid","04_1","factor(year)2017","-3.86793127918499","3.55557979997075","-10.8367396312858","3.1008770729158"
"676","676","676","676","676","676","676","676","676","676","676","676","676","676","676","676","676","676","676","676","676","676",NA,NA,NA,NA,NA,NA,NA,NA,NA,NA,NA,NA,NA,NA,NA,NA,NA,NA,NA,NA,NA,NA,NA,NA,NA,NA,NA,NA,NA,NA,"CA","petrale sole","petrale_sole",NA,NA,"675","total_catch_wt_kg ~ 0 + factor(year) + pass","delta_lognormal","TRUE","iid, iid","04_1","factor(year)2018","-4.36601808117081","3.55491339726727","-11.3335203079736","2.60148414563197"
"677","677","677","677","677","677","677","677","677","677","677","677","677","677","677","677","677","677","677","677","677","677",NA,NA,NA,NA,NA,NA,NA,NA,NA,NA,NA,NA,NA,NA,NA,NA,NA,NA,NA,NA,NA,NA,NA,NA,NA,NA,NA,NA,NA,NA,"CA","petrale sole","petrale_sole",NA,NA,"675","total_catch_wt_kg ~ 0 + factor(year) + pass","delta_lognormal","TRUE","iid, iid","04_1","factor(year)2019","-4.36047609226164","3.56374680544661","-11.3452914809567","2.62433929643339"
"678","678","678","678","678","678","678","678","678","678","678","678","678","678","678","678","678","678","678","678","678","678",NA,NA,NA,NA,NA,NA,NA,NA,NA,NA,NA,NA,NA,NA,NA,NA,NA,NA,NA,NA,NA,NA,NA,NA,NA,NA,NA,NA,NA,NA,"CA","petrale sole","petrale_sole",NA,NA,"675","total_catch_wt_kg ~ 0 + factor(year) + pass","delta_lognormal","TRUE","iid, iid","04_1","factor(year)2021","-4.31077520908987","3.55470420351906","-11.2778674236804","2.65631700550062"
"679","679","679","679","679","679","679","679","679","679","679","679","679","679","679","679","679","679","679","679","679","679",NA,NA,NA,NA,NA,NA,NA,NA,NA,NA,NA,NA,NA,NA,NA,NA,NA,NA,NA,NA,NA,NA,NA,NA,NA,NA,NA,NA,NA,NA,"CA","petrale sole","petrale_sole",NA,NA,"675","total_catch_wt_kg ~ 0 + factor(year) + pass","delta_lognormal","TRUE","iid, iid","04_1","factor(year)2022","-3.95439465635604","3.55585891699012","-10.9237500677623","3.01496075505019"
"680","680","680","680","680","680","680","680","680","680","680","680","680","680","680","680","680","680","680","680","680","680",NA,NA,NA,NA,NA,NA,NA,NA,NA,NA,NA,NA,NA,NA,NA,NA,NA,NA,NA,NA,NA,NA,NA,NA,NA,NA,NA,NA,NA,NA,"CA","petrale sole","petrale_sole",NA,NA,"675","total_catch_wt_kg ~ 0 + factor(year) + pass","delta_lognormal","TRUE","iid, iid","04_1","factor(year)2023","-4.3833971563986","3.55676618582276","-11.3545307820411","2.58773646924391"
"681","681","681","681","681","681","681","681","681","681","681","681","681","681","681","681","681","681","681","681","681","681",NA,NA,NA,NA,NA,NA,NA,NA,NA,NA,NA,NA,NA,NA,NA,NA,NA,NA,NA,NA,NA,NA,NA,NA,NA,NA,NA,NA,NA,NA,"CA","petrale sole","petrale_sole",NA,NA,"675","total_catch_wt_kg ~ 0 + factor(year) + pass","delta_lognormal","TRUE","iid, iid","04_1","factor(year)2024","-3.8890720758493","3.5555203607721","-10.8577639292615","3.07961977756287"
"682","682","682","682","682","682","682","682","682","682","682","682","682","682","682","682","682","682","682","682","682","682",NA,NA,NA,NA,NA,NA,NA,NA,NA,NA,NA,NA,NA,NA,NA,NA,NA,NA,NA,NA,NA,NA,NA,NA,NA,NA,NA,NA,NA,NA,"CA","petrale sole","petrale_sole",NA,NA,"675","total_catch_wt_kg ~ 0 + factor(year) + pass","delta_lognormal","TRUE","iid, iid","04_1","pass","-0.0170758290771574","0.108091865649139","-0.228931992771212","0.194780334616897"
"683","683","683","683","683","683","683","683","683","683","683","683","683","683","683","683","683","683","683","683","683",NA,NA,NA,NA,NA,NA,NA,NA,NA,NA,NA,NA,NA,NA,NA,NA,NA,NA,NA,NA,NA,NA,NA,NA,NA,NA,NA,NA,NA,NA,NA,"CA","petrale sole","petrale_sole",NA,NA,"675","total_catch_wt_kg ~ 0 + factor(year) + pass","delta_lognormal","TRUE","iid, iid","04_10","factor(year)2003","-5.05320503200517","3.61634507603706","-12.1411111367066","2.03470107269623"
"684","684","684","684","684","684","684","684","684","684","684","684","684","684","684","684","684","684","684","684","684",NA,NA,NA,NA,NA,NA,NA,NA,NA,NA,NA,NA,NA,NA,NA,NA,NA,NA,NA,NA,NA,NA,NA,NA,NA,NA,NA,NA,NA,NA,NA,"CA","petrale sole","petrale_sole",NA,NA,"675","total_catch_wt_kg ~ 0 + factor(year) + pass","delta_lognormal","TRUE","iid, iid","04_10","factor(year)2004","-4.97708372695933","3.61964792179663","-12.071463290396","2.11729583647732"
"685","685","685","685","685","685","685","685","685","685","685","685","685","685","685","685","685","685","685","685","685",NA,NA,NA,NA,NA,NA,NA,NA,NA,NA,NA,NA,NA,NA,NA,NA,NA,NA,NA,NA,NA,NA,NA,NA,NA,NA,NA,NA,NA,NA,NA,"CA","petrale sole","petrale_sole",NA,NA,"675","total_catch_wt_kg ~ 0 + factor(year) + pass","delta_lognormal","TRUE","iid, iid","04_10","factor(year)2005","-4.7135598751321","3.61676278613416","-11.8022846765798","2.37516492631559"
"686","686","686","686","686","686","686","686","686","686","686","686","686","686","686","686","686","686","686","686","686",NA,NA,NA,NA,NA,NA,NA,NA,NA,NA,NA,NA,NA,NA,NA,NA,NA,NA,NA,NA,NA,NA,NA,NA,NA,NA,NA,NA,NA,NA,NA,"CA","petrale sole","petrale_sole",NA,NA,"675","total_catch_wt_kg ~ 0 + factor(year) + pass","delta_lognormal","TRUE","iid, iid","04_10","factor(year)2006","-5.2234987775228","3.61450816181082","-12.3078045964981","1.86080704145247"
"687","687","687","687","687","687","687","687","687","687","687","687","687","687","687","687","687","687","687","687","687",NA,NA,NA,NA,NA,NA,NA,NA,NA,NA,NA,NA,NA,NA,NA,NA,NA,NA,NA,NA,NA,NA,NA,NA,NA,NA,NA,NA,NA,NA,NA,"CA","petrale sole","petrale_sole",NA,NA,"675","total_catch_wt_kg ~ 0 + factor(year) + pass","delta_lognormal","TRUE","iid, iid","04_10","factor(year)2007","-5.17052980510198","3.61479776789783","-12.2554032415775","1.91434363137353"
"688","688","688","688","688","688","688","688","688","688","688","688","688","688","688","688","688","688","688","688","688",NA,NA,NA,NA,NA,NA,NA,NA,NA,NA,NA,NA,NA,NA,NA,NA,NA,NA,NA,NA,NA,NA,NA,NA,NA,NA,NA,NA,NA,NA,NA,"CA","petrale sole","petrale_sole",NA,NA,"675","total_catch_wt_kg ~ 0 + factor(year) + pass","delta_lognormal","TRUE","iid, iid","04_10","factor(year)2008","-5.08043809703681","3.61478609730222","-12.1652886595653","2.00441246549164"
"689","689","689","689","689","689","689","689","689","689","689","689","689","689","689","689","689","689","689","689","689",NA,NA,NA,NA,NA,NA,NA,NA,NA,NA,NA,NA,NA,NA,NA,NA,NA,NA,NA,NA,NA,NA,NA,NA,NA,NA,NA,NA,NA,NA,NA,"CA","petrale sole","petrale_sole",NA,NA,"675","total_catch_wt_kg ~ 0 + factor(year) + pass","delta_lognormal","TRUE","iid, iid","04_10","factor(year)2009","-4.62405211172284","3.61403681063325","-11.707434099366","2.45932987592033"
"690","690","690","690","690","690","690","690","690","690","690","690","690","690","690","690","690","690","690","690","690",NA,NA,NA,NA,NA,NA,NA,NA,NA,NA,NA,NA,NA,NA,NA,NA,NA,NA,NA,NA,NA,NA,NA,NA,NA,NA,NA,NA,NA,NA,NA,"CA","petrale sole","petrale_sole",NA,NA,"675","total_catch_wt_kg ~ 0 + factor(year) + pass","delta_lognormal","TRUE","iid, iid","04_10","factor(year)2010","-4.04575467503862","3.61275418763487","-11.1266227677992","3.03511341772199"
"691","691","691","691","691","691","691","691","691","691","691","691","691","691","691","691","691","691","691","691","691",NA,NA,NA,NA,NA,NA,NA,NA,NA,NA,NA,NA,NA,NA,NA,NA,NA,NA,NA,NA,NA,NA,NA,NA,NA,NA,NA,NA,NA,NA,NA,"CA","petrale sole","petrale_sole",NA,NA,"675","total_catch_wt_kg ~ 0 + factor(year) + pass","delta_lognormal","TRUE","iid, iid","04_10","factor(year)2011","-3.70342670746366","3.61223653030881","-10.7832802105089","3.37642679558153"
"692","692","692","692","692","692","692","692","692","692","692","692","692","692","692","692","692","692","692","692","692",NA,NA,NA,NA,NA,NA,NA,NA,NA,NA,NA,NA,NA,NA,NA,NA,NA,NA,NA,NA,NA,NA,NA,NA,NA,NA,NA,NA,NA,NA,NA,"CA","petrale sole","petrale_sole",NA,NA,"675","total_catch_wt_kg ~ 0 + factor(year) + pass","delta_lognormal","TRUE","iid, iid","04_10","factor(year)2012","-4.2212365228448","3.61319364277855","-11.3029659318598","2.86049288617025"
"693","693","693","693","693","693","693","693","693","693","693","693","693","693","693","693","693","693","693","693","693",NA,NA,NA,NA,NA,NA,NA,NA,NA,NA,NA,NA,NA,NA,NA,NA,NA,NA,NA,NA,NA,NA,NA,NA,NA,NA,NA,NA,NA,NA,NA,"CA","petrale sole","petrale_sole",NA,NA,"675","total_catch_wt_kg ~ 0 + factor(year) + pass","delta_lognormal","TRUE","iid, iid","04_10","factor(year)2013","-4.18410515786298","3.61495351336433","-11.2692838498436","2.90107353411764"
"694","694","694","694","694","694","694","694","694","694","694","694","694","694","694","694","694","694","694","694","694",NA,NA,NA,NA,NA,NA,NA,NA,NA,NA,NA,NA,NA,NA,NA,NA,NA,NA,NA,NA,NA,NA,NA,NA,NA,NA,NA,NA,NA,NA,NA,"CA","petrale sole","petrale_sole",NA,NA,"675","total_catch_wt_kg ~ 0 + factor(year) + pass","delta_lognormal","TRUE","iid, iid","04_10","factor(year)2014","-3.54259023993638","3.61333244912138","-10.6245917043842","3.53941122451144"
"695","695","695","695","695","695","695","695","695","695","695","695","695","695","695","695","695","695","695","695","695",NA,NA,NA,NA,NA,NA,NA,NA,NA,NA,NA,NA,NA,NA,NA,NA,NA,NA,NA,NA,NA,NA,NA,NA,NA,NA,NA,NA,NA,NA,NA,"CA","petrale sole","petrale_sole",NA,NA,"675","total_catch_wt_kg ~ 0 + factor(year) + pass","delta_lognormal","TRUE","iid, iid","04_10","factor(year)2015","-3.71479898209247","3.61342517735025","-10.7969821905292","3.36738422634429"
"696","696","696","696","696","696","696","696","696","696","696","696","696","696","696","696","696","696","696","696","696",NA,NA,NA,NA,NA,NA,NA,NA,NA,NA,NA,NA,NA,NA,NA,NA,NA,NA,NA,NA,NA,NA,NA,NA,NA,NA,NA,NA,NA,NA,NA,"CA","petrale sole","petrale_sole",NA,NA,"675","total_catch_wt_kg ~ 0 + factor(year) + pass","delta_lognormal","TRUE","iid, iid","04_10","factor(year)2016","-4.07062144837946","3.61409935902514","-11.154126028618","3.0128831318591"
"697","697","697","697","697","697","697","697","697","697","697","697","697","697","697","697","697","697","697","697","697",NA,NA,NA,NA,NA,NA,NA,NA,NA,NA,NA,NA,NA,NA,NA,NA,NA,NA,NA,NA,NA,NA,NA,NA,NA,NA,NA,NA,NA,NA,NA,"CA","petrale sole","petrale_sole",NA,NA,"675","total_catch_wt_kg ~ 0 + factor(year) + pass","delta_lognormal","TRUE","iid, iid","04_10","factor(year)2017","-3.81827480269862","3.61274546736863","-10.8991258040515","3.26257619865422"
"698","698","698","698","698","698","698","698","698","698","698","698","698","698","698","698","698","698","698","698","698",NA,NA,NA,NA,NA,NA,NA,NA,NA,NA,NA,NA,NA,NA,NA,NA,NA,NA,NA,NA,NA,NA,NA,NA,NA,NA,NA,NA,NA,NA,NA,"CA","petrale sole","petrale_sole",NA,NA,"675","total_catch_wt_kg ~ 0 + factor(year) + pass","delta_lognormal","TRUE","iid, iid","04_10","factor(year)2018","-4.37961679606358","3.6123869243864","-11.4597650660843","2.70053147395717"
"699","699","699","699","699","699","699","699","699","699","699","699","699","699","699","699","699","699","699","699","699",NA,NA,NA,NA,NA,NA,NA,NA,NA,NA,NA,NA,NA,NA,NA,NA,NA,NA,NA,NA,NA,NA,NA,NA,NA,NA,NA,NA,NA,NA,NA,"CA","petrale sole","petrale_sole",NA,NA,"675","total_catch_wt_kg ~ 0 + factor(year) + pass","delta_lognormal","TRUE","iid, iid","04_10","factor(year)2019","-4.0521316631939","3.62064517720331","-11.148465811311","3.04420248492323"
"700","700","700","700","700","700","700","700","700","700","700","700","700","700","700","700","700","700","700","700","700",NA,NA,NA,NA,NA,NA,NA,NA,NA,NA,NA,NA,NA,NA,NA,NA,NA,NA,NA,NA,NA,NA,NA,NA,NA,NA,NA,NA,NA,NA,NA,"CA","petrale sole","petrale_sole",NA,NA,"675","total_catch_wt_kg ~ 0 + factor(year) + pass","delta_lognormal","TRUE","iid, iid","04_10","factor(year)2021","-4.14209124254044","3.61347934019629","-11.2243806082047","2.94019812312384"
"701","701","701","701","701","701","701","701","701","701","701","701","701","701","701","701","701","701","701","701","701",NA,NA,NA,NA,NA,NA,NA,NA,NA,NA,NA,NA,NA,NA,NA,NA,NA,NA,NA,NA,NA,NA,NA,NA,NA,NA,NA,NA,NA,NA,NA,"CA","petrale sole","petrale_sole",NA,NA,"675","total_catch_wt_kg ~ 0 + factor(year) + pass","delta_lognormal","TRUE","iid, iid","04_10","factor(year)2022","-4.48673927052578","3.61413993280493","-11.5703233739115","2.59684483285989"
"702","702","702","702","702","702","702","702","702","702","702","702","702","702","702","702","702","702","702","702","702",NA,NA,NA,NA,NA,NA,NA,NA,NA,NA,NA,NA,NA,NA,NA,NA,NA,NA,NA,NA,NA,NA,NA,NA,NA,NA,NA,NA,NA,NA,NA,"CA","petrale sole","petrale_sole",NA,NA,"675","total_catch_wt_kg ~ 0 + factor(year) + pass","delta_lognormal","TRUE","iid, iid","04_10","factor(year)2023","-4.70459418464951","3.61388933063822","-11.787687116814","2.37849874751496"
"703","703","703","703","703","703","703","703","703","703","703","703","703","703","703","703","703","703","703","703","703",NA,NA,NA,NA,NA,NA,NA,NA,NA,NA,NA,NA,NA,NA,NA,NA,NA,NA,NA,NA,NA,NA,NA,NA,NA,NA,NA,NA,NA,NA,NA,"CA","petrale sole","petrale_sole",NA,NA,"675","total_catch_wt_kg ~ 0 + factor(year) + pass","delta_lognormal","TRUE","iid, iid","04_10","factor(year)2024","-4.6013525383909","3.61447683301765","-11.6855969540599","2.48289187727809"
"704","704","704","704","704","704","704","704","704","704","704","704","704","704","704","704","704","704","704","704","704",NA,NA,NA,NA,NA,NA,NA,NA,NA,NA,NA,NA,NA,NA,NA,NA,NA,NA,NA,NA,NA,NA,NA,NA,NA,NA,NA,NA,NA,NA,NA,"CA","petrale sole","petrale_sole",NA,NA,"675","total_catch_wt_kg ~ 0 + factor(year) + pass","delta_lognormal","TRUE","iid, iid","04_10","pass","-0.0963975123996496","0.107045383111246","-0.306202608008984","0.113407583209685"
"705","705","705","705","705","705","705","705","705","705","705","705","705","705","705","705","705","705","705","705",NA,NA,NA,NA,NA,NA,NA,NA,NA,NA,NA,NA,NA,NA,NA,NA,NA,NA,NA,NA,NA,NA,NA,NA,NA,NA,NA,NA,NA,NA,NA,NA,"CA","petrale sole","petrale_sole",NA,NA,"675","total_catch_wt_kg ~ 0 + factor(year) + pass","delta_lognormal","TRUE","iid, iid","04_2","factor(year)2003","-5.38461805005236","3.7069988443537","-12.6502022757172","1.8809661756125"
"706","706","706","706","706","706","706","706","706","706","706","706","706","706","706","706","706","706","706","706",NA,NA,NA,NA,NA,NA,NA,NA,NA,NA,NA,NA,NA,NA,NA,NA,NA,NA,NA,NA,NA,NA,NA,NA,NA,NA,NA,NA,NA,NA,NA,NA,"CA","petrale sole","petrale_sole",NA,NA,"675","total_catch_wt_kg ~ 0 + factor(year) + pass","delta_lognormal","TRUE","iid, iid","04_2","factor(year)2004","-4.95098164243224","3.70963382019887","-12.2217303258538","2.31976704098928"
"707","707","707","707","707","707","707","707","707","707","707","707","707","707","707","707","707","707","707","707",NA,NA,NA,NA,NA,NA,NA,NA,NA,NA,NA,NA,NA,NA,NA,NA,NA,NA,NA,NA,NA,NA,NA,NA,NA,NA,NA,NA,NA,NA,NA,NA,"CA","petrale sole","petrale_sole",NA,NA,"675","total_catch_wt_kg ~ 0 + factor(year) + pass","delta_lognormal","TRUE","iid, iid","04_2","factor(year)2005","-5.45059930455454","3.7079478137267","-12.7180434760129","1.81684486690382"
"708","708","708","708","708","708","708","708","708","708","708","708","708","708","708","708","708","708","708","708",NA,NA,NA,NA,NA,NA,NA,NA,NA,NA,NA,NA,NA,NA,NA,NA,NA,NA,NA,NA,NA,NA,NA,NA,NA,NA,NA,NA,NA,NA,NA,NA,"CA","petrale sole","petrale_sole",NA,NA,"675","total_catch_wt_kg ~ 0 + factor(year) + pass","delta_lognormal","TRUE","iid, iid","04_2","factor(year)2006","-5.41411548511569","3.70642270657043","-12.6785705014752","1.85033953124382"
"709","709","709","709","709","709","709","709","709","709","709","709","709","709","709","709","709","709","709","709",NA,NA,NA,NA,NA,NA,NA,NA,NA,NA,NA,NA,NA,NA,NA,NA,NA,NA,NA,NA,NA,NA,NA,NA,NA,NA,NA,NA,NA,NA,NA,NA,"CA","petrale sole","petrale_sole",NA,NA,"675","total_catch_wt_kg ~ 0 + factor(year) + pass","delta_lognormal","TRUE","iid, iid","04_2","factor(year)2007","-5.30936232854333","3.70654306896606","-12.5740532508634","1.95532859377671"
"710","710","710","710","710","710","710","710","710","710","710","710","710","710","710","710","710","710","710","710",NA,NA,NA,NA,NA,NA,NA,NA,NA,NA,NA,NA,NA,NA,NA,NA,NA,NA,NA,NA,NA,NA,NA,NA,NA,NA,NA,NA,NA,NA,NA,NA,"CA","petrale sole","petrale_sole",NA,NA,"675","total_catch_wt_kg ~ 0 + factor(year) + pass","delta_lognormal","TRUE","iid, iid","04_2","factor(year)2008","-5.75403174519523","3.70921482224883","-13.0239592077251","1.51589571733461"
"711","711","711","711","711","711","711","711","711","711","711","711","711","711","711","711","711","711","711","711",NA,NA,NA,NA,NA,NA,NA,NA,NA,NA,NA,NA,NA,NA,NA,NA,NA,NA,NA,NA,NA,NA,NA,NA,NA,NA,NA,NA,NA,NA,NA,NA,"CA","petrale sole","petrale_sole",NA,NA,"675","total_catch_wt_kg ~ 0 + factor(year) + pass","delta_lognormal","TRUE","iid, iid","04_2","factor(year)2009","-5.15078931449089","3.706383399081","-12.4151672895868","2.11358866060502"
"712","712","712","712","712","712","712","712","712","712","712","712","712","712","712","712","712","712","712","712",NA,NA,NA,NA,NA,NA,NA,NA,NA,NA,NA,NA,NA,NA,NA,NA,NA,NA,NA,NA,NA,NA,NA,NA,NA,NA,NA,NA,NA,NA,NA,NA,"CA","petrale sole","petrale_sole",NA,NA,"675","total_catch_wt_kg ~ 0 + factor(year) + pass","delta_lognormal","TRUE","iid, iid","04_2","factor(year)2010","-4.56278093422041","3.70314003430765","-11.8208020311718","2.69524016273099"
"713","713","713","713","713","713","713","713","713","713","713","713","713","713","713","713","713","713","713","713",NA,NA,NA,NA,NA,NA,NA,NA,NA,NA,NA,NA,NA,NA,NA,NA,NA,NA,NA,NA,NA,NA,NA,NA,NA,NA,NA,NA,NA,NA,NA,NA,"CA","petrale sole","petrale_sole",NA,NA,"675","total_catch_wt_kg ~ 0 + factor(year) + pass","delta_lognormal","TRUE","iid, iid","04_2","factor(year)2011","-4.35063782841563","3.70441849183536","-11.6111646560771","2.90988899924586"
"714","714","714","714","714","714","714","714","714","714","714","714","714","714","714","714","714","714","714","714",NA,NA,NA,NA,NA,NA,NA,NA,NA,NA,NA,NA,NA,NA,NA,NA,NA,NA,NA,NA,NA,NA,NA,NA,NA,NA,NA,NA,NA,NA,NA,NA,"CA","petrale sole","petrale_sole",NA,NA,"675","total_catch_wt_kg ~ 0 + factor(year) + pass","delta_lognormal","TRUE","iid, iid","04_2","factor(year)2012","-4.95044130945167","3.70565304803534","-12.213387822802","2.31250520389866"
"715","715","715","715","715","715","715","715","715","715","715","715","715","715","715","715","715","715","715","715",NA,NA,NA,NA,NA,NA,NA,NA,NA,NA,NA,NA,NA,NA,NA,NA,NA,NA,NA,NA,NA,NA,NA,NA,NA,NA,NA,NA,NA,NA,NA,NA,"CA","petrale sole","petrale_sole",NA,NA,"675","total_catch_wt_kg ~ 0 + factor(year) + pass","delta_lognormal","TRUE","iid, iid","04_2","factor(year)2013","-4.3066878333447","3.70146341859859","-11.5614228238904","2.94804715720104"
"716","716","716","716","716","716","716","716","716","716","716","716","716","716","716","716","716","716","716","716",NA,NA,NA,NA,NA,NA,NA,NA,NA,NA,NA,NA,NA,NA,NA,NA,NA,NA,NA,NA,NA,NA,NA,NA,NA,NA,NA,NA,NA,NA,NA,NA,"CA","petrale sole","petrale_sole",NA,NA,"675","total_catch_wt_kg ~ 0 + factor(year) + pass","delta_lognormal","TRUE","iid, iid","04_2","factor(year)2014","-4.55232338463067","3.705978021222","-11.8159068337228","2.71126006446147"
"717","717","717","717","717","717","717","717","717","717","717","717","717","717","717","717","717","717","717","717",NA,NA,NA,NA,NA,NA,NA,NA,NA,NA,NA,NA,NA,NA,NA,NA,NA,NA,NA,NA,NA,NA,NA,NA,NA,NA,NA,NA,NA,NA,NA,NA,"CA","petrale sole","petrale_sole",NA,NA,"675","total_catch_wt_kg ~ 0 + factor(year) + pass","delta_lognormal","TRUE","iid, iid","04_2","factor(year)2015","-4.46425195692029","3.70481095035841","-11.7255479891524","2.79704407531181"
"718","718","718","718","718","718","718","718","718","718","718","718","718","718","718","718","718","718","718","718",NA,NA,NA,NA,NA,NA,NA,NA,NA,NA,NA,NA,NA,NA,NA,NA,NA,NA,NA,NA,NA,NA,NA,NA,NA,NA,NA,NA,NA,NA,NA,NA,"CA","petrale sole","petrale_sole",NA,NA,"675","total_catch_wt_kg ~ 0 + factor(year) + pass","delta_lognormal","TRUE","iid, iid","04_2","factor(year)2016","-4.67513346147573","3.70525141888622","-11.9372927961587","2.5870258732072"
"719","719","719","719","719","719","719","719","719","719","719","719","719","719","719","719","719","719","719","719",NA,NA,NA,NA,NA,NA,NA,NA,NA,NA,NA,NA,NA,NA,NA,NA,NA,NA,NA,NA,NA,NA,NA,NA,NA,NA,NA,NA,NA,NA,NA,NA,"CA","petrale sole","petrale_sole",NA,NA,"675","total_catch_wt_kg ~ 0 + factor(year) + pass","delta_lognormal","TRUE","iid, iid","04_2","factor(year)2017","-4.52463370142441","3.70425917142638","-11.7848482668223","2.73558086397347"
"720","720","720","720","720","720","720","720","720","720","720","720","720","720","720","720","720","720","720","720",NA,NA,NA,NA,NA,NA,NA,NA,NA,NA,NA,NA,NA,NA,NA,NA,NA,NA,NA,NA,NA,NA,NA,NA,NA,NA,NA,NA,NA,NA,NA,NA,"CA","petrale sole","petrale_sole",NA,NA,"675","total_catch_wt_kg ~ 0 + factor(year) + pass","delta_lognormal","TRUE","iid, iid","04_2","factor(year)2018","-4.74533265949939","3.70366329830153","-12.0043793350332","2.51371401603444"
"721","721","721","721","721","721","721","721","721","721","721","721","721","721","721","721","721","721","721","721",NA,NA,NA,NA,NA,NA,NA,NA,NA,NA,NA,NA,NA,NA,NA,NA,NA,NA,NA,NA,NA,NA,NA,NA,NA,NA,NA,NA,NA,NA,NA,NA,"CA","petrale sole","petrale_sole",NA,NA,"675","total_catch_wt_kg ~ 0 + factor(year) + pass","delta_lognormal","TRUE","iid, iid","04_2","factor(year)2019","-5.22788840081361","3.71031466380397","-12.4999715131802","2.044194711553"
"722","722","722","722","722","722","722","722","722","722","722","722","722","722","722","722","722","722","722","722",NA,NA,NA,NA,NA,NA,NA,NA,NA,NA,NA,NA,NA,NA,NA,NA,NA,NA,NA,NA,NA,NA,NA,NA,NA,NA,NA,NA,NA,NA,NA,NA,"CA","petrale sole","petrale_sole",NA,NA,"675","total_catch_wt_kg ~ 0 + factor(year) + pass","delta_lognormal","TRUE","iid, iid","04_2","factor(year)2021","-5.3189822895576","3.70599428859375","-12.5825976221125","1.94463304299728"
"723","723","723","723","723","723","723","723","723","723","723","723","723","723","723","723","723","723","723","723",NA,NA,NA,NA,NA,NA,NA,NA,NA,NA,NA,NA,NA,NA,NA,NA,NA,NA,NA,NA,NA,NA,NA,NA,NA,NA,NA,NA,NA,NA,NA,NA,"CA","petrale sole","petrale_sole",NA,NA,"675","total_catch_wt_kg ~ 0 + factor(year) + pass","delta_lognormal","TRUE","iid, iid","04_2","factor(year)2022","-4.91983819994108","3.70539186337326","-12.1822728007604","2.34259640087826"
"724","724","724","724","724","724","724","724","724","724","724","724","724","724","724","724","724","724","724","724",NA,NA,NA,NA,NA,NA,NA,NA,NA,NA,NA,NA,NA,NA,NA,NA,NA,NA,NA,NA,NA,NA,NA,NA,NA,NA,NA,NA,NA,NA,NA,NA,"CA","petrale sole","petrale_sole",NA,NA,"675","total_catch_wt_kg ~ 0 + factor(year) + pass","delta_lognormal","TRUE","iid, iid","04_2","factor(year)2023","-5.00079487784812","3.70447942864319","-12.2614411394583","2.25985138376204"
"725","725","725","725","725","725","725","725","725","725","725","725","725","725","725","725","725","725","725","725",NA,NA,NA,NA,NA,NA,NA,NA,NA,NA,NA,NA,NA,NA,NA,NA,NA,NA,NA,NA,NA,NA,NA,NA,NA,NA,NA,NA,NA,NA,NA,NA,"CA","petrale sole","petrale_sole",NA,NA,"675","total_catch_wt_kg ~ 0 + factor(year) + pass","delta_lognormal","TRUE","iid, iid","04_2","factor(year)2024","-4.84398748062378","3.70435388194869","-12.1043876752343","2.41641271398678"
"726","726","726","726","726","726","726","726","726","726","726","726","726","726","726","726","726","726","726","726",NA,NA,NA,NA,NA,NA,NA,NA,NA,NA,NA,NA,NA,NA,NA,NA,NA,NA,NA,NA,NA,NA,NA,NA,NA,NA,NA,NA,NA,NA,NA,NA,"CA","petrale sole","petrale_sole",NA,NA,"675","total_catch_wt_kg ~ 0 + factor(year) + pass","delta_lognormal","TRUE","iid, iid","04_2","pass","0.205125203277636","0.109236419331143","-0.0089742444115192","0.419224650966791"
"727","727","727","727","727","727","727","727","727","727","727","727","727","727","727","727","727","727","727",NA,NA,NA,NA,NA,NA,NA,NA,NA,NA,NA,NA,NA,NA,NA,NA,NA,NA,NA,NA,NA,NA,NA,NA,NA,NA,NA,NA,NA,NA,NA,NA,NA,"CA","petrale sole","petrale_sole",NA,NA,"675","total_catch_wt_kg ~ 0 + factor(year) + pass","delta_lognormal","TRUE","iid, iid","04_3","factor(year)2003","-3.86849645518889","2.44369564034284","-8.65805189943841","0.921058989060632"
"728","728","728","728","728","728","728","728","728","728","728","728","728","728","728","728","728","728","728",NA,NA,NA,NA,NA,NA,NA,NA,NA,NA,NA,NA,NA,NA,NA,NA,NA,NA,NA,NA,NA,NA,NA,NA,NA,NA,NA,NA,NA,NA,NA,NA,NA,"CA","petrale sole","petrale_sole",NA,NA,"675","total_catch_wt_kg ~ 0 + factor(year) + pass","delta_lognormal","TRUE","iid, iid","04_3","factor(year)2004","-3.49439744233797","2.44941732122346","-8.29516717504454","1.3063722903686"
"729","729","729","729","729","729","729","729","729","729","729","729","729","729","729","729","729","729","729",NA,NA,NA,NA,NA,NA,NA,NA,NA,NA,NA,NA,NA,NA,NA,NA,NA,NA,NA,NA,NA,NA,NA,NA,NA,NA,NA,NA,NA,NA,NA,NA,NA,"CA","petrale sole","petrale_sole",NA,NA,"675","total_catch_wt_kg ~ 0 + factor(year) + pass","delta_lognormal","TRUE","iid, iid","04_3","factor(year)2005","-3.46202185965963","2.44291154166739","-8.25004049874494","1.32599677942569"
"730","730","730","730","730","730","730","730","730","730","730","730","730","730","730","730","730","730","730",NA,NA,NA,NA,NA,NA,NA,NA,NA,NA,NA,NA,NA,NA,NA,NA,NA,NA,NA,NA,NA,NA,NA,NA,NA,NA,NA,NA,NA,NA,NA,NA,NA,"CA","petrale sole","petrale_sole",NA,NA,"675","total_catch_wt_kg ~ 0 + factor(year) + pass","delta_lognormal","TRUE","iid, iid","04_3","factor(year)2006","-3.736238224491","2.44222127990633","-8.52290397538471","1.05042752640271"
"731","731","731","731","731","731","731","731","731","731","731","731","731","731","731","731","731","731","731",NA,NA,NA,NA,NA,NA,NA,NA,NA,NA,NA,NA,NA,NA,NA,NA,NA,NA,NA,NA,NA,NA,NA,NA,NA,NA,NA,NA,NA,NA,NA,NA,NA,"CA","petrale sole","petrale_sole",NA,NA,"675","total_catch_wt_kg ~ 0 + factor(year) + pass","delta_lognormal","TRUE","iid, iid","04_3","factor(year)2007","-3.83013566177096","2.44036521587315","-8.61316359400665","0.952892270464722"
"732","732","732","732","732","732","732","732","732","732","732","732","732","732","732","732","732","732","732",NA,NA,NA,NA,NA,NA,NA,NA,NA,NA,NA,NA,NA,NA,NA,NA,NA,NA,NA,NA,NA,NA,NA,NA,NA,NA,NA,NA,NA,NA,NA,NA,NA,"CA","petrale sole","petrale_sole",NA,NA,"675","total_catch_wt_kg ~ 0 + factor(year) + pass","delta_lognormal","TRUE","iid, iid","04_3","factor(year)2008","-3.75004427985191","2.44235221300703","-8.53696665490738","1.03687809520356"
"733","733","733","733","733","733","733","733","733","733","733","733","733","733","733","733","733","733","733",NA,NA,NA,NA,NA,NA,NA,NA,NA,NA,NA,NA,NA,NA,NA,NA,NA,NA,NA,NA,NA,NA,NA,NA,NA,NA,NA,NA,NA,NA,NA,NA,NA,"CA","petrale sole","petrale_sole",NA,NA,"675","total_catch_wt_kg ~ 0 + factor(year) + pass","delta_lognormal","TRUE","iid, iid","04_3","factor(year)2009","-3.60356202495145","2.44043903342153","-8.3867346369234","1.17961058702049"
"734","734","734","734","734","734","734","734","734","734","734","734","734","734","734","734","734","734","734",NA,NA,NA,NA,NA,NA,NA,NA,NA,NA,NA,NA,NA,NA,NA,NA,NA,NA,NA,NA,NA,NA,NA,NA,NA,NA,NA,NA,NA,NA,NA,NA,NA,"CA","petrale sole","petrale_sole",NA,NA,"675","total_catch_wt_kg ~ 0 + factor(year) + pass","delta_lognormal","TRUE","iid, iid","04_3","factor(year)2010","-2.58631397609418","2.43742253984621","-7.36357436929889","2.19094641711054"
"735","735","735","735","735","735","735","735","735","735","735","735","735","735","735","735","735","735","735",NA,NA,NA,NA,NA,NA,NA,NA,NA,NA,NA,NA,NA,NA,NA,NA,NA,NA,NA,NA,NA,NA,NA,NA,NA,NA,NA,NA,NA,NA,NA,NA,NA,"CA","petrale sole","petrale_sole",NA,NA,"675","total_catch_wt_kg ~ 0 + factor(year) + pass","delta_lognormal","TRUE","iid, iid","04_3","factor(year)2011","-2.98425053459064","2.44119009717384","-7.76889520446721","1.80039413528592"
"736","736","736","736","736","736","736","736","736","736","736","736","736","736","736","736","736","736","736",NA,NA,NA,NA,NA,NA,NA,NA,NA,NA,NA,NA,NA,NA,NA,NA,NA,NA,NA,NA,NA,NA,NA,NA,NA,NA,NA,NA,NA,NA,NA,NA,NA,"CA","petrale sole","petrale_sole",NA,NA,"675","total_catch_wt_kg ~ 0 + factor(year) + pass","delta_lognormal","TRUE","iid, iid","04_3","factor(year)2012","-3.31587882457643","2.44116346379742","-8.10047129399442","1.46871364484156"
"737","737","737","737","737","737","737","737","737","737","737","737","737","737","737","737","737","737","737",NA,NA,NA,NA,NA,NA,NA,NA,NA,NA,NA,NA,NA,NA,NA,NA,NA,NA,NA,NA,NA,NA,NA,NA,NA,NA,NA,NA,NA,NA,NA,NA,NA,"CA","petrale sole","petrale_sole",NA,NA,"675","total_catch_wt_kg ~ 0 + factor(year) + pass","delta_lognormal","TRUE","iid, iid","04_3","factor(year)2013","-3.02314167751637","2.44461894225464","-7.81450676025986","1.76822340522712"
"738","738","738","738","738","738","738","738","738","738","738","738","738","738","738","738","738","738","738",NA,NA,NA,NA,NA,NA,NA,NA,NA,NA,NA,NA,NA,NA,NA,NA,NA,NA,NA,NA,NA,NA,NA,NA,NA,NA,NA,NA,NA,NA,NA,NA,NA,"CA","petrale sole","petrale_sole",NA,NA,"675","total_catch_wt_kg ~ 0 + factor(year) + pass","delta_lognormal","TRUE","iid, iid","04_3","factor(year)2014","-2.78849824431399","2.4413741126613","-7.57350357791856","1.99650708929058"
"739","739","739","739","739","739","739","739","739","739","739","739","739","739","739","739","739","739","739",NA,NA,NA,NA,NA,NA,NA,NA,NA,NA,NA,NA,NA,NA,NA,NA,NA,NA,NA,NA,NA,NA,NA,NA,NA,NA,NA,NA,NA,NA,NA,NA,NA,"CA","petrale sole","petrale_sole",NA,NA,"675","total_catch_wt_kg ~ 0 + factor(year) + pass","delta_lognormal","TRUE","iid, iid","04_3","factor(year)2015","-2.70347971166581","2.43995829524509","-7.48571009412592","2.07875067079431"
"740","740","740","740","740","740","740","740","740","740","740","740","740","740","740","740","740","740","740",NA,NA,NA,NA,NA,NA,NA,NA,NA,NA,NA,NA,NA,NA,NA,NA,NA,NA,NA,NA,NA,NA,NA,NA,NA,NA,NA,NA,NA,NA,NA,NA,NA,"CA","petrale sole","petrale_sole",NA,NA,"675","total_catch_wt_kg ~ 0 + factor(year) + pass","delta_lognormal","TRUE","iid, iid","04_3","factor(year)2016","-2.86211537032822","2.43792473909583","-7.64036005597525","1.91612931531881"
"741","741","741","741","741","741","741","741","741","741","741","741","741","741","741","741","741","741","741",NA,NA,NA,NA,NA,NA,NA,NA,NA,NA,NA,NA,NA,NA,NA,NA,NA,NA,NA,NA,NA,NA,NA,NA,NA,NA,NA,NA,NA,NA,NA,NA,NA,"CA","petrale sole","petrale_sole",NA,NA,"675","total_catch_wt_kg ~ 0 + factor(year) + pass","delta_lognormal","TRUE","iid, iid","04_3","factor(year)2017","-3.04662996353502","2.44017793505036","-7.82929083210304","1.73603090503299"
"742","742","742","742","742","742","742","742","742","742","742","742","742","742","742","742","742","742","742",NA,NA,NA,NA,NA,NA,NA,NA,NA,NA,NA,NA,NA,NA,NA,NA,NA,NA,NA,NA,NA,NA,NA,NA,NA,NA,NA,NA,NA,NA,NA,NA,NA,"CA","petrale sole","petrale_sole",NA,NA,"675","total_catch_wt_kg ~ 0 + factor(year) + pass","delta_lognormal","TRUE","iid, iid","04_3","factor(year)2018","-3.08702007482414","2.4384410600979","-7.8662767310397","1.69223658139141"
"743","743","743","743","743","743","743","743","743","743","743","743","743","743","743","743","743","743","743",NA,NA,NA,NA,NA,NA,NA,NA,NA,NA,NA,NA,NA,NA,NA,NA,NA,NA,NA,NA,NA,NA,NA,NA,NA,NA,NA,NA,NA,NA,NA,NA,NA,"CA","petrale sole","petrale_sole",NA,NA,"675","total_catch_wt_kg ~ 0 + factor(year) + pass","delta_lognormal","TRUE","iid, iid","04_3","factor(year)2019","-3.14396237174699","2.44950402122119","-7.94490203332656","1.65697728983259"
"744","744","744","744","744","744","744","744","744","744","744","744","744","744","744","744","744","744","744",NA,NA,NA,NA,NA,NA,NA,NA,NA,NA,NA,NA,NA,NA,NA,NA,NA,NA,NA,NA,NA,NA,NA,NA,NA,NA,NA,NA,NA,NA,NA,NA,NA,"CA","petrale sole","petrale_sole",NA,NA,"675","total_catch_wt_kg ~ 0 + factor(year) + pass","delta_lognormal","TRUE","iid, iid","04_3","factor(year)2021","-3.71245495436109","2.44079594171835","-8.49632709374059","1.07141718501841"
"745","745","745","745","745","745","745","745","745","745","745","745","745","745","745","745","745","745","745",NA,NA,NA,NA,NA,NA,NA,NA,NA,NA,NA,NA,NA,NA,NA,NA,NA,NA,NA,NA,NA,NA,NA,NA,NA,NA,NA,NA,NA,NA,NA,NA,NA,"CA","petrale sole","petrale_sole",NA,NA,"675","total_catch_wt_kg ~ 0 + factor(year) + pass","delta_lognormal","TRUE","iid, iid","04_3","factor(year)2022","-3.45327213378812","2.44328201093407","-8.24201687929349","1.33547261171725"
"746","746","746","746","746","746","746","746","746","746","746","746","746","746","746","746","746","746","746",NA,NA,NA,NA,NA,NA,NA,NA,NA,NA,NA,NA,NA,NA,NA,NA,NA,NA,NA,NA,NA,NA,NA,NA,NA,NA,NA,NA,NA,NA,NA,NA,NA,"CA","petrale sole","petrale_sole",NA,NA,"675","total_catch_wt_kg ~ 0 + factor(year) + pass","delta_lognormal","TRUE","iid, iid","04_3","factor(year)2023","-3.69927355131077","2.44231813227874","-8.48612912936623","1.08758202674468"
"747","747","747","747","747","747","747","747","747","747","747","747","747","747","747","747","747","747","747",NA,NA,NA,NA,NA,NA,NA,NA,NA,NA,NA,NA,NA,NA,NA,NA,NA,NA,NA,NA,NA,NA,NA,NA,NA,NA,NA,NA,NA,NA,NA,NA,NA,"CA","petrale sole","petrale_sole",NA,NA,"675","total_catch_wt_kg ~ 0 + factor(year) + pass","delta_lognormal","TRUE","iid, iid","04_3","factor(year)2024","-3.40865623032454","2.43829597453394","-8.18762852406006","1.37031606341097"
"748","748","748","748","748","748","748","748","748","748","748","748","748","748","748","748","748","748","748",NA,NA,NA,NA,NA,NA,NA,NA,NA,NA,NA,NA,NA,NA,NA,NA,NA,NA,NA,NA,NA,NA,NA,NA,NA,NA,NA,NA,NA,NA,NA,NA,NA,"CA","petrale sole","petrale_sole",NA,NA,"675","total_catch_wt_kg ~ 0 + factor(year) + pass","delta_lognormal","TRUE","iid, iid","04_3","pass","-0.133605816490446","0.109600689177282","-0.348419219958687","0.0812075869777951"
"749","749","749","749","749","749","749","749","749","749","749","749","749","749","749","749","749","749",NA,NA,NA,NA,NA,NA,NA,NA,NA,NA,NA,NA,NA,NA,NA,NA,NA,NA,NA,NA,NA,NA,NA,NA,NA,NA,NA,NA,NA,NA,NA,NA,NA,NA,"CA","petrale sole","petrale_sole",NA,NA,"675","total_catch_wt_kg ~ 0 + factor(year) + pass","delta_lognormal","TRUE","iid, iid","04_4","factor(year)2003","-3.21496512842775","2.80158393506158","-8.70596874081445","2.27603848395894"
"750","750","750","750","750","750","750","750","750","750","750","750","750","750","750","750","750","750",NA,NA,NA,NA,NA,NA,NA,NA,NA,NA,NA,NA,NA,NA,NA,NA,NA,NA,NA,NA,NA,NA,NA,NA,NA,NA,NA,NA,NA,NA,NA,NA,NA,NA,"CA","petrale sole","petrale_sole",NA,NA,"675","total_catch_wt_kg ~ 0 + factor(year) + pass","delta_lognormal","TRUE","iid, iid","04_4","factor(year)2004","-3.65616180344491","2.80828623690184","-9.16030168605203","1.84797807916221"
"751","751","751","751","751","751","751","751","751","751","751","751","751","751","751","751","751","751",NA,NA,NA,NA,NA,NA,NA,NA,NA,NA,NA,NA,NA,NA,NA,NA,NA,NA,NA,NA,NA,NA,NA,NA,NA,NA,NA,NA,NA,NA,NA,NA,NA,NA,"CA","petrale sole","petrale_sole",NA,NA,"675","total_catch_wt_kg ~ 0 + factor(year) + pass","delta_lognormal","TRUE","iid, iid","04_4","factor(year)2005","-3.40102091021229","2.80210899276321","-8.89305361678398","2.09101179635941"
"752","752","752","752","752","752","752","752","752","752","752","752","752","752","752","752","752","752",NA,NA,NA,NA,NA,NA,NA,NA,NA,NA,NA,NA,NA,NA,NA,NA,NA,NA,NA,NA,NA,NA,NA,NA,NA,NA,NA,NA,NA,NA,NA,NA,NA,NA,"CA","petrale sole","petrale_sole",NA,NA,"675","total_catch_wt_kg ~ 0 + factor(year) + pass","delta_lognormal","TRUE","iid, iid","04_4","factor(year)2006","-3.437766316633","2.80189413255718","-8.92937790493917","2.05384527167317"
"753","753","753","753","753","753","753","753","753","753","753","753","753","753","753","753","753","753",NA,NA,NA,NA,NA,NA,NA,NA,NA,NA,NA,NA,NA,NA,NA,NA,NA,NA,NA,NA,NA,NA,NA,NA,NA,NA,NA,NA,NA,NA,NA,NA,NA,NA,"CA","petrale sole","petrale_sole",NA,NA,"675","total_catch_wt_kg ~ 0 + factor(year) + pass","delta_lognormal","TRUE","iid, iid","04_4","factor(year)2007","-3.69425182967514","2.80106898129824","-9.18424615123198","1.7957424918817"
"754","754","754","754","754","754","754","754","754","754","754","754","754","754","754","754","754","754",NA,NA,NA,NA,NA,NA,NA,NA,NA,NA,NA,NA,NA,NA,NA,NA,NA,NA,NA,NA,NA,NA,NA,NA,NA,NA,NA,NA,NA,NA,NA,NA,NA,NA,"CA","petrale sole","petrale_sole",NA,NA,"675","total_catch_wt_kg ~ 0 + factor(year) + pass","delta_lognormal","TRUE","iid, iid","04_4","factor(year)2008","-3.52998641581993","2.80051514955712","-9.01889524711069","1.95892241547083"
"755","755","755","755","755","755","755","755","755","755","755","755","755","755","755","755","755","755",NA,NA,NA,NA,NA,NA,NA,NA,NA,NA,NA,NA,NA,NA,NA,NA,NA,NA,NA,NA,NA,NA,NA,NA,NA,NA,NA,NA,NA,NA,NA,NA,NA,NA,"CA","petrale sole","petrale_sole",NA,NA,"675","total_catch_wt_kg ~ 0 + factor(year) + pass","delta_lognormal","TRUE","iid, iid","04_4","factor(year)2009","-3.22214691469175","2.79942775308671","-8.70892448806358","2.26463065868009"
"756","756","756","756","756","756","756","756","756","756","756","756","756","756","756","756","756","756",NA,NA,NA,NA,NA,NA,NA,NA,NA,NA,NA,NA,NA,NA,NA,NA,NA,NA,NA,NA,NA,NA,NA,NA,NA,NA,NA,NA,NA,NA,NA,NA,NA,NA,"CA","petrale sole","petrale_sole",NA,NA,"675","total_catch_wt_kg ~ 0 + factor(year) + pass","delta_lognormal","TRUE","iid, iid","04_4","factor(year)2010","-2.97430997090231","2.80052150450711","-8.46323125766616","2.51461131586154"
"757","757","757","757","757","757","757","757","757","757","757","757","757","757","757","757","757","757",NA,NA,NA,NA,NA,NA,NA,NA,NA,NA,NA,NA,NA,NA,NA,NA,NA,NA,NA,NA,NA,NA,NA,NA,NA,NA,NA,NA,NA,NA,NA,NA,NA,NA,"CA","petrale sole","petrale_sole",NA,NA,"675","total_catch_wt_kg ~ 0 + factor(year) + pass","delta_lognormal","TRUE","iid, iid","04_4","factor(year)2011","-2.59790131291879","2.80192838168425","-8.08958002828052","2.89377740244295"
"758","758","758","758","758","758","758","758","758","758","758","758","758","758","758","758","758","758",NA,NA,NA,NA,NA,NA,NA,NA,NA,NA,NA,NA,NA,NA,NA,NA,NA,NA,NA,NA,NA,NA,NA,NA,NA,NA,NA,NA,NA,NA,NA,NA,NA,NA,"CA","petrale sole","petrale_sole",NA,NA,"675","total_catch_wt_kg ~ 0 + factor(year) + pass","delta_lognormal","TRUE","iid, iid","04_4","factor(year)2012","-2.89522932781917","2.80158680466368","-8.38623856452264","2.59577990888429"
"759","759","759","759","759","759","759","759","759","759","759","759","759","759","759","759","759","759",NA,NA,NA,NA,NA,NA,NA,NA,NA,NA,NA,NA,NA,NA,NA,NA,NA,NA,NA,NA,NA,NA,NA,NA,NA,NA,NA,NA,NA,NA,NA,NA,NA,NA,"CA","petrale sole","petrale_sole",NA,NA,"675","total_catch_wt_kg ~ 0 + factor(year) + pass","delta_lognormal","TRUE","iid, iid","04_4","factor(year)2013","-2.37627785804009","2.80039661162928","-7.86495435926149","3.1123986431813"
"760","760","760","760","760","760","760","760","760","760","760","760","760","760","760","760","760","760",NA,NA,NA,NA,NA,NA,NA,NA,NA,NA,NA,NA,NA,NA,NA,NA,NA,NA,NA,NA,NA,NA,NA,NA,NA,NA,NA,NA,NA,NA,NA,NA,NA,NA,"CA","petrale sole","petrale_sole",NA,NA,"675","total_catch_wt_kg ~ 0 + factor(year) + pass","delta_lognormal","TRUE","iid, iid","04_4","factor(year)2014","-2.61407767414966","2.80027096446978","-8.10250791146368","2.87435256316436"
"761","761","761","761","761","761","761","761","761","761","761","761","761","761","761","761","761","761",NA,NA,NA,NA,NA,NA,NA,NA,NA,NA,NA,NA,NA,NA,NA,NA,NA,NA,NA,NA,NA,NA,NA,NA,NA,NA,NA,NA,NA,NA,NA,NA,NA,NA,"CA","petrale sole","petrale_sole",NA,NA,"675","total_catch_wt_kg ~ 0 + factor(year) + pass","delta_lognormal","TRUE","iid, iid","04_4","factor(year)2015","-2.67446353532337","2.80174827709333","-8.16578925217344","2.8168621815267"
"762","762","762","762","762","762","762","762","762","762","762","762","762","762","762","762","762","762",NA,NA,NA,NA,NA,NA,NA,NA,NA,NA,NA,NA,NA,NA,NA,NA,NA,NA,NA,NA,NA,NA,NA,NA,NA,NA,NA,NA,NA,NA,NA,NA,NA,NA,"CA","petrale sole","petrale_sole",NA,NA,"675","total_catch_wt_kg ~ 0 + factor(year) + pass","delta_lognormal","TRUE","iid, iid","04_4","factor(year)2016","-3.07664189694548","2.80040760402956","-8.56533994287552","2.41205614898456"
"763","763","763","763","763","763","763","763","763","763","763","763","763","763","763","763","763","763",NA,NA,NA,NA,NA,NA,NA,NA,NA,NA,NA,NA,NA,NA,NA,NA,NA,NA,NA,NA,NA,NA,NA,NA,NA,NA,NA,NA,NA,NA,NA,NA,NA,NA,"CA","petrale sole","petrale_sole",NA,NA,"675","total_catch_wt_kg ~ 0 + factor(year) + pass","delta_lognormal","TRUE","iid, iid","04_4","factor(year)2017","-3.09065039430528","2.80001566115737","-8.57858024632183","2.39727945771128"
"764","764","764","764","764","764","764","764","764","764","764","764","764","764","764","764","764","764",NA,NA,NA,NA,NA,NA,NA,NA,NA,NA,NA,NA,NA,NA,NA,NA,NA,NA,NA,NA,NA,NA,NA,NA,NA,NA,NA,NA,NA,NA,NA,NA,NA,NA,"CA","petrale sole","petrale_sole",NA,NA,"675","total_catch_wt_kg ~ 0 + factor(year) + pass","delta_lognormal","TRUE","iid, iid","04_4","factor(year)2018","-2.84813721513235","2.80073593344851","-8.33747877489861","2.64120434463391"
"765","765","765","765","765","765","765","765","765","765","765","765","765","765","765","765","765","765",NA,NA,NA,NA,NA,NA,NA,NA,NA,NA,NA,NA,NA,NA,NA,NA,NA,NA,NA,NA,NA,NA,NA,NA,NA,NA,NA,NA,NA,NA,NA,NA,NA,NA,"CA","petrale sole","petrale_sole",NA,NA,"675","total_catch_wt_kg ~ 0 + factor(year) + pass","delta_lognormal","TRUE","iid, iid","04_4","factor(year)2019","-3.13661623740163","2.81059038911005","-8.64527217535175","2.37203970054848"
"766","766","766","766","766","766","766","766","766","766","766","766","766","766","766","766","766","766",NA,NA,NA,NA,NA,NA,NA,NA,NA,NA,NA,NA,NA,NA,NA,NA,NA,NA,NA,NA,NA,NA,NA,NA,NA,NA,NA,NA,NA,NA,NA,NA,NA,NA,"CA","petrale sole","petrale_sole",NA,NA,"675","total_catch_wt_kg ~ 0 + factor(year) + pass","delta_lognormal","TRUE","iid, iid","04_4","factor(year)2021","-3.52041570674095","2.80195785475403","-9.01215218825795","1.97132077477606"
"767","767","767","767","767","767","767","767","767","767","767","767","767","767","767","767","767","767",NA,NA,NA,NA,NA,NA,NA,NA,NA,NA,NA,NA,NA,NA,NA,NA,NA,NA,NA,NA,NA,NA,NA,NA,NA,NA,NA,NA,NA,NA,NA,NA,NA,NA,"CA","petrale sole","petrale_sole",NA,NA,"675","total_catch_wt_kg ~ 0 + factor(year) + pass","delta_lognormal","TRUE","iid, iid","04_4","factor(year)2022","-3.46899444494285","2.80051128364028","-8.95789569917582","2.01990680929013"
"768","768","768","768","768","768","768","768","768","768","768","768","768","768","768","768","768","768",NA,NA,NA,NA,NA,NA,NA,NA,NA,NA,NA,NA,NA,NA,NA,NA,NA,NA,NA,NA,NA,NA,NA,NA,NA,NA,NA,NA,NA,NA,NA,NA,NA,NA,"CA","petrale sole","petrale_sole",NA,NA,"675","total_catch_wt_kg ~ 0 + factor(year) + pass","delta_lognormal","TRUE","iid, iid","04_4","factor(year)2023","-3.58625400686181","2.80141392522282","-9.07692440608753","1.9044163923639"
"769","769","769","769","769","769","769","769","769","769","769","769","769","769","769","769","769","769",NA,NA,NA,NA,NA,NA,NA,NA,NA,NA,NA,NA,NA,NA,NA,NA,NA,NA,NA,NA,NA,NA,NA,NA,NA,NA,NA,NA,NA,NA,NA,NA,NA,NA,"CA","petrale sole","petrale_sole",NA,NA,"675","total_catch_wt_kg ~ 0 + factor(year) + pass","delta_lognormal","TRUE","iid, iid","04_4","factor(year)2024","-3.38027225521467","2.80007295686881","-8.86831440476212","2.10776989433278"
"770","770","770","770","770","770","770","770","770","770","770","770","770","770","770","770","770","770",NA,NA,NA,NA,NA,NA,NA,NA,NA,NA,NA,NA,NA,NA,NA,NA,NA,NA,NA,NA,NA,NA,NA,NA,NA,NA,NA,NA,NA,NA,NA,NA,NA,NA,"CA","petrale sole","petrale_sole",NA,NA,"675","total_catch_wt_kg ~ 0 + factor(year) + pass","delta_lognormal","TRUE","iid, iid","04_4","pass","-0.0405133036919503","0.109946225943434","-0.256003946777184","0.174977339393284"
"771","771","771","771","771","771","771","771","771","771","771","771","771","771","771","771","771",NA,NA,NA,NA,NA,NA,NA,NA,NA,NA,NA,NA,NA,NA,NA,NA,NA,NA,NA,NA,NA,NA,NA,NA,NA,NA,NA,NA,NA,NA,NA,NA,NA,NA,NA,"CA","petrale sole","petrale_sole",NA,NA,"675","total_catch_wt_kg ~ 0 + factor(year) + pass","delta_lognormal","TRUE","iid, iid","04_5","factor(year)2003","-3.92486308256716","3.95900525088974","-11.684370788916","3.83464462378169"
"772","772","772","772","772","772","772","772","772","772","772","772","772","772","772","772","772",NA,NA,NA,NA,NA,NA,NA,NA,NA,NA,NA,NA,NA,NA,NA,NA,NA,NA,NA,NA,NA,NA,NA,NA,NA,NA,NA,NA,NA,NA,NA,NA,NA,NA,NA,"CA","petrale sole","petrale_sole",NA,NA,"675","total_catch_wt_kg ~ 0 + factor(year) + pass","delta_lognormal","TRUE","iid, iid","04_5","factor(year)2004","-3.46003107561173","3.96095901130243","-11.2233680820039","4.30330593078041"
"773","773","773","773","773","773","773","773","773","773","773","773","773","773","773","773","773",NA,NA,NA,NA,NA,NA,NA,NA,NA,NA,NA,NA,NA,NA,NA,NA,NA,NA,NA,NA,NA,NA,NA,NA,NA,NA,NA,NA,NA,NA,NA,NA,NA,NA,NA,"CA","petrale sole","petrale_sole",NA,NA,"675","total_catch_wt_kg ~ 0 + factor(year) + pass","delta_lognormal","TRUE","iid, iid","04_5","factor(year)2005","-3.71809504639145","3.95786054153523","-11.4753591636327","4.03916907084979"
"774","774","774","774","774","774","774","774","774","774","774","774","774","774","774","774","774",NA,NA,NA,NA,NA,NA,NA,NA,NA,NA,NA,NA,NA,NA,NA,NA,NA,NA,NA,NA,NA,NA,NA,NA,NA,NA,NA,NA,NA,NA,NA,NA,NA,NA,NA,"CA","petrale sole","petrale_sole",NA,NA,"675","total_catch_wt_kg ~ 0 + factor(year) + pass","delta_lognormal","TRUE","iid, iid","04_5","factor(year)2006","-3.97175345114634","3.95888260099538","-11.7310207681195","3.78751386582685"
"775","775","775","775","775","775","775","775","775","775","775","775","775","775","775","775","775",NA,NA,NA,NA,NA,NA,NA,NA,NA,NA,NA,NA,NA,NA,NA,NA,NA,NA,NA,NA,NA,NA,NA,NA,NA,NA,NA,NA,NA,NA,NA,NA,NA,NA,NA,"CA","petrale sole","petrale_sole",NA,NA,"675","total_catch_wt_kg ~ 0 + factor(year) + pass","delta_lognormal","TRUE","iid, iid","04_5","factor(year)2007","-4.09232359945821","3.9573908597619","-11.8486671573395","3.66401995842311"
"776","776","776","776","776","776","776","776","776","776","776","776","776","776","776","776","776",NA,NA,NA,NA,NA,NA,NA,NA,NA,NA,NA,NA,NA,NA,NA,NA,NA,NA,NA,NA,NA,NA,NA,NA,NA,NA,NA,NA,NA,NA,NA,NA,NA,NA,NA,"CA","petrale sole","petrale_sole",NA,NA,"675","total_catch_wt_kg ~ 0 + factor(year) + pass","delta_lognormal","TRUE","iid, iid","04_5","factor(year)2008","-3.61660657796436","3.95759269599689","-11.373345727597","4.14013257166831"
"777","777","777","777","777","777","777","777","777","777","777","777","777","777","777","777","777",NA,NA,NA,NA,NA,NA,NA,NA,NA,NA,NA,NA,NA,NA,NA,NA,NA,NA,NA,NA,NA,NA,NA,NA,NA,NA,NA,NA,NA,NA,NA,NA,NA,NA,NA,"CA","petrale sole","petrale_sole",NA,NA,"675","total_catch_wt_kg ~ 0 + factor(year) + pass","delta_lognormal","TRUE","iid, iid","04_5","factor(year)2009","-3.58840629525643","3.9569787563317","-11.3439421452566","4.16712955474379"
"778","778","778","778","778","778","778","778","778","778","778","778","778","778","778","778","778",NA,NA,NA,NA,NA,NA,NA,NA,NA,NA,NA,NA,NA,NA,NA,NA,NA,NA,NA,NA,NA,NA,NA,NA,NA,NA,NA,NA,NA,NA,NA,NA,NA,NA,NA,"CA","petrale sole","petrale_sole",NA,NA,"675","total_catch_wt_kg ~ 0 + factor(year) + pass","delta_lognormal","TRUE","iid, iid","04_5","factor(year)2010","-3.33656415731501","3.95659667527301","-11.091351142201","4.418222827571"
"779","779","779","779","779","779","779","779","779","779","779","779","779","779","779","779","779",NA,NA,NA,NA,NA,NA,NA,NA,NA,NA,NA,NA,NA,NA,NA,NA,NA,NA,NA,NA,NA,NA,NA,NA,NA,NA,NA,NA,NA,NA,NA,NA,NA,NA,NA,"CA","petrale sole","petrale_sole",NA,NA,"675","total_catch_wt_kg ~ 0 + factor(year) + pass","delta_lognormal","TRUE","iid, iid","04_5","factor(year)2011","-2.90013722731612","3.95695760095012","-10.6556316135304","4.85535715889813"
"780","780","780","780","780","780","780","780","780","780","780","780","780","780","780","780","780",NA,NA,NA,NA,NA,NA,NA,NA,NA,NA,NA,NA,NA,NA,NA,NA,NA,NA,NA,NA,NA,NA,NA,NA,NA,NA,NA,NA,NA,NA,NA,NA,NA,NA,NA,"CA","petrale sole","petrale_sole",NA,NA,"675","total_catch_wt_kg ~ 0 + factor(year) + pass","delta_lognormal","TRUE","iid, iid","04_5","factor(year)2012","-3.32765321049006","3.95830156695424","-11.0857817216688","4.43047530068872"
"781","781","781","781","781","781","781","781","781","781","781","781","781","781","781","781","781",NA,NA,NA,NA,NA,NA,NA,NA,NA,NA,NA,NA,NA,NA,NA,NA,NA,NA,NA,NA,NA,NA,NA,NA,NA,NA,NA,NA,NA,NA,NA,NA,NA,NA,NA,"CA","petrale sole","petrale_sole",NA,NA,"675","total_catch_wt_kg ~ 0 + factor(year) + pass","delta_lognormal","TRUE","iid, iid","04_5","factor(year)2013","-3.10420259781396","3.95892050621436","-10.8635442076512","4.65513901202326"
"782","782","782","782","782","782","782","782","782","782","782","782","782","782","782","782","782",NA,NA,NA,NA,NA,NA,NA,NA,NA,NA,NA,NA,NA,NA,NA,NA,NA,NA,NA,NA,NA,NA,NA,NA,NA,NA,NA,NA,NA,NA,NA,NA,NA,NA,NA,"CA","petrale sole","petrale_sole",NA,NA,"675","total_catch_wt_kg ~ 0 + factor(year) + pass","delta_lognormal","TRUE","iid, iid","04_5","factor(year)2014","-2.63121795648326","3.95808026652314","-10.3889127267873","5.12647681382079"
"783","783","783","783","783","783","783","783","783","783","783","783","783","783","783","783","783",NA,NA,NA,NA,NA,NA,NA,NA,NA,NA,NA,NA,NA,NA,NA,NA,NA,NA,NA,NA,NA,NA,NA,NA,NA,NA,NA,NA,NA,NA,NA,NA,NA,NA,NA,"CA","petrale sole","petrale_sole",NA,NA,"675","total_catch_wt_kg ~ 0 + factor(year) + pass","delta_lognormal","TRUE","iid, iid","04_5","factor(year)2015","-2.86281838111985","3.95740642645489","-10.6191924491588","4.89355568691909"
"784","784","784","784","784","784","784","784","784","784","784","784","784","784","784","784","784",NA,NA,NA,NA,NA,NA,NA,NA,NA,NA,NA,NA,NA,NA,NA,NA,NA,NA,NA,NA,NA,NA,NA,NA,NA,NA,NA,NA,NA,NA,NA,NA,NA,NA,NA,"CA","petrale sole","petrale_sole",NA,NA,"675","total_catch_wt_kg ~ 0 + factor(year) + pass","delta_lognormal","TRUE","iid, iid","04_5","factor(year)2016","-2.94822526534439","3.95831551278702","-10.7063811098531","4.80993057916436"
"785","785","785","785","785","785","785","785","785","785","785","785","785","785","785","785","785",NA,NA,NA,NA,NA,NA,NA,NA,NA,NA,NA,NA,NA,NA,NA,NA,NA,NA,NA,NA,NA,NA,NA,NA,NA,NA,NA,NA,NA,NA,NA,NA,NA,NA,NA,"CA","petrale sole","petrale_sole",NA,NA,"675","total_catch_wt_kg ~ 0 + factor(year) + pass","delta_lognormal","TRUE","iid, iid","04_5","factor(year)2017","-2.97557026361654","3.95657514890951","-10.7303150576054","4.77917453037231"
"786","786","786","786","786","786","786","786","786","786","786","786","786","786","786","786","786",NA,NA,NA,NA,NA,NA,NA,NA,NA,NA,NA,NA,NA,NA,NA,NA,NA,NA,NA,NA,NA,NA,NA,NA,NA,NA,NA,NA,NA,NA,NA,NA,NA,NA,NA,"CA","petrale sole","petrale_sole",NA,NA,"675","total_catch_wt_kg ~ 0 + factor(year) + pass","delta_lognormal","TRUE","iid, iid","04_5","factor(year)2018","-3.28460524713539","3.95791023230234","-11.0419667564905","4.47275626221974"
"787","787","787","787","787","787","787","787","787","787","787","787","787","787","787","787","787",NA,NA,NA,NA,NA,NA,NA,NA,NA,NA,NA,NA,NA,NA,NA,NA,NA,NA,NA,NA,NA,NA,NA,NA,NA,NA,NA,NA,NA,NA,NA,NA,NA,NA,NA,"CA","petrale sole","petrale_sole",NA,NA,"675","total_catch_wt_kg ~ 0 + factor(year) + pass","delta_lognormal","TRUE","iid, iid","04_5","factor(year)2019","-3.36127421657227","3.96317834855547","-11.1289610440499","4.40641261090538"
"788","788","788","788","788","788","788","788","788","788","788","788","788","788","788","788","788",NA,NA,NA,NA,NA,NA,NA,NA,NA,NA,NA,NA,NA,NA,NA,NA,NA,NA,NA,NA,NA,NA,NA,NA,NA,NA,NA,NA,NA,NA,NA,NA,NA,NA,NA,"CA","petrale sole","petrale_sole",NA,NA,"675","total_catch_wt_kg ~ 0 + factor(year) + pass","delta_lognormal","TRUE","iid, iid","04_5","factor(year)2021","-3.5519134461232","3.95693393226603","-11.3073614425691","4.20353455032268"
"789","789","789","789","789","789","789","789","789","789","789","789","789","789","789","789","789",NA,NA,NA,NA,NA,NA,NA,NA,NA,NA,NA,NA,NA,NA,NA,NA,NA,NA,NA,NA,NA,NA,NA,NA,NA,NA,NA,NA,NA,NA,NA,NA,NA,NA,NA,"CA","petrale sole","petrale_sole",NA,NA,"675","total_catch_wt_kg ~ 0 + factor(year) + pass","delta_lognormal","TRUE","iid, iid","04_5","factor(year)2022","-3.73137596887774","3.95754895832311","-11.488029394245","4.02527745648955"
"790","790","790","790","790","790","790","790","790","790","790","790","790","790","790","790","790",NA,NA,NA,NA,NA,NA,NA,NA,NA,NA,NA,NA,NA,NA,NA,NA,NA,NA,NA,NA,NA,NA,NA,NA,NA,NA,NA,NA,NA,NA,NA,NA,NA,NA,NA,"CA","petrale sole","petrale_sole",NA,NA,"675","total_catch_wt_kg ~ 0 + factor(year) + pass","delta_lognormal","TRUE","iid, iid","04_5","factor(year)2023","-3.68832728971663","3.95674651179525","-11.4434079487898","4.06675336935654"
"791","791","791","791","791","791","791","791","791","791","791","791","791","791","791","791","791",NA,NA,NA,NA,NA,NA,NA,NA,NA,NA,NA,NA,NA,NA,NA,NA,NA,NA,NA,NA,NA,NA,NA,NA,NA,NA,NA,NA,NA,NA,NA,NA,NA,NA,NA,"CA","petrale sole","petrale_sole",NA,NA,"675","total_catch_wt_kg ~ 0 + factor(year) + pass","delta_lognormal","TRUE","iid, iid","04_5","factor(year)2024","-3.32275639926774","3.95682316782135","-11.0779873013913","4.43247450285578"
"792","792","792","792","792","792","792","792","792","792","792","792","792","792","792","792","792",NA,NA,NA,NA,NA,NA,NA,NA,NA,NA,NA,NA,NA,NA,NA,NA,NA,NA,NA,NA,NA,NA,NA,NA,NA,NA,NA,NA,NA,NA,NA,NA,NA,NA,NA,"CA","petrale sole","petrale_sole",NA,NA,"675","total_catch_wt_kg ~ 0 + factor(year) + pass","delta_lognormal","TRUE","iid, iid","04_5","pass","0.00877090372522126","0.1078621008661","-0.202634929269162","0.220176736719604"
"793","793","793","793","793","793","793","793","793","793","793","793","793","793","793","793",NA,NA,NA,NA,NA,NA,NA,NA,NA,NA,NA,NA,NA,NA,NA,NA,NA,NA,NA,NA,NA,NA,NA,NA,NA,NA,NA,NA,NA,NA,NA,NA,NA,NA,NA,NA,"CA","petrale sole","petrale_sole",NA,NA,"675","total_catch_wt_kg ~ 0 + factor(year) + pass","delta_lognormal","TRUE","iid, iid","04_6","factor(year)2003","-4.77309095309778","6.01829012564141","-16.568722847868","7.02254094167241"
"794","794","794","794","794","794","794","794","794","794","794","794","794","794","794","794",NA,NA,NA,NA,NA,NA,NA,NA,NA,NA,NA,NA,NA,NA,NA,NA,NA,NA,NA,NA,NA,NA,NA,NA,NA,NA,NA,NA,NA,NA,NA,NA,NA,NA,NA,NA,"CA","petrale sole","petrale_sole",NA,NA,"675","total_catch_wt_kg ~ 0 + factor(year) + pass","delta_lognormal","TRUE","iid, iid","04_6","factor(year)2004","-4.14427189668543","6.02084506802645","-15.9449113865129","7.65636759314202"
"795","795","795","795","795","795","795","795","795","795","795","795","795","795","795","795",NA,NA,NA,NA,NA,NA,NA,NA,NA,NA,NA,NA,NA,NA,NA,NA,NA,NA,NA,NA,NA,NA,NA,NA,NA,NA,NA,NA,NA,NA,NA,NA,NA,NA,NA,NA,"CA","petrale sole","petrale_sole",NA,NA,"675","total_catch_wt_kg ~ 0 + factor(year) + pass","delta_lognormal","TRUE","iid, iid","04_6","factor(year)2005","-4.25595488986581","6.01759766107418","-16.0502295790237","7.53831979929205"
"796","796","796","796","796","796","796","796","796","796","796","796","796","796","796","796",NA,NA,NA,NA,NA,NA,NA,NA,NA,NA,NA,NA,NA,NA,NA,NA,NA,NA,NA,NA,NA,NA,NA,NA,NA,NA,NA,NA,NA,NA,NA,NA,NA,NA,NA,NA,"CA","petrale sole","petrale_sole",NA,NA,"675","total_catch_wt_kg ~ 0 + factor(year) + pass","delta_lognormal","TRUE","iid, iid","04_6","factor(year)2006","-4.00118623582388","6.01743440624076","-15.7951409513879","7.79276847974016"
"797","797","797","797","797","797","797","797","797","797","797","797","797","797","797","797",NA,NA,NA,NA,NA,NA,NA,NA,NA,NA,NA,NA,NA,NA,NA,NA,NA,NA,NA,NA,NA,NA,NA,NA,NA,NA,NA,NA,NA,NA,NA,NA,NA,NA,NA,NA,"CA","petrale sole","petrale_sole",NA,NA,"675","total_catch_wt_kg ~ 0 + factor(year) + pass","delta_lognormal","TRUE","iid, iid","04_6","factor(year)2007","-4.56629120398827","6.01796654740802","-16.3612888970749","7.22870648909831"
"798","798","798","798","798","798","798","798","798","798","798","798","798","798","798","798",NA,NA,NA,NA,NA,NA,NA,NA,NA,NA,NA,NA,NA,NA,NA,NA,NA,NA,NA,NA,NA,NA,NA,NA,NA,NA,NA,NA,NA,NA,NA,NA,NA,NA,NA,NA,"CA","petrale sole","petrale_sole",NA,NA,"675","total_catch_wt_kg ~ 0 + factor(year) + pass","delta_lognormal","TRUE","iid, iid","04_6","factor(year)2008","-4.80660281740828","6.01922569778414","-16.6040683998832","6.99086276506661"
"799","799","799","799","799","799","799","799","799","799","799","799","799","799","799","799",NA,NA,NA,NA,NA,NA,NA,NA,NA,NA,NA,NA,NA,NA,NA,NA,NA,NA,NA,NA,NA,NA,NA,NA,NA,NA,NA,NA,NA,NA,NA,NA,NA,NA,NA,NA,"CA","petrale sole","petrale_sole",NA,NA,"675","total_catch_wt_kg ~ 0 + factor(year) + pass","delta_lognormal","TRUE","iid, iid","04_6","factor(year)2009","-4.60703548244119","6.01776538770186","-16.4016389097486","7.18756794486617"
"800","800","800","800","800","800","800","800","800","800","800","800","800","800","800","800",NA,NA,NA,NA,NA,NA,NA,NA,NA,NA,NA,NA,NA,NA,NA,NA,NA,NA,NA,NA,NA,NA,NA,NA,NA,NA,NA,NA,NA,NA,NA,NA,NA,NA,NA,NA,"CA","petrale sole","petrale_sole",NA,NA,"675","total_catch_wt_kg ~ 0 + factor(year) + pass","delta_lognormal","TRUE","iid, iid","04_6","factor(year)2010","-3.65737230648866","6.01516459692705","-15.4468782775461","8.13213366456875"
"801","801","801","801","801","801","801","801","801","801","801","801","801","801","801","801",NA,NA,NA,NA,NA,NA,NA,NA,NA,NA,NA,NA,NA,NA,NA,NA,NA,NA,NA,NA,NA,NA,NA,NA,NA,NA,NA,NA,NA,NA,NA,NA,NA,NA,NA,NA,"CA","petrale sole","petrale_sole",NA,NA,"675","total_catch_wt_kg ~ 0 + factor(year) + pass","delta_lognormal","TRUE","iid, iid","04_6","factor(year)2011","-3.67363046428654","6.0147646656129","-15.4623525843719","8.11509165579883"
"802","802","802","802","802","802","802","802","802","802","802","802","802","802","802","802",NA,NA,NA,NA,NA,NA,NA,NA,NA,NA,NA,NA,NA,NA,NA,NA,NA,NA,NA,NA,NA,NA,NA,NA,NA,NA,NA,NA,NA,NA,NA,NA,NA,NA,NA,NA,"CA","petrale sole","petrale_sole",NA,NA,"675","total_catch_wt_kg ~ 0 + factor(year) + pass","delta_lognormal","TRUE","iid, iid","04_6","factor(year)2012","-3.97291908385623","6.01567170858424","-15.7634189754979","7.81758080778541"
"803","803","803","803","803","803","803","803","803","803","803","803","803","803","803","803",NA,NA,NA,NA,NA,NA,NA,NA,NA,NA,NA,NA,NA,NA,NA,NA,NA,NA,NA,NA,NA,NA,NA,NA,NA,NA,NA,NA,NA,NA,NA,NA,NA,NA,NA,NA,"CA","petrale sole","petrale_sole",NA,NA,"675","total_catch_wt_kg ~ 0 + factor(year) + pass","delta_lognormal","TRUE","iid, iid","04_6","factor(year)2013","-3.82559163893236","6.01803735889779","-15.6207281199886","7.96954484212386"
"804","804","804","804","804","804","804","804","804","804","804","804","804","804","804","804",NA,NA,NA,NA,NA,NA,NA,NA,NA,NA,NA,NA,NA,NA,NA,NA,NA,NA,NA,NA,NA,NA,NA,NA,NA,NA,NA,NA,NA,NA,NA,NA,NA,NA,NA,NA,"CA","petrale sole","petrale_sole",NA,NA,"675","total_catch_wt_kg ~ 0 + factor(year) + pass","delta_lognormal","TRUE","iid, iid","04_6","factor(year)2014","-3.66554116150573","6.01556948693602","-15.4558407023984","8.12475837938696"
"805","805","805","805","805","805","805","805","805","805","805","805","805","805","805","805",NA,NA,NA,NA,NA,NA,NA,NA,NA,NA,NA,NA,NA,NA,NA,NA,NA,NA,NA,NA,NA,NA,NA,NA,NA,NA,NA,NA,NA,NA,NA,NA,NA,NA,NA,NA,"CA","petrale sole","petrale_sole",NA,NA,"675","total_catch_wt_kg ~ 0 + factor(year) + pass","delta_lognormal","TRUE","iid, iid","04_6","factor(year)2015","-3.8630870124988","6.01656078581052","-15.6553294634834","7.92915543848582"
"806","806","806","806","806","806","806","806","806","806","806","806","806","806","806","806",NA,NA,NA,NA,NA,NA,NA,NA,NA,NA,NA,NA,NA,NA,NA,NA,NA,NA,NA,NA,NA,NA,NA,NA,NA,NA,NA,NA,NA,NA,NA,NA,NA,NA,NA,NA,"CA","petrale sole","petrale_sole",NA,NA,"675","total_catch_wt_kg ~ 0 + factor(year) + pass","delta_lognormal","TRUE","iid, iid","04_6","factor(year)2016","-3.96425961161107","6.01651938171246","-15.7564209120547","7.82790168883255"
"807","807","807","807","807","807","807","807","807","807","807","807","807","807","807","807",NA,NA,NA,NA,NA,NA,NA,NA,NA,NA,NA,NA,NA,NA,NA,NA,NA,NA,NA,NA,NA,NA,NA,NA,NA,NA,NA,NA,NA,NA,NA,NA,NA,NA,NA,NA,"CA","petrale sole","petrale_sole",NA,NA,"675","total_catch_wt_kg ~ 0 + factor(year) + pass","delta_lognormal","TRUE","iid, iid","04_6","factor(year)2017","-3.843840956392","6.01492693864699","-15.6328811257799","7.94519921299586"
"808","808","808","808","808","808","808","808","808","808","808","808","808","808","808","808",NA,NA,NA,NA,NA,NA,NA,NA,NA,NA,NA,NA,NA,NA,NA,NA,NA,NA,NA,NA,NA,NA,NA,NA,NA,NA,NA,NA,NA,NA,NA,NA,NA,NA,NA,NA,"CA","petrale sole","petrale_sole",NA,NA,"675","total_catch_wt_kg ~ 0 + factor(year) + pass","delta_lognormal","TRUE","iid, iid","04_6","factor(year)2018","-4.38472732251074","6.01734104345618","-16.1784990503795","7.40904440535803"
"809","809","809","809","809","809","809","809","809","809","809","809","809","809","809","809",NA,NA,NA,NA,NA,NA,NA,NA,NA,NA,NA,NA,NA,NA,NA,NA,NA,NA,NA,NA,NA,NA,NA,NA,NA,NA,NA,NA,NA,NA,NA,NA,NA,NA,NA,NA,"CA","petrale sole","petrale_sole",NA,NA,"675","total_catch_wt_kg ~ 0 + factor(year) + pass","delta_lognormal","TRUE","iid, iid","04_6","factor(year)2019","-4.28796731482392","6.01925105250551","-16.0854825916395","7.50954796199169"
"810","810","810","810","810","810","810","810","810","810","810","810","810","810","810","810",NA,NA,NA,NA,NA,NA,NA,NA,NA,NA,NA,NA,NA,NA,NA,NA,NA,NA,NA,NA,NA,NA,NA,NA,NA,NA,NA,NA,NA,NA,NA,NA,NA,NA,NA,NA,"CA","petrale sole","petrale_sole",NA,NA,"675","total_catch_wt_kg ~ 0 + factor(year) + pass","delta_lognormal","TRUE","iid, iid","04_6","factor(year)2021","-4.20594947819415","6.01486581103966","-15.9948698396732","7.58297088328488"
"811","811","811","811","811","811","811","811","811","811","811","811","811","811","811","811",NA,NA,NA,NA,NA,NA,NA,NA,NA,NA,NA,NA,NA,NA,NA,NA,NA,NA,NA,NA,NA,NA,NA,NA,NA,NA,NA,NA,NA,NA,NA,NA,NA,NA,NA,NA,"CA","petrale sole","petrale_sole",NA,NA,"675","total_catch_wt_kg ~ 0 + factor(year) + pass","delta_lognormal","TRUE","iid, iid","04_6","factor(year)2022","-4.20049642054525","6.01785970468271","-15.9952847057382","7.59429186464771"
"812","812","812","812","812","812","812","812","812","812","812","812","812","812","812","812",NA,NA,NA,NA,NA,NA,NA,NA,NA,NA,NA,NA,NA,NA,NA,NA,NA,NA,NA,NA,NA,NA,NA,NA,NA,NA,NA,NA,NA,NA,NA,NA,NA,NA,NA,NA,"CA","petrale sole","petrale_sole",NA,NA,"675","total_catch_wt_kg ~ 0 + factor(year) + pass","delta_lognormal","TRUE","iid, iid","04_6","factor(year)2023","-4.61816159121109","6.01652452334198","-16.4103329690634","7.17400978664119"
"813","813","813","813","813","813","813","813","813","813","813","813","813","813","813","813",NA,NA,NA,NA,NA,NA,NA,NA,NA,NA,NA,NA,NA,NA,NA,NA,NA,NA,NA,NA,NA,NA,NA,NA,NA,NA,NA,NA,NA,NA,NA,NA,NA,NA,NA,NA,"CA","petrale sole","petrale_sole",NA,NA,"675","total_catch_wt_kg ~ 0 + factor(year) + pass","delta_lognormal","TRUE","iid, iid","04_6","factor(year)2024","-4.33978500354999","6.01608762322638","-16.1311000729109","7.45153006581089"
"814","814","814","814","814","814","814","814","814","814","814","814","814","814","814","814",NA,NA,NA,NA,NA,NA,NA,NA,NA,NA,NA,NA,NA,NA,NA,NA,NA,NA,NA,NA,NA,NA,NA,NA,NA,NA,NA,NA,NA,NA,NA,NA,NA,NA,NA,NA,"CA","petrale sole","petrale_sole",NA,NA,"675","total_catch_wt_kg ~ 0 + factor(year) + pass","delta_lognormal","TRUE","iid, iid","04_6","pass","0.044645568019989","0.110051628219701","-0.171051659730616","0.260342795770594"
"815","815","815","815","815","815","815","815","815","815","815","815","815","815","815",NA,NA,NA,NA,NA,NA,NA,NA,NA,NA,NA,NA,NA,NA,NA,NA,NA,NA,NA,NA,NA,NA,NA,NA,NA,NA,NA,NA,NA,NA,NA,NA,NA,NA,NA,NA,NA,"CA","petrale sole","petrale_sole",NA,NA,"675","total_catch_wt_kg ~ 0 + factor(year) + pass","delta_lognormal","TRUE","iid, iid","04_7","factor(year)2003","-4.28891371982403","3.066263265397","-10.2986792871203","1.72085184747228"
"816","816","816","816","816","816","816","816","816","816","816","816","816","816","816",NA,NA,NA,NA,NA,NA,NA,NA,NA,NA,NA,NA,NA,NA,NA,NA,NA,NA,NA,NA,NA,NA,NA,NA,NA,NA,NA,NA,NA,NA,NA,NA,NA,NA,NA,NA,NA,"CA","petrale sole","petrale_sole",NA,NA,"675","total_catch_wt_kg ~ 0 + factor(year) + pass","delta_lognormal","TRUE","iid, iid","04_7","factor(year)2004","-4.20099485560993","3.06912147234242","-10.2163624055796","1.81437269435975"
"817","817","817","817","817","817","817","817","817","817","817","817","817","817","817",NA,NA,NA,NA,NA,NA,NA,NA,NA,NA,NA,NA,NA,NA,NA,NA,NA,NA,NA,NA,NA,NA,NA,NA,NA,NA,NA,NA,NA,NA,NA,NA,NA,NA,NA,NA,NA,"CA","petrale sole","petrale_sole",NA,NA,"675","total_catch_wt_kg ~ 0 + factor(year) + pass","delta_lognormal","TRUE","iid, iid","04_7","factor(year)2005","-4.20371806669359","3.06266057231376","-10.2064224852994","1.7989863519122"
"818","818","818","818","818","818","818","818","818","818","818","818","818","818","818",NA,NA,NA,NA,NA,NA,NA,NA,NA,NA,NA,NA,NA,NA,NA,NA,NA,NA,NA,NA,NA,NA,NA,NA,NA,NA,NA,NA,NA,NA,NA,NA,NA,NA,NA,NA,NA,"CA","petrale sole","petrale_sole",NA,NA,"675","total_catch_wt_kg ~ 0 + factor(year) + pass","delta_lognormal","TRUE","iid, iid","04_7","factor(year)2006","-4.72784526504754","3.06489951766658","-10.7349379359082","1.27924740581314"
"819","819","819","819","819","819","819","819","819","819","819","819","819","819","819",NA,NA,NA,NA,NA,NA,NA,NA,NA,NA,NA,NA,NA,NA,NA,NA,NA,NA,NA,NA,NA,NA,NA,NA,NA,NA,NA,NA,NA,NA,NA,NA,NA,NA,NA,NA,NA,"CA","petrale sole","petrale_sole",NA,NA,"675","total_catch_wt_kg ~ 0 + factor(year) + pass","delta_lognormal","TRUE","iid, iid","04_7","factor(year)2007","-4.26012120743743","3.06471367894849","-10.2668496411037","1.74660722622886"
"820","820","820","820","820","820","820","820","820","820","820","820","820","820","820",NA,NA,NA,NA,NA,NA,NA,NA,NA,NA,NA,NA,NA,NA,NA,NA,NA,NA,NA,NA,NA,NA,NA,NA,NA,NA,NA,NA,NA,NA,NA,NA,NA,NA,NA,NA,NA,"CA","petrale sole","petrale_sole",NA,NA,"675","total_catch_wt_kg ~ 0 + factor(year) + pass","delta_lognormal","TRUE","iid, iid","04_7","factor(year)2008","-5.02040694718333","3.06696413212767","-11.0315461880297","0.990732293663048"
"821","821","821","821","821","821","821","821","821","821","821","821","821","821","821",NA,NA,NA,NA,NA,NA,NA,NA,NA,NA,NA,NA,NA,NA,NA,NA,NA,NA,NA,NA,NA,NA,NA,NA,NA,NA,NA,NA,NA,NA,NA,NA,NA,NA,NA,NA,NA,"CA","petrale sole","petrale_sole",NA,NA,"675","total_catch_wt_kg ~ 0 + factor(year) + pass","delta_lognormal","TRUE","iid, iid","04_7","factor(year)2009","-4.03167185843858","3.06509030019466","-10.0391384561832","1.97579473930602"
"822","822","822","822","822","822","822","822","822","822","822","822","822","822","822",NA,NA,NA,NA,NA,NA,NA,NA,NA,NA,NA,NA,NA,NA,NA,NA,NA,NA,NA,NA,NA,NA,NA,NA,NA,NA,NA,NA,NA,NA,NA,NA,NA,NA,NA,NA,NA,"CA","petrale sole","petrale_sole",NA,NA,"675","total_catch_wt_kg ~ 0 + factor(year) + pass","delta_lognormal","TRUE","iid, iid","04_7","factor(year)2010","-3.85052487325712","3.05950937491104","-9.84705305844541","2.14600331193117"
"823","823","823","823","823","823","823","823","823","823","823","823","823","823","823",NA,NA,NA,NA,NA,NA,NA,NA,NA,NA,NA,NA,NA,NA,NA,NA,NA,NA,NA,NA,NA,NA,NA,NA,NA,NA,NA,NA,NA,NA,NA,NA,NA,NA,NA,NA,NA,"CA","petrale sole","petrale_sole",NA,NA,"675","total_catch_wt_kg ~ 0 + factor(year) + pass","delta_lognormal","TRUE","iid, iid","04_7","factor(year)2011","-3.73387892929351","3.06471512947662","-9.7406102059427","2.27285234735568"
"824","824","824","824","824","824","824","824","824","824","824","824","824","824","824",NA,NA,NA,NA,NA,NA,NA,NA,NA,NA,NA,NA,NA,NA,NA,NA,NA,NA,NA,NA,NA,NA,NA,NA,NA,NA,NA,NA,NA,NA,NA,NA,NA,NA,NA,NA,NA,"CA","petrale sole","petrale_sole",NA,NA,"675","total_catch_wt_kg ~ 0 + factor(year) + pass","delta_lognormal","TRUE","iid, iid","04_7","factor(year)2012","-3.91581004956187","3.06253686412706","-9.91827200457715","2.08665190545341"
"825","825","825","825","825","825","825","825","825","825","825","825","825","825","825",NA,NA,NA,NA,NA,NA,NA,NA,NA,NA,NA,NA,NA,NA,NA,NA,NA,NA,NA,NA,NA,NA,NA,NA,NA,NA,NA,NA,NA,NA,NA,NA,NA,NA,NA,NA,NA,"CA","petrale sole","petrale_sole",NA,NA,"675","total_catch_wt_kg ~ 0 + factor(year) + pass","delta_lognormal","TRUE","iid, iid","04_7","factor(year)2013","-3.73500988258943","3.06468142071803","-9.74167509128581","2.27165532610694"
"826","826","826","826","826","826","826","826","826","826","826","826","826","826","826",NA,NA,NA,NA,NA,NA,NA,NA,NA,NA,NA,NA,NA,NA,NA,NA,NA,NA,NA,NA,NA,NA,NA,NA,NA,NA,NA,NA,NA,NA,NA,NA,NA,NA,NA,NA,NA,"CA","petrale sole","petrale_sole",NA,NA,"675","total_catch_wt_kg ~ 0 + factor(year) + pass","delta_lognormal","TRUE","iid, iid","04_7","factor(year)2014","-3.34095916374354","3.06293764788547","-9.34420664049088","2.6622883130038"
"827","827","827","827","827","827","827","827","827","827","827","827","827","827","827",NA,NA,NA,NA,NA,NA,NA,NA,NA,NA,NA,NA,NA,NA,NA,NA,NA,NA,NA,NA,NA,NA,NA,NA,NA,NA,NA,NA,NA,NA,NA,NA,NA,NA,NA,NA,NA,"CA","petrale sole","petrale_sole",NA,NA,"675","total_catch_wt_kg ~ 0 + factor(year) + pass","delta_lognormal","TRUE","iid, iid","04_7","factor(year)2015","-3.53054011067258","3.06198396090676","-9.53191839528912","2.47083817394396"
"828","828","828","828","828","828","828","828","828","828","828","828","828","828","828",NA,NA,NA,NA,NA,NA,NA,NA,NA,NA,NA,NA,NA,NA,NA,NA,NA,NA,NA,NA,NA,NA,NA,NA,NA,NA,NA,NA,NA,NA,NA,NA,NA,NA,NA,NA,NA,"CA","petrale sole","petrale_sole",NA,NA,"675","total_catch_wt_kg ~ 0 + factor(year) + pass","delta_lognormal","TRUE","iid, iid","04_7","factor(year)2016","-3.72841019222565","3.06218076140966","-9.73017419874003","2.27335381428872"
"829","829","829","829","829","829","829","829","829","829","829","829","829","829","829",NA,NA,NA,NA,NA,NA,NA,NA,NA,NA,NA,NA,NA,NA,NA,NA,NA,NA,NA,NA,NA,NA,NA,NA,NA,NA,NA,NA,NA,NA,NA,NA,NA,NA,NA,NA,NA,"CA","petrale sole","petrale_sole",NA,NA,"675","total_catch_wt_kg ~ 0 + factor(year) + pass","delta_lognormal","TRUE","iid, iid","04_7","factor(year)2017","-3.76672179202561","3.06209825991889","-9.7683240985894","2.23488051453819"
"830","830","830","830","830","830","830","830","830","830","830","830","830","830","830",NA,NA,NA,NA,NA,NA,NA,NA,NA,NA,NA,NA,NA,NA,NA,NA,NA,NA,NA,NA,NA,NA,NA,NA,NA,NA,NA,NA,NA,NA,NA,NA,NA,NA,NA,NA,NA,"CA","petrale sole","petrale_sole",NA,NA,"675","total_catch_wt_kg ~ 0 + factor(year) + pass","delta_lognormal","TRUE","iid, iid","04_7","factor(year)2018","-4.28160477981842","3.06389744565729","-10.286733425631","1.72352386599414"
"831","831","831","831","831","831","831","831","831","831","831","831","831","831","831",NA,NA,NA,NA,NA,NA,NA,NA,NA,NA,NA,NA,NA,NA,NA,NA,NA,NA,NA,NA,NA,NA,NA,NA,NA,NA,NA,NA,NA,NA,NA,NA,NA,NA,NA,NA,NA,"CA","petrale sole","petrale_sole",NA,NA,"675","total_catch_wt_kg ~ 0 + factor(year) + pass","delta_lognormal","TRUE","iid, iid","04_7","factor(year)2019","-4.00455944781332","3.07225824695043","-10.0260749630423","2.01695606741568"
"832","832","832","832","832","832","832","832","832","832","832","832","832","832","832",NA,NA,NA,NA,NA,NA,NA,NA,NA,NA,NA,NA,NA,NA,NA,NA,NA,NA,NA,NA,NA,NA,NA,NA,NA,NA,NA,NA,NA,NA,NA,NA,NA,NA,NA,NA,NA,"CA","petrale sole","petrale_sole",NA,NA,"675","total_catch_wt_kg ~ 0 + factor(year) + pass","delta_lognormal","TRUE","iid, iid","04_7","factor(year)2021","-4.07533672163198","3.06090026464411","-10.0745910006036","1.92391755733959"
"833","833","833","833","833","833","833","833","833","833","833","833","833","833","833",NA,NA,NA,NA,NA,NA,NA,NA,NA,NA,NA,NA,NA,NA,NA,NA,NA,NA,NA,NA,NA,NA,NA,NA,NA,NA,NA,NA,NA,NA,NA,NA,NA,NA,NA,NA,NA,"CA","petrale sole","petrale_sole",NA,NA,"675","total_catch_wt_kg ~ 0 + factor(year) + pass","delta_lognormal","TRUE","iid, iid","04_7","factor(year)2022","-4.21265915031838","3.06435018813217","-10.218675155076","1.7933568544392"
"834","834","834","834","834","834","834","834","834","834","834","834","834","834","834",NA,NA,NA,NA,NA,NA,NA,NA,NA,NA,NA,NA,NA,NA,NA,NA,NA,NA,NA,NA,NA,NA,NA,NA,NA,NA,NA,NA,NA,NA,NA,NA,NA,NA,NA,NA,NA,"CA","petrale sole","petrale_sole",NA,NA,"675","total_catch_wt_kg ~ 0 + factor(year) + pass","delta_lognormal","TRUE","iid, iid","04_7","factor(year)2023","-4.402599929075","3.06335990175607","-10.4066750082011","1.60147515005106"
"835","835","835","835","835","835","835","835","835","835","835","835","835","835","835",NA,NA,NA,NA,NA,NA,NA,NA,NA,NA,NA,NA,NA,NA,NA,NA,NA,NA,NA,NA,NA,NA,NA,NA,NA,NA,NA,NA,NA,NA,NA,NA,NA,NA,NA,NA,NA,"CA","petrale sole","petrale_sole",NA,NA,"675","total_catch_wt_kg ~ 0 + factor(year) + pass","delta_lognormal","TRUE","iid, iid","04_7","factor(year)2024","-4.19109637106228","3.06253209386807","-10.1935489765417","1.81135623441718"
"836","836","836","836","836","836","836","836","836","836","836","836","836","836","836",NA,NA,NA,NA,NA,NA,NA,NA,NA,NA,NA,NA,NA,NA,NA,NA,NA,NA,NA,NA,NA,NA,NA,NA,NA,NA,NA,NA,NA,NA,NA,NA,NA,NA,NA,NA,NA,"CA","petrale sole","petrale_sole",NA,NA,"675","total_catch_wt_kg ~ 0 + factor(year) + pass","delta_lognormal","TRUE","iid, iid","04_7","pass","0.201868653619539","0.109258972223959","-0.0122749969272828","0.41601230416636"
"837","837","837","837","837","837","837","837","837","837","837","837","837","837",NA,NA,NA,NA,NA,NA,NA,NA,NA,NA,NA,NA,NA,NA,NA,NA,NA,NA,NA,NA,NA,NA,NA,NA,NA,NA,NA,NA,NA,NA,NA,NA,NA,NA,NA,NA,NA,NA,"CA","petrale sole","petrale_sole",NA,NA,"675","total_catch_wt_kg ~ 0 + factor(year) + pass","delta_lognormal","TRUE","iid, iid","04_8","factor(year)2003","-3.39278317003454","1.87373855313782","-7.06524325062886","0.279676910559765"
"838","838","838","838","838","838","838","838","838","838","838","838","838","838",NA,NA,NA,NA,NA,NA,NA,NA,NA,NA,NA,NA,NA,NA,NA,NA,NA,NA,NA,NA,NA,NA,NA,NA,NA,NA,NA,NA,NA,NA,NA,NA,NA,NA,NA,NA,NA,NA,"CA","petrale sole","petrale_sole",NA,NA,"675","total_catch_wt_kg ~ 0 + factor(year) + pass","delta_lognormal","TRUE","iid, iid","04_8","factor(year)2004","-3.40797954656259","1.88279790609276","-7.09819563267183","0.28223653954666"
"839","839","839","839","839","839","839","839","839","839","839","839","839","839",NA,NA,NA,NA,NA,NA,NA,NA,NA,NA,NA,NA,NA,NA,NA,NA,NA,NA,NA,NA,NA,NA,NA,NA,NA,NA,NA,NA,NA,NA,NA,NA,NA,NA,NA,NA,NA,NA,"CA","petrale sole","petrale_sole",NA,NA,"675","total_catch_wt_kg ~ 0 + factor(year) + pass","delta_lognormal","TRUE","iid, iid","04_8","factor(year)2005","-2.78868775041319","1.87483751398952","-6.46330175469725","0.885926253870878"
"840","840","840","840","840","840","840","840","840","840","840","840","840","840",NA,NA,NA,NA,NA,NA,NA,NA,NA,NA,NA,NA,NA,NA,NA,NA,NA,NA,NA,NA,NA,NA,NA,NA,NA,NA,NA,NA,NA,NA,NA,NA,NA,NA,NA,NA,NA,NA,"CA","petrale sole","petrale_sole",NA,NA,"675","total_catch_wt_kg ~ 0 + factor(year) + pass","delta_lognormal","TRUE","iid, iid","04_8","factor(year)2006","-3.21113436851623","1.87297775042871","-6.88210330320135","0.459834566168897"
"841","841","841","841","841","841","841","841","841","841","841","841","841","841",NA,NA,NA,NA,NA,NA,NA,NA,NA,NA,NA,NA,NA,NA,NA,NA,NA,NA,NA,NA,NA,NA,NA,NA,NA,NA,NA,NA,NA,NA,NA,NA,NA,NA,NA,NA,NA,NA,"CA","petrale sole","petrale_sole",NA,NA,"675","total_catch_wt_kg ~ 0 + factor(year) + pass","delta_lognormal","TRUE","iid, iid","04_8","factor(year)2007","-3.30949927067022","1.87014174337544","-6.97490973367103","0.355911192330597"
"842","842","842","842","842","842","842","842","842","842","842","842","842","842",NA,NA,NA,NA,NA,NA,NA,NA,NA,NA,NA,NA,NA,NA,NA,NA,NA,NA,NA,NA,NA,NA,NA,NA,NA,NA,NA,NA,NA,NA,NA,NA,NA,NA,NA,NA,NA,NA,"CA","petrale sole","petrale_sole",NA,NA,"675","total_catch_wt_kg ~ 0 + factor(year) + pass","delta_lognormal","TRUE","iid, iid","04_8","factor(year)2008","-3.59444715847078","1.87622885948385","-7.27178814981379","0.0828938328722266"
"843","843","843","843","843","843","843","843","843","843","843","843","843","843",NA,NA,NA,NA,NA,NA,NA,NA,NA,NA,NA,NA,NA,NA,NA,NA,NA,NA,NA,NA,NA,NA,NA,NA,NA,NA,NA,NA,NA,NA,NA,NA,NA,NA,NA,NA,NA,NA,"CA","petrale sole","petrale_sole",NA,NA,"675","total_catch_wt_kg ~ 0 + factor(year) + pass","delta_lognormal","TRUE","iid, iid","04_8","factor(year)2009","-3.12402955178896","1.8710720508765","-6.79126338398639","0.543204280408483"
"844","844","844","844","844","844","844","844","844","844","844","844","844","844",NA,NA,NA,NA,NA,NA,NA,NA,NA,NA,NA,NA,NA,NA,NA,NA,NA,NA,NA,NA,NA,NA,NA,NA,NA,NA,NA,NA,NA,NA,NA,NA,NA,NA,NA,NA,NA,NA,"CA","petrale sole","petrale_sole",NA,NA,"675","total_catch_wt_kg ~ 0 + factor(year) + pass","delta_lognormal","TRUE","iid, iid","04_8","factor(year)2010","-2.19650867708064","1.87080513860943","-5.86321937084759","1.47020201668631"
"845","845","845","845","845","845","845","845","845","845","845","845","845","845",NA,NA,NA,NA,NA,NA,NA,NA,NA,NA,NA,NA,NA,NA,NA,NA,NA,NA,NA,NA,NA,NA,NA,NA,NA,NA,NA,NA,NA,NA,NA,NA,NA,NA,NA,NA,NA,NA,"CA","petrale sole","petrale_sole",NA,NA,"675","total_catch_wt_kg ~ 0 + factor(year) + pass","delta_lognormal","TRUE","iid, iid","04_8","factor(year)2011","-2.26828773792168","1.87356725603484","-5.94041208236349","1.40383660652014"
"846","846","846","846","846","846","846","846","846","846","846","846","846","846",NA,NA,NA,NA,NA,NA,NA,NA,NA,NA,NA,NA,NA,NA,NA,NA,NA,NA,NA,NA,NA,NA,NA,NA,NA,NA,NA,NA,NA,NA,NA,NA,NA,NA,NA,NA,NA,NA,"CA","petrale sole","petrale_sole",NA,NA,"675","total_catch_wt_kg ~ 0 + factor(year) + pass","delta_lognormal","TRUE","iid, iid","04_8","factor(year)2012","-2.67346670531497","1.87345567266068","-6.34537235036216","0.998438939732217"
"847","847","847","847","847","847","847","847","847","847","847","847","847","847",NA,NA,NA,NA,NA,NA,NA,NA,NA,NA,NA,NA,NA,NA,NA,NA,NA,NA,NA,NA,NA,NA,NA,NA,NA,NA,NA,NA,NA,NA,NA,NA,NA,NA,NA,NA,NA,NA,"CA","petrale sole","petrale_sole",NA,NA,"675","total_catch_wt_kg ~ 0 + factor(year) + pass","delta_lognormal","TRUE","iid, iid","04_8","factor(year)2013","-2.45067232649715","1.87909620909239","-6.13363321980398","1.23228856680967"
"848","848","848","848","848","848","848","848","848","848","848","848","848","848",NA,NA,NA,NA,NA,NA,NA,NA,NA,NA,NA,NA,NA,NA,NA,NA,NA,NA,NA,NA,NA,NA,NA,NA,NA,NA,NA,NA,NA,NA,NA,NA,NA,NA,NA,NA,NA,NA,"CA","petrale sole","petrale_sole",NA,NA,"675","total_catch_wt_kg ~ 0 + factor(year) + pass","delta_lognormal","TRUE","iid, iid","04_8","factor(year)2014","-1.81912823503504","1.8700339253468","-5.48432737858284","1.84607090851276"
"849","849","849","849","849","849","849","849","849","849","849","849","849","849",NA,NA,NA,NA,NA,NA,NA,NA,NA,NA,NA,NA,NA,NA,NA,NA,NA,NA,NA,NA,NA,NA,NA,NA,NA,NA,NA,NA,NA,NA,NA,NA,NA,NA,NA,NA,NA,NA,"CA","petrale sole","petrale_sole",NA,NA,"675","total_catch_wt_kg ~ 0 + factor(year) + pass","delta_lognormal","TRUE","iid, iid","04_8","factor(year)2015","-2.37630742737747","1.87203448759865","-6.04542760088772","1.29281274613278"
"850","850","850","850","850","850","850","850","850","850","850","850","850","850",NA,NA,NA,NA,NA,NA,NA,NA,NA,NA,NA,NA,NA,NA,NA,NA,NA,NA,NA,NA,NA,NA,NA,NA,NA,NA,NA,NA,NA,NA,NA,NA,NA,NA,NA,NA,NA,NA,"CA","petrale sole","petrale_sole",NA,NA,"675","total_catch_wt_kg ~ 0 + factor(year) + pass","delta_lognormal","TRUE","iid, iid","04_8","factor(year)2016","-2.51840855537308","1.87076717831167","-6.18504484832357","1.14822773757741"
"851","851","851","851","851","851","851","851","851","851","851","851","851","851",NA,NA,NA,NA,NA,NA,NA,NA,NA,NA,NA,NA,NA,NA,NA,NA,NA,NA,NA,NA,NA,NA,NA,NA,NA,NA,NA,NA,NA,NA,NA,NA,NA,NA,NA,NA,NA,NA,"CA","petrale sole","petrale_sole",NA,NA,"675","total_catch_wt_kg ~ 0 + factor(year) + pass","delta_lognormal","TRUE","iid, iid","04_8","factor(year)2017","-2.58054286487058","1.8722734300788","-6.2501313570363","1.08904562729513"
"852","852","852","852","852","852","852","852","852","852","852","852","852","852",NA,NA,NA,NA,NA,NA,NA,NA,NA,NA,NA,NA,NA,NA,NA,NA,NA,NA,NA,NA,NA,NA,NA,NA,NA,NA,NA,NA,NA,NA,NA,NA,NA,NA,NA,NA,NA,NA,"CA","petrale sole","petrale_sole",NA,NA,"675","total_catch_wt_kg ~ 0 + factor(year) + pass","delta_lognormal","TRUE","iid, iid","04_8","factor(year)2018","-3.19139940409608","1.87173097612643","-6.85992470605189","0.477125897859733"
"853","853","853","853","853","853","853","853","853","853","853","853","853","853",NA,NA,NA,NA,NA,NA,NA,NA,NA,NA,NA,NA,NA,NA,NA,NA,NA,NA,NA,NA,NA,NA,NA,NA,NA,NA,NA,NA,NA,NA,NA,NA,NA,NA,NA,NA,NA,NA,"CA","petrale sole","petrale_sole",NA,NA,"675","total_catch_wt_kg ~ 0 + factor(year) + pass","delta_lognormal","TRUE","iid, iid","04_8","factor(year)2019","-2.63056807682107","1.89488838048649","-6.34448105729803","1.08334490365589"
"854","854","854","854","854","854","854","854","854","854","854","854","854","854",NA,NA,NA,NA,NA,NA,NA,NA,NA,NA,NA,NA,NA,NA,NA,NA,NA,NA,NA,NA,NA,NA,NA,NA,NA,NA,NA,NA,NA,NA,NA,NA,NA,NA,NA,NA,NA,NA,"CA","petrale sole","petrale_sole",NA,NA,"675","total_catch_wt_kg ~ 0 + factor(year) + pass","delta_lognormal","TRUE","iid, iid","04_8","factor(year)2021","-2.94962251035554","1.86922477355774","-6.61323574553875","0.713990724827676"
"855","855","855","855","855","855","855","855","855","855","855","855","855","855",NA,NA,NA,NA,NA,NA,NA,NA,NA,NA,NA,NA,NA,NA,NA,NA,NA,NA,NA,NA,NA,NA,NA,NA,NA,NA,NA,NA,NA,NA,NA,NA,NA,NA,NA,NA,NA,NA,"CA","petrale sole","petrale_sole",NA,NA,"675","total_catch_wt_kg ~ 0 + factor(year) + pass","delta_lognormal","TRUE","iid, iid","04_8","factor(year)2022","-2.85186645617421","1.87023874379782","-6.51746703650937","0.813734124160963"
"856","856","856","856","856","856","856","856","856","856","856","856","856","856",NA,NA,NA,NA,NA,NA,NA,NA,NA,NA,NA,NA,NA,NA,NA,NA,NA,NA,NA,NA,NA,NA,NA,NA,NA,NA,NA,NA,NA,NA,NA,NA,NA,NA,NA,NA,NA,NA,"CA","petrale sole","petrale_sole",NA,NA,"675","total_catch_wt_kg ~ 0 + factor(year) + pass","delta_lognormal","TRUE","iid, iid","04_8","factor(year)2023","-3.09637789844927","1.87303490227282","-6.7674588486905","0.574703051791952"
"857","857","857","857","857","857","857","857","857","857","857","857","857","857",NA,NA,NA,NA,NA,NA,NA,NA,NA,NA,NA,NA,NA,NA,NA,NA,NA,NA,NA,NA,NA,NA,NA,NA,NA,NA,NA,NA,NA,NA,NA,NA,NA,NA,NA,NA,NA,NA,"CA","petrale sole","petrale_sole",NA,NA,"675","total_catch_wt_kg ~ 0 + factor(year) + pass","delta_lognormal","TRUE","iid, iid","04_8","factor(year)2024","-2.85430762539933","1.87419575140583","-6.52766379813273","0.819048547334076"
"858","858","858","858","858","858","858","858","858","858","858","858","858","858",NA,NA,NA,NA,NA,NA,NA,NA,NA,NA,NA,NA,NA,NA,NA,NA,NA,NA,NA,NA,NA,NA,NA,NA,NA,NA,NA,NA,NA,NA,NA,NA,NA,NA,NA,NA,NA,NA,"CA","petrale sole","petrale_sole",NA,NA,"675","total_catch_wt_kg ~ 0 + factor(year) + pass","delta_lognormal","TRUE","iid, iid","04_8","pass","0.0388209508926799","0.11535617175228","-0.187272991136205","0.264914892921564"
"859","859","859","859","859","859","859","859","859","859","859","859","859",NA,NA,NA,NA,NA,NA,NA,NA,NA,NA,NA,NA,NA,NA,NA,NA,NA,NA,NA,NA,NA,NA,NA,NA,NA,NA,NA,NA,NA,NA,NA,NA,NA,NA,NA,NA,NA,NA,NA,"CA","petrale sole","petrale_sole",NA,NA,"675","total_catch_wt_kg ~ 0 + factor(year) + pass","delta_lognormal","TRUE","iid, iid","04_9","factor(year)2003","-4.97434475020164","4.43612456088039","-13.6689891204608","3.72029962005749"
"860","860","860","860","860","860","860","860","860","860","860","860","860",NA,NA,NA,NA,NA,NA,NA,NA,NA,NA,NA,NA,NA,NA,NA,NA,NA,NA,NA,NA,NA,NA,NA,NA,NA,NA,NA,NA,NA,NA,NA,NA,NA,NA,NA,NA,NA,NA,NA,"CA","petrale sole","petrale_sole",NA,NA,"675","total_catch_wt_kg ~ 0 + factor(year) + pass","delta_lognormal","TRUE","iid, iid","04_9","factor(year)2004","-4.90589222034474","4.43830468873338","-13.6048095626774","3.79302512198794"
"861","861","861","861","861","861","861","861","861","861","861","861","861",NA,NA,NA,NA,NA,NA,NA,NA,NA,NA,NA,NA,NA,NA,NA,NA,NA,NA,NA,NA,NA,NA,NA,NA,NA,NA,NA,NA,NA,NA,NA,NA,NA,NA,NA,NA,NA,NA,NA,"CA","petrale sole","petrale_sole",NA,NA,"675","total_catch_wt_kg ~ 0 + factor(year) + pass","delta_lognormal","TRUE","iid, iid","04_9","factor(year)2005","-4.74574008540413","4.43579030440466","-13.4397293250092","3.94824915420095"
"862","862","862","862","862","862","862","862","862","862","862","862","862",NA,NA,NA,NA,NA,NA,NA,NA,NA,NA,NA,NA,NA,NA,NA,NA,NA,NA,NA,NA,NA,NA,NA,NA,NA,NA,NA,NA,NA,NA,NA,NA,NA,NA,NA,NA,NA,NA,NA,"CA","petrale sole","petrale_sole",NA,NA,"675","total_catch_wt_kg ~ 0 + factor(year) + pass","delta_lognormal","TRUE","iid, iid","04_9","factor(year)2006","-4.87900109960027","4.43595408379591","-13.5733113409136","3.81530914171308"
"863","863","863","863","863","863","863","863","863","863","863","863","863",NA,NA,NA,NA,NA,NA,NA,NA,NA,NA,NA,NA,NA,NA,NA,NA,NA,NA,NA,NA,NA,NA,NA,NA,NA,NA,NA,NA,NA,NA,NA,NA,NA,NA,NA,NA,NA,NA,NA,"CA","petrale sole","petrale_sole",NA,NA,"675","total_catch_wt_kg ~ 0 + factor(year) + pass","delta_lognormal","TRUE","iid, iid","04_9","factor(year)2007","-4.87959602146215","4.43376400141267","-13.5696137801812","3.81042173725688"
"864","864","864","864","864","864","864","864","864","864","864","864","864",NA,NA,NA,NA,NA,NA,NA,NA,NA,NA,NA,NA,NA,NA,NA,NA,NA,NA,NA,NA,NA,NA,NA,NA,NA,NA,NA,NA,NA,NA,NA,NA,NA,NA,NA,NA,NA,NA,NA,"CA","petrale sole","petrale_sole",NA,NA,"675","total_catch_wt_kg ~ 0 + factor(year) + pass","delta_lognormal","TRUE","iid, iid","04_9","factor(year)2008","-4.61141234059393","4.43510401170224","-13.3040564712194","4.08123179003157"
"865","865","865","865","865","865","865","865","865","865","865","865","865",NA,NA,NA,NA,NA,NA,NA,NA,NA,NA,NA,NA,NA,NA,NA,NA,NA,NA,NA,NA,NA,NA,NA,NA,NA,NA,NA,NA,NA,NA,NA,NA,NA,NA,NA,NA,NA,NA,NA,"CA","petrale sole","petrale_sole",NA,NA,"675","total_catch_wt_kg ~ 0 + factor(year) + pass","delta_lognormal","TRUE","iid, iid","04_9","factor(year)2009","-4.75486257633283","4.43487438787812","-13.4470566525331","3.9373314998674"
"866","866","866","866","866","866","866","866","866","866","866","866","866",NA,NA,NA,NA,NA,NA,NA,NA,NA,NA,NA,NA,NA,NA,NA,NA,NA,NA,NA,NA,NA,NA,NA,NA,NA,NA,NA,NA,NA,NA,NA,NA,NA,NA,NA,NA,NA,NA,NA,"CA","petrale sole","petrale_sole",NA,NA,"675","total_catch_wt_kg ~ 0 + factor(year) + pass","delta_lognormal","TRUE","iid, iid","04_9","factor(year)2010","-4.04587010903671","4.43352770034745","-12.7354247261784","4.64368450810498"
"867","867","867","867","867","867","867","867","867","867","867","867","867",NA,NA,NA,NA,NA,NA,NA,NA,NA,NA,NA,NA,NA,NA,NA,NA,NA,NA,NA,NA,NA,NA,NA,NA,NA,NA,NA,NA,NA,NA,NA,NA,NA,NA,NA,NA,NA,NA,NA,"CA","petrale sole","petrale_sole",NA,NA,"675","total_catch_wt_kg ~ 0 + factor(year) + pass","delta_lognormal","TRUE","iid, iid","04_9","factor(year)2011","-4.00986634293626","4.43351220329766","-12.6993905864185","4.67965790054598"
"868","868","868","868","868","868","868","868","868","868","868","868","868",NA,NA,NA,NA,NA,NA,NA,NA,NA,NA,NA,NA,NA,NA,NA,NA,NA,NA,NA,NA,NA,NA,NA,NA,NA,NA,NA,NA,NA,NA,NA,NA,NA,NA,NA,NA,NA,NA,NA,"CA","petrale sole","petrale_sole",NA,NA,"675","total_catch_wt_kg ~ 0 + factor(year) + pass","delta_lognormal","TRUE","iid, iid","04_9","factor(year)2012","-4.52645510829917","4.43458667934509","-13.2180852861366","4.16517506953828"
"869","869","869","869","869","869","869","869","869","869","869","869","869",NA,NA,NA,NA,NA,NA,NA,NA,NA,NA,NA,NA,NA,NA,NA,NA,NA,NA,NA,NA,NA,NA,NA,NA,NA,NA,NA,NA,NA,NA,NA,NA,NA,NA,NA,NA,NA,NA,NA,"CA","petrale sole","petrale_sole",NA,NA,"675","total_catch_wt_kg ~ 0 + factor(year) + pass","delta_lognormal","TRUE","iid, iid","04_9","factor(year)2013","-4.03468914762245","4.43671503029432","-12.7304908166669","4.66111252142194"
"870","870","870","870","870","870","870","870","870","870","870","870","870",NA,NA,NA,NA,NA,NA,NA,NA,NA,NA,NA,NA,NA,NA,NA,NA,NA,NA,NA,NA,NA,NA,NA,NA,NA,NA,NA,NA,NA,NA,NA,NA,NA,NA,NA,NA,NA,NA,NA,"CA","petrale sole","petrale_sole",NA,NA,"675","total_catch_wt_kg ~ 0 + factor(year) + pass","delta_lognormal","TRUE","iid, iid","04_9","factor(year)2014","-3.91211444947938","4.43417712462504","-12.6029419148158","4.77871301585707"
"871","871","871","871","871","871","871","871","871","871","871","871","871",NA,NA,NA,NA,NA,NA,NA,NA,NA,NA,NA,NA,NA,NA,NA,NA,NA,NA,NA,NA,NA,NA,NA,NA,NA,NA,NA,NA,NA,NA,NA,NA,NA,NA,NA,NA,NA,NA,NA,"CA","petrale sole","petrale_sole",NA,NA,"675","total_catch_wt_kg ~ 0 + factor(year) + pass","delta_lognormal","TRUE","iid, iid","04_9","factor(year)2015","-4.12007372437749","4.43494395623315","-12.812404152048","4.57225670329307"
"872","872","872","872","872","872","872","872","872","872","872","872","872",NA,NA,NA,NA,NA,NA,NA,NA,NA,NA,NA,NA,NA,NA,NA,NA,NA,NA,NA,NA,NA,NA,NA,NA,NA,NA,NA,NA,NA,NA,NA,NA,NA,NA,NA,NA,NA,NA,NA,"CA","petrale sole","petrale_sole",NA,NA,"675","total_catch_wt_kg ~ 0 + factor(year) + pass","delta_lognormal","TRUE","iid, iid","04_9","factor(year)2016","-4.02091884732228","4.43366833552516","-12.7107491043472","4.66891140970267"
"873","873","873","873","873","873","873","873","873","873","873","873","873",NA,NA,NA,NA,NA,NA,NA,NA,NA,NA,NA,NA,NA,NA,NA,NA,NA,NA,NA,NA,NA,NA,NA,NA,NA,NA,NA,NA,NA,NA,NA,NA,NA,NA,NA,NA,NA,NA,NA,"CA","petrale sole","petrale_sole",NA,NA,"675","total_catch_wt_kg ~ 0 + factor(year) + pass","delta_lognormal","TRUE","iid, iid","04_9","factor(year)2017","-4.46770565860913","4.43432898821801","-13.1588307711184","4.22341945390012"
"874","874","874","874","874","874","874","874","874","874","874","874","874",NA,NA,NA,NA,NA,NA,NA,NA,NA,NA,NA,NA,NA,NA,NA,NA,NA,NA,NA,NA,NA,NA,NA,NA,NA,NA,NA,NA,NA,NA,NA,NA,NA,NA,NA,NA,NA,NA,NA,"CA","petrale sole","petrale_sole",NA,NA,"675","total_catch_wt_kg ~ 0 + factor(year) + pass","delta_lognormal","TRUE","iid, iid","04_9","factor(year)2018","-4.53639448998836","4.43430055139053","-13.2274638673399","4.15467488736318"
"875","875","875","875","875","875","875","875","875","875","875","875","875",NA,NA,NA,NA,NA,NA,NA,NA,NA,NA,NA,NA,NA,NA,NA,NA,NA,NA,NA,NA,NA,NA,NA,NA,NA,NA,NA,NA,NA,NA,NA,NA,NA,NA,NA,NA,NA,NA,NA,"CA","petrale sole","petrale_sole",NA,NA,"675","total_catch_wt_kg ~ 0 + factor(year) + pass","delta_lognormal","TRUE","iid, iid","04_9","factor(year)2019","-4.25587595385622","4.43884930700727","-12.9558607283911","4.4441088206786"
"876","876","876","876","876","876","876","876","876","876","876","876","876",NA,NA,NA,NA,NA,NA,NA,NA,NA,NA,NA,NA,NA,NA,NA,NA,NA,NA,NA,NA,NA,NA,NA,NA,NA,NA,NA,NA,NA,NA,NA,NA,NA,NA,NA,NA,NA,NA,NA,"CA","petrale sole","petrale_sole",NA,NA,"675","total_catch_wt_kg ~ 0 + factor(year) + pass","delta_lognormal","TRUE","iid, iid","04_9","factor(year)2021","-4.57753100520064","4.43319009718757","-13.2664239323079","4.11136192190661"
"877","877","877","877","877","877","877","877","877","877","877","877","877",NA,NA,NA,NA,NA,NA,NA,NA,NA,NA,NA,NA,NA,NA,NA,NA,NA,NA,NA,NA,NA,NA,NA,NA,NA,NA,NA,NA,NA,NA,NA,NA,NA,NA,NA,NA,NA,NA,NA,"CA","petrale sole","petrale_sole",NA,NA,"675","total_catch_wt_kg ~ 0 + factor(year) + pass","delta_lognormal","TRUE","iid, iid","04_9","factor(year)2022","-4.4954823217138","4.43403180352379","-13.1860249629256","4.19506031949801"
"878","878","878","878","878","878","878","878","878","878","878","878","878",NA,NA,NA,NA,NA,NA,NA,NA,NA,NA,NA,NA,NA,NA,NA,NA,NA,NA,NA,NA,NA,NA,NA,NA,NA,NA,NA,NA,NA,NA,NA,NA,NA,NA,NA,NA,NA,NA,NA,"CA","petrale sole","petrale_sole",NA,NA,"675","total_catch_wt_kg ~ 0 + factor(year) + pass","delta_lognormal","TRUE","iid, iid","04_9","factor(year)2023","-4.94678104017737","4.43522974506768","-13.6396716036708","3.74610952331605"
"879","879","879","879","879","879","879","879","879","879","879","879","879",NA,NA,NA,NA,NA,NA,NA,NA,NA,NA,NA,NA,NA,NA,NA,NA,NA,NA,NA,NA,NA,NA,NA,NA,NA,NA,NA,NA,NA,NA,NA,NA,NA,NA,NA,NA,NA,NA,NA,"CA","petrale sole","petrale_sole",NA,NA,"675","total_catch_wt_kg ~ 0 + factor(year) + pass","delta_lognormal","TRUE","iid, iid","04_9","factor(year)2024","-4.49471140027705","4.43500226379802","-13.1871561086748","4.19773330812067"
"880","880","880","880","880","880","880","880","880","880","880","880","880",NA,NA,NA,NA,NA,NA,NA,NA,NA,NA,NA,NA,NA,NA,NA,NA,NA,NA,NA,NA,NA,NA,NA,NA,NA,NA,NA,NA,NA,NA,NA,NA,NA,NA,NA,NA,NA,NA,NA,"CA","petrale sole","petrale_sole",NA,NA,"675","total_catch_wt_kg ~ 0 + factor(year) + pass","delta_lognormal","TRUE","iid, iid","04_9","pass","-0.0264061309361001","0.107970763641482","-0.238024939056691","0.185212677184491"
"881","881","881","881","881","881","881","881","881","881","881","881",NA,NA,NA,NA,NA,NA,NA,NA,NA,NA,NA,NA,NA,NA,NA,NA,NA,NA,NA,NA,NA,NA,NA,NA,NA,NA,NA,NA,NA,NA,NA,NA,NA,NA,NA,NA,NA,NA,NA,NA,"CA","petrale sole","petrale_sole",NA,NA,"675","total_catch_wt_kg ~ 0 + factor(year) + pass","delta_lognormal","TRUE","iid, iid","05_1","factor(year)2003","-4.95451459676301","3.44723917554789","-11.7109792269324","1.80195003340639"
"882","882","882","882","882","882","882","882","882","882","882","882",NA,NA,NA,NA,NA,NA,NA,NA,NA,NA,NA,NA,NA,NA,NA,NA,NA,NA,NA,NA,NA,NA,NA,NA,NA,NA,NA,NA,NA,NA,NA,NA,NA,NA,NA,NA,NA,NA,NA,NA,"CA","petrale sole","petrale_sole",NA,NA,"675","total_catch_wt_kg ~ 0 + factor(year) + pass","delta_lognormal","TRUE","iid, iid","05_1","factor(year)2004","-4.64505906018166","3.45030981611043","-11.4075420352631","2.1174239148998"
"883","883","883","883","883","883","883","883","883","883","883","883",NA,NA,NA,NA,NA,NA,NA,NA,NA,NA,NA,NA,NA,NA,NA,NA,NA,NA,NA,NA,NA,NA,NA,NA,NA,NA,NA,NA,NA,NA,NA,NA,NA,NA,NA,NA,NA,NA,NA,NA,"CA","petrale sole","petrale_sole",NA,NA,"675","total_catch_wt_kg ~ 0 + factor(year) + pass","delta_lognormal","TRUE","iid, iid","05_1","factor(year)2005","-4.71881254523704","3.44699392743335","-11.4747964979347","2.03717140746061"
"884","884","884","884","884","884","884","884","884","884","884","884",NA,NA,NA,NA,NA,NA,NA,NA,NA,NA,NA,NA,NA,NA,NA,NA,NA,NA,NA,NA,NA,NA,NA,NA,NA,NA,NA,NA,NA,NA,NA,NA,NA,NA,NA,NA,NA,NA,NA,NA,"CA","petrale sole","petrale_sole",NA,NA,"675","total_catch_wt_kg ~ 0 + factor(year) + pass","delta_lognormal","TRUE","iid, iid","05_1","factor(year)2006","-4.86185986852848","3.44669938321432","-11.617266525165","1.893546788108"
"885","885","885","885","885","885","885","885","885","885","885","885",NA,NA,NA,NA,NA,NA,NA,NA,NA,NA,NA,NA,NA,NA,NA,NA,NA,NA,NA,NA,NA,NA,NA,NA,NA,NA,NA,NA,NA,NA,NA,NA,NA,NA,NA,NA,NA,NA,NA,NA,"CA","petrale sole","petrale_sole",NA,NA,"675","total_catch_wt_kg ~ 0 + factor(year) + pass","delta_lognormal","TRUE","iid, iid","05_1","factor(year)2007","-4.85953280479814","3.44713205783428","-11.6157874881068","1.89672187851049"
"886","886","886","886","886","886","886","886","886","886","886","886",NA,NA,NA,NA,NA,NA,NA,NA,NA,NA,NA,NA,NA,NA,NA,NA,NA,NA,NA,NA,NA,NA,NA,NA,NA,NA,NA,NA,NA,NA,NA,NA,NA,NA,NA,NA,NA,NA,NA,NA,"CA","petrale sole","petrale_sole",NA,NA,"675","total_catch_wt_kg ~ 0 + factor(year) + pass","delta_lognormal","TRUE","iid, iid","05_1","factor(year)2008","-4.99444026484009","3.44717287394978","-11.7507749462651","1.7618944165849"
"887","887","887","887","887","887","887","887","887","887","887","887",NA,NA,NA,NA,NA,NA,NA,NA,NA,NA,NA,NA,NA,NA,NA,NA,NA,NA,NA,NA,NA,NA,NA,NA,NA,NA,NA,NA,NA,NA,NA,NA,NA,NA,NA,NA,NA,NA,NA,NA,"CA","petrale sole","petrale_sole",NA,NA,"675","total_catch_wt_kg ~ 0 + factor(year) + pass","delta_lognormal","TRUE","iid, iid","05_1","factor(year)2009","-4.7258940150286","3.44596724659236","-11.4798657102543","2.02807768019708"
"888","888","888","888","888","888","888","888","888","888","888","888",NA,NA,NA,NA,NA,NA,NA,NA,NA,NA,NA,NA,NA,NA,NA,NA,NA,NA,NA,NA,NA,NA,NA,NA,NA,NA,NA,NA,NA,NA,NA,NA,NA,NA,NA,NA,NA,NA,NA,NA,"CA","petrale sole","petrale_sole",NA,NA,"675","total_catch_wt_kg ~ 0 + factor(year) + pass","delta_lognormal","TRUE","iid, iid","05_1","factor(year)2010","-4.02766543128964","3.44546541015375","-10.7806535451695","2.72532268259023"
"889","889","889","889","889","889","889","889","889","889","889","889",NA,NA,NA,NA,NA,NA,NA,NA,NA,NA,NA,NA,NA,NA,NA,NA,NA,NA,NA,NA,NA,NA,NA,NA,NA,NA,NA,NA,NA,NA,NA,NA,NA,NA,NA,NA,NA,NA,NA,NA,"CA","petrale sole","petrale_sole",NA,NA,"675","total_catch_wt_kg ~ 0 + factor(year) + pass","delta_lognormal","TRUE","iid, iid","05_1","factor(year)2011","-3.85602104164518","3.44705666321149","-10.6121279542085","2.90008587091816"
"890","890","890","890","890","890","890","890","890","890","890","890",NA,NA,NA,NA,NA,NA,NA,NA,NA,NA,NA,NA,NA,NA,NA,NA,NA,NA,NA,NA,NA,NA,NA,NA,NA,NA,NA,NA,NA,NA,NA,NA,NA,NA,NA,NA,NA,NA,NA,NA,"CA","petrale sole","petrale_sole",NA,NA,"675","total_catch_wt_kg ~ 0 + factor(year) + pass","delta_lognormal","TRUE","iid, iid","05_1","factor(year)2012","-4.55772890610107","3.44531504081416","-11.310422301491","2.19496448928882"
"891","891","891","891","891","891","891","891","891","891","891","891",NA,NA,NA,NA,NA,NA,NA,NA,NA,NA,NA,NA,NA,NA,NA,NA,NA,NA,NA,NA,NA,NA,NA,NA,NA,NA,NA,NA,NA,NA,NA,NA,NA,NA,NA,NA,NA,NA,NA,NA,"CA","petrale sole","petrale_sole",NA,NA,"675","total_catch_wt_kg ~ 0 + factor(year) + pass","delta_lognormal","TRUE","iid, iid","05_1","factor(year)2013","-4.15939017811776","3.44630993574425","-10.914033531739","2.59525317550351"
"892","892","892","892","892","892","892","892","892","892","892","892",NA,NA,NA,NA,NA,NA,NA,NA,NA,NA,NA,NA,NA,NA,NA,NA,NA,NA,NA,NA,NA,NA,NA,NA,NA,NA,NA,NA,NA,NA,NA,NA,NA,NA,NA,NA,NA,NA,NA,NA,"CA","petrale sole","petrale_sole",NA,NA,"675","total_catch_wt_kg ~ 0 + factor(year) + pass","delta_lognormal","TRUE","iid, iid","05_1","factor(year)2014","-3.91578211120474","3.44559503106279","-10.669024277398","2.83746005498849"
"893","893","893","893","893","893","893","893","893","893","893","893",NA,NA,NA,NA,NA,NA,NA,NA,NA,NA,NA,NA,NA,NA,NA,NA,NA,NA,NA,NA,NA,NA,NA,NA,NA,NA,NA,NA,NA,NA,NA,NA,NA,NA,NA,NA,NA,NA,NA,NA,"CA","petrale sole","petrale_sole",NA,NA,"675","total_catch_wt_kg ~ 0 + factor(year) + pass","delta_lognormal","TRUE","iid, iid","05_1","factor(year)2015","-3.73170865488767","3.44585653006159","-10.4854633497005","3.0220460399252"
"894","894","894","894","894","894","894","894","894","894","894","894",NA,NA,NA,NA,NA,NA,NA,NA,NA,NA,NA,NA,NA,NA,NA,NA,NA,NA,NA,NA,NA,NA,NA,NA,NA,NA,NA,NA,NA,NA,NA,NA,NA,NA,NA,NA,NA,NA,NA,NA,"CA","petrale sole","petrale_sole",NA,NA,"675","total_catch_wt_kg ~ 0 + factor(year) + pass","delta_lognormal","TRUE","iid, iid","05_1","factor(year)2016","-4.19244595223393","3.44391938314892","-10.9424039088652","2.55751200439736"
"895","895","895","895","895","895","895","895","895","895","895","895",NA,NA,NA,NA,NA,NA,NA,NA,NA,NA,NA,NA,NA,NA,NA,NA,NA,NA,NA,NA,NA,NA,NA,NA,NA,NA,NA,NA,NA,NA,NA,NA,NA,NA,NA,NA,NA,NA,NA,NA,"CA","petrale sole","petrale_sole",NA,NA,"675","total_catch_wt_kg ~ 0 + factor(year) + pass","delta_lognormal","TRUE","iid, iid","05_1","factor(year)2017","-4.30061827796953","3.44656442421154","-11.0557604198212","2.45452386388211"
"896","896","896","896","896","896","896","896","896","896","896","896",NA,NA,NA,NA,NA,NA,NA,NA,NA,NA,NA,NA,NA,NA,NA,NA,NA,NA,NA,NA,NA,NA,NA,NA,NA,NA,NA,NA,NA,NA,NA,NA,NA,NA,NA,NA,NA,NA,NA,NA,"CA","petrale sole","petrale_sole",NA,NA,"675","total_catch_wt_kg ~ 0 + factor(year) + pass","delta_lognormal","TRUE","iid, iid","05_1","factor(year)2018","-4.87857147772815","3.44636141888453","-11.6333157364502","1.87617278099388"
"897","897","897","897","897","897","897","897","897","897","897","897",NA,NA,NA,NA,NA,NA,NA,NA,NA,NA,NA,NA,NA,NA,NA,NA,NA,NA,NA,NA,NA,NA,NA,NA,NA,NA,NA,NA,NA,NA,NA,NA,NA,NA,NA,NA,NA,NA,NA,NA,"CA","petrale sole","petrale_sole",NA,NA,"675","total_catch_wt_kg ~ 0 + factor(year) + pass","delta_lognormal","TRUE","iid, iid","05_1","factor(year)2019","-4.52168050865143","3.45111536775352","-11.285742335941","2.24238131863818"
"898","898","898","898","898","898","898","898","898","898","898","898",NA,NA,NA,NA,NA,NA,NA,NA,NA,NA,NA,NA,NA,NA,NA,NA,NA,NA,NA,NA,NA,NA,NA,NA,NA,NA,NA,NA,NA,NA,NA,NA,NA,NA,NA,NA,NA,NA,NA,NA,"CA","petrale sole","petrale_sole",NA,NA,"675","total_catch_wt_kg ~ 0 + factor(year) + pass","delta_lognormal","TRUE","iid, iid","05_1","factor(year)2021","-4.57689076078026","3.44492727980384","-11.3288241585553","2.1750426369948"
"899","899","899","899","899","899","899","899","899","899","899","899",NA,NA,NA,NA,NA,NA,NA,NA,NA,NA,NA,NA,NA,NA,NA,NA,NA,NA,NA,NA,NA,NA,NA,NA,NA,NA,NA,NA,NA,NA,NA,NA,NA,NA,NA,NA,NA,NA,NA,NA,"CA","petrale sole","petrale_sole",NA,NA,"675","total_catch_wt_kg ~ 0 + factor(year) + pass","delta_lognormal","TRUE","iid, iid","05_1","factor(year)2022","-4.34047652823971","3.44557625641623","-11.0936818968019","2.41272884032244"
"900","900","900","900","900","900","900","900","900","900","900","900",NA,NA,NA,NA,NA,NA,NA,NA,NA,NA,NA,NA,NA,NA,NA,NA,NA,NA,NA,NA,NA,NA,NA,NA,NA,NA,NA,NA,NA,NA,NA,NA,NA,NA,NA,NA,NA,NA,NA,NA,"CA","petrale sole","petrale_sole",NA,NA,"675","total_catch_wt_kg ~ 0 + factor(year) + pass","delta_lognormal","TRUE","iid, iid","05_1","factor(year)2023","-4.75492462018804","3.44729770274682","-11.5115039615595","2.00165472118339"
"901","901","901","901","901","901","901","901","901","901","901","901",NA,NA,NA,NA,NA,NA,NA,NA,NA,NA,NA,NA,NA,NA,NA,NA,NA,NA,NA,NA,NA,NA,NA,NA,NA,NA,NA,NA,NA,NA,NA,NA,NA,NA,NA,NA,NA,NA,NA,NA,"CA","petrale sole","petrale_sole",NA,NA,"675","total_catch_wt_kg ~ 0 + factor(year) + pass","delta_lognormal","TRUE","iid, iid","05_1","factor(year)2024","-4.22387651290888","3.44589595766593","-10.9777084844063","2.5299554585885"
"902","902","902","902","902","902","902","902","902","902","902","902",NA,NA,NA,NA,NA,NA,NA,NA,NA,NA,NA,NA,NA,NA,NA,NA,NA,NA,NA,NA,NA,NA,NA,NA,NA,NA,NA,NA,NA,NA,NA,NA,NA,NA,NA,NA,NA,NA,NA,NA,"CA","petrale sole","petrale_sole",NA,NA,"675","total_catch_wt_kg ~ 0 + factor(year) + pass","delta_lognormal","TRUE","iid, iid","05_1","pass","-0.0059655224693874","0.0992626859015613","-0.200516811845159","0.188585766906385"
"903","903","903","903","903","903","903","903","903","903","903",NA,NA,NA,NA,NA,NA,NA,NA,NA,NA,NA,NA,NA,NA,NA,NA,NA,NA,NA,NA,NA,NA,NA,NA,NA,NA,NA,NA,NA,NA,NA,NA,NA,NA,NA,NA,NA,NA,NA,NA,NA,"CA","petrale sole","petrale_sole",NA,NA,"675","total_catch_wt_kg ~ 0 + factor(year) + pass","delta_lognormal","TRUE","iid, iid","05_10","factor(year)2003","-5.45363021614852","3.59330828659388","-12.4963850432219","1.58912461092482"
"904","904","904","904","904","904","904","904","904","904","904",NA,NA,NA,NA,NA,NA,NA,NA,NA,NA,NA,NA,NA,NA,NA,NA,NA,NA,NA,NA,NA,NA,NA,NA,NA,NA,NA,NA,NA,NA,NA,NA,NA,NA,NA,NA,NA,NA,NA,NA,NA,"CA","petrale sole","petrale_sole",NA,NA,"675","total_catch_wt_kg ~ 0 + factor(year) + pass","delta_lognormal","TRUE","iid, iid","05_10","factor(year)2004","-5.58595668827262","3.5946815561711","-12.6314030742584","1.45948969771313"
"905","905","905","905","905","905","905","905","905","905","905",NA,NA,NA,NA,NA,NA,NA,NA,NA,NA,NA,NA,NA,NA,NA,NA,NA,NA,NA,NA,NA,NA,NA,NA,NA,NA,NA,NA,NA,NA,NA,NA,NA,NA,NA,NA,NA,NA,NA,NA,NA,"CA","petrale sole","petrale_sole",NA,NA,"675","total_catch_wt_kg ~ 0 + factor(year) + pass","delta_lognormal","TRUE","iid, iid","05_10","factor(year)2005","-5.25049675205249","3.59147500052568","-12.2896584044588","1.78866490035381"
"906","906","906","906","906","906","906","906","906","906","906",NA,NA,NA,NA,NA,NA,NA,NA,NA,NA,NA,NA,NA,NA,NA,NA,NA,NA,NA,NA,NA,NA,NA,NA,NA,NA,NA,NA,NA,NA,NA,NA,NA,NA,NA,NA,NA,NA,NA,NA,NA,"CA","petrale sole","petrale_sole",NA,NA,"675","total_catch_wt_kg ~ 0 + factor(year) + pass","delta_lognormal","TRUE","iid, iid","05_10","factor(year)2006","-5.7685809001112","3.59193949364657","-12.8086529423055","1.27149114208312"
"907","907","907","907","907","907","907","907","907","907","907",NA,NA,NA,NA,NA,NA,NA,NA,NA,NA,NA,NA,NA,NA,NA,NA,NA,NA,NA,NA,NA,NA,NA,NA,NA,NA,NA,NA,NA,NA,NA,NA,NA,NA,NA,NA,NA,NA,NA,NA,NA,"CA","petrale sole","petrale_sole",NA,NA,"675","total_catch_wt_kg ~ 0 + factor(year) + pass","delta_lognormal","TRUE","iid, iid","05_10","factor(year)2007","-5.92212738220716","3.59036299595526","-12.9591095457048","1.11485478129047"
"908","908","908","908","908","908","908","908","908","908","908",NA,NA,NA,NA,NA,NA,NA,NA,NA,NA,NA,NA,NA,NA,NA,NA,NA,NA,NA,NA,NA,NA,NA,NA,NA,NA,NA,NA,NA,NA,NA,NA,NA,NA,NA,NA,NA,NA,NA,NA,NA,"CA","petrale sole","petrale_sole",NA,NA,"675","total_catch_wt_kg ~ 0 + factor(year) + pass","delta_lognormal","TRUE","iid, iid","05_10","factor(year)2008","-6.01098060596837","3.5919532283856","-13.0510795677565","1.02911835581977"
"909","909","909","909","909","909","909","909","909","909","909",NA,NA,NA,NA,NA,NA,NA,NA,NA,NA,NA,NA,NA,NA,NA,NA,NA,NA,NA,NA,NA,NA,NA,NA,NA,NA,NA,NA,NA,NA,NA,NA,NA,NA,NA,NA,NA,NA,NA,NA,NA,"CA","petrale sole","petrale_sole",NA,NA,"675","total_catch_wt_kg ~ 0 + factor(year) + pass","delta_lognormal","TRUE","iid, iid","05_10","factor(year)2009","-5.3723262558715","3.59018280980153","-12.4089552609973","1.66430274925432"
"910","910","910","910","910","910","910","910","910","910","910",NA,NA,NA,NA,NA,NA,NA,NA,NA,NA,NA,NA,NA,NA,NA,NA,NA,NA,NA,NA,NA,NA,NA,NA,NA,NA,NA,NA,NA,NA,NA,NA,NA,NA,NA,NA,NA,NA,NA,NA,NA,"CA","petrale sole","petrale_sole",NA,NA,"675","total_catch_wt_kg ~ 0 + factor(year) + pass","delta_lognormal","TRUE","iid, iid","05_10","factor(year)2010","-4.79929830644087","3.58880939544479","-11.8332354688916","2.23463885600988"
"911","911","911","911","911","911","911","911","911","911","911",NA,NA,NA,NA,NA,NA,NA,NA,NA,NA,NA,NA,NA,NA,NA,NA,NA,NA,NA,NA,NA,NA,NA,NA,NA,NA,NA,NA,NA,NA,NA,NA,NA,NA,NA,NA,NA,NA,NA,NA,NA,"CA","petrale sole","petrale_sole",NA,NA,"675","total_catch_wt_kg ~ 0 + factor(year) + pass","delta_lognormal","TRUE","iid, iid","05_10","factor(year)2011","-4.51378922045952","3.58866211978909","-11.5474377279293","2.51985928701027"
"912","912","912","912","912","912","912","912","912","912","912",NA,NA,NA,NA,NA,NA,NA,NA,NA,NA,NA,NA,NA,NA,NA,NA,NA,NA,NA,NA,NA,NA,NA,NA,NA,NA,NA,NA,NA,NA,NA,NA,NA,NA,NA,NA,NA,NA,NA,NA,NA,"CA","petrale sole","petrale_sole",NA,NA,"675","total_catch_wt_kg ~ 0 + factor(year) + pass","delta_lognormal","TRUE","iid, iid","05_10","factor(year)2012","-5.02362928636873","3.59172351848532","-12.0632780250254","2.01601945228798"
"913","913","913","913","913","913","913","913","913","913","913",NA,NA,NA,NA,NA,NA,NA,NA,NA,NA,NA,NA,NA,NA,NA,NA,NA,NA,NA,NA,NA,NA,NA,NA,NA,NA,NA,NA,NA,NA,NA,NA,NA,NA,NA,NA,NA,NA,NA,NA,NA,"CA","petrale sole","petrale_sole",NA,NA,"675","total_catch_wt_kg ~ 0 + factor(year) + pass","delta_lognormal","TRUE","iid, iid","05_10","factor(year)2013","-4.90291319509798","3.59101550948445","-11.9411742616123","2.13534787141629"
"914","914","914","914","914","914","914","914","914","914","914",NA,NA,NA,NA,NA,NA,NA,NA,NA,NA,NA,NA,NA,NA,NA,NA,NA,NA,NA,NA,NA,NA,NA,NA,NA,NA,NA,NA,NA,NA,NA,NA,NA,NA,NA,NA,NA,NA,NA,NA,NA,"CA","petrale sole","petrale_sole",NA,NA,"675","total_catch_wt_kg ~ 0 + factor(year) + pass","delta_lognormal","TRUE","iid, iid","05_10","factor(year)2014","-4.55059316736731","3.59018837283239","-11.5872330758332","2.48604674109863"
"915","915","915","915","915","915","915","915","915","915","915",NA,NA,NA,NA,NA,NA,NA,NA,NA,NA,NA,NA,NA,NA,NA,NA,NA,NA,NA,NA,NA,NA,NA,NA,NA,NA,NA,NA,NA,NA,NA,NA,NA,NA,NA,NA,NA,NA,NA,NA,NA,"CA","petrale sole","petrale_sole",NA,NA,"675","total_catch_wt_kg ~ 0 + factor(year) + pass","delta_lognormal","TRUE","iid, iid","05_10","factor(year)2015","-4.6173658165876","3.58974467981255","-11.6531361027145","2.41840446953927"
"916","916","916","916","916","916","916","916","916","916","916",NA,NA,NA,NA,NA,NA,NA,NA,NA,NA,NA,NA,NA,NA,NA,NA,NA,NA,NA,NA,NA,NA,NA,NA,NA,NA,NA,NA,NA,NA,NA,NA,NA,NA,NA,NA,NA,NA,NA,NA,NA,"CA","petrale sole","petrale_sole",NA,NA,"675","total_catch_wt_kg ~ 0 + factor(year) + pass","delta_lognormal","TRUE","iid, iid","05_10","factor(year)2016","-4.77100229703455","3.59040335232992","-11.8080635575731","2.26605896350396"
"917","917","917","917","917","917","917","917","917","917","917",NA,NA,NA,NA,NA,NA,NA,NA,NA,NA,NA,NA,NA,NA,NA,NA,NA,NA,NA,NA,NA,NA,NA,NA,NA,NA,NA,NA,NA,NA,NA,NA,NA,NA,NA,NA,NA,NA,NA,NA,NA,"CA","petrale sole","petrale_sole",NA,NA,"675","total_catch_wt_kg ~ 0 + factor(year) + pass","delta_lognormal","TRUE","iid, iid","05_10","factor(year)2017","-4.662905121163","3.59031208630137","-11.6997875035726","2.37397726124654"
"918","918","918","918","918","918","918","918","918","918","918",NA,NA,NA,NA,NA,NA,NA,NA,NA,NA,NA,NA,NA,NA,NA,NA,NA,NA,NA,NA,NA,NA,NA,NA,NA,NA,NA,NA,NA,NA,NA,NA,NA,NA,NA,NA,NA,NA,NA,NA,NA,"CA","petrale sole","petrale_sole",NA,NA,"675","total_catch_wt_kg ~ 0 + factor(year) + pass","delta_lognormal","TRUE","iid, iid","05_10","factor(year)2018","-5.23179117247547","3.58989747163748","-12.2678609250763","1.8042785801254"
"919","919","919","919","919","919","919","919","919","919","919",NA,NA,NA,NA,NA,NA,NA,NA,NA,NA,NA,NA,NA,NA,NA,NA,NA,NA,NA,NA,NA,NA,NA,NA,NA,NA,NA,NA,NA,NA,NA,NA,NA,NA,NA,NA,NA,NA,NA,NA,NA,"CA","petrale sole","petrale_sole",NA,NA,"675","total_catch_wt_kg ~ 0 + factor(year) + pass","delta_lognormal","TRUE","iid, iid","05_10","factor(year)2019","-4.76000990990616","3.59645442404423","-11.8089310530726","2.28891123326028"
"920","920","920","920","920","920","920","920","920","920","920",NA,NA,NA,NA,NA,NA,NA,NA,NA,NA,NA,NA,NA,NA,NA,NA,NA,NA,NA,NA,NA,NA,NA,NA,NA,NA,NA,NA,NA,NA,NA,NA,NA,NA,NA,NA,NA,NA,NA,NA,NA,"CA","petrale sole","petrale_sole",NA,NA,"675","total_catch_wt_kg ~ 0 + factor(year) + pass","delta_lognormal","TRUE","iid, iid","05_10","factor(year)2021","-5.01746468866744","3.58915738264249","-12.0520838934928","2.01715451615789"
"921","921","921","921","921","921","921","921","921","921","921",NA,NA,NA,NA,NA,NA,NA,NA,NA,NA,NA,NA,NA,NA,NA,NA,NA,NA,NA,NA,NA,NA,NA,NA,NA,NA,NA,NA,NA,NA,NA,NA,NA,NA,NA,NA,NA,NA,NA,NA,NA,"CA","petrale sole","petrale_sole",NA,NA,"675","total_catch_wt_kg ~ 0 + factor(year) + pass","delta_lognormal","TRUE","iid, iid","05_10","factor(year)2022","-5.14965577688017","3.59038582834685","-12.186682691043","1.88737113728266"
"922","922","922","922","922","922","922","922","922","922","922",NA,NA,NA,NA,NA,NA,NA,NA,NA,NA,NA,NA,NA,NA,NA,NA,NA,NA,NA,NA,NA,NA,NA,NA,NA,NA,NA,NA,NA,NA,NA,NA,NA,NA,NA,NA,NA,NA,NA,NA,NA,"CA","petrale sole","petrale_sole",NA,NA,"675","total_catch_wt_kg ~ 0 + factor(year) + pass","delta_lognormal","TRUE","iid, iid","05_10","factor(year)2023","-5.32630872928657","3.59085474854423","-12.3642547101479","1.71163725157474"
"923","923","923","923","923","923","923","923","923","923","923",NA,NA,NA,NA,NA,NA,NA,NA,NA,NA,NA,NA,NA,NA,NA,NA,NA,NA,NA,NA,NA,NA,NA,NA,NA,NA,NA,NA,NA,NA,NA,NA,NA,NA,NA,NA,NA,NA,NA,NA,NA,"CA","petrale sole","petrale_sole",NA,NA,"675","total_catch_wt_kg ~ 0 + factor(year) + pass","delta_lognormal","TRUE","iid, iid","05_10","factor(year)2024","-5.37511574947868","3.59099877446143","-12.4133440159505","1.66311251699318"
"924","924","924","924","924","924","924","924","924","924","924",NA,NA,NA,NA,NA,NA,NA,NA,NA,NA,NA,NA,NA,NA,NA,NA,NA,NA,NA,NA,NA,NA,NA,NA,NA,NA,NA,NA,NA,NA,NA,NA,NA,NA,NA,NA,NA,NA,NA,NA,NA,"CA","petrale sole","petrale_sole",NA,NA,"675","total_catch_wt_kg ~ 0 + factor(year) + pass","delta_lognormal","TRUE","iid, iid","05_10","pass","-0.087326951757394","0.0950684399312506","-0.273657670089055","0.0990037665742667"
"925","925","925","925","925","925","925","925","925","925",NA,NA,NA,NA,NA,NA,NA,NA,NA,NA,NA,NA,NA,NA,NA,NA,NA,NA,NA,NA,NA,NA,NA,NA,NA,NA,NA,NA,NA,NA,NA,NA,NA,NA,NA,NA,NA,NA,NA,NA,NA,NA,"CA","petrale sole","petrale_sole",NA,NA,"675","total_catch_wt_kg ~ 0 + factor(year) + pass","delta_lognormal","TRUE","iid, iid","05_2","factor(year)2003","-4.6893695566637","2.72667766743598","-10.0335595822879","0.654820468960505"
"926","926","926","926","926","926","926","926","926","926",NA,NA,NA,NA,NA,NA,NA,NA,NA,NA,NA,NA,NA,NA,NA,NA,NA,NA,NA,NA,NA,NA,NA,NA,NA,NA,NA,NA,NA,NA,NA,NA,NA,NA,NA,NA,NA,NA,NA,NA,NA,NA,"CA","petrale sole","petrale_sole",NA,NA,"675","total_catch_wt_kg ~ 0 + factor(year) + pass","delta_lognormal","TRUE","iid, iid","05_2","factor(year)2004","-4.29586364240813","2.72891454421937","-9.64443786596562","1.05271058114936"
"927","927","927","927","927","927","927","927","927","927",NA,NA,NA,NA,NA,NA,NA,NA,NA,NA,NA,NA,NA,NA,NA,NA,NA,NA,NA,NA,NA,NA,NA,NA,NA,NA,NA,NA,NA,NA,NA,NA,NA,NA,NA,NA,NA,NA,NA,NA,NA,NA,"CA","petrale sole","petrale_sole",NA,NA,"675","total_catch_wt_kg ~ 0 + factor(year) + pass","delta_lognormal","TRUE","iid, iid","05_2","factor(year)2005","-4.63357459079942","2.72786258761309","-9.98008701729532","0.712937835696481"
"928","928","928","928","928","928","928","928","928","928",NA,NA,NA,NA,NA,NA,NA,NA,NA,NA,NA,NA,NA,NA,NA,NA,NA,NA,NA,NA,NA,NA,NA,NA,NA,NA,NA,NA,NA,NA,NA,NA,NA,NA,NA,NA,NA,NA,NA,NA,NA,NA,"CA","petrale sole","petrale_sole",NA,NA,"675","total_catch_wt_kg ~ 0 + factor(year) + pass","delta_lognormal","TRUE","iid, iid","05_2","factor(year)2006","-4.7284106784486","2.72746039430057","-10.0741348205371","0.617313463639933"
"929","929","929","929","929","929","929","929","929","929",NA,NA,NA,NA,NA,NA,NA,NA,NA,NA,NA,NA,NA,NA,NA,NA,NA,NA,NA,NA,NA,NA,NA,NA,NA,NA,NA,NA,NA,NA,NA,NA,NA,NA,NA,NA,NA,NA,NA,NA,NA,NA,"CA","petrale sole","petrale_sole",NA,NA,"675","total_catch_wt_kg ~ 0 + factor(year) + pass","delta_lognormal","TRUE","iid, iid","05_2","factor(year)2007","-4.65487254470119","2.72665929111027","-9.99902655338883","0.689281463986458"
"930","930","930","930","930","930","930","930","930","930",NA,NA,NA,NA,NA,NA,NA,NA,NA,NA,NA,NA,NA,NA,NA,NA,NA,NA,NA,NA,NA,NA,NA,NA,NA,NA,NA,NA,NA,NA,NA,NA,NA,NA,NA,NA,NA,NA,NA,NA,NA,NA,"CA","petrale sole","petrale_sole",NA,NA,"675","total_catch_wt_kg ~ 0 + factor(year) + pass","delta_lognormal","TRUE","iid, iid","05_2","factor(year)2008","-4.83528989859138","2.728498074547","-10.1830478565904","0.51246805940763"
"931","931","931","931","931","931","931","931","931","931",NA,NA,NA,NA,NA,NA,NA,NA,NA,NA,NA,NA,NA,NA,NA,NA,NA,NA,NA,NA,NA,NA,NA,NA,NA,NA,NA,NA,NA,NA,NA,NA,NA,NA,NA,NA,NA,NA,NA,NA,NA,NA,"CA","petrale sole","petrale_sole",NA,NA,"675","total_catch_wt_kg ~ 0 + factor(year) + pass","delta_lognormal","TRUE","iid, iid","05_2","factor(year)2009","-4.2271431237146","2.72632532177782","-9.5706425645387","1.11635631710951"
"932","932","932","932","932","932","932","932","932","932",NA,NA,NA,NA,NA,NA,NA,NA,NA,NA,NA,NA,NA,NA,NA,NA,NA,NA,NA,NA,NA,NA,NA,NA,NA,NA,NA,NA,NA,NA,NA,NA,NA,NA,NA,NA,NA,NA,NA,NA,NA,NA,"CA","petrale sole","petrale_sole",NA,NA,"675","total_catch_wt_kg ~ 0 + factor(year) + pass","delta_lognormal","TRUE","iid, iid","05_2","factor(year)2010","-3.74364576095419","2.72462807268126","-9.08381865467624","1.59652713276786"
"933","933","933","933","933","933","933","933","933","933",NA,NA,NA,NA,NA,NA,NA,NA,NA,NA,NA,NA,NA,NA,NA,NA,NA,NA,NA,NA,NA,NA,NA,NA,NA,NA,NA,NA,NA,NA,NA,NA,NA,NA,NA,NA,NA,NA,NA,NA,NA,NA,"CA","petrale sole","petrale_sole",NA,NA,"675","total_catch_wt_kg ~ 0 + factor(year) + pass","delta_lognormal","TRUE","iid, iid","05_2","factor(year)2011","-3.58725142348664","2.72435554932724","-8.92689018124987","1.7523873342766"
"934","934","934","934","934","934","934","934","934","934",NA,NA,NA,NA,NA,NA,NA,NA,NA,NA,NA,NA,NA,NA,NA,NA,NA,NA,NA,NA,NA,NA,NA,NA,NA,NA,NA,NA,NA,NA,NA,NA,NA,NA,NA,NA,NA,NA,NA,NA,NA,NA,"CA","petrale sole","petrale_sole",NA,NA,"675","total_catch_wt_kg ~ 0 + factor(year) + pass","delta_lognormal","TRUE","iid, iid","05_2","factor(year)2012","-3.96668162820577","2.72619356337961","-9.30992282731471","1.37655957090318"
"935","935","935","935","935","935","935","935","935","935",NA,NA,NA,NA,NA,NA,NA,NA,NA,NA,NA,NA,NA,NA,NA,NA,NA,NA,NA,NA,NA,NA,NA,NA,NA,NA,NA,NA,NA,NA,NA,NA,NA,NA,NA,NA,NA,NA,NA,NA,NA,NA,"CA","petrale sole","petrale_sole",NA,NA,"675","total_catch_wt_kg ~ 0 + factor(year) + pass","delta_lognormal","TRUE","iid, iid","05_2","factor(year)2013","-3.46546919689968","2.72344596258851","-8.80332519741418","1.87238680361482"
"936","936","936","936","936","936","936","936","936","936",NA,NA,NA,NA,NA,NA,NA,NA,NA,NA,NA,NA,NA,NA,NA,NA,NA,NA,NA,NA,NA,NA,NA,NA,NA,NA,NA,NA,NA,NA,NA,NA,NA,NA,NA,NA,NA,NA,NA,NA,NA,NA,"CA","petrale sole","petrale_sole",NA,NA,"675","total_catch_wt_kg ~ 0 + factor(year) + pass","delta_lognormal","TRUE","iid, iid","05_2","factor(year)2014","-3.77049184606668","2.72571115244251","-9.11278753711317","1.57180384497981"
"937","937","937","937","937","937","937","937","937","937",NA,NA,NA,NA,NA,NA,NA,NA,NA,NA,NA,NA,NA,NA,NA,NA,NA,NA,NA,NA,NA,NA,NA,NA,NA,NA,NA,NA,NA,NA,NA,NA,NA,NA,NA,NA,NA,NA,NA,NA,NA,NA,"CA","petrale sole","petrale_sole",NA,NA,"675","total_catch_wt_kg ~ 0 + factor(year) + pass","delta_lognormal","TRUE","iid, iid","05_2","factor(year)2015","-3.63142124746987","2.72503464852755","-8.97239101520763","1.70954852026788"
"938","938","938","938","938","938","938","938","938","938",NA,NA,NA,NA,NA,NA,NA,NA,NA,NA,NA,NA,NA,NA,NA,NA,NA,NA,NA,NA,NA,NA,NA,NA,NA,NA,NA,NA,NA,NA,NA,NA,NA,NA,NA,NA,NA,NA,NA,NA,NA,NA,"CA","petrale sole","petrale_sole",NA,NA,"675","total_catch_wt_kg ~ 0 + factor(year) + pass","delta_lognormal","TRUE","iid, iid","05_2","factor(year)2016","-3.8629277679126","2.72576178370546","-9.20532269441096","1.47946715858576"
"939","939","939","939","939","939","939","939","939","939",NA,NA,NA,NA,NA,NA,NA,NA,NA,NA,NA,NA,NA,NA,NA,NA,NA,NA,NA,NA,NA,NA,NA,NA,NA,NA,NA,NA,NA,NA,NA,NA,NA,NA,NA,NA,NA,NA,NA,NA,NA,NA,"CA","petrale sole","petrale_sole",NA,NA,"675","total_catch_wt_kg ~ 0 + factor(year) + pass","delta_lognormal","TRUE","iid, iid","05_2","factor(year)2017","-3.8299658055997","2.72465112695363","-9.17018388486529","1.51025227366589"
"940","940","940","940","940","940","940","940","940","940",NA,NA,NA,NA,NA,NA,NA,NA,NA,NA,NA,NA,NA,NA,NA,NA,NA,NA,NA,NA,NA,NA,NA,NA,NA,NA,NA,NA,NA,NA,NA,NA,NA,NA,NA,NA,NA,NA,NA,NA,NA,NA,"CA","petrale sole","petrale_sole",NA,NA,"675","total_catch_wt_kg ~ 0 + factor(year) + pass","delta_lognormal","TRUE","iid, iid","05_2","factor(year)2018","-4.04343089296738","2.72341188252295","-9.38122009778078","1.29435831184602"
"941","941","941","941","941","941","941","941","941","941",NA,NA,NA,NA,NA,NA,NA,NA,NA,NA,NA,NA,NA,NA,NA,NA,NA,NA,NA,NA,NA,NA,NA,NA,NA,NA,NA,NA,NA,NA,NA,NA,NA,NA,NA,NA,NA,NA,NA,NA,NA,NA,"CA","petrale sole","petrale_sole",NA,NA,"675","total_catch_wt_kg ~ 0 + factor(year) + pass","delta_lognormal","TRUE","iid, iid","05_2","factor(year)2019","-4.26707266040961","2.73390393279552","-9.62542590588124","1.09128058506202"
"942","942","942","942","942","942","942","942","942","942",NA,NA,NA,NA,NA,NA,NA,NA,NA,NA,NA,NA,NA,NA,NA,NA,NA,NA,NA,NA,NA,NA,NA,NA,NA,NA,NA,NA,NA,NA,NA,NA,NA,NA,NA,NA,NA,NA,NA,NA,NA,NA,"CA","petrale sole","petrale_sole",NA,NA,"675","total_catch_wt_kg ~ 0 + factor(year) + pass","delta_lognormal","TRUE","iid, iid","05_2","factor(year)2021","-4.42470059723742","2.72531995285527","-9.76622955118215","0.916828356707316"
"943","943","943","943","943","943","943","943","943","943",NA,NA,NA,NA,NA,NA,NA,NA,NA,NA,NA,NA,NA,NA,NA,NA,NA,NA,NA,NA,NA,NA,NA,NA,NA,NA,NA,NA,NA,NA,NA,NA,NA,NA,NA,NA,NA,NA,NA,NA,NA,NA,"CA","petrale sole","petrale_sole",NA,NA,"675","total_catch_wt_kg ~ 0 + factor(year) + pass","delta_lognormal","TRUE","iid, iid","05_2","factor(year)2022","-4.17652437935723","2.72561760633671","-9.51863672340544","1.16558796469098"
"944","944","944","944","944","944","944","944","944","944",NA,NA,NA,NA,NA,NA,NA,NA,NA,NA,NA,NA,NA,NA,NA,NA,NA,NA,NA,NA,NA,NA,NA,NA,NA,NA,NA,NA,NA,NA,NA,NA,NA,NA,NA,NA,NA,NA,NA,NA,NA,NA,"CA","petrale sole","petrale_sole",NA,NA,"675","total_catch_wt_kg ~ 0 + factor(year) + pass","delta_lognormal","TRUE","iid, iid","05_2","factor(year)2023","-4.3482042977614","2.72539077446951","-9.68987205951937","0.993463463996566"
"945","945","945","945","945","945","945","945","945","945",NA,NA,NA,NA,NA,NA,NA,NA,NA,NA,NA,NA,NA,NA,NA,NA,NA,NA,NA,NA,NA,NA,NA,NA,NA,NA,NA,NA,NA,NA,NA,NA,NA,NA,NA,NA,NA,NA,NA,NA,NA,NA,"CA","petrale sole","petrale_sole",NA,NA,"675","total_catch_wt_kg ~ 0 + factor(year) + pass","delta_lognormal","TRUE","iid, iid","05_2","factor(year)2024","-4.20063710484102","2.72549586778718","-9.54251084571664","1.14123663603459"
"946","946","946","946","946","946","946","946","946","946",NA,NA,NA,NA,NA,NA,NA,NA,NA,NA,NA,NA,NA,NA,NA,NA,NA,NA,NA,NA,NA,NA,NA,NA,NA,NA,NA,NA,NA,NA,NA,NA,NA,NA,NA,NA,NA,NA,NA,NA,NA,NA,"CA","petrale sole","petrale_sole",NA,NA,"675","total_catch_wt_kg ~ 0 + factor(year) + pass","delta_lognormal","TRUE","iid, iid","05_2","pass","0.148906242407856","0.0981578753411401","-0.0434796580597512","0.341292142875463"
"947","947","947","947","947","947","947","947","947",NA,NA,NA,NA,NA,NA,NA,NA,NA,NA,NA,NA,NA,NA,NA,NA,NA,NA,NA,NA,NA,NA,NA,NA,NA,NA,NA,NA,NA,NA,NA,NA,NA,NA,NA,NA,NA,NA,NA,NA,NA,NA,NA,"CA","petrale sole","petrale_sole",NA,NA,"675","total_catch_wt_kg ~ 0 + factor(year) + pass","delta_lognormal","TRUE","iid, iid","05_3","factor(year)2003","-4.30297483674614","2.32701468194265","-8.86383980484966","0.257890131357381"
"948","948","948","948","948","948","948","948","948",NA,NA,NA,NA,NA,NA,NA,NA,NA,NA,NA,NA,NA,NA,NA,NA,NA,NA,NA,NA,NA,NA,NA,NA,NA,NA,NA,NA,NA,NA,NA,NA,NA,NA,NA,NA,NA,NA,NA,NA,NA,NA,NA,"CA","petrale sole","petrale_sole",NA,NA,"675","total_catch_wt_kg ~ 0 + factor(year) + pass","delta_lognormal","TRUE","iid, iid","05_3","factor(year)2004","-3.89063902823314","2.33308637296916","-8.46340429207388","0.682126235607597"
"949","949","949","949","949","949","949","949","949",NA,NA,NA,NA,NA,NA,NA,NA,NA,NA,NA,NA,NA,NA,NA,NA,NA,NA,NA,NA,NA,NA,NA,NA,NA,NA,NA,NA,NA,NA,NA,NA,NA,NA,NA,NA,NA,NA,NA,NA,NA,NA,NA,"CA","petrale sole","petrale_sole",NA,NA,"675","total_catch_wt_kg ~ 0 + factor(year) + pass","delta_lognormal","TRUE","iid, iid","05_3","factor(year)2005","-3.83702677275122","2.32686174541873","-8.39759199077595","0.723538445273504"
"950","950","950","950","950","950","950","950","950",NA,NA,NA,NA,NA,NA,NA,NA,NA,NA,NA,NA,NA,NA,NA,NA,NA,NA,NA,NA,NA,NA,NA,NA,NA,NA,NA,NA,NA,NA,NA,NA,NA,NA,NA,NA,NA,NA,NA,NA,NA,NA,NA,"CA","petrale sole","petrale_sole",NA,NA,"675","total_catch_wt_kg ~ 0 + factor(year) + pass","delta_lognormal","TRUE","iid, iid","05_3","factor(year)2006","-4.30372043024634","2.32745531064058","-8.86544901472835","0.258008154235669"
"951","951","951","951","951","951","951","951","951",NA,NA,NA,NA,NA,NA,NA,NA,NA,NA,NA,NA,NA,NA,NA,NA,NA,NA,NA,NA,NA,NA,NA,NA,NA,NA,NA,NA,NA,NA,NA,NA,NA,NA,NA,NA,NA,NA,NA,NA,NA,NA,NA,"CA","petrale sole","petrale_sole",NA,NA,"675","total_catch_wt_kg ~ 0 + factor(year) + pass","delta_lognormal","TRUE","iid, iid","05_3","factor(year)2007","-4.31111972838497","2.32341885971891","-8.86493701443514","0.242697557665207"
"952","952","952","952","952","952","952","952","952",NA,NA,NA,NA,NA,NA,NA,NA,NA,NA,NA,NA,NA,NA,NA,NA,NA,NA,NA,NA,NA,NA,NA,NA,NA,NA,NA,NA,NA,NA,NA,NA,NA,NA,NA,NA,NA,NA,NA,NA,NA,NA,NA,"CA","petrale sole","petrale_sole",NA,NA,"675","total_catch_wt_kg ~ 0 + factor(year) + pass","delta_lognormal","TRUE","iid, iid","05_3","factor(year)2008","-4.11933446351085","2.32614357824598","-8.6784920997421","0.439823172720393"
"953","953","953","953","953","953","953","953","953",NA,NA,NA,NA,NA,NA,NA,NA,NA,NA,NA,NA,NA,NA,NA,NA,NA,NA,NA,NA,NA,NA,NA,NA,NA,NA,NA,NA,NA,NA,NA,NA,NA,NA,NA,NA,NA,NA,NA,NA,NA,NA,NA,"CA","petrale sole","petrale_sole",NA,NA,"675","total_catch_wt_kg ~ 0 + factor(year) + pass","delta_lognormal","TRUE","iid, iid","05_3","factor(year)2009","-3.9991410688818","2.32431641051241","-8.55471752216153","0.556435384397939"
"954","954","954","954","954","954","954","954","954",NA,NA,NA,NA,NA,NA,NA,NA,NA,NA,NA,NA,NA,NA,NA,NA,NA,NA,NA,NA,NA,NA,NA,NA,NA,NA,NA,NA,NA,NA,NA,NA,NA,NA,NA,NA,NA,NA,NA,NA,NA,NA,NA,"CA","petrale sole","petrale_sole",NA,NA,"675","total_catch_wt_kg ~ 0 + factor(year) + pass","delta_lognormal","TRUE","iid, iid","05_3","factor(year)2010","-3.01616058296567","2.32310874123806","-7.56937004796243","1.5370488820311"
"955","955","955","955","955","955","955","955","955",NA,NA,NA,NA,NA,NA,NA,NA,NA,NA,NA,NA,NA,NA,NA,NA,NA,NA,NA,NA,NA,NA,NA,NA,NA,NA,NA,NA,NA,NA,NA,NA,NA,NA,NA,NA,NA,NA,NA,NA,NA,NA,NA,"CA","petrale sole","petrale_sole",NA,NA,"675","total_catch_wt_kg ~ 0 + factor(year) + pass","delta_lognormal","TRUE","iid, iid","05_3","factor(year)2011","-3.4045783191211","2.32597823246141","-7.9634118835696","1.1542552453274"
"956","956","956","956","956","956","956","956","956",NA,NA,NA,NA,NA,NA,NA,NA,NA,NA,NA,NA,NA,NA,NA,NA,NA,NA,NA,NA,NA,NA,NA,NA,NA,NA,NA,NA,NA,NA,NA,NA,NA,NA,NA,NA,NA,NA,NA,NA,NA,NA,NA,"CA","petrale sole","petrale_sole",NA,NA,"675","total_catch_wt_kg ~ 0 + factor(year) + pass","delta_lognormal","TRUE","iid, iid","05_3","factor(year)2012","-3.79267593498382","2.32546689727387","-8.3505073008807","0.765155430913061"
"957","957","957","957","957","957","957","957","957",NA,NA,NA,NA,NA,NA,NA,NA,NA,NA,NA,NA,NA,NA,NA,NA,NA,NA,NA,NA,NA,NA,NA,NA,NA,NA,NA,NA,NA,NA,NA,NA,NA,NA,NA,NA,NA,NA,NA,NA,NA,NA,NA,"CA","petrale sole","petrale_sole",NA,NA,"675","total_catch_wt_kg ~ 0 + factor(year) + pass","delta_lognormal","TRUE","iid, iid","05_3","factor(year)2013","-3.64429731924482","2.32770519533109","-8.20651566872053","0.917921030230888"
"958","958","958","958","958","958","958","958","958",NA,NA,NA,NA,NA,NA,NA,NA,NA,NA,NA,NA,NA,NA,NA,NA,NA,NA,NA,NA,NA,NA,NA,NA,NA,NA,NA,NA,NA,NA,NA,NA,NA,NA,NA,NA,NA,NA,NA,NA,NA,NA,NA,"CA","petrale sole","petrale_sole",NA,NA,"675","total_catch_wt_kg ~ 0 + factor(year) + pass","delta_lognormal","TRUE","iid, iid","05_3","factor(year)2014","-3.02823134338627","2.32579219428585","-7.58670027971091","1.53023759293838"
"959","959","959","959","959","959","959","959","959",NA,NA,NA,NA,NA,NA,NA,NA,NA,NA,NA,NA,NA,NA,NA,NA,NA,NA,NA,NA,NA,NA,NA,NA,NA,NA,NA,NA,NA,NA,NA,NA,NA,NA,NA,NA,NA,NA,NA,NA,NA,NA,NA,"CA","petrale sole","petrale_sole",NA,NA,"675","total_catch_wt_kg ~ 0 + factor(year) + pass","delta_lognormal","TRUE","iid, iid","05_3","factor(year)2015","-3.13188176493525","2.32435332016826","-7.68753055981113","1.42376702994064"
"960","960","960","960","960","960","960","960","960",NA,NA,NA,NA,NA,NA,NA,NA,NA,NA,NA,NA,NA,NA,NA,NA,NA,NA,NA,NA,NA,NA,NA,NA,NA,NA,NA,NA,NA,NA,NA,NA,NA,NA,NA,NA,NA,NA,NA,NA,NA,NA,NA,"CA","petrale sole","petrale_sole",NA,NA,"675","total_catch_wt_kg ~ 0 + factor(year) + pass","delta_lognormal","TRUE","iid, iid","05_3","factor(year)2016","-3.23006307221667","2.32529434017979","-7.78755623242388","1.32743008799055"
"961","961","961","961","961","961","961","961","961",NA,NA,NA,NA,NA,NA,NA,NA,NA,NA,NA,NA,NA,NA,NA,NA,NA,NA,NA,NA,NA,NA,NA,NA,NA,NA,NA,NA,NA,NA,NA,NA,NA,NA,NA,NA,NA,NA,NA,NA,NA,NA,NA,"CA","petrale sole","petrale_sole",NA,NA,"675","total_catch_wt_kg ~ 0 + factor(year) + pass","delta_lognormal","TRUE","iid, iid","05_3","factor(year)2017","-3.33414271863836","2.32557059346314","-7.89217732533154","1.22389188805483"
"962","962","962","962","962","962","962","962","962",NA,NA,NA,NA,NA,NA,NA,NA,NA,NA,NA,NA,NA,NA,NA,NA,NA,NA,NA,NA,NA,NA,NA,NA,NA,NA,NA,NA,NA,NA,NA,NA,NA,NA,NA,NA,NA,NA,NA,NA,NA,NA,NA,"CA","petrale sole","petrale_sole",NA,NA,"675","total_catch_wt_kg ~ 0 + factor(year) + pass","delta_lognormal","TRUE","iid, iid","05_3","factor(year)2018","-3.53831756478421","2.32232449738578","-8.08998994007541","1.01335481050699"
"963","963","963","963","963","963","963","963","963",NA,NA,NA,NA,NA,NA,NA,NA,NA,NA,NA,NA,NA,NA,NA,NA,NA,NA,NA,NA,NA,NA,NA,NA,NA,NA,NA,NA,NA,NA,NA,NA,NA,NA,NA,NA,NA,NA,NA,NA,NA,NA,NA,"CA","petrale sole","petrale_sole",NA,NA,"675","total_catch_wt_kg ~ 0 + factor(year) + pass","delta_lognormal","TRUE","iid, iid","05_3","factor(year)2019","-3.56223939649051","2.33289656854799","-8.13463265050165","1.01015385752063"
"964","964","964","964","964","964","964","964","964",NA,NA,NA,NA,NA,NA,NA,NA,NA,NA,NA,NA,NA,NA,NA,NA,NA,NA,NA,NA,NA,NA,NA,NA,NA,NA,NA,NA,NA,NA,NA,NA,NA,NA,NA,NA,NA,NA,NA,NA,NA,NA,NA,"CA","petrale sole","petrale_sole",NA,NA,"675","total_catch_wt_kg ~ 0 + factor(year) + pass","delta_lognormal","TRUE","iid, iid","05_3","factor(year)2021","-3.95468318158748","2.32554230082357","-8.51266233572609","0.603295972551134"
"965","965","965","965","965","965","965","965","965",NA,NA,NA,NA,NA,NA,NA,NA,NA,NA,NA,NA,NA,NA,NA,NA,NA,NA,NA,NA,NA,NA,NA,NA,NA,NA,NA,NA,NA,NA,NA,NA,NA,NA,NA,NA,NA,NA,NA,NA,NA,NA,NA,"CA","petrale sole","petrale_sole",NA,NA,"675","total_catch_wt_kg ~ 0 + factor(year) + pass","delta_lognormal","TRUE","iid, iid","05_3","factor(year)2022","-3.80376366545238","2.32736336611022","-8.36531204196632","0.757784711061558"
"966","966","966","966","966","966","966","966","966",NA,NA,NA,NA,NA,NA,NA,NA,NA,NA,NA,NA,NA,NA,NA,NA,NA,NA,NA,NA,NA,NA,NA,NA,NA,NA,NA,NA,NA,NA,NA,NA,NA,NA,NA,NA,NA,NA,NA,NA,NA,NA,NA,"CA","petrale sole","petrale_sole",NA,NA,"675","total_catch_wt_kg ~ 0 + factor(year) + pass","delta_lognormal","TRUE","iid, iid","05_3","factor(year)2023","-4.08631111110335","2.32696776282599","-8.64708411942803","0.47446189722133"
"967","967","967","967","967","967","967","967","967",NA,NA,NA,NA,NA,NA,NA,NA,NA,NA,NA,NA,NA,NA,NA,NA,NA,NA,NA,NA,NA,NA,NA,NA,NA,NA,NA,NA,NA,NA,NA,NA,NA,NA,NA,NA,NA,NA,NA,NA,NA,NA,NA,"CA","petrale sole","petrale_sole",NA,NA,"675","total_catch_wt_kg ~ 0 + factor(year) + pass","delta_lognormal","TRUE","iid, iid","05_3","factor(year)2024","-3.82374145460633","2.32440320455637","-8.37948802108629","0.732005111873633"
"968","968","968","968","968","968","968","968","968",NA,NA,NA,NA,NA,NA,NA,NA,NA,NA,NA,NA,NA,NA,NA,NA,NA,NA,NA,NA,NA,NA,NA,NA,NA,NA,NA,NA,NA,NA,NA,NA,NA,NA,NA,NA,NA,NA,NA,NA,NA,NA,NA,"CA","petrale sole","petrale_sole",NA,NA,"675","total_catch_wt_kg ~ 0 + factor(year) + pass","delta_lognormal","TRUE","iid, iid","05_3","pass","-0.189683094474536","0.102437244556231","-0.390456404480271","0.0110902155311987"
"969","969","969","969","969","969","969","969",NA,NA,NA,NA,NA,NA,NA,NA,NA,NA,NA,NA,NA,NA,NA,NA,NA,NA,NA,NA,NA,NA,NA,NA,NA,NA,NA,NA,NA,NA,NA,NA,NA,NA,NA,NA,NA,NA,NA,NA,NA,NA,NA,NA,"CA","petrale sole","petrale_sole",NA,NA,"675","total_catch_wt_kg ~ 0 + factor(year) + pass","delta_lognormal","TRUE","iid, iid","05_4","factor(year)2003","-4.40523896416845","3.09124209301251","-10.4639621339672","1.65348420563028"
"970","970","970","970","970","970","970","970",NA,NA,NA,NA,NA,NA,NA,NA,NA,NA,NA,NA,NA,NA,NA,NA,NA,NA,NA,NA,NA,NA,NA,NA,NA,NA,NA,NA,NA,NA,NA,NA,NA,NA,NA,NA,NA,NA,NA,NA,NA,NA,NA,NA,"CA","petrale sole","petrale_sole",NA,NA,"675","total_catch_wt_kg ~ 0 + factor(year) + pass","delta_lognormal","TRUE","iid, iid","05_4","factor(year)2004","-4.69660897737143","3.09302387665857","-10.7588243789447","1.36560642420182"
"971","971","971","971","971","971","971","971",NA,NA,NA,NA,NA,NA,NA,NA,NA,NA,NA,NA,NA,NA,NA,NA,NA,NA,NA,NA,NA,NA,NA,NA,NA,NA,NA,NA,NA,NA,NA,NA,NA,NA,NA,NA,NA,NA,NA,NA,NA,NA,NA,NA,"CA","petrale sole","petrale_sole",NA,NA,"675","total_catch_wt_kg ~ 0 + factor(year) + pass","delta_lognormal","TRUE","iid, iid","05_4","factor(year)2005","-4.57581007281527","3.09071455024485","-10.6334992777891","1.48187913215855"
"972","972","972","972","972","972","972","972",NA,NA,NA,NA,NA,NA,NA,NA,NA,NA,NA,NA,NA,NA,NA,NA,NA,NA,NA,NA,NA,NA,NA,NA,NA,NA,NA,NA,NA,NA,NA,NA,NA,NA,NA,NA,NA,NA,NA,NA,NA,NA,NA,NA,"CA","petrale sole","petrale_sole",NA,NA,"675","total_catch_wt_kg ~ 0 + factor(year) + pass","delta_lognormal","TRUE","iid, iid","05_4","factor(year)2006","-4.61399338113037","3.09222316482906","-10.6746394163558","1.44665265409504"
"973","973","973","973","973","973","973","973",NA,NA,NA,NA,NA,NA,NA,NA,NA,NA,NA,NA,NA,NA,NA,NA,NA,NA,NA,NA,NA,NA,NA,NA,NA,NA,NA,NA,NA,NA,NA,NA,NA,NA,NA,NA,NA,NA,NA,NA,NA,NA,NA,NA,"CA","petrale sole","petrale_sole",NA,NA,"675","total_catch_wt_kg ~ 0 + factor(year) + pass","delta_lognormal","TRUE","iid, iid","05_4","factor(year)2007","-4.89873616516847","3.08967816560158","-10.9543940935673","1.1569217632304"
"974","974","974","974","974","974","974","974",NA,NA,NA,NA,NA,NA,NA,NA,NA,NA,NA,NA,NA,NA,NA,NA,NA,NA,NA,NA,NA,NA,NA,NA,NA,NA,NA,NA,NA,NA,NA,NA,NA,NA,NA,NA,NA,NA,NA,NA,NA,NA,NA,NA,"CA","petrale sole","petrale_sole",NA,NA,"675","total_catch_wt_kg ~ 0 + factor(year) + pass","delta_lognormal","TRUE","iid, iid","05_4","factor(year)2008","-4.73399163000533","3.08775933869439","-10.7858887267735","1.31790546676288"
"975","975","975","975","975","975","975","975",NA,NA,NA,NA,NA,NA,NA,NA,NA,NA,NA,NA,NA,NA,NA,NA,NA,NA,NA,NA,NA,NA,NA,NA,NA,NA,NA,NA,NA,NA,NA,NA,NA,NA,NA,NA,NA,NA,NA,NA,NA,NA,NA,NA,"CA","petrale sole","petrale_sole",NA,NA,"675","total_catch_wt_kg ~ 0 + factor(year) + pass","delta_lognormal","TRUE","iid, iid","05_4","factor(year)2009","-4.50001573841409","3.08883724640284","-10.5540254954695","1.55399401864136"
"976","976","976","976","976","976","976","976",NA,NA,NA,NA,NA,NA,NA,NA,NA,NA,NA,NA,NA,NA,NA,NA,NA,NA,NA,NA,NA,NA,NA,NA,NA,NA,NA,NA,NA,NA,NA,NA,NA,NA,NA,NA,NA,NA,NA,NA,NA,NA,NA,NA,"CA","petrale sole","petrale_sole",NA,NA,"675","total_catch_wt_kg ~ 0 + factor(year) + pass","delta_lognormal","TRUE","iid, iid","05_4","factor(year)2010","-3.96534549648121","3.0897721189437","-10.0211875700469","2.09049657708445"
"977","977","977","977","977","977","977","977",NA,NA,NA,NA,NA,NA,NA,NA,NA,NA,NA,NA,NA,NA,NA,NA,NA,NA,NA,NA,NA,NA,NA,NA,NA,NA,NA,NA,NA,NA,NA,NA,NA,NA,NA,NA,NA,NA,NA,NA,NA,NA,NA,NA,"CA","petrale sole","petrale_sole",NA,NA,"675","total_catch_wt_kg ~ 0 + factor(year) + pass","delta_lognormal","TRUE","iid, iid","05_4","factor(year)2011","-3.69854439674081","3.09219324320134","-9.75913178665353","2.36204299317192"
"978","978","978","978","978","978","978","978",NA,NA,NA,NA,NA,NA,NA,NA,NA,NA,NA,NA,NA,NA,NA,NA,NA,NA,NA,NA,NA,NA,NA,NA,NA,NA,NA,NA,NA,NA,NA,NA,NA,NA,NA,NA,NA,NA,NA,NA,NA,NA,NA,NA,"CA","petrale sole","petrale_sole",NA,NA,"675","total_catch_wt_kg ~ 0 + factor(year) + pass","delta_lognormal","TRUE","iid, iid","05_4","factor(year)2012","-4.26469074084669","3.09304234304901","-10.3269423358801","1.79756085418676"
"979","979","979","979","979","979","979","979",NA,NA,NA,NA,NA,NA,NA,NA,NA,NA,NA,NA,NA,NA,NA,NA,NA,NA,NA,NA,NA,NA,NA,NA,NA,NA,NA,NA,NA,NA,NA,NA,NA,NA,NA,NA,NA,NA,NA,NA,NA,NA,NA,NA,"CA","petrale sole","petrale_sole",NA,NA,"675","total_catch_wt_kg ~ 0 + factor(year) + pass","delta_lognormal","TRUE","iid, iid","05_4","factor(year)2013","-3.81590743286002","3.09078874914039","-9.87374206499678","2.24192719927674"
"980","980","980","980","980","980","980","980",NA,NA,NA,NA,NA,NA,NA,NA,NA,NA,NA,NA,NA,NA,NA,NA,NA,NA,NA,NA,NA,NA,NA,NA,NA,NA,NA,NA,NA,NA,NA,NA,NA,NA,NA,NA,NA,NA,NA,NA,NA,NA,NA,NA,"CA","petrale sole","petrale_sole",NA,NA,"675","total_catch_wt_kg ~ 0 + factor(year) + pass","delta_lognormal","TRUE","iid, iid","05_4","factor(year)2014","-3.67946468951602","3.09153230489159","-9.73875666414564","2.3798272851136"
"981","981","981","981","981","981","981","981",NA,NA,NA,NA,NA,NA,NA,NA,NA,NA,NA,NA,NA,NA,NA,NA,NA,NA,NA,NA,NA,NA,NA,NA,NA,NA,NA,NA,NA,NA,NA,NA,NA,NA,NA,NA,NA,NA,NA,NA,NA,NA,NA,NA,"CA","petrale sole","petrale_sole",NA,NA,"675","total_catch_wt_kg ~ 0 + factor(year) + pass","delta_lognormal","TRUE","iid, iid","05_4","factor(year)2015","-3.79062875278755","3.09420356931469","-9.85515630947962","2.27389880390452"
"982","982","982","982","982","982","982","982",NA,NA,NA,NA,NA,NA,NA,NA,NA,NA,NA,NA,NA,NA,NA,NA,NA,NA,NA,NA,NA,NA,NA,NA,NA,NA,NA,NA,NA,NA,NA,NA,NA,NA,NA,NA,NA,NA,NA,NA,NA,NA,NA,NA,"CA","petrale sole","petrale_sole",NA,NA,"675","total_catch_wt_kg ~ 0 + factor(year) + pass","delta_lognormal","TRUE","iid, iid","05_4","factor(year)2016","-4.18244080127222","3.0883345249945","-10.2354652424731","1.87058363992862"
"983","983","983","983","983","983","983","983",NA,NA,NA,NA,NA,NA,NA,NA,NA,NA,NA,NA,NA,NA,NA,NA,NA,NA,NA,NA,NA,NA,NA,NA,NA,NA,NA,NA,NA,NA,NA,NA,NA,NA,NA,NA,NA,NA,NA,NA,NA,NA,NA,NA,"CA","petrale sole","petrale_sole",NA,NA,"675","total_catch_wt_kg ~ 0 + factor(year) + pass","delta_lognormal","TRUE","iid, iid","05_4","factor(year)2017","-4.25438376943515","3.09023275266297","-10.3111286685007","1.80236112963035"
"984","984","984","984","984","984","984","984",NA,NA,NA,NA,NA,NA,NA,NA,NA,NA,NA,NA,NA,NA,NA,NA,NA,NA,NA,NA,NA,NA,NA,NA,NA,NA,NA,NA,NA,NA,NA,NA,NA,NA,NA,NA,NA,NA,NA,NA,NA,NA,NA,NA,"CA","petrale sole","petrale_sole",NA,NA,"675","total_catch_wt_kg ~ 0 + factor(year) + pass","delta_lognormal","TRUE","iid, iid","05_4","factor(year)2018","-4.08553611287631","3.08929233913361","-10.1404378352937","1.96936560954105"
"985","985","985","985","985","985","985","985",NA,NA,NA,NA,NA,NA,NA,NA,NA,NA,NA,NA,NA,NA,NA,NA,NA,NA,NA,NA,NA,NA,NA,NA,NA,NA,NA,NA,NA,NA,NA,NA,NA,NA,NA,NA,NA,NA,NA,NA,NA,NA,NA,NA,"CA","petrale sole","petrale_sole",NA,NA,"675","total_catch_wt_kg ~ 0 + factor(year) + pass","delta_lognormal","TRUE","iid, iid","05_4","factor(year)2019","-4.30835203843451","3.09829408507723","-10.3808968586994","1.76419278183033"
"986","986","986","986","986","986","986","986",NA,NA,NA,NA,NA,NA,NA,NA,NA,NA,NA,NA,NA,NA,NA,NA,NA,NA,NA,NA,NA,NA,NA,NA,NA,NA,NA,NA,NA,NA,NA,NA,NA,NA,NA,NA,NA,NA,NA,NA,NA,NA,NA,NA,"CA","petrale sole","petrale_sole",NA,NA,"675","total_catch_wt_kg ~ 0 + factor(year) + pass","delta_lognormal","TRUE","iid, iid","05_4","factor(year)2021","-4.57304832541976","3.09195797928192","-10.6331746065236","1.48707795568405"
"987","987","987","987","987","987","987","987",NA,NA,NA,NA,NA,NA,NA,NA,NA,NA,NA,NA,NA,NA,NA,NA,NA,NA,NA,NA,NA,NA,NA,NA,NA,NA,NA,NA,NA,NA,NA,NA,NA,NA,NA,NA,NA,NA,NA,NA,NA,NA,NA,NA,"CA","petrale sole","petrale_sole",NA,NA,"675","total_catch_wt_kg ~ 0 + factor(year) + pass","delta_lognormal","TRUE","iid, iid","05_4","factor(year)2022","-4.54805866699563","3.09189565769113","-10.608062800026","1.51194546603478"
"988","988","988","988","988","988","988","988",NA,NA,NA,NA,NA,NA,NA,NA,NA,NA,NA,NA,NA,NA,NA,NA,NA,NA,NA,NA,NA,NA,NA,NA,NA,NA,NA,NA,NA,NA,NA,NA,NA,NA,NA,NA,NA,NA,NA,NA,NA,NA,NA,NA,"CA","petrale sole","petrale_sole",NA,NA,"675","total_catch_wt_kg ~ 0 + factor(year) + pass","delta_lognormal","TRUE","iid, iid","05_4","factor(year)2023","-4.6890929756966","3.09149540397857","-10.7483126258657","1.3701266744725"
"989","989","989","989","989","989","989","989",NA,NA,NA,NA,NA,NA,NA,NA,NA,NA,NA,NA,NA,NA,NA,NA,NA,NA,NA,NA,NA,NA,NA,NA,NA,NA,NA,NA,NA,NA,NA,NA,NA,NA,NA,NA,NA,NA,NA,NA,NA,NA,NA,NA,"CA","petrale sole","petrale_sole",NA,NA,"675","total_catch_wt_kg ~ 0 + factor(year) + pass","delta_lognormal","TRUE","iid, iid","05_4","factor(year)2024","-4.57906207048193","3.08959433031143","-10.6345556847315","1.47643154376763"
"990","990","990","990","990","990","990","990",NA,NA,NA,NA,NA,NA,NA,NA,NA,NA,NA,NA,NA,NA,NA,NA,NA,NA,NA,NA,NA,NA,NA,NA,NA,NA,NA,NA,NA,NA,NA,NA,NA,NA,NA,NA,NA,NA,NA,NA,NA,NA,NA,NA,"CA","petrale sole","petrale_sole",NA,NA,"675","total_catch_wt_kg ~ 0 + factor(year) + pass","delta_lognormal","TRUE","iid, iid","05_4","pass","-0.0816177505280428","0.0984609900960949","-0.274597744998544","0.111362243942458"
"991","991","991","991","991","991","991",NA,NA,NA,NA,NA,NA,NA,NA,NA,NA,NA,NA,NA,NA,NA,NA,NA,NA,NA,NA,NA,NA,NA,NA,NA,NA,NA,NA,NA,NA,NA,NA,NA,NA,NA,NA,NA,NA,NA,NA,NA,NA,NA,NA,NA,"CA","petrale sole","petrale_sole",NA,NA,"675","total_catch_wt_kg ~ 0 + factor(year) + pass","delta_lognormal","TRUE","iid, iid","05_5","factor(year)2003","-4.61709726750918","4.08114473899328","-12.6159939716311","3.38179943661277"
"992","992","992","992","992","992","992",NA,NA,NA,NA,NA,NA,NA,NA,NA,NA,NA,NA,NA,NA,NA,NA,NA,NA,NA,NA,NA,NA,NA,NA,NA,NA,NA,NA,NA,NA,NA,NA,NA,NA,NA,NA,NA,NA,NA,NA,NA,NA,NA,NA,NA,"CA","petrale sole","petrale_sole",NA,NA,"675","total_catch_wt_kg ~ 0 + factor(year) + pass","delta_lognormal","TRUE","iid, iid","05_5","factor(year)2004","-4.09881990223653","4.08369093070895","-12.1027070504189","3.90506724594586"
"993","993","993","993","993","993","993",NA,NA,NA,NA,NA,NA,NA,NA,NA,NA,NA,NA,NA,NA,NA,NA,NA,NA,NA,NA,NA,NA,NA,NA,NA,NA,NA,NA,NA,NA,NA,NA,NA,NA,NA,NA,NA,NA,NA,NA,NA,NA,NA,NA,NA,"CA","petrale sole","petrale_sole",NA,NA,"675","total_catch_wt_kg ~ 0 + factor(year) + pass","delta_lognormal","TRUE","iid, iid","05_5","factor(year)2005","-4.42195403021924","4.08030107259451","-12.4191971785846","3.57528911814614"
"994","994","994","994","994","994","994",NA,NA,NA,NA,NA,NA,NA,NA,NA,NA,NA,NA,NA,NA,NA,NA,NA,NA,NA,NA,NA,NA,NA,NA,NA,NA,NA,NA,NA,NA,NA,NA,NA,NA,NA,NA,NA,NA,NA,NA,NA,NA,NA,NA,NA,"CA","petrale sole","petrale_sole",NA,NA,"675","total_catch_wt_kg ~ 0 + factor(year) + pass","delta_lognormal","TRUE","iid, iid","05_5","factor(year)2006","-4.76416345295306","4.08105987751545","-12.7628938316348","3.23456692572867"
"995","995","995","995","995","995","995",NA,NA,NA,NA,NA,NA,NA,NA,NA,NA,NA,NA,NA,NA,NA,NA,NA,NA,NA,NA,NA,NA,NA,NA,NA,NA,NA,NA,NA,NA,NA,NA,NA,NA,NA,NA,NA,NA,NA,NA,NA,NA,NA,NA,NA,"CA","petrale sole","petrale_sole",NA,NA,"675","total_catch_wt_kg ~ 0 + factor(year) + pass","delta_lognormal","TRUE","iid, iid","05_5","factor(year)2007","-4.82248480826871","4.08038692062497","-12.819896215682","3.17492659914454"
"996","996","996","996","996","996","996",NA,NA,NA,NA,NA,NA,NA,NA,NA,NA,NA,NA,NA,NA,NA,NA,NA,NA,NA,NA,NA,NA,NA,NA,NA,NA,NA,NA,NA,NA,NA,NA,NA,NA,NA,NA,NA,NA,NA,NA,NA,NA,NA,NA,NA,"CA","petrale sole","petrale_sole",NA,NA,"675","total_catch_wt_kg ~ 0 + factor(year) + pass","delta_lognormal","TRUE","iid, iid","05_5","factor(year)2008","-4.48836185432381","4.08083854139119","-12.4866584221735","3.50993471352589"
"997","997","997","997","997","997","997",NA,NA,NA,NA,NA,NA,NA,NA,NA,NA,NA,NA,NA,NA,NA,NA,NA,NA,NA,NA,NA,NA,NA,NA,NA,NA,NA,NA,NA,NA,NA,NA,NA,NA,NA,NA,NA,NA,NA,NA,NA,NA,NA,NA,NA,"CA","petrale sole","petrale_sole",NA,NA,"675","total_catch_wt_kg ~ 0 + factor(year) + pass","delta_lognormal","TRUE","iid, iid","05_5","factor(year)2009","-4.22420129062162","4.07939846696306","-12.2196753644571","3.77127278321389"
"998","998","998","998","998","998","998",NA,NA,NA,NA,NA,NA,NA,NA,NA,NA,NA,NA,NA,NA,NA,NA,NA,NA,NA,NA,NA,NA,NA,NA,NA,NA,NA,NA,NA,NA,NA,NA,NA,NA,NA,NA,NA,NA,NA,NA,NA,NA,NA,NA,NA,"CA","petrale sole","petrale_sole",NA,NA,"675","total_catch_wt_kg ~ 0 + factor(year) + pass","delta_lognormal","TRUE","iid, iid","05_5","factor(year)2010","-4.04293607943833","4.0783105724891","-12.0362779192859","3.95040576040924"
"999","999","999","999","999","999","999",NA,NA,NA,NA,NA,NA,NA,NA,NA,NA,NA,NA,NA,NA,NA,NA,NA,NA,NA,NA,NA,NA,NA,NA,NA,NA,NA,NA,NA,NA,NA,NA,NA,NA,NA,NA,NA,NA,NA,NA,NA,NA,NA,NA,NA,"CA","petrale sole","petrale_sole",NA,NA,"675","total_catch_wt_kg ~ 0 + factor(year) + pass","delta_lognormal","TRUE","iid, iid","05_5","factor(year)2011","-3.58533615772775","4.0799584360114","-11.5819077507305","4.41123543527496"
"1000","1000","1000","1000","1000","1000","1000",NA,NA,NA,NA,NA,NA,NA,NA,NA,NA,NA,NA,NA,NA,NA,NA,NA,NA,NA,NA,NA,NA,NA,NA,NA,NA,NA,NA,NA,NA,NA,NA,NA,NA,NA,NA,NA,NA,NA,NA,NA,NA,NA,NA,NA,"CA","petrale sole","petrale_sole",NA,NA,"675","total_catch_wt_kg ~ 0 + factor(year) + pass","delta_lognormal","TRUE","iid, iid","05_5","factor(year)2012","-4.14714103951583","4.08007274129809","-12.1439366667637","3.84965458773203"
"1001","1001","1001","1001","1001","1001","1001",NA,NA,NA,NA,NA,NA,NA,NA,NA,NA,NA,NA,NA,NA,NA,NA,NA,NA,NA,NA,NA,NA,NA,NA,NA,NA,NA,NA,NA,NA,NA,NA,NA,NA,NA,NA,NA,NA,NA,NA,NA,NA,NA,NA,NA,"CA","petrale sole","petrale_sole",NA,NA,"675","total_catch_wt_kg ~ 0 + factor(year) + pass","delta_lognormal","TRUE","iid, iid","05_5","factor(year)2013","-3.81777310485071","4.07965644207277","-11.8137528006102","4.17820659090873"
"1002","1002","1002","1002","1002","1002","1002",NA,NA,NA,NA,NA,NA,NA,NA,NA,NA,NA,NA,NA,NA,NA,NA,NA,NA,NA,NA,NA,NA,NA,NA,NA,NA,NA,NA,NA,NA,NA,NA,NA,NA,NA,NA,NA,NA,NA,NA,NA,NA,NA,NA,NA,"CA","petrale sole","petrale_sole",NA,NA,"675","total_catch_wt_kg ~ 0 + factor(year) + pass","delta_lognormal","TRUE","iid, iid","05_5","factor(year)2014","-3.35220066690944","4.08044039616887","-11.3497168844628","4.6453155506439"
"1003","1003","1003","1003","1003","1003","1003",NA,NA,NA,NA,NA,NA,NA,NA,NA,NA,NA,NA,NA,NA,NA,NA,NA,NA,NA,NA,NA,NA,NA,NA,NA,NA,NA,NA,NA,NA,NA,NA,NA,NA,NA,NA,NA,NA,NA,NA,NA,NA,NA,NA,NA,"CA","petrale sole","petrale_sole",NA,NA,"675","total_catch_wt_kg ~ 0 + factor(year) + pass","delta_lognormal","TRUE","iid, iid","05_5","factor(year)2015","-3.70904541538815","4.07974930210994","-11.705207113476","4.28711628269976"
"1004","1004","1004","1004","1004","1004","1004",NA,NA,NA,NA,NA,NA,NA,NA,NA,NA,NA,NA,NA,NA,NA,NA,NA,NA,NA,NA,NA,NA,NA,NA,NA,NA,NA,NA,NA,NA,NA,NA,NA,NA,NA,NA,NA,NA,NA,NA,NA,NA,NA,NA,NA,"CA","petrale sole","petrale_sole",NA,NA,"675","total_catch_wt_kg ~ 0 + factor(year) + pass","delta_lognormal","TRUE","iid, iid","05_5","factor(year)2016","-3.65657455545597","4.07884324357675","-11.6509604114509","4.337811300539"
"1005","1005","1005","1005","1005","1005","1005",NA,NA,NA,NA,NA,NA,NA,NA,NA,NA,NA,NA,NA,NA,NA,NA,NA,NA,NA,NA,NA,NA,NA,NA,NA,NA,NA,NA,NA,NA,NA,NA,NA,NA,NA,NA,NA,NA,NA,NA,NA,NA,NA,NA,NA,"CA","petrale sole","petrale_sole",NA,NA,"675","total_catch_wt_kg ~ 0 + factor(year) + pass","delta_lognormal","TRUE","iid, iid","05_5","factor(year)2017","-3.81128301722106","4.07970079983318","-11.8073496525933","4.18478361815123"
"1006","1006","1006","1006","1006","1006","1006",NA,NA,NA,NA,NA,NA,NA,NA,NA,NA,NA,NA,NA,NA,NA,NA,NA,NA,NA,NA,NA,NA,NA,NA,NA,NA,NA,NA,NA,NA,NA,NA,NA,NA,NA,NA,NA,NA,NA,NA,NA,NA,NA,NA,NA,"CA","petrale sole","petrale_sole",NA,NA,"675","total_catch_wt_kg ~ 0 + factor(year) + pass","delta_lognormal","TRUE","iid, iid","05_5","factor(year)2018","-4.05144182780428","4.07987529500107","-12.0478504674211","3.94496681181254"
"1007","1007","1007","1007","1007","1007","1007",NA,NA,NA,NA,NA,NA,NA,NA,NA,NA,NA,NA,NA,NA,NA,NA,NA,NA,NA,NA,NA,NA,NA,NA,NA,NA,NA,NA,NA,NA,NA,NA,NA,NA,NA,NA,NA,NA,NA,NA,NA,NA,NA,NA,NA,"CA","petrale sole","petrale_sole",NA,NA,"675","total_catch_wt_kg ~ 0 + factor(year) + pass","delta_lognormal","TRUE","iid, iid","05_5","factor(year)2019","-4.22331425745426","4.08481500121323","-12.2294045433411","3.78277602843261"
"1008","1008","1008","1008","1008","1008","1008",NA,NA,NA,NA,NA,NA,NA,NA,NA,NA,NA,NA,NA,NA,NA,NA,NA,NA,NA,NA,NA,NA,NA,NA,NA,NA,NA,NA,NA,NA,NA,NA,NA,NA,NA,NA,NA,NA,NA,NA,NA,NA,NA,NA,NA,"CA","petrale sole","petrale_sole",NA,NA,"675","total_catch_wt_kg ~ 0 + factor(year) + pass","delta_lognormal","TRUE","iid, iid","05_5","factor(year)2021","-4.4570629170917","4.07932603180378","-12.4523950206238","3.5382691864404"
"1009","1009","1009","1009","1009","1009","1009",NA,NA,NA,NA,NA,NA,NA,NA,NA,NA,NA,NA,NA,NA,NA,NA,NA,NA,NA,NA,NA,NA,NA,NA,NA,NA,NA,NA,NA,NA,NA,NA,NA,NA,NA,NA,NA,NA,NA,NA,NA,NA,NA,NA,NA,"CA","petrale sole","petrale_sole",NA,NA,"675","total_catch_wt_kg ~ 0 + factor(year) + pass","delta_lognormal","TRUE","iid, iid","05_5","factor(year)2022","-4.57072178558556","4.07962618624153","-12.5666421810055","3.42519860983433"
"1010","1010","1010","1010","1010","1010","1010",NA,NA,NA,NA,NA,NA,NA,NA,NA,NA,NA,NA,NA,NA,NA,NA,NA,NA,NA,NA,NA,NA,NA,NA,NA,NA,NA,NA,NA,NA,NA,NA,NA,NA,NA,NA,NA,NA,NA,NA,NA,NA,NA,NA,NA,"CA","petrale sole","petrale_sole",NA,NA,"675","total_catch_wt_kg ~ 0 + factor(year) + pass","delta_lognormal","TRUE","iid, iid","05_5","factor(year)2023","-4.43123046398927","4.079405158847","-12.4267176536763","3.56425672569775"
"1011","1011","1011","1011","1011","1011","1011",NA,NA,NA,NA,NA,NA,NA,NA,NA,NA,NA,NA,NA,NA,NA,NA,NA,NA,NA,NA,NA,NA,NA,NA,NA,NA,NA,NA,NA,NA,NA,NA,NA,NA,NA,NA,NA,NA,NA,NA,NA,NA,NA,NA,NA,"CA","petrale sole","petrale_sole",NA,NA,"675","total_catch_wt_kg ~ 0 + factor(year) + pass","delta_lognormal","TRUE","iid, iid","05_5","factor(year)2024","-4.05898483691705","4.07839414151685","-12.0524904690492","3.93452079521512"
"1012","1012","1012","1012","1012","1012","1012",NA,NA,NA,NA,NA,NA,NA,NA,NA,NA,NA,NA,NA,NA,NA,NA,NA,NA,NA,NA,NA,NA,NA,NA,NA,NA,NA,NA,NA,NA,NA,NA,NA,NA,NA,NA,NA,NA,NA,NA,NA,NA,NA,NA,NA,"CA","petrale sole","petrale_sole",NA,NA,"675","total_catch_wt_kg ~ 0 + factor(year) + pass","delta_lognormal","TRUE","iid, iid","05_5","pass","0.0195451259755053","0.0964661606646888","-0.169525074654139","0.20861532660515"
"1013","1013","1013","1013","1013","1013",NA,NA,NA,NA,NA,NA,NA,NA,NA,NA,NA,NA,NA,NA,NA,NA,NA,NA,NA,NA,NA,NA,NA,NA,NA,NA,NA,NA,NA,NA,NA,NA,NA,NA,NA,NA,NA,NA,NA,NA,NA,NA,NA,NA,NA,NA,"CA","petrale sole","petrale_sole",NA,NA,"675","total_catch_wt_kg ~ 0 + factor(year) + pass","delta_lognormal","TRUE","iid, iid","05_6","factor(year)2003","-6.0156030581879","3.83152131295902","-13.5252468375852","1.4940407212094"
"1014","1014","1014","1014","1014","1014",NA,NA,NA,NA,NA,NA,NA,NA,NA,NA,NA,NA,NA,NA,NA,NA,NA,NA,NA,NA,NA,NA,NA,NA,NA,NA,NA,NA,NA,NA,NA,NA,NA,NA,NA,NA,NA,NA,NA,NA,NA,NA,NA,NA,NA,NA,"CA","petrale sole","petrale_sole",NA,NA,"675","total_catch_wt_kg ~ 0 + factor(year) + pass","delta_lognormal","TRUE","iid, iid","05_6","factor(year)2004","-5.48542194529892","3.83504127133962","-13.0019647163493","2.03112082575143"
"1015","1015","1015","1015","1015","1015",NA,NA,NA,NA,NA,NA,NA,NA,NA,NA,NA,NA,NA,NA,NA,NA,NA,NA,NA,NA,NA,NA,NA,NA,NA,NA,NA,NA,NA,NA,NA,NA,NA,NA,NA,NA,NA,NA,NA,NA,NA,NA,NA,NA,NA,NA,"CA","petrale sole","petrale_sole",NA,NA,"675","total_catch_wt_kg ~ 0 + factor(year) + pass","delta_lognormal","TRUE","iid, iid","05_6","factor(year)2005","-5.84563035356428","3.83148965634675","-13.3552120871416","1.6639513800131"
"1016","1016","1016","1016","1016","1016",NA,NA,NA,NA,NA,NA,NA,NA,NA,NA,NA,NA,NA,NA,NA,NA,NA,NA,NA,NA,NA,NA,NA,NA,NA,NA,NA,NA,NA,NA,NA,NA,NA,NA,NA,NA,NA,NA,NA,NA,NA,NA,NA,NA,NA,NA,"CA","petrale sole","petrale_sole",NA,NA,"675","total_catch_wt_kg ~ 0 + factor(year) + pass","delta_lognormal","TRUE","iid, iid","05_6","factor(year)2006","-5.51128242900565","3.82935102403194","-13.0166725202698","1.99410766225853"
"1017","1017","1017","1017","1017","1017",NA,NA,NA,NA,NA,NA,NA,NA,NA,NA,NA,NA,NA,NA,NA,NA,NA,NA,NA,NA,NA,NA,NA,NA,NA,NA,NA,NA,NA,NA,NA,NA,NA,NA,NA,NA,NA,NA,NA,NA,NA,NA,NA,NA,NA,NA,"CA","petrale sole","petrale_sole",NA,NA,"675","total_catch_wt_kg ~ 0 + factor(year) + pass","delta_lognormal","TRUE","iid, iid","05_6","factor(year)2007","-6.10150399327279","3.83058847622834","-13.6093194462745","1.40631145972893"
"1018","1018","1018","1018","1018","1018",NA,NA,NA,NA,NA,NA,NA,NA,NA,NA,NA,NA,NA,NA,NA,NA,NA,NA,NA,NA,NA,NA,NA,NA,NA,NA,NA,NA,NA,NA,NA,NA,NA,NA,NA,NA,NA,NA,NA,NA,NA,NA,NA,NA,NA,NA,"CA","petrale sole","petrale_sole",NA,NA,"675","total_catch_wt_kg ~ 0 + factor(year) + pass","delta_lognormal","TRUE","iid, iid","05_6","factor(year)2008","-6.3149878081809","3.83169002358963","-13.824962254338","1.19498663797619"
"1019","1019","1019","1019","1019","1019",NA,NA,NA,NA,NA,NA,NA,NA,NA,NA,NA,NA,NA,NA,NA,NA,NA,NA,NA,NA,NA,NA,NA,NA,NA,NA,NA,NA,NA,NA,NA,NA,NA,NA,NA,NA,NA,NA,NA,NA,NA,NA,NA,NA,NA,NA,"CA","petrale sole","petrale_sole",NA,NA,"675","total_catch_wt_kg ~ 0 + factor(year) + pass","delta_lognormal","TRUE","iid, iid","05_6","factor(year)2009","-5.90693372425662","3.83043737068333","-13.4144530158323","1.60058556731901"
"1020","1020","1020","1020","1020","1020",NA,NA,NA,NA,NA,NA,NA,NA,NA,NA,NA,NA,NA,NA,NA,NA,NA,NA,NA,NA,NA,NA,NA,NA,NA,NA,NA,NA,NA,NA,NA,NA,NA,NA,NA,NA,NA,NA,NA,NA,NA,NA,NA,NA,NA,NA,"CA","petrale sole","petrale_sole",NA,NA,"675","total_catch_wt_kg ~ 0 + factor(year) + pass","delta_lognormal","TRUE","iid, iid","05_6","factor(year)2010","-5.14894090649121","3.82796397096056","-12.6516124236908","2.35373061070842"
"1021","1021","1021","1021","1021","1021",NA,NA,NA,NA,NA,NA,NA,NA,NA,NA,NA,NA,NA,NA,NA,NA,NA,NA,NA,NA,NA,NA,NA,NA,NA,NA,NA,NA,NA,NA,NA,NA,NA,NA,NA,NA,NA,NA,NA,NA,NA,NA,NA,NA,NA,NA,"CA","petrale sole","petrale_sole",NA,NA,"675","total_catch_wt_kg ~ 0 + factor(year) + pass","delta_lognormal","TRUE","iid, iid","05_6","factor(year)2011","-5.10410420222926","3.82977091752777","-12.6103172696226","2.40210886516409"
"1022","1022","1022","1022","1022","1022",NA,NA,NA,NA,NA,NA,NA,NA,NA,NA,NA,NA,NA,NA,NA,NA,NA,NA,NA,NA,NA,NA,NA,NA,NA,NA,NA,NA,NA,NA,NA,NA,NA,NA,NA,NA,NA,NA,NA,NA,NA,NA,NA,NA,NA,NA,"CA","petrale sole","petrale_sole",NA,NA,"675","total_catch_wt_kg ~ 0 + factor(year) + pass","delta_lognormal","TRUE","iid, iid","05_6","factor(year)2012","-5.370622466162","3.82858600515006","-12.8745131479702","2.13326821564619"
"1023","1023","1023","1023","1023","1023",NA,NA,NA,NA,NA,NA,NA,NA,NA,NA,NA,NA,NA,NA,NA,NA,NA,NA,NA,NA,NA,NA,NA,NA,NA,NA,NA,NA,NA,NA,NA,NA,NA,NA,NA,NA,NA,NA,NA,NA,NA,NA,NA,NA,NA,NA,"CA","petrale sole","petrale_sole",NA,NA,"675","total_catch_wt_kg ~ 0 + factor(year) + pass","delta_lognormal","TRUE","iid, iid","05_6","factor(year)2013","-5.06781655465877","3.83137001588576","-12.5771637972415","2.44153068792398"
"1024","1024","1024","1024","1024","1024",NA,NA,NA,NA,NA,NA,NA,NA,NA,NA,NA,NA,NA,NA,NA,NA,NA,NA,NA,NA,NA,NA,NA,NA,NA,NA,NA,NA,NA,NA,NA,NA,NA,NA,NA,NA,NA,NA,NA,NA,NA,NA,NA,NA,NA,NA,"CA","petrale sole","petrale_sole",NA,NA,"675","total_catch_wt_kg ~ 0 + factor(year) + pass","delta_lognormal","TRUE","iid, iid","05_6","factor(year)2014","-4.98364393813919","3.82884808094217","-12.4880482790611","2.52076040278276"
"1025","1025","1025","1025","1025","1025",NA,NA,NA,NA,NA,NA,NA,NA,NA,NA,NA,NA,NA,NA,NA,NA,NA,NA,NA,NA,NA,NA,NA,NA,NA,NA,NA,NA,NA,NA,NA,NA,NA,NA,NA,NA,NA,NA,NA,NA,NA,NA,NA,NA,NA,NA,"CA","petrale sole","petrale_sole",NA,NA,"675","total_catch_wt_kg ~ 0 + factor(year) + pass","delta_lognormal","TRUE","iid, iid","05_6","factor(year)2015","-5.15843194643637","3.83028066537552","-12.6656441012525","2.34878020837976"
"1026","1026","1026","1026","1026","1026",NA,NA,NA,NA,NA,NA,NA,NA,NA,NA,NA,NA,NA,NA,NA,NA,NA,NA,NA,NA,NA,NA,NA,NA,NA,NA,NA,NA,NA,NA,NA,NA,NA,NA,NA,NA,NA,NA,NA,NA,NA,NA,NA,NA,NA,NA,"CA","petrale sole","petrale_sole",NA,NA,"675","total_catch_wt_kg ~ 0 + factor(year) + pass","delta_lognormal","TRUE","iid, iid","05_6","factor(year)2016","-5.50380672152201","3.82945525040803","-13.0094010927296","2.00178764968555"
"1027","1027","1027","1027","1027","1027",NA,NA,NA,NA,NA,NA,NA,NA,NA,NA,NA,NA,NA,NA,NA,NA,NA,NA,NA,NA,NA,NA,NA,NA,NA,NA,NA,NA,NA,NA,NA,NA,NA,NA,NA,NA,NA,NA,NA,NA,NA,NA,NA,NA,NA,NA,"CA","petrale sole","petrale_sole",NA,NA,"675","total_catch_wt_kg ~ 0 + factor(year) + pass","delta_lognormal","TRUE","iid, iid","05_6","factor(year)2017","-5.22878059820191","3.82941596463795","-12.734297970715","2.27673677431118"
"1028","1028","1028","1028","1028","1028",NA,NA,NA,NA,NA,NA,NA,NA,NA,NA,NA,NA,NA,NA,NA,NA,NA,NA,NA,NA,NA,NA,NA,NA,NA,NA,NA,NA,NA,NA,NA,NA,NA,NA,NA,NA,NA,NA,NA,NA,NA,NA,NA,NA,NA,NA,"CA","petrale sole","petrale_sole",NA,NA,"675","total_catch_wt_kg ~ 0 + factor(year) + pass","delta_lognormal","TRUE","iid, iid","05_6","factor(year)2018","-5.71753848137659","3.82961501655374","-13.2234459884757","1.7883690257225"
"1029","1029","1029","1029","1029","1029",NA,NA,NA,NA,NA,NA,NA,NA,NA,NA,NA,NA,NA,NA,NA,NA,NA,NA,NA,NA,NA,NA,NA,NA,NA,NA,NA,NA,NA,NA,NA,NA,NA,NA,NA,NA,NA,NA,NA,NA,NA,NA,NA,NA,NA,NA,"CA","petrale sole","petrale_sole",NA,NA,"675","total_catch_wt_kg ~ 0 + factor(year) + pass","delta_lognormal","TRUE","iid, iid","05_6","factor(year)2019","-5.63588855961869","3.83350194885918","-13.1494143140468","1.8776371948094"
"1030","1030","1030","1030","1030","1030",NA,NA,NA,NA,NA,NA,NA,NA,NA,NA,NA,NA,NA,NA,NA,NA,NA,NA,NA,NA,NA,NA,NA,NA,NA,NA,NA,NA,NA,NA,NA,NA,NA,NA,NA,NA,NA,NA,NA,NA,NA,NA,NA,NA,NA,NA,"CA","petrale sole","petrale_sole",NA,NA,"675","total_catch_wt_kg ~ 0 + factor(year) + pass","delta_lognormal","TRUE","iid, iid","05_6","factor(year)2021","-5.68633620319835","3.8295804010114","-13.1921758650811","1.81950345868445"
"1031","1031","1031","1031","1031","1031",NA,NA,NA,NA,NA,NA,NA,NA,NA,NA,NA,NA,NA,NA,NA,NA,NA,NA,NA,NA,NA,NA,NA,NA,NA,NA,NA,NA,NA,NA,NA,NA,NA,NA,NA,NA,NA,NA,NA,NA,NA,NA,NA,NA,NA,NA,"CA","petrale sole","petrale_sole",NA,NA,"675","total_catch_wt_kg ~ 0 + factor(year) + pass","delta_lognormal","TRUE","iid, iid","05_6","factor(year)2022","-5.63145300603747","3.83074676812937","-13.1395787054642","1.87667269338929"
"1032","1032","1032","1032","1032","1032",NA,NA,NA,NA,NA,NA,NA,NA,NA,NA,NA,NA,NA,NA,NA,NA,NA,NA,NA,NA,NA,NA,NA,NA,NA,NA,NA,NA,NA,NA,NA,NA,NA,NA,NA,NA,NA,NA,NA,NA,NA,NA,NA,NA,NA,NA,"CA","petrale sole","petrale_sole",NA,NA,"675","total_catch_wt_kg ~ 0 + factor(year) + pass","delta_lognormal","TRUE","iid, iid","05_6","factor(year)2023","-5.96828258327928","3.8316474153166","-13.4781735187558","1.54160835219724"
"1033","1033","1033","1033","1033","1033",NA,NA,NA,NA,NA,NA,NA,NA,NA,NA,NA,NA,NA,NA,NA,NA,NA,NA,NA,NA,NA,NA,NA,NA,NA,NA,NA,NA,NA,NA,NA,NA,NA,NA,NA,NA,NA,NA,NA,NA,NA,NA,NA,NA,NA,NA,"CA","petrale sole","petrale_sole",NA,NA,"675","total_catch_wt_kg ~ 0 + factor(year) + pass","delta_lognormal","TRUE","iid, iid","05_6","factor(year)2024","-5.67215525808402","3.83086594393864","-13.1805145378048","1.83620402163675"
"1034","1034","1034","1034","1034","1034",NA,NA,NA,NA,NA,NA,NA,NA,NA,NA,NA,NA,NA,NA,NA,NA,NA,NA,NA,NA,NA,NA,NA,NA,NA,NA,NA,NA,NA,NA,NA,NA,NA,NA,NA,NA,NA,NA,NA,NA,NA,NA,NA,NA,NA,NA,"CA","petrale sole","petrale_sole",NA,NA,"675","total_catch_wt_kg ~ 0 + factor(year) + pass","delta_lognormal","TRUE","iid, iid","05_6","pass","0.0552018564700711","0.0975517887797047","-0.135996136165609","0.246399849105751"
"1035","1035","1035","1035","1035",NA,NA,NA,NA,NA,NA,NA,NA,NA,NA,NA,NA,NA,NA,NA,NA,NA,NA,NA,NA,NA,NA,NA,NA,NA,NA,NA,NA,NA,NA,NA,NA,NA,NA,NA,NA,NA,NA,NA,NA,NA,NA,NA,NA,NA,NA,NA,"CA","petrale sole","petrale_sole",NA,NA,"675","total_catch_wt_kg ~ 0 + factor(year) + pass","delta_lognormal","TRUE","iid, iid","05_7","factor(year)2003","-4.68264507379464","2.99995136761286","-10.5624417096875","1.19715156209826"
"1036","1036","1036","1036","1036",NA,NA,NA,NA,NA,NA,NA,NA,NA,NA,NA,NA,NA,NA,NA,NA,NA,NA,NA,NA,NA,NA,NA,NA,NA,NA,NA,NA,NA,NA,NA,NA,NA,NA,NA,NA,NA,NA,NA,NA,NA,NA,NA,NA,NA,NA,NA,"CA","petrale sole","petrale_sole",NA,NA,"675","total_catch_wt_kg ~ 0 + factor(year) + pass","delta_lognormal","TRUE","iid, iid","05_7","factor(year)2004","-4.23503220449546","3.00235222005","-10.1195344246973","1.64947001570641"
"1037","1037","1037","1037","1037",NA,NA,NA,NA,NA,NA,NA,NA,NA,NA,NA,NA,NA,NA,NA,NA,NA,NA,NA,NA,NA,NA,NA,NA,NA,NA,NA,NA,NA,NA,NA,NA,NA,NA,NA,NA,NA,NA,NA,NA,NA,NA,NA,NA,NA,NA,NA,"CA","petrale sole","petrale_sole",NA,NA,"675","total_catch_wt_kg ~ 0 + factor(year) + pass","delta_lognormal","TRUE","iid, iid","05_7","factor(year)2005","-4.30070855495239","2.99812313283497","-10.1769219165253","1.57550480662055"
"1038","1038","1038","1038","1038",NA,NA,NA,NA,NA,NA,NA,NA,NA,NA,NA,NA,NA,NA,NA,NA,NA,NA,NA,NA,NA,NA,NA,NA,NA,NA,NA,NA,NA,NA,NA,NA,NA,NA,NA,NA,NA,NA,NA,NA,NA,NA,NA,NA,NA,NA,NA,"CA","petrale sole","petrale_sole",NA,NA,"675","total_catch_wt_kg ~ 0 + factor(year) + pass","delta_lognormal","TRUE","iid, iid","05_7","factor(year)2006","-4.7740860902314","2.99915859851894","-10.6523289272521","1.10415674678935"
"1039","1039","1039","1039","1039",NA,NA,NA,NA,NA,NA,NA,NA,NA,NA,NA,NA,NA,NA,NA,NA,NA,NA,NA,NA,NA,NA,NA,NA,NA,NA,NA,NA,NA,NA,NA,NA,NA,NA,NA,NA,NA,NA,NA,NA,NA,NA,NA,NA,NA,NA,NA,"CA","petrale sole","petrale_sole",NA,NA,"675","total_catch_wt_kg ~ 0 + factor(year) + pass","delta_lognormal","TRUE","iid, iid","05_7","factor(year)2007","-4.71965709403809","2.998978590529","-10.5975471218816","1.15823293380544"
"1040","1040","1040","1040","1040",NA,NA,NA,NA,NA,NA,NA,NA,NA,NA,NA,NA,NA,NA,NA,NA,NA,NA,NA,NA,NA,NA,NA,NA,NA,NA,NA,NA,NA,NA,NA,NA,NA,NA,NA,NA,NA,NA,NA,NA,NA,NA,NA,NA,NA,NA,NA,"CA","petrale sole","petrale_sole",NA,NA,"675","total_catch_wt_kg ~ 0 + factor(year) + pass","delta_lognormal","TRUE","iid, iid","05_7","factor(year)2008","-4.92397610506874","2.99982417861893","-10.8035234551143","0.955571244976817"
"1041","1041","1041","1041","1041",NA,NA,NA,NA,NA,NA,NA,NA,NA,NA,NA,NA,NA,NA,NA,NA,NA,NA,NA,NA,NA,NA,NA,NA,NA,NA,NA,NA,NA,NA,NA,NA,NA,NA,NA,NA,NA,NA,NA,NA,NA,NA,NA,NA,NA,NA,NA,"CA","petrale sole","petrale_sole",NA,NA,"675","total_catch_wt_kg ~ 0 + factor(year) + pass","delta_lognormal","TRUE","iid, iid","05_7","factor(year)2009","-4.23104002551125","2.99856844342011","-10.108126179793","1.6460461287705"
"1042","1042","1042","1042","1042",NA,NA,NA,NA,NA,NA,NA,NA,NA,NA,NA,NA,NA,NA,NA,NA,NA,NA,NA,NA,NA,NA,NA,NA,NA,NA,NA,NA,NA,NA,NA,NA,NA,NA,NA,NA,NA,NA,NA,NA,NA,NA,NA,NA,NA,NA,NA,"CA","petrale sole","petrale_sole",NA,NA,"675","total_catch_wt_kg ~ 0 + factor(year) + pass","delta_lognormal","TRUE","iid, iid","05_7","factor(year)2010","-3.88917058726305","2.99526809692615","-9.75978818128013","1.98144700675403"
"1043","1043","1043","1043","1043",NA,NA,NA,NA,NA,NA,NA,NA,NA,NA,NA,NA,NA,NA,NA,NA,NA,NA,NA,NA,NA,NA,NA,NA,NA,NA,NA,NA,NA,NA,NA,NA,NA,NA,NA,NA,NA,NA,NA,NA,NA,NA,NA,NA,NA,NA,NA,"CA","petrale sole","petrale_sole",NA,NA,"675","total_catch_wt_kg ~ 0 + factor(year) + pass","delta_lognormal","TRUE","iid, iid","05_7","factor(year)2011","-3.7595318862724","2.99934727830868","-9.63814452888564","2.11908075634084"
"1044","1044","1044","1044","1044",NA,NA,NA,NA,NA,NA,NA,NA,NA,NA,NA,NA,NA,NA,NA,NA,NA,NA,NA,NA,NA,NA,NA,NA,NA,NA,NA,NA,NA,NA,NA,NA,NA,NA,NA,NA,NA,NA,NA,NA,NA,NA,NA,NA,NA,NA,NA,"CA","petrale sole","petrale_sole",NA,NA,"675","total_catch_wt_kg ~ 0 + factor(year) + pass","delta_lognormal","TRUE","iid, iid","05_7","factor(year)2012","-3.90835786743534","2.99827051308989","-9.78486008899996","1.96814435412928"
"1045","1045","1045","1045","1045",NA,NA,NA,NA,NA,NA,NA,NA,NA,NA,NA,NA,NA,NA,NA,NA,NA,NA,NA,NA,NA,NA,NA,NA,NA,NA,NA,NA,NA,NA,NA,NA,NA,NA,NA,NA,NA,NA,NA,NA,NA,NA,NA,NA,NA,NA,NA,"CA","petrale sole","petrale_sole",NA,NA,"675","total_catch_wt_kg ~ 0 + factor(year) + pass","delta_lognormal","TRUE","iid, iid","05_7","factor(year)2013","-3.82291116438808","2.99943697235292","-9.70169960409766","2.0558772753215"
"1046","1046","1046","1046","1046",NA,NA,NA,NA,NA,NA,NA,NA,NA,NA,NA,NA,NA,NA,NA,NA,NA,NA,NA,NA,NA,NA,NA,NA,NA,NA,NA,NA,NA,NA,NA,NA,NA,NA,NA,NA,NA,NA,NA,NA,NA,NA,NA,NA,NA,NA,NA,"CA","petrale sole","petrale_sole",NA,NA,"675","total_catch_wt_kg ~ 0 + factor(year) + pass","delta_lognormal","TRUE","iid, iid","05_7","factor(year)2014","-3.55089368278822","2.99742948906887","-9.42574752756151","2.32396016198506"
"1047","1047","1047","1047","1047",NA,NA,NA,NA,NA,NA,NA,NA,NA,NA,NA,NA,NA,NA,NA,NA,NA,NA,NA,NA,NA,NA,NA,NA,NA,NA,NA,NA,NA,NA,NA,NA,NA,NA,NA,NA,NA,NA,NA,NA,NA,NA,NA,NA,NA,NA,NA,"CA","petrale sole","petrale_sole",NA,NA,"675","total_catch_wt_kg ~ 0 + factor(year) + pass","delta_lognormal","TRUE","iid, iid","05_7","factor(year)2015","-3.51212437218715","2.99809033164836","-9.38827344461568","2.36402470024138"
"1048","1048","1048","1048","1048",NA,NA,NA,NA,NA,NA,NA,NA,NA,NA,NA,NA,NA,NA,NA,NA,NA,NA,NA,NA,NA,NA,NA,NA,NA,NA,NA,NA,NA,NA,NA,NA,NA,NA,NA,NA,NA,NA,NA,NA,NA,NA,NA,NA,NA,NA,NA,"CA","petrale sole","petrale_sole",NA,NA,"675","total_catch_wt_kg ~ 0 + factor(year) + pass","delta_lognormal","TRUE","iid, iid","05_7","factor(year)2016","-3.80763958998415","2.99783918824136","-9.68329643038001","2.06801725041171"
"1049","1049","1049","1049","1049",NA,NA,NA,NA,NA,NA,NA,NA,NA,NA,NA,NA,NA,NA,NA,NA,NA,NA,NA,NA,NA,NA,NA,NA,NA,NA,NA,NA,NA,NA,NA,NA,NA,NA,NA,NA,NA,NA,NA,NA,NA,NA,NA,NA,NA,NA,NA,"CA","petrale sole","petrale_sole",NA,NA,"675","total_catch_wt_kg ~ 0 + factor(year) + pass","delta_lognormal","TRUE","iid, iid","05_7","factor(year)2017","-3.77003426050129","2.99757111561595","-9.6451656882061","2.10509716720352"
"1050","1050","1050","1050","1050",NA,NA,NA,NA,NA,NA,NA,NA,NA,NA,NA,NA,NA,NA,NA,NA,NA,NA,NA,NA,NA,NA,NA,NA,NA,NA,NA,NA,NA,NA,NA,NA,NA,NA,NA,NA,NA,NA,NA,NA,NA,NA,NA,NA,NA,NA,NA,"CA","petrale sole","petrale_sole",NA,NA,"675","total_catch_wt_kg ~ 0 + factor(year) + pass","delta_lognormal","TRUE","iid, iid","05_7","factor(year)2018","-4.34913502252305","2.99808819473014","-10.2252799066688","1.52700986162273"
"1051","1051","1051","1051","1051",NA,NA,NA,NA,NA,NA,NA,NA,NA,NA,NA,NA,NA,NA,NA,NA,NA,NA,NA,NA,NA,NA,NA,NA,NA,NA,NA,NA,NA,NA,NA,NA,NA,NA,NA,NA,NA,NA,NA,NA,NA,NA,NA,NA,NA,NA,NA,"CA","petrale sole","petrale_sole",NA,NA,"675","total_catch_wt_kg ~ 0 + factor(year) + pass","delta_lognormal","TRUE","iid, iid","05_7","factor(year)2019","-4.32655684545084","3.0050046022385","-10.2162576392154","1.56314394831374"
"1052","1052","1052","1052","1052",NA,NA,NA,NA,NA,NA,NA,NA,NA,NA,NA,NA,NA,NA,NA,NA,NA,NA,NA,NA,NA,NA,NA,NA,NA,NA,NA,NA,NA,NA,NA,NA,NA,NA,NA,NA,NA,NA,NA,NA,NA,NA,NA,NA,NA,NA,NA,"CA","petrale sole","petrale_sole",NA,NA,"675","total_catch_wt_kg ~ 0 + factor(year) + pass","delta_lognormal","TRUE","iid, iid","05_7","factor(year)2021","-4.19138935382065","2.99818971806145","-10.0677332200394","1.6849545123981"
"1053","1053","1053","1053","1053",NA,NA,NA,NA,NA,NA,NA,NA,NA,NA,NA,NA,NA,NA,NA,NA,NA,NA,NA,NA,NA,NA,NA,NA,NA,NA,NA,NA,NA,NA,NA,NA,NA,NA,NA,NA,NA,NA,NA,NA,NA,NA,NA,NA,NA,NA,NA,"CA","petrale sole","petrale_sole",NA,NA,"675","total_catch_wt_kg ~ 0 + factor(year) + pass","delta_lognormal","TRUE","iid, iid","05_7","factor(year)2022","-4.36408630470193","2.99963027939317","-10.2432536192484","1.5150810098445"
"1054","1054","1054","1054","1054",NA,NA,NA,NA,NA,NA,NA,NA,NA,NA,NA,NA,NA,NA,NA,NA,NA,NA,NA,NA,NA,NA,NA,NA,NA,NA,NA,NA,NA,NA,NA,NA,NA,NA,NA,NA,NA,NA,NA,NA,NA,NA,NA,NA,NA,NA,NA,"CA","petrale sole","petrale_sole",NA,NA,"675","total_catch_wt_kg ~ 0 + factor(year) + pass","delta_lognormal","TRUE","iid, iid","05_7","factor(year)2023","-4.45117559422753","2.99835589846873","-10.3278451680595","1.42549397960442"
"1055","1055","1055","1055","1055",NA,NA,NA,NA,NA,NA,NA,NA,NA,NA,NA,NA,NA,NA,NA,NA,NA,NA,NA,NA,NA,NA,NA,NA,NA,NA,NA,NA,NA,NA,NA,NA,NA,NA,NA,NA,NA,NA,NA,NA,NA,NA,NA,NA,NA,NA,NA,"CA","petrale sole","petrale_sole",NA,NA,"675","total_catch_wt_kg ~ 0 + factor(year) + pass","delta_lognormal","TRUE","iid, iid","05_7","factor(year)2024","-4.28228488023916","2.99833339459069","-10.1589103472806","1.59434058680231"
"1056","1056","1056","1056","1056",NA,NA,NA,NA,NA,NA,NA,NA,NA,NA,NA,NA,NA,NA,NA,NA,NA,NA,NA,NA,NA,NA,NA,NA,NA,NA,NA,NA,NA,NA,NA,NA,NA,NA,NA,NA,NA,NA,NA,NA,NA,NA,NA,NA,NA,NA,NA,"CA","petrale sole","petrale_sole",NA,NA,"675","total_catch_wt_kg ~ 0 + factor(year) + pass","delta_lognormal","TRUE","iid, iid","05_7","pass","0.178685879535826","0.095992825047866","-0.00945660033224535","0.366828359403898"
"1057","1057","1057","1057",NA,NA,NA,NA,NA,NA,NA,NA,NA,NA,NA,NA,NA,NA,NA,NA,NA,NA,NA,NA,NA,NA,NA,NA,NA,NA,NA,NA,NA,NA,NA,NA,NA,NA,NA,NA,NA,NA,NA,NA,NA,NA,NA,NA,NA,NA,NA,NA,"CA","petrale sole","petrale_sole",NA,NA,"675","total_catch_wt_kg ~ 0 + factor(year) + pass","delta_lognormal","TRUE","iid, iid","05_8","factor(year)2003","-4.85640507309549","3.13592594737014","-11.0027069881256","1.28989684193463"
"1058","1058","1058","1058",NA,NA,NA,NA,NA,NA,NA,NA,NA,NA,NA,NA,NA,NA,NA,NA,NA,NA,NA,NA,NA,NA,NA,NA,NA,NA,NA,NA,NA,NA,NA,NA,NA,NA,NA,NA,NA,NA,NA,NA,NA,NA,NA,NA,NA,NA,NA,NA,"CA","petrale sole","petrale_sole",NA,NA,"675","total_catch_wt_kg ~ 0 + factor(year) + pass","delta_lognormal","TRUE","iid, iid","05_8","factor(year)2004","-4.90675734524576","3.14090142140277","-11.0628110101858","1.24929631969433"
"1059","1059","1059","1059",NA,NA,NA,NA,NA,NA,NA,NA,NA,NA,NA,NA,NA,NA,NA,NA,NA,NA,NA,NA,NA,NA,NA,NA,NA,NA,NA,NA,NA,NA,NA,NA,NA,NA,NA,NA,NA,NA,NA,NA,NA,NA,NA,NA,NA,NA,NA,NA,"CA","petrale sole","petrale_sole",NA,NA,"675","total_catch_wt_kg ~ 0 + factor(year) + pass","delta_lognormal","TRUE","iid, iid","05_8","factor(year)2005","-4.33309149511809","3.13676088826359","-10.4810298642286","1.8148468739924"
"1060","1060","1060","1060",NA,NA,NA,NA,NA,NA,NA,NA,NA,NA,NA,NA,NA,NA,NA,NA,NA,NA,NA,NA,NA,NA,NA,NA,NA,NA,NA,NA,NA,NA,NA,NA,NA,NA,NA,NA,NA,NA,NA,NA,NA,NA,NA,NA,NA,NA,NA,NA,"CA","petrale sole","petrale_sole",NA,NA,"675","total_catch_wt_kg ~ 0 + factor(year) + pass","delta_lognormal","TRUE","iid, iid","05_8","factor(year)2006","-4.71346111870886","3.136069899888","-10.8600451754895","1.43312293807176"
"1061","1061","1061","1061",NA,NA,NA,NA,NA,NA,NA,NA,NA,NA,NA,NA,NA,NA,NA,NA,NA,NA,NA,NA,NA,NA,NA,NA,NA,NA,NA,NA,NA,NA,NA,NA,NA,NA,NA,NA,NA,NA,NA,NA,NA,NA,NA,NA,NA,NA,NA,NA,"CA","petrale sole","petrale_sole",NA,NA,"675","total_catch_wt_kg ~ 0 + factor(year) + pass","delta_lognormal","TRUE","iid, iid","05_8","factor(year)2007","-4.84599514515457","3.13474258683295","-10.9899777161511","1.29798742584194"
"1062","1062","1062","1062",NA,NA,NA,NA,NA,NA,NA,NA,NA,NA,NA,NA,NA,NA,NA,NA,NA,NA,NA,NA,NA,NA,NA,NA,NA,NA,NA,NA,NA,NA,NA,NA,NA,NA,NA,NA,NA,NA,NA,NA,NA,NA,NA,NA,NA,NA,NA,NA,"CA","petrale sole","petrale_sole",NA,NA,"675","total_catch_wt_kg ~ 0 + factor(year) + pass","delta_lognormal","TRUE","iid, iid","05_8","factor(year)2008","-5.01659924843629","3.13546884103725","-11.1620052515168","1.12880675464427"
"1063","1063","1063","1063",NA,NA,NA,NA,NA,NA,NA,NA,NA,NA,NA,NA,NA,NA,NA,NA,NA,NA,NA,NA,NA,NA,NA,NA,NA,NA,NA,NA,NA,NA,NA,NA,NA,NA,NA,NA,NA,NA,NA,NA,NA,NA,NA,NA,NA,NA,NA,NA,"CA","petrale sole","petrale_sole",NA,NA,"675","total_catch_wt_kg ~ 0 + factor(year) + pass","delta_lognormal","TRUE","iid, iid","05_8","factor(year)2009","-4.62825274341514","3.13410700595862","-10.7709895987887","1.51448411195842"
"1064","1064","1064","1064",NA,NA,NA,NA,NA,NA,NA,NA,NA,NA,NA,NA,NA,NA,NA,NA,NA,NA,NA,NA,NA,NA,NA,NA,NA,NA,NA,NA,NA,NA,NA,NA,NA,NA,NA,NA,NA,NA,NA,NA,NA,NA,NA,NA,NA,NA,NA,NA,"CA","petrale sole","petrale_sole",NA,NA,"675","total_catch_wt_kg ~ 0 + factor(year) + pass","delta_lognormal","TRUE","iid, iid","05_8","factor(year)2010","-3.97963492633595","3.13305814445403","-10.1203160509357","2.16104619826384"
"1065","1065","1065","1065",NA,NA,NA,NA,NA,NA,NA,NA,NA,NA,NA,NA,NA,NA,NA,NA,NA,NA,NA,NA,NA,NA,NA,NA,NA,NA,NA,NA,NA,NA,NA,NA,NA,NA,NA,NA,NA,NA,NA,NA,NA,NA,NA,NA,NA,NA,NA,NA,"CA","petrale sole","petrale_sole",NA,NA,"675","total_catch_wt_kg ~ 0 + factor(year) + pass","delta_lognormal","TRUE","iid, iid","05_8","factor(year)2011","-3.8025850668717","3.13512990518006","-9.94732676787909","2.34215663413569"
"1066","1066","1066","1066",NA,NA,NA,NA,NA,NA,NA,NA,NA,NA,NA,NA,NA,NA,NA,NA,NA,NA,NA,NA,NA,NA,NA,NA,NA,NA,NA,NA,NA,NA,NA,NA,NA,NA,NA,NA,NA,NA,NA,NA,NA,NA,NA,NA,NA,NA,NA,NA,"CA","petrale sole","petrale_sole",NA,NA,"675","total_catch_wt_kg ~ 0 + factor(year) + pass","delta_lognormal","TRUE","iid, iid","05_8","factor(year)2012","-4.13685164209098","3.13682133174733","-10.2849084782527","2.01120519407075"
"1067","1067","1067","1067",NA,NA,NA,NA,NA,NA,NA,NA,NA,NA,NA,NA,NA,NA,NA,NA,NA,NA,NA,NA,NA,NA,NA,NA,NA,NA,NA,NA,NA,NA,NA,NA,NA,NA,NA,NA,NA,NA,NA,NA,NA,NA,NA,NA,NA,NA,NA,NA,"CA","petrale sole","petrale_sole",NA,NA,"675","total_catch_wt_kg ~ 0 + factor(year) + pass","delta_lognormal","TRUE","iid, iid","05_8","factor(year)2013","-4.04039378340066","3.13695436244779","-10.1887113549441","2.10792378814282"
"1068","1068","1068","1068",NA,NA,NA,NA,NA,NA,NA,NA,NA,NA,NA,NA,NA,NA,NA,NA,NA,NA,NA,NA,NA,NA,NA,NA,NA,NA,NA,NA,NA,NA,NA,NA,NA,NA,NA,NA,NA,NA,NA,NA,NA,NA,NA,NA,NA,NA,NA,NA,"CA","petrale sole","petrale_sole",NA,NA,"675","total_catch_wt_kg ~ 0 + factor(year) + pass","delta_lognormal","TRUE","iid, iid","05_8","factor(year)2014","-3.29797608770659","3.13349602430053","-9.43951544103508","2.8435632656219"
"1069","1069","1069","1069",NA,NA,NA,NA,NA,NA,NA,NA,NA,NA,NA,NA,NA,NA,NA,NA,NA,NA,NA,NA,NA,NA,NA,NA,NA,NA,NA,NA,NA,NA,NA,NA,NA,NA,NA,NA,NA,NA,NA,NA,NA,NA,NA,NA,NA,NA,NA,NA,"CA","petrale sole","petrale_sole",NA,NA,"675","total_catch_wt_kg ~ 0 + factor(year) + pass","delta_lognormal","TRUE","iid, iid","05_8","factor(year)2015","-3.93967856639222","3.13628446920959","-10.0866831713153","2.20732603853089"
"1070","1070","1070","1070",NA,NA,NA,NA,NA,NA,NA,NA,NA,NA,NA,NA,NA,NA,NA,NA,NA,NA,NA,NA,NA,NA,NA,NA,NA,NA,NA,NA,NA,NA,NA,NA,NA,NA,NA,NA,NA,NA,NA,NA,NA,NA,NA,NA,NA,NA,NA,NA,"CA","petrale sole","petrale_sole",NA,NA,"675","total_catch_wt_kg ~ 0 + factor(year) + pass","delta_lognormal","TRUE","iid, iid","05_8","factor(year)2016","-3.95129185977271","3.13339674151691","-10.092636622421","2.19005290287559"
"1071","1071","1071","1071",NA,NA,NA,NA,NA,NA,NA,NA,NA,NA,NA,NA,NA,NA,NA,NA,NA,NA,NA,NA,NA,NA,NA,NA,NA,NA,NA,NA,NA,NA,NA,NA,NA,NA,NA,NA,NA,NA,NA,NA,NA,NA,NA,NA,NA,NA,NA,NA,"CA","petrale sole","petrale_sole",NA,NA,"675","total_catch_wt_kg ~ 0 + factor(year) + pass","delta_lognormal","TRUE","iid, iid","05_8","factor(year)2017","-4.06217843427508","3.13457999751012","-10.2058423360546","2.08148546750441"
"1072","1072","1072","1072",NA,NA,NA,NA,NA,NA,NA,NA,NA,NA,NA,NA,NA,NA,NA,NA,NA,NA,NA,NA,NA,NA,NA,NA,NA,NA,NA,NA,NA,NA,NA,NA,NA,NA,NA,NA,NA,NA,NA,NA,NA,NA,NA,NA,NA,NA,NA,NA,"CA","petrale sole","petrale_sole",NA,NA,"675","total_catch_wt_kg ~ 0 + factor(year) + pass","delta_lognormal","TRUE","iid, iid","05_8","factor(year)2018","-4.38186294092933","3.13477089354003","-10.5259009920522","1.76217511019358"
"1073","1073","1073","1073",NA,NA,NA,NA,NA,NA,NA,NA,NA,NA,NA,NA,NA,NA,NA,NA,NA,NA,NA,NA,NA,NA,NA,NA,NA,NA,NA,NA,NA,NA,NA,NA,NA,NA,NA,NA,NA,NA,NA,NA,NA,NA,NA,NA,NA,NA,NA,NA,"CA","petrale sole","petrale_sole",NA,NA,"675","total_catch_wt_kg ~ 0 + factor(year) + pass","delta_lognormal","TRUE","iid, iid","05_8","factor(year)2019","-4.1944383255382","3.1421394902436","-10.3529185608167","1.9640419097403"
"1074","1074","1074","1074",NA,NA,NA,NA,NA,NA,NA,NA,NA,NA,NA,NA,NA,NA,NA,NA,NA,NA,NA,NA,NA,NA,NA,NA,NA,NA,NA,NA,NA,NA,NA,NA,NA,NA,NA,NA,NA,NA,NA,NA,NA,NA,NA,NA,NA,NA,NA,NA,"CA","petrale sole","petrale_sole",NA,NA,"675","total_catch_wt_kg ~ 0 + factor(year) + pass","delta_lognormal","TRUE","iid, iid","05_8","factor(year)2021","-4.57711476659497","3.1339502229807","-10.7195443329784","1.56531479978848"
"1075","1075","1075","1075",NA,NA,NA,NA,NA,NA,NA,NA,NA,NA,NA,NA,NA,NA,NA,NA,NA,NA,NA,NA,NA,NA,NA,NA,NA,NA,NA,NA,NA,NA,NA,NA,NA,NA,NA,NA,NA,NA,NA,NA,NA,NA,NA,NA,NA,NA,NA,NA,"CA","petrale sole","petrale_sole",NA,NA,"675","total_catch_wt_kg ~ 0 + factor(year) + pass","delta_lognormal","TRUE","iid, iid","05_8","factor(year)2022","-4.53049215123735","3.1343381162229","-10.6736819744054","1.61269767193065"
"1076","1076","1076","1076",NA,NA,NA,NA,NA,NA,NA,NA,NA,NA,NA,NA,NA,NA,NA,NA,NA,NA,NA,NA,NA,NA,NA,NA,NA,NA,NA,NA,NA,NA,NA,NA,NA,NA,NA,NA,NA,NA,NA,NA,NA,NA,NA,NA,NA,NA,NA,NA,"CA","petrale sole","petrale_sole",NA,NA,"675","total_catch_wt_kg ~ 0 + factor(year) + pass","delta_lognormal","TRUE","iid, iid","05_8","factor(year)2023","-4.61844213424053","3.13555731456968","-10.7640215422582","1.52713727377717"
"1077","1077","1077","1077",NA,NA,NA,NA,NA,NA,NA,NA,NA,NA,NA,NA,NA,NA,NA,NA,NA,NA,NA,NA,NA,NA,NA,NA,NA,NA,NA,NA,NA,NA,NA,NA,NA,NA,NA,NA,NA,NA,NA,NA,NA,NA,NA,NA,NA,NA,NA,NA,"CA","petrale sole","petrale_sole",NA,NA,"675","total_catch_wt_kg ~ 0 + factor(year) + pass","delta_lognormal","TRUE","iid, iid","05_8","factor(year)2024","-4.39851337426951","3.13564305919064","-10.5442608386562","1.74723409011714"
"1078","1078","1078","1078",NA,NA,NA,NA,NA,NA,NA,NA,NA,NA,NA,NA,NA,NA,NA,NA,NA,NA,NA,NA,NA,NA,NA,NA,NA,NA,NA,NA,NA,NA,NA,NA,NA,NA,NA,NA,NA,NA,NA,NA,NA,NA,NA,NA,NA,NA,NA,NA,"CA","petrale sole","petrale_sole",NA,NA,"675","total_catch_wt_kg ~ 0 + factor(year) + pass","delta_lognormal","TRUE","iid, iid","05_8","pass","0.0567895609419617","0.101766809251259","-0.142669720012064","0.256248841895987"
"1079","1079","1079",NA,NA,NA,NA,NA,NA,NA,NA,NA,NA,NA,NA,NA,NA,NA,NA,NA,NA,NA,NA,NA,NA,NA,NA,NA,NA,NA,NA,NA,NA,NA,NA,NA,NA,NA,NA,NA,NA,NA,NA,NA,NA,NA,NA,NA,NA,NA,NA,NA,"CA","petrale sole","petrale_sole",NA,NA,"675","total_catch_wt_kg ~ 0 + factor(year) + pass","delta_lognormal","TRUE","iid, iid","05_9","factor(year)2003","-4.80428363493886","4.42329969568324","-13.473791731305","3.86522446142727"
"1080","1080","1080",NA,NA,NA,NA,NA,NA,NA,NA,NA,NA,NA,NA,NA,NA,NA,NA,NA,NA,NA,NA,NA,NA,NA,NA,NA,NA,NA,NA,NA,NA,NA,NA,NA,NA,NA,NA,NA,NA,NA,NA,NA,NA,NA,NA,NA,NA,NA,NA,NA,"CA","petrale sole","petrale_sole",NA,NA,"675","total_catch_wt_kg ~ 0 + factor(year) + pass","delta_lognormal","TRUE","iid, iid","05_9","factor(year)2004","-4.85209452863044","4.42551688923808","-13.5259482445108","3.82175918724993"
"1081","1081","1081",NA,NA,NA,NA,NA,NA,NA,NA,NA,NA,NA,NA,NA,NA,NA,NA,NA,NA,NA,NA,NA,NA,NA,NA,NA,NA,NA,NA,NA,NA,NA,NA,NA,NA,NA,NA,NA,NA,NA,NA,NA,NA,NA,NA,NA,NA,NA,NA,NA,"CA","petrale sole","petrale_sole",NA,NA,"675","total_catch_wt_kg ~ 0 + factor(year) + pass","delta_lognormal","TRUE","iid, iid","05_9","factor(year)2005","-4.77823385043389","4.42363313557971","-13.4483954769881","3.89192777612034"
"1082","1082","1082",NA,NA,NA,NA,NA,NA,NA,NA,NA,NA,NA,NA,NA,NA,NA,NA,NA,NA,NA,NA,NA,NA,NA,NA,NA,NA,NA,NA,NA,NA,NA,NA,NA,NA,NA,NA,NA,NA,NA,NA,NA,NA,NA,NA,NA,NA,NA,NA,NA,"CA","petrale sole","petrale_sole",NA,NA,"675","total_catch_wt_kg ~ 0 + factor(year) + pass","delta_lognormal","TRUE","iid, iid","05_9","factor(year)2006","-4.88095217063438","4.42453352807156","-13.5528785340446","3.79097419277582"
"1083","1083","1083",NA,NA,NA,NA,NA,NA,NA,NA,NA,NA,NA,NA,NA,NA,NA,NA,NA,NA,NA,NA,NA,NA,NA,NA,NA,NA,NA,NA,NA,NA,NA,NA,NA,NA,NA,NA,NA,NA,NA,NA,NA,NA,NA,NA,NA,NA,NA,NA,NA,"CA","petrale sole","petrale_sole",NA,NA,"675","total_catch_wt_kg ~ 0 + factor(year) + pass","delta_lognormal","TRUE","iid, iid","05_9","factor(year)2007","-5.0059122390056","4.42247196900139","-13.6737980208863","3.66197354287506"
"1084","1084","1084",NA,NA,NA,NA,NA,NA,NA,NA,NA,NA,NA,NA,NA,NA,NA,NA,NA,NA,NA,NA,NA,NA,NA,NA,NA,NA,NA,NA,NA,NA,NA,NA,NA,NA,NA,NA,NA,NA,NA,NA,NA,NA,NA,NA,NA,NA,NA,NA,NA,"CA","petrale sole","petrale_sole",NA,NA,"675","total_catch_wt_kg ~ 0 + factor(year) + pass","delta_lognormal","TRUE","iid, iid","05_9","factor(year)2008","-4.91516280541294","4.42330516253166","-13.5846816166051","3.75435600577919"
"1085","1085","1085",NA,NA,NA,NA,NA,NA,NA,NA,NA,NA,NA,NA,NA,NA,NA,NA,NA,NA,NA,NA,NA,NA,NA,NA,NA,NA,NA,NA,NA,NA,NA,NA,NA,NA,NA,NA,NA,NA,NA,NA,NA,NA,NA,NA,NA,NA,NA,NA,NA,"CA","petrale sole","petrale_sole",NA,NA,"675","total_catch_wt_kg ~ 0 + factor(year) + pass","delta_lognormal","TRUE","iid, iid","05_9","factor(year)2009","-4.68028516284745","4.42273272409453","-13.3486820153195","3.98811168962456"
"1086","1086","1086",NA,NA,NA,NA,NA,NA,NA,NA,NA,NA,NA,NA,NA,NA,NA,NA,NA,NA,NA,NA,NA,NA,NA,NA,NA,NA,NA,NA,NA,NA,NA,NA,NA,NA,NA,NA,NA,NA,NA,NA,NA,NA,NA,NA,NA,NA,NA,NA,NA,"CA","petrale sole","petrale_sole",NA,NA,"675","total_catch_wt_kg ~ 0 + factor(year) + pass","delta_lognormal","TRUE","iid, iid","05_9","factor(year)2010","-4.1199597240661","4.42196874217987","-12.7868591995005","4.54693975136832"
"1087","1087","1087",NA,NA,NA,NA,NA,NA,NA,NA,NA,NA,NA,NA,NA,NA,NA,NA,NA,NA,NA,NA,NA,NA,NA,NA,NA,NA,NA,NA,NA,NA,NA,NA,NA,NA,NA,NA,NA,NA,NA,NA,NA,NA,NA,NA,NA,NA,NA,NA,NA,"CA","petrale sole","petrale_sole",NA,NA,"675","total_catch_wt_kg ~ 0 + factor(year) + pass","delta_lognormal","TRUE","iid, iid","05_9","factor(year)2011","-4.15412281289765","4.42159873079051","-12.8202970793351","4.51205145353977"
"1088","1088","1088",NA,NA,NA,NA,NA,NA,NA,NA,NA,NA,NA,NA,NA,NA,NA,NA,NA,NA,NA,NA,NA,NA,NA,NA,NA,NA,NA,NA,NA,NA,NA,NA,NA,NA,NA,NA,NA,NA,NA,NA,NA,NA,NA,NA,NA,NA,NA,NA,NA,"CA","petrale sole","petrale_sole",NA,NA,"675","total_catch_wt_kg ~ 0 + factor(year) + pass","delta_lognormal","TRUE","iid, iid","05_9","factor(year)2012","-4.58994786161541","4.42255594195669","-13.2579982274641","4.07810250423331"
"1089","1089","1089",NA,NA,NA,NA,NA,NA,NA,NA,NA,NA,NA,NA,NA,NA,NA,NA,NA,NA,NA,NA,NA,NA,NA,NA,NA,NA,NA,NA,NA,NA,NA,NA,NA,NA,NA,NA,NA,NA,NA,NA,NA,NA,NA,NA,NA,NA,NA,NA,NA,"CA","petrale sole","petrale_sole",NA,NA,"675","total_catch_wt_kg ~ 0 + factor(year) + pass","delta_lognormal","TRUE","iid, iid","05_9","factor(year)2013","-4.30221139769857","4.42522001319394","-12.9754832472246","4.37106045182742"
"1090","1090","1090",NA,NA,NA,NA,NA,NA,NA,NA,NA,NA,NA,NA,NA,NA,NA,NA,NA,NA,NA,NA,NA,NA,NA,NA,NA,NA,NA,NA,NA,NA,NA,NA,NA,NA,NA,NA,NA,NA,NA,NA,NA,NA,NA,NA,NA,NA,NA,NA,NA,"CA","petrale sole","petrale_sole",NA,NA,"675","total_catch_wt_kg ~ 0 + factor(year) + pass","delta_lognormal","TRUE","iid, iid","05_9","factor(year)2014","-3.96821593405845","4.42279380283184","-12.6367324986558","4.7003006305389"
"1091","1091","1091",NA,NA,NA,NA,NA,NA,NA,NA,NA,NA,NA,NA,NA,NA,NA,NA,NA,NA,NA,NA,NA,NA,NA,NA,NA,NA,NA,NA,NA,NA,NA,NA,NA,NA,NA,NA,NA,NA,NA,NA,NA,NA,NA,NA,NA,NA,NA,NA,NA,"CA","petrale sole","petrale_sole",NA,NA,"675","total_catch_wt_kg ~ 0 + factor(year) + pass","delta_lognormal","TRUE","iid, iid","05_9","factor(year)2015","-4.19741222555578","4.42280932419084","-12.8659592114578","4.4711347603462"
"1092","1092","1092",NA,NA,NA,NA,NA,NA,NA,NA,NA,NA,NA,NA,NA,NA,NA,NA,NA,NA,NA,NA,NA,NA,NA,NA,NA,NA,NA,NA,NA,NA,NA,NA,NA,NA,NA,NA,NA,NA,NA,NA,NA,NA,NA,NA,NA,NA,NA,NA,NA,"CA","petrale sole","petrale_sole",NA,NA,"675","total_catch_wt_kg ~ 0 + factor(year) + pass","delta_lognormal","TRUE","iid, iid","05_9","factor(year)2016","-4.15098429492415","4.42253933196935","-12.8190021057959","4.5170335159476"
"1093","1093","1093",NA,NA,NA,NA,NA,NA,NA,NA,NA,NA,NA,NA,NA,NA,NA,NA,NA,NA,NA,NA,NA,NA,NA,NA,NA,NA,NA,NA,NA,NA,NA,NA,NA,NA,NA,NA,NA,NA,NA,NA,NA,NA,NA,NA,NA,NA,NA,NA,NA,"CA","petrale sole","petrale_sole",NA,NA,"675","total_catch_wt_kg ~ 0 + factor(year) + pass","delta_lognormal","TRUE","iid, iid","05_9","factor(year)2017","-4.30574436114798","4.42278792614208","-12.9742494076451","4.3627606853491"
"1094","1094","1094",NA,NA,NA,NA,NA,NA,NA,NA,NA,NA,NA,NA,NA,NA,NA,NA,NA,NA,NA,NA,NA,NA,NA,NA,NA,NA,NA,NA,NA,NA,NA,NA,NA,NA,NA,NA,NA,NA,NA,NA,NA,NA,NA,NA,NA,NA,NA,NA,NA,"CA","petrale sole","petrale_sole",NA,NA,"675","total_catch_wt_kg ~ 0 + factor(year) + pass","delta_lognormal","TRUE","iid, iid","05_9","factor(year)2018","-4.69423937968829","4.42279247342993","-13.3627533387058","3.9742745793292"
"1095","1095","1095",NA,NA,NA,NA,NA,NA,NA,NA,NA,NA,NA,NA,NA,NA,NA,NA,NA,NA,NA,NA,NA,NA,NA,NA,NA,NA,NA,NA,NA,NA,NA,NA,NA,NA,NA,NA,NA,NA,NA,NA,NA,NA,NA,NA,NA,NA,NA,NA,NA,"CA","petrale sole","petrale_sole",NA,NA,"675","total_catch_wt_kg ~ 0 + factor(year) + pass","delta_lognormal","TRUE","iid, iid","05_9","factor(year)2019","-4.35696401348688","4.42666146852124","-13.0330610635397","4.31913303656592"
"1096","1096","1096",NA,NA,NA,NA,NA,NA,NA,NA,NA,NA,NA,NA,NA,NA,NA,NA,NA,NA,NA,NA,NA,NA,NA,NA,NA,NA,NA,NA,NA,NA,NA,NA,NA,NA,NA,NA,NA,NA,NA,NA,NA,NA,NA,NA,NA,NA,NA,NA,NA,"CA","petrale sole","petrale_sole",NA,NA,"675","total_catch_wt_kg ~ 0 + factor(year) + pass","delta_lognormal","TRUE","iid, iid","05_9","factor(year)2021","-4.70747766624015","4.42274604245511","-13.3759006222192","3.96094528973892"
"1097","1097","1097",NA,NA,NA,NA,NA,NA,NA,NA,NA,NA,NA,NA,NA,NA,NA,NA,NA,NA,NA,NA,NA,NA,NA,NA,NA,NA,NA,NA,NA,NA,NA,NA,NA,NA,NA,NA,NA,NA,NA,NA,NA,NA,NA,NA,NA,NA,NA,NA,NA,"CA","petrale sole","petrale_sole",NA,NA,"675","total_catch_wt_kg ~ 0 + factor(year) + pass","delta_lognormal","TRUE","iid, iid","05_9","factor(year)2022","-4.64481229198831","4.42336632216687","-13.3144509738628","4.02482638988615"
"1098","1098","1098",NA,NA,NA,NA,NA,NA,NA,NA,NA,NA,NA,NA,NA,NA,NA,NA,NA,NA,NA,NA,NA,NA,NA,NA,NA,NA,NA,NA,NA,NA,NA,NA,NA,NA,NA,NA,NA,NA,NA,NA,NA,NA,NA,NA,NA,NA,NA,NA,NA,"CA","petrale sole","petrale_sole",NA,NA,"675","total_catch_wt_kg ~ 0 + factor(year) + pass","delta_lognormal","TRUE","iid, iid","05_9","factor(year)2023","-4.84513444334803","4.42305608340199","-13.5141650684167","3.82389618172066"
"1099","1099","1099",NA,NA,NA,NA,NA,NA,NA,NA,NA,NA,NA,NA,NA,NA,NA,NA,NA,NA,NA,NA,NA,NA,NA,NA,NA,NA,NA,NA,NA,NA,NA,NA,NA,NA,NA,NA,NA,NA,NA,NA,NA,NA,NA,NA,NA,NA,NA,NA,NA,"CA","petrale sole","petrale_sole",NA,NA,"675","total_catch_wt_kg ~ 0 + factor(year) + pass","delta_lognormal","TRUE","iid, iid","05_9","factor(year)2024","-4.60943468100687","4.4227456276159","-13.277856823916","4.05898746190229"
"1100","1100","1100",NA,NA,NA,NA,NA,NA,NA,NA,NA,NA,NA,NA,NA,NA,NA,NA,NA,NA,NA,NA,NA,NA,NA,NA,NA,NA,NA,NA,NA,NA,NA,NA,NA,NA,NA,NA,NA,NA,NA,NA,NA,NA,NA,NA,NA,NA,NA,NA,NA,"CA","petrale sole","petrale_sole",NA,NA,"675","total_catch_wt_kg ~ 0 + factor(year) + pass","delta_lognormal","TRUE","iid, iid","05_9","pass","0.00294614034077078","0.0944197293271099","-0.182113128570385","0.188005409251927"
"1101","1101",NA,NA,NA,NA,NA,NA,NA,NA,NA,NA,NA,NA,NA,NA,NA,NA,NA,NA,NA,NA,NA,NA,NA,NA,NA,NA,NA,NA,NA,NA,NA,NA,NA,NA,NA,NA,NA,NA,NA,NA,NA,NA,NA,NA,NA,NA,NA,NA,NA,NA,"CA","petrale sole","petrale_sole",NA,NA,"675","total_catch_wt_kg ~ 0 + factor(year) + pass","delta_lognormal","TRUE","iid, iid","06_1","factor(year)2003","-4.44783424295886","3.14492437980347","-10.6117727614756","1.71610427555791"
"1102","1102",NA,NA,NA,NA,NA,NA,NA,NA,NA,NA,NA,NA,NA,NA,NA,NA,NA,NA,NA,NA,NA,NA,NA,NA,NA,NA,NA,NA,NA,NA,NA,NA,NA,NA,NA,NA,NA,NA,NA,NA,NA,NA,NA,NA,NA,NA,NA,NA,NA,NA,"CA","petrale sole","petrale_sole",NA,NA,"675","total_catch_wt_kg ~ 0 + factor(year) + pass","delta_lognormal","TRUE","iid, iid","06_1","factor(year)2004","-4.54118665919519","3.1472752753811","-10.7097328483755","1.62735952998514"
"1103","1103",NA,NA,NA,NA,NA,NA,NA,NA,NA,NA,NA,NA,NA,NA,NA,NA,NA,NA,NA,NA,NA,NA,NA,NA,NA,NA,NA,NA,NA,NA,NA,NA,NA,NA,NA,NA,NA,NA,NA,NA,NA,NA,NA,NA,NA,NA,NA,NA,NA,NA,"CA","petrale sole","petrale_sole",NA,NA,"675","total_catch_wt_kg ~ 0 + factor(year) + pass","delta_lognormal","TRUE","iid, iid","06_1","factor(year)2005","-4.40883972077674","3.14521427450143","-10.5733464224608","1.75566698090733"
"1104","1104",NA,NA,NA,NA,NA,NA,NA,NA,NA,NA,NA,NA,NA,NA,NA,NA,NA,NA,NA,NA,NA,NA,NA,NA,NA,NA,NA,NA,NA,NA,NA,NA,NA,NA,NA,NA,NA,NA,NA,NA,NA,NA,NA,NA,NA,NA,NA,NA,NA,NA,"CA","petrale sole","petrale_sole",NA,NA,"675","total_catch_wt_kg ~ 0 + factor(year) + pass","delta_lognormal","TRUE","iid, iid","06_1","factor(year)2006","-4.5996338888888","3.14371111720631","-10.7611944564113","1.56192667863375"
"1105","1105",NA,NA,NA,NA,NA,NA,NA,NA,NA,NA,NA,NA,NA,NA,NA,NA,NA,NA,NA,NA,NA,NA,NA,NA,NA,NA,NA,NA,NA,NA,NA,NA,NA,NA,NA,NA,NA,NA,NA,NA,NA,NA,NA,NA,NA,NA,NA,NA,NA,NA,"CA","petrale sole","petrale_sole",NA,NA,"675","total_catch_wt_kg ~ 0 + factor(year) + pass","delta_lognormal","TRUE","iid, iid","06_1","factor(year)2007","-4.89231280042763","3.14380185479453","-11.0540512103551","1.26942560949986"
"1106","1106",NA,NA,NA,NA,NA,NA,NA,NA,NA,NA,NA,NA,NA,NA,NA,NA,NA,NA,NA,NA,NA,NA,NA,NA,NA,NA,NA,NA,NA,NA,NA,NA,NA,NA,NA,NA,NA,NA,NA,NA,NA,NA,NA,NA,NA,NA,NA,NA,NA,NA,"CA","petrale sole","petrale_sole",NA,NA,"675","total_catch_wt_kg ~ 0 + factor(year) + pass","delta_lognormal","TRUE","iid, iid","06_1","factor(year)2008","-4.82176354805431","3.14407530677545","-10.9840379140159","1.34051081790729"
"1107","1107",NA,NA,NA,NA,NA,NA,NA,NA,NA,NA,NA,NA,NA,NA,NA,NA,NA,NA,NA,NA,NA,NA,NA,NA,NA,NA,NA,NA,NA,NA,NA,NA,NA,NA,NA,NA,NA,NA,NA,NA,NA,NA,NA,NA,NA,NA,NA,NA,NA,NA,"CA","petrale sole","petrale_sole",NA,NA,"675","total_catch_wt_kg ~ 0 + factor(year) + pass","delta_lognormal","TRUE","iid, iid","06_1","factor(year)2009","-4.16284466536209","3.14413457765431","-10.3252352001116","1.99954586938741"
"1108","1108",NA,NA,NA,NA,NA,NA,NA,NA,NA,NA,NA,NA,NA,NA,NA,NA,NA,NA,NA,NA,NA,NA,NA,NA,NA,NA,NA,NA,NA,NA,NA,NA,NA,NA,NA,NA,NA,NA,NA,NA,NA,NA,NA,NA,NA,NA,NA,NA,NA,NA,"CA","petrale sole","petrale_sole",NA,NA,"675","total_catch_wt_kg ~ 0 + factor(year) + pass","delta_lognormal","TRUE","iid, iid","06_1","factor(year)2010","-3.80418614519333","3.14287207877261","-9.96410222760418","2.35572993721752"
"1109","1109",NA,NA,NA,NA,NA,NA,NA,NA,NA,NA,NA,NA,NA,NA,NA,NA,NA,NA,NA,NA,NA,NA,NA,NA,NA,NA,NA,NA,NA,NA,NA,NA,NA,NA,NA,NA,NA,NA,NA,NA,NA,NA,NA,NA,NA,NA,NA,NA,NA,NA,"CA","petrale sole","petrale_sole",NA,NA,"675","total_catch_wt_kg ~ 0 + factor(year) + pass","delta_lognormal","TRUE","iid, iid","06_1","factor(year)2011","-3.67573805565514","3.1438146162767","-9.83750147762809","2.48602536631781"
"1110","1110",NA,NA,NA,NA,NA,NA,NA,NA,NA,NA,NA,NA,NA,NA,NA,NA,NA,NA,NA,NA,NA,NA,NA,NA,NA,NA,NA,NA,NA,NA,NA,NA,NA,NA,NA,NA,NA,NA,NA,NA,NA,NA,NA,NA,NA,NA,NA,NA,NA,NA,"CA","petrale sole","petrale_sole",NA,NA,"675","total_catch_wt_kg ~ 0 + factor(year) + pass","delta_lognormal","TRUE","iid, iid","06_1","factor(year)2012","-3.96160453577455","3.14548933675952","-10.126650349578","2.20344127802889"
"1111","1111",NA,NA,NA,NA,NA,NA,NA,NA,NA,NA,NA,NA,NA,NA,NA,NA,NA,NA,NA,NA,NA,NA,NA,NA,NA,NA,NA,NA,NA,NA,NA,NA,NA,NA,NA,NA,NA,NA,NA,NA,NA,NA,NA,NA,NA,NA,NA,NA,NA,NA,"CA","petrale sole","petrale_sole",NA,NA,"675","total_catch_wt_kg ~ 0 + factor(year) + pass","delta_lognormal","TRUE","iid, iid","06_1","factor(year)2013","-3.77173430154257","3.14356972586916","-9.93301774713656","2.38954914405143"
"1112","1112",NA,NA,NA,NA,NA,NA,NA,NA,NA,NA,NA,NA,NA,NA,NA,NA,NA,NA,NA,NA,NA,NA,NA,NA,NA,NA,NA,NA,NA,NA,NA,NA,NA,NA,NA,NA,NA,NA,NA,NA,NA,NA,NA,NA,NA,NA,NA,NA,NA,NA,"CA","petrale sole","petrale_sole",NA,NA,"675","total_catch_wt_kg ~ 0 + factor(year) + pass","delta_lognormal","TRUE","iid, iid","06_1","factor(year)2014","-3.55678626403206","3.1437751748628","-9.71847238225425","2.60489985419013"
"1113","1113",NA,NA,NA,NA,NA,NA,NA,NA,NA,NA,NA,NA,NA,NA,NA,NA,NA,NA,NA,NA,NA,NA,NA,NA,NA,NA,NA,NA,NA,NA,NA,NA,NA,NA,NA,NA,NA,NA,NA,NA,NA,NA,NA,NA,NA,NA,NA,NA,NA,NA,"CA","petrale sole","petrale_sole",NA,NA,"675","total_catch_wt_kg ~ 0 + factor(year) + pass","delta_lognormal","TRUE","iid, iid","06_1","factor(year)2015","-3.7606186072308","3.14485594870563","-9.92442300326037","2.40318578879877"
"1114","1114",NA,NA,NA,NA,NA,NA,NA,NA,NA,NA,NA,NA,NA,NA,NA,NA,NA,NA,NA,NA,NA,NA,NA,NA,NA,NA,NA,NA,NA,NA,NA,NA,NA,NA,NA,NA,NA,NA,NA,NA,NA,NA,NA,NA,NA,NA,NA,NA,NA,NA,"CA","petrale sole","petrale_sole",NA,NA,"675","total_catch_wt_kg ~ 0 + factor(year) + pass","delta_lognormal","TRUE","iid, iid","06_1","factor(year)2016","-3.71656190169392","3.14439486169061","-9.87946258378031","2.44633878039248"
"1115","1115",NA,NA,NA,NA,NA,NA,NA,NA,NA,NA,NA,NA,NA,NA,NA,NA,NA,NA,NA,NA,NA,NA,NA,NA,NA,NA,NA,NA,NA,NA,NA,NA,NA,NA,NA,NA,NA,NA,NA,NA,NA,NA,NA,NA,NA,NA,NA,NA,NA,NA,"CA","petrale sole","petrale_sole",NA,NA,"675","total_catch_wt_kg ~ 0 + factor(year) + pass","delta_lognormal","TRUE","iid, iid","06_1","factor(year)2017","-3.87808423632995","3.14283872994254","-10.0379349562349","2.28176648357503"
"1116","1116",NA,NA,NA,NA,NA,NA,NA,NA,NA,NA,NA,NA,NA,NA,NA,NA,NA,NA,NA,NA,NA,NA,NA,NA,NA,NA,NA,NA,NA,NA,NA,NA,NA,NA,NA,NA,NA,NA,NA,NA,NA,NA,NA,NA,NA,NA,NA,NA,NA,NA,"CA","petrale sole","petrale_sole",NA,NA,"675","total_catch_wt_kg ~ 0 + factor(year) + pass","delta_lognormal","TRUE","iid, iid","06_1","factor(year)2018","-4.10881080493303","3.14362766698684","-10.2702078130309","2.05258620316486"
"1117","1117",NA,NA,NA,NA,NA,NA,NA,NA,NA,NA,NA,NA,NA,NA,NA,NA,NA,NA,NA,NA,NA,NA,NA,NA,NA,NA,NA,NA,NA,NA,NA,NA,NA,NA,NA,NA,NA,NA,NA,NA,NA,NA,NA,NA,NA,NA,NA,NA,NA,NA,"CA","petrale sole","petrale_sole",NA,NA,"675","total_catch_wt_kg ~ 0 + factor(year) + pass","delta_lognormal","TRUE","iid, iid","06_1","factor(year)2019","-4.08314038173352","3.15018347172677","-10.2573865310113","2.0911057675443"
"1118","1118",NA,NA,NA,NA,NA,NA,NA,NA,NA,NA,NA,NA,NA,NA,NA,NA,NA,NA,NA,NA,NA,NA,NA,NA,NA,NA,NA,NA,NA,NA,NA,NA,NA,NA,NA,NA,NA,NA,NA,NA,NA,NA,NA,NA,NA,NA,NA,NA,NA,NA,"CA","petrale sole","petrale_sole",NA,NA,"675","total_catch_wt_kg ~ 0 + factor(year) + pass","delta_lognormal","TRUE","iid, iid","06_1","factor(year)2021","-4.22807224348899","3.14382134382322","-10.3898488512108","1.93370436423284"
"1119","1119",NA,NA,NA,NA,NA,NA,NA,NA,NA,NA,NA,NA,NA,NA,NA,NA,NA,NA,NA,NA,NA,NA,NA,NA,NA,NA,NA,NA,NA,NA,NA,NA,NA,NA,NA,NA,NA,NA,NA,NA,NA,NA,NA,NA,NA,NA,NA,NA,NA,NA,"CA","petrale sole","petrale_sole",NA,NA,"675","total_catch_wt_kg ~ 0 + factor(year) + pass","delta_lognormal","TRUE","iid, iid","06_1","factor(year)2022","-4.45976523465635","3.14470934479239","-10.623282292296","1.70375182298329"
"1120","1120",NA,NA,NA,NA,NA,NA,NA,NA,NA,NA,NA,NA,NA,NA,NA,NA,NA,NA,NA,NA,NA,NA,NA,NA,NA,NA,NA,NA,NA,NA,NA,NA,NA,NA,NA,NA,NA,NA,NA,NA,NA,NA,NA,NA,NA,NA,NA,NA,NA,NA,"CA","petrale sole","petrale_sole",NA,NA,"675","total_catch_wt_kg ~ 0 + factor(year) + pass","delta_lognormal","TRUE","iid, iid","06_1","factor(year)2023","-4.48101790851781","3.14451115736647","-10.6441465259405","1.68211070890484"
"1121","1121",NA,NA,NA,NA,NA,NA,NA,NA,NA,NA,NA,NA,NA,NA,NA,NA,NA,NA,NA,NA,NA,NA,NA,NA,NA,NA,NA,NA,NA,NA,NA,NA,NA,NA,NA,NA,NA,NA,NA,NA,NA,NA,NA,NA,NA,NA,NA,NA,NA,NA,"CA","petrale sole","petrale_sole",NA,NA,"675","total_catch_wt_kg ~ 0 + factor(year) + pass","delta_lognormal","TRUE","iid, iid","06_1","factor(year)2024","-4.29101080444753","3.14262173941514","-10.4504362307338","1.86841462183876"
"1122","1122",NA,NA,NA,NA,NA,NA,NA,NA,NA,NA,NA,NA,NA,NA,NA,NA,NA,NA,NA,NA,NA,NA,NA,NA,NA,NA,NA,NA,NA,NA,NA,NA,NA,NA,NA,NA,NA,NA,NA,NA,NA,NA,NA,NA,NA,NA,NA,NA,NA,NA,"CA","petrale sole","petrale_sole",NA,NA,"675","total_catch_wt_kg ~ 0 + factor(year) + pass","delta_lognormal","TRUE","iid, iid","06_1","pass","-0.00717520453383266","0.0871959210030095","-0.178076069298531","0.163725660230866"
"1123",NA,NA,NA,NA,NA,NA,NA,NA,NA,NA,NA,NA,NA,NA,NA,NA,NA,NA,NA,NA,NA,NA,NA,NA,NA,NA,NA,NA,NA,NA,NA,NA,NA,NA,NA,NA,NA,NA,NA,NA,NA,NA,NA,NA,NA,NA,NA,NA,NA,NA,NA,"CA","petrale sole","petrale_sole",NA,NA,"675","total_catch_wt_kg ~ 0 + factor(year) + pass","delta_lognormal","TRUE","iid, iid","06_10","factor(year)2003","-3.78415007531233","2.61694638245815","-8.91327073440268","1.34497058377802"
"1124",NA,NA,NA,NA,NA,NA,NA,NA,NA,NA,NA,NA,NA,NA,NA,NA,NA,NA,NA,NA,NA,NA,NA,NA,NA,NA,NA,NA,NA,NA,NA,NA,NA,NA,NA,NA,NA,NA,NA,NA,NA,NA,NA,NA,NA,NA,NA,NA,NA,NA,NA,"CA","petrale sole","petrale_sole",NA,NA,"675","total_catch_wt_kg ~ 0 + factor(year) + pass","delta_lognormal","TRUE","iid, iid","06_10","factor(year)2004","-3.40352377669463","2.6196912903705","-8.53802435643407","1.73097680304482"
"1125",NA,NA,NA,NA,NA,NA,NA,NA,NA,NA,NA,NA,NA,NA,NA,NA,NA,NA,NA,NA,NA,NA,NA,NA,NA,NA,NA,NA,NA,NA,NA,NA,NA,NA,NA,NA,NA,NA,NA,NA,NA,NA,NA,NA,NA,NA,NA,NA,NA,NA,NA,"CA","petrale sole","petrale_sole",NA,NA,"675","total_catch_wt_kg ~ 0 + factor(year) + pass","delta_lognormal","TRUE","iid, iid","06_10","factor(year)2005","-3.68004293716957","2.6179378983685","-8.81110693173432","1.45102105739517"
"1126",NA,NA,NA,NA,NA,NA,NA,NA,NA,NA,NA,NA,NA,NA,NA,NA,NA,NA,NA,NA,NA,NA,NA,NA,NA,NA,NA,NA,NA,NA,NA,NA,NA,NA,NA,NA,NA,NA,NA,NA,NA,NA,NA,NA,NA,NA,NA,NA,NA,NA,NA,"CA","petrale sole","petrale_sole",NA,NA,"675","total_catch_wt_kg ~ 0 + factor(year) + pass","delta_lognormal","TRUE","iid, iid","06_10","factor(year)2006","-3.48724889179587","2.61574471861699","-8.61401433303603","1.63951654944429"
"1127",NA,NA,NA,NA,NA,NA,NA,NA,NA,NA,NA,NA,NA,NA,NA,NA,NA,NA,NA,NA,NA,NA,NA,NA,NA,NA,NA,NA,NA,NA,NA,NA,NA,NA,NA,NA,NA,NA,NA,NA,NA,NA,NA,NA,NA,NA,NA,NA,NA,NA,NA,"CA","petrale sole","petrale_sole",NA,NA,"675","total_catch_wt_kg ~ 0 + factor(year) + pass","delta_lognormal","TRUE","iid, iid","06_10","factor(year)2007","-4.01013336269197","2.61631053678781","-9.13800778716874","1.1177410617848"
"1128",NA,NA,NA,NA,NA,NA,NA,NA,NA,NA,NA,NA,NA,NA,NA,NA,NA,NA,NA,NA,NA,NA,NA,NA,NA,NA,NA,NA,NA,NA,NA,NA,NA,NA,NA,NA,NA,NA,NA,NA,NA,NA,NA,NA,NA,NA,NA,NA,NA,NA,NA,"CA","petrale sole","petrale_sole",NA,NA,"675","total_catch_wt_kg ~ 0 + factor(year) + pass","delta_lognormal","TRUE","iid, iid","06_10","factor(year)2008","-3.95843370925276","2.61643936544469","-9.08656063325719","1.16969321475167"
"1129",NA,NA,NA,NA,NA,NA,NA,NA,NA,NA,NA,NA,NA,NA,NA,NA,NA,NA,NA,NA,NA,NA,NA,NA,NA,NA,NA,NA,NA,NA,NA,NA,NA,NA,NA,NA,NA,NA,NA,NA,NA,NA,NA,NA,NA,NA,NA,NA,NA,NA,NA,"CA","petrale sole","petrale_sole",NA,NA,"675","total_catch_wt_kg ~ 0 + factor(year) + pass","delta_lognormal","TRUE","iid, iid","06_10","factor(year)2009","-3.55052657150453","2.6159110829145","-8.67761808077612","1.57656493776707"
"1130",NA,NA,NA,NA,NA,NA,NA,NA,NA,NA,NA,NA,NA,NA,NA,NA,NA,NA,NA,NA,NA,NA,NA,NA,NA,NA,NA,NA,NA,NA,NA,NA,NA,NA,NA,NA,NA,NA,NA,NA,NA,NA,NA,NA,NA,NA,NA,NA,NA,NA,NA,"CA","petrale sole","petrale_sole",NA,NA,"675","total_catch_wt_kg ~ 0 + factor(year) + pass","delta_lognormal","TRUE","iid, iid","06_10","factor(year)2010","-2.9172762400591","2.6159790480096","-8.04450095846929","2.20994847835109"
"1131",NA,NA,NA,NA,NA,NA,NA,NA,NA,NA,NA,NA,NA,NA,NA,NA,NA,NA,NA,NA,NA,NA,NA,NA,NA,NA,NA,NA,NA,NA,NA,NA,NA,NA,NA,NA,NA,NA,NA,NA,NA,NA,NA,NA,NA,NA,NA,NA,NA,NA,NA,"CA","petrale sole","petrale_sole",NA,NA,"675","total_catch_wt_kg ~ 0 + factor(year) + pass","delta_lognormal","TRUE","iid, iid","06_10","factor(year)2011","-2.90893911219687","2.61599505017621","-8.0361951942773","2.21831696988357"
"1132",NA,NA,NA,NA,NA,NA,NA,NA,NA,NA,NA,NA,NA,NA,NA,NA,NA,NA,NA,NA,NA,NA,NA,NA,NA,NA,NA,NA,NA,NA,NA,NA,NA,NA,NA,NA,NA,NA,NA,NA,NA,NA,NA,NA,NA,NA,NA,NA,NA,NA,NA,"CA","petrale sole","petrale_sole",NA,NA,"675","total_catch_wt_kg ~ 0 + factor(year) + pass","delta_lognormal","TRUE","iid, iid","06_10","factor(year)2012","-3.42133704328092","2.61572318115747","-8.5480602718761","1.70538618531425"
"1133",NA,NA,NA,NA,NA,NA,NA,NA,NA,NA,NA,NA,NA,NA,NA,NA,NA,NA,NA,NA,NA,NA,NA,NA,NA,NA,NA,NA,NA,NA,NA,NA,NA,NA,NA,NA,NA,NA,NA,NA,NA,NA,NA,NA,NA,NA,NA,NA,NA,NA,NA,"CA","petrale sole","petrale_sole",NA,NA,"675","total_catch_wt_kg ~ 0 + factor(year) + pass","delta_lognormal","TRUE","iid, iid","06_10","factor(year)2013","-2.95190438259742","2.61733571633528","-8.08178812206491","2.17797935687008"
"1134",NA,NA,NA,NA,NA,NA,NA,NA,NA,NA,NA,NA,NA,NA,NA,NA,NA,NA,NA,NA,NA,NA,NA,NA,NA,NA,NA,NA,NA,NA,NA,NA,NA,NA,NA,NA,NA,NA,NA,NA,NA,NA,NA,NA,NA,NA,NA,NA,NA,NA,NA,"CA","petrale sole","petrale_sole",NA,NA,"675","total_catch_wt_kg ~ 0 + factor(year) + pass","delta_lognormal","TRUE","iid, iid","06_10","factor(year)2014","-2.9354061593598","2.61550919852162","-8.06170998969541","2.1908976709758"
"1135",NA,NA,NA,NA,NA,NA,NA,NA,NA,NA,NA,NA,NA,NA,NA,NA,NA,NA,NA,NA,NA,NA,NA,NA,NA,NA,NA,NA,NA,NA,NA,NA,NA,NA,NA,NA,NA,NA,NA,NA,NA,NA,NA,NA,NA,NA,NA,NA,NA,NA,NA,"CA","petrale sole","petrale_sole",NA,NA,"675","total_catch_wt_kg ~ 0 + factor(year) + pass","delta_lognormal","TRUE","iid, iid","06_10","factor(year)2015","-3.02113024494063","2.61652449838001","-8.14942402643218","2.10716353655091"
"1136",NA,NA,NA,NA,NA,NA,NA,NA,NA,NA,NA,NA,NA,NA,NA,NA,NA,NA,NA,NA,NA,NA,NA,NA,NA,NA,NA,NA,NA,NA,NA,NA,NA,NA,NA,NA,NA,NA,NA,NA,NA,NA,NA,NA,NA,NA,NA,NA,NA,NA,NA,"CA","petrale sole","petrale_sole",NA,NA,"675","total_catch_wt_kg ~ 0 + factor(year) + pass","delta_lognormal","TRUE","iid, iid","06_10","factor(year)2016","-3.01009555642055","2.61439830474299","-8.13422207495938","2.11403096211827"
"1137",NA,NA,NA,NA,NA,NA,NA,NA,NA,NA,NA,NA,NA,NA,NA,NA,NA,NA,NA,NA,NA,NA,NA,NA,NA,NA,NA,NA,NA,NA,NA,NA,NA,NA,NA,NA,NA,NA,NA,NA,NA,NA,NA,NA,NA,NA,NA,NA,NA,NA,NA,"CA","petrale sole","petrale_sole",NA,NA,"675","total_catch_wt_kg ~ 0 + factor(year) + pass","delta_lognormal","TRUE","iid, iid","06_10","factor(year)2017","-3.27899579031799","2.61591502013513","-8.40609501640021","1.84810343576423"
"1138",NA,NA,NA,NA,NA,NA,NA,NA,NA,NA,NA,NA,NA,NA,NA,NA,NA,NA,NA,NA,NA,NA,NA,NA,NA,NA,NA,NA,NA,NA,NA,NA,NA,NA,NA,NA,NA,NA,NA,NA,NA,NA,NA,NA,NA,NA,NA,NA,NA,NA,NA,"CA","petrale sole","petrale_sole",NA,NA,"675","total_catch_wt_kg ~ 0 + factor(year) + pass","delta_lognormal","TRUE","iid, iid","06_10","factor(year)2018","-3.56499388644672","2.61488394643187","-8.69007224520515","1.56008447231171"
"1139",NA,NA,NA,NA,NA,NA,NA,NA,NA,NA,NA,NA,NA,NA,NA,NA,NA,NA,NA,NA,NA,NA,NA,NA,NA,NA,NA,NA,NA,NA,NA,NA,NA,NA,NA,NA,NA,NA,NA,NA,NA,NA,NA,NA,NA,NA,NA,NA,NA,NA,NA,"CA","petrale sole","petrale_sole",NA,NA,"675","total_catch_wt_kg ~ 0 + factor(year) + pass","delta_lognormal","TRUE","iid, iid","06_10","factor(year)2019","-3.65041478099381","2.62090546689468","-8.78729510299151","1.4864655410039"
"1140",NA,NA,NA,NA,NA,NA,NA,NA,NA,NA,NA,NA,NA,NA,NA,NA,NA,NA,NA,NA,NA,NA,NA,NA,NA,NA,NA,NA,NA,NA,NA,NA,NA,NA,NA,NA,NA,NA,NA,NA,NA,NA,NA,NA,NA,NA,NA,NA,NA,NA,NA,"CA","petrale sole","petrale_sole",NA,NA,"675","total_catch_wt_kg ~ 0 + factor(year) + pass","delta_lognormal","TRUE","iid, iid","06_10","factor(year)2021","-3.81919167060567","2.61621737036023","-8.94688349223981","1.30850015102846"
"1141",NA,NA,NA,NA,NA,NA,NA,NA,NA,NA,NA,NA,NA,NA,NA,NA,NA,NA,NA,NA,NA,NA,NA,NA,NA,NA,NA,NA,NA,NA,NA,NA,NA,NA,NA,NA,NA,NA,NA,NA,NA,NA,NA,NA,NA,NA,NA,NA,NA,NA,NA,"CA","petrale sole","petrale_sole",NA,NA,"675","total_catch_wt_kg ~ 0 + factor(year) + pass","delta_lognormal","TRUE","iid, iid","06_10","factor(year)2022","-3.42860021370043","2.61559858869387","-8.5550792455542","1.69787881815335"
"1142",NA,NA,NA,NA,NA,NA,NA,NA,NA,NA,NA,NA,NA,NA,NA,NA,NA,NA,NA,NA,NA,NA,NA,NA,NA,NA,NA,NA,NA,NA,NA,NA,NA,NA,NA,NA,NA,NA,NA,NA,NA,NA,NA,NA,NA,NA,NA,NA,NA,NA,NA,"CA","petrale sole","petrale_sole",NA,NA,"675","total_catch_wt_kg ~ 0 + factor(year) + pass","delta_lognormal","TRUE","iid, iid","06_10","factor(year)2023","-3.6998875115825","2.61610243479768","-8.82735406365349","1.4275790404885"
"1143",NA,NA,NA,NA,NA,NA,NA,NA,NA,NA,NA,NA,NA,NA,NA,NA,NA,NA,NA,NA,NA,NA,NA,NA,NA,NA,NA,NA,NA,NA,NA,NA,NA,NA,NA,NA,NA,NA,NA,NA,NA,NA,NA,NA,NA,NA,NA,NA,NA,NA,NA,"CA","petrale sole","petrale_sole",NA,NA,"675","total_catch_wt_kg ~ 0 + factor(year) + pass","delta_lognormal","TRUE","iid, iid","06_10","factor(year)2024","-3.21551264951047","2.61469199528011","-8.34021479092466","1.90918949190372"
"1144",NA,NA,NA,NA,NA,NA,NA,NA,NA,NA,NA,NA,NA,NA,NA,NA,NA,NA,NA,NA,NA,NA,NA,NA,NA,NA,NA,NA,NA,NA,NA,NA,NA,NA,NA,NA,NA,NA,NA,NA,NA,NA,NA,NA,NA,NA,NA,NA,NA,NA,NA,"CA","petrale sole","petrale_sole",NA,NA,"675","total_catch_wt_kg ~ 0 + factor(year) + pass","delta_lognormal","TRUE","iid, iid","06_10","pass","0.0854891608090187","0.089077564656485","-0.0890996577482299","0.260077979366267"
