"","X.25","X.24","X.23","X.22","X.21","X.20","X.19","X.18","X.17","X.16","X.15","X.14","X.13","X.12","X.11","X.10","X.9","X.8","X.7","X.6","X.5","X.4","X.3","X.2","X.1","X","srvy","common_name","file_name","filter_lat_gt","filter_lat_lt","filter_depth","model_fn","model_family","model_anisotropy","model_spatiotemporal","effort","term","estimate","std.error","conf.low","conf.high"
"1","1","1","1","1","1","1","1","1","1","1","1","1","1","1","1","1","1","1","1","1","1","1","1","1","1","1","CA","shortspine thornyhead","shortspine_thornyhead",NA,NA,NA,"total_catch_wt_kg ~ 0 + factor(year) + pass + depth_m + (depth_m^2)","delta_gamma","TRUE","iid, iid","01_1","factor(year)2003","-6.81577059873965","1.16586141211255","-9.10081697744526","-4.53072422003404"
"2","2","2","2","2","2","2","2","2","2","2","2","2","2","2","2","2","2","2","2","2","2","2","2","2","2","2","CA","shortspine thornyhead","shortspine_thornyhead",NA,NA,NA,"total_catch_wt_kg ~ 0 + factor(year) + pass + depth_m + (depth_m^2)","delta_gamma","TRUE","iid, iid","01_1","factor(year)2004","-4.52386609587065","1.08691217215439","-6.65417480765145","-2.39355738408984"
"3","3","3","3","3","3","3","3","3","3","3","3","3","3","3","3","3","3","3","3","3","3","3","3","3","3","3","CA","shortspine thornyhead","shortspine_thornyhead",NA,NA,NA,"total_catch_wt_kg ~ 0 + factor(year) + pass + depth_m + (depth_m^2)","delta_gamma","TRUE","iid, iid","01_1","factor(year)2005","-4.6181614907419","1.00932459200569","-6.59640133978363","-2.63992164170017"
"4","4","4","4","4","4","4","4","4","4","4","4","4","4","4","4","4","4","4","4","4","4","4","4","4","4","4","CA","shortspine thornyhead","shortspine_thornyhead",NA,NA,NA,"total_catch_wt_kg ~ 0 + factor(year) + pass + depth_m + (depth_m^2)","delta_gamma","TRUE","iid, iid","01_1","factor(year)2006","-5.38373729024131","1.06964232443568","-7.48019772247496","-3.28727685800767"
"5","5","5","5","5","5","5","5","5","5","5","5","5","5","5","5","5","5","5","5","5","5","5","5","5","5","5","CA","shortspine thornyhead","shortspine_thornyhead",NA,NA,NA,"total_catch_wt_kg ~ 0 + factor(year) + pass + depth_m + (depth_m^2)","delta_gamma","TRUE","iid, iid","01_1","factor(year)2007","-4.74506950061377","1.02019908407866","-6.74462296246869","-2.74551603875884"
"6","6","6","6","6","6","6","6","6","6","6","6","6","6","6","6","6","6","6","6","6","6","6","6","6","6","6","CA","shortspine thornyhead","shortspine_thornyhead",NA,NA,NA,"total_catch_wt_kg ~ 0 + factor(year) + pass + depth_m + (depth_m^2)","delta_gamma","TRUE","iid, iid","01_1","factor(year)2008","-5.42603998432125","1.1289504079918","-7.63874212431698","-3.21333784432553"
"7","7","7","7","7","7","7","7","7","7","7","7","7","7","7","7","7","7","7","7","7","7","7","7","7","7","7","CA","shortspine thornyhead","shortspine_thornyhead",NA,NA,NA,"total_catch_wt_kg ~ 0 + factor(year) + pass + depth_m + (depth_m^2)","delta_gamma","TRUE","iid, iid","01_1","factor(year)2009","-5.21698426396992","1.0551280299084","-7.28499720166908","-3.14897132627075"
"8","8","8","8","8","8","8","8","8","8","8","8","8","8","8","8","8","8","8","8","8","8","8","8","8","8","8","CA","shortspine thornyhead","shortspine_thornyhead",NA,NA,NA,"total_catch_wt_kg ~ 0 + factor(year) + pass + depth_m + (depth_m^2)","delta_gamma","TRUE","iid, iid","01_1","factor(year)2010","-4.86119834918149","1.02282074338885","-6.86589016886412","-2.85650652949886"
"9","9","9","9","9","9","9","9","9","9","9","9","9","9","9","9","9","9","9","9","9","9","9","9","9","9","9","CA","shortspine thornyhead","shortspine_thornyhead",NA,NA,NA,"total_catch_wt_kg ~ 0 + factor(year) + pass + depth_m + (depth_m^2)","delta_gamma","TRUE","iid, iid","01_1","factor(year)2011","-4.7871490215047","1.04886616030139","-6.84288892029825","-2.73140912271116"
"10","10","10","10","10","10","10","10","10","10","10","10","10","10","10","10","10","10","10","10","10","10","10","10","10","10","10","CA","shortspine thornyhead","shortspine_thornyhead",NA,NA,NA,"total_catch_wt_kg ~ 0 + factor(year) + pass + depth_m + (depth_m^2)","delta_gamma","TRUE","iid, iid","01_1","factor(year)2012","-5.61318530602647","1.08698239491246","-7.74363165188399","-3.48273896016895"
"11","11","11","11","11","11","11","11","11","11","11","11","11","11","11","11","11","11","11","11","11","11","11","11","11","11","11","CA","shortspine thornyhead","shortspine_thornyhead",NA,NA,NA,"total_catch_wt_kg ~ 0 + factor(year) + pass + depth_m + (depth_m^2)","delta_gamma","TRUE","iid, iid","01_1","factor(year)2013","-4.64082203785943","1.05250066203773","-6.70368542915794","-2.57795864656092"
"12","12","12","12","12","12","12","12","12","12","12","12","12","12","12","12","12","12","12","12","12","12","12","12","12","12","12","CA","shortspine thornyhead","shortspine_thornyhead",NA,NA,NA,"total_catch_wt_kg ~ 0 + factor(year) + pass + depth_m + (depth_m^2)","delta_gamma","TRUE","iid, iid","01_1","factor(year)2014","-5.35712118660588","1.04525355345878","-7.40578050609759","-3.30846186711417"
"13","13","13","13","13","13","13","13","13","13","13","13","13","13","13","13","13","13","13","13","13","13","13","13","13","13","13","CA","shortspine thornyhead","shortspine_thornyhead",NA,NA,NA,"total_catch_wt_kg ~ 0 + factor(year) + pass + depth_m + (depth_m^2)","delta_gamma","TRUE","iid, iid","01_1","factor(year)2015","-4.85952410439615","1.05032026131639","-6.91811398880896","-2.80093421998334"
"14","14","14","14","14","14","14","14","14","14","14","14","14","14","14","14","14","14","14","14","14","14","14","14","14","14","14","CA","shortspine thornyhead","shortspine_thornyhead",NA,NA,NA,"total_catch_wt_kg ~ 0 + factor(year) + pass + depth_m + (depth_m^2)","delta_gamma","TRUE","iid, iid","01_1","factor(year)2016","-4.77591149616087","1.04980405300088","-6.83348963086678","-2.71833336145496"
"15","15","15","15","15","15","15","15","15","15","15","15","15","15","15","15","15","15","15","15","15","15","15","15","15","15","15","CA","shortspine thornyhead","shortspine_thornyhead",NA,NA,NA,"total_catch_wt_kg ~ 0 + factor(year) + pass + depth_m + (depth_m^2)","delta_gamma","TRUE","iid, iid","01_1","factor(year)2017","-5.3134042904757","1.05396622995468","-7.37914014210833","-3.24766843884307"
"16","16","16","16","16","16","16","16","16","16","16","16","16","16","16","16","16","16","16","16","16","16","16","16","16","16","16","CA","shortspine thornyhead","shortspine_thornyhead",NA,NA,NA,"total_catch_wt_kg ~ 0 + factor(year) + pass + depth_m + (depth_m^2)","delta_gamma","TRUE","iid, iid","01_1","factor(year)2018","-4.95639666620228","1.07329700924258","-7.06002014903228","-2.85277318337228"
"17","17","17","17","17","17","17","17","17","17","17","17","17","17","17","17","17","17","17","17","17","17","17","17","17","17","17","CA","shortspine thornyhead","shortspine_thornyhead",NA,NA,NA,"total_catch_wt_kg ~ 0 + factor(year) + pass + depth_m + (depth_m^2)","delta_gamma","TRUE","iid, iid","01_1","factor(year)2019","-5.13128853457617","1.1678174469942","-7.42016867120231","-2.84240839795004"
"18","18","18","18","18","18","18","18","18","18","18","18","18","18","18","18","18","18","18","18","18","18","18","18","18","18","18","CA","shortspine thornyhead","shortspine_thornyhead",NA,NA,NA,"total_catch_wt_kg ~ 0 + factor(year) + pass + depth_m + (depth_m^2)","delta_gamma","TRUE","iid, iid","01_1","factor(year)2021","-4.54077884969294","1.05186438306364","-6.60239515711812","-2.47916254226776"
"19","19","19","19","19","19","19","19","19","19","19","19","19","19","19","19","19","19","19","19","19","19","19","19","19","19","19","CA","shortspine thornyhead","shortspine_thornyhead",NA,NA,NA,"total_catch_wt_kg ~ 0 + factor(year) + pass + depth_m + (depth_m^2)","delta_gamma","TRUE","iid, iid","01_1","factor(year)2022","-5.39915274716943","1.09307904137185","-7.54154830051382","-3.25675719382504"
"20","20","20","20","20","20","20","20","20","20","20","20","20","20","20","20","20","20","20","20","20","20","20","20","20","20","20","CA","shortspine thornyhead","shortspine_thornyhead",NA,NA,NA,"total_catch_wt_kg ~ 0 + factor(year) + pass + depth_m + (depth_m^2)","delta_gamma","TRUE","iid, iid","01_1","factor(year)2023","-5.10325160556609","1.08508596951848","-7.22998102595203","-2.97652218518014"
"21","21","21","21","21","21","21","21","21","21","21","21","21","21","21","21","21","21","21","21","21","21","21","21","21","21","21","CA","shortspine thornyhead","shortspine_thornyhead",NA,NA,NA,"total_catch_wt_kg ~ 0 + factor(year) + pass + depth_m + (depth_m^2)","delta_gamma","TRUE","iid, iid","01_1","factor(year)2024","-4.79666524370152","1.01062269954846","-6.77744933677514","-2.81588115062789"
"22","22","22","22","22","22","22","22","22","22","22","22","22","22","22","22","22","22","22","22","22","22","22","22","22","22","22","CA","shortspine thornyhead","shortspine_thornyhead",NA,NA,NA,"total_catch_wt_kg ~ 0 + factor(year) + pass + depth_m + (depth_m^2)","delta_gamma","TRUE","iid, iid","01_1","pass","0.0177604407455703","0.246520944655485","-0.465411732213972","0.500932613705112"
"23","23","23","23","23","23","23","23","23","23","23","23","23","23","23","23","23","23","23","23","23","23","23","23","23","23","23","CA","shortspine thornyhead","shortspine_thornyhead",NA,NA,NA,"total_catch_wt_kg ~ 0 + factor(year) + pass + depth_m + (depth_m^2)","delta_gamma","TRUE","iid, iid","01_1","depth_m","0.0111014038251465","0.00121745063098719","0.00871524443545599","0.0134875632148369"
"24","24","24","24","24","24","24","24","24","24","24","24","24","24","24","24","24","24","24","24","24","24","24","24","24","24",NA,"CA","shortspine thornyhead","shortspine_thornyhead",NA,NA,NA,"total_catch_wt_kg ~ 0 + factor(year) + pass + depth_m + (depth_m^2)","delta_gamma","TRUE","iid, iid","01_10","factor(year)2003","-6.32246476634347","1.07511950342482","-8.4296602721327","-4.21526926055424"
"25","25","25","25","25","25","25","25","25","25","25","25","25","25","25","25","25","25","25","25","25","25","25","25","25","25",NA,"CA","shortspine thornyhead","shortspine_thornyhead",NA,NA,NA,"total_catch_wt_kg ~ 0 + factor(year) + pass + depth_m + (depth_m^2)","delta_gamma","TRUE","iid, iid","01_10","factor(year)2004","-4.0062834356108","0.995459561185291","-5.95734832360002","-2.05521854762159"
"26","26","26","26","26","26","26","26","26","26","26","26","26","26","26","26","26","26","26","26","26","26","26","26","26","26",NA,"CA","shortspine thornyhead","shortspine_thornyhead",NA,NA,NA,"total_catch_wt_kg ~ 0 + factor(year) + pass + depth_m + (depth_m^2)","delta_gamma","TRUE","iid, iid","01_10","factor(year)2005","-5.55402915414714","0.990612562068804","-7.49559409843495","-3.61246420985934"
"27","27","27","27","27","27","27","27","27","27","27","27","27","27","27","27","27","27","27","27","27","27","27","27","27","27",NA,"CA","shortspine thornyhead","shortspine_thornyhead",NA,NA,NA,"total_catch_wt_kg ~ 0 + factor(year) + pass + depth_m + (depth_m^2)","delta_gamma","TRUE","iid, iid","01_10","factor(year)2006","-4.45507830469679","0.918674205925568","-6.25564666183683","-2.65450994755674"
"28","28","28","28","28","28","28","28","28","28","28","28","28","28","28","28","28","28","28","28","28","28","28","28","28","28",NA,"CA","shortspine thornyhead","shortspine_thornyhead",NA,NA,NA,"total_catch_wt_kg ~ 0 + factor(year) + pass + depth_m + (depth_m^2)","delta_gamma","TRUE","iid, iid","01_10","factor(year)2007","-4.37137336078434","0.933327665360033","-6.20066197066486","-2.54208475090383"
"29","29","29","29","29","29","29","29","29","29","29","29","29","29","29","29","29","29","29","29","29","29","29","29","29","29",NA,"CA","shortspine thornyhead","shortspine_thornyhead",NA,NA,NA,"total_catch_wt_kg ~ 0 + factor(year) + pass + depth_m + (depth_m^2)","delta_gamma","TRUE","iid, iid","01_10","factor(year)2008","-5.65992720783455","0.991081860640508","-7.60241196042089","-3.71744245524821"
"30","30","30","30","30","30","30","30","30","30","30","30","30","30","30","30","30","30","30","30","30","30","30","30","30","30",NA,"CA","shortspine thornyhead","shortspine_thornyhead",NA,NA,NA,"total_catch_wt_kg ~ 0 + factor(year) + pass + depth_m + (depth_m^2)","delta_gamma","TRUE","iid, iid","01_10","factor(year)2009","-4.74703367622339","0.952056066787018","-6.6130292783888","-2.88103807405797"
"31","31","31","31","31","31","31","31","31","31","31","31","31","31","31","31","31","31","31","31","31","31","31","31","31","31",NA,"CA","shortspine thornyhead","shortspine_thornyhead",NA,NA,NA,"total_catch_wt_kg ~ 0 + factor(year) + pass + depth_m + (depth_m^2)","delta_gamma","TRUE","iid, iid","01_10","factor(year)2010","-4.9309335103801","0.971941380021728","-6.83590361030685","-3.02596341045336"
"32","32","32","32","32","32","32","32","32","32","32","32","32","32","32","32","32","32","32","32","32","32","32","32","32","32",NA,"CA","shortspine thornyhead","shortspine_thornyhead",NA,NA,NA,"total_catch_wt_kg ~ 0 + factor(year) + pass + depth_m + (depth_m^2)","delta_gamma","TRUE","iid, iid","01_10","factor(year)2011","-5.14745793225888","0.967865272873161","-7.04443900897731","-3.25047685554045"
"33","33","33","33","33","33","33","33","33","33","33","33","33","33","33","33","33","33","33","33","33","33","33","33","33","33",NA,"CA","shortspine thornyhead","shortspine_thornyhead",NA,NA,NA,"total_catch_wt_kg ~ 0 + factor(year) + pass + depth_m + (depth_m^2)","delta_gamma","TRUE","iid, iid","01_10","factor(year)2012","-4.92250695748151","0.94933658041555","-6.7831724643024","-3.06184145066062"
"34","34","34","34","34","34","34","34","34","34","34","34","34","34","34","34","34","34","34","34","34","34","34","34","34","34",NA,"CA","shortspine thornyhead","shortspine_thornyhead",NA,NA,NA,"total_catch_wt_kg ~ 0 + factor(year) + pass + depth_m + (depth_m^2)","delta_gamma","TRUE","iid, iid","01_10","factor(year)2013","-5.47061971548009","1.01735057414136","-7.4645902004483","-3.47664923051188"
"35","35","35","35","35","35","35","35","35","35","35","35","35","35","35","35","35","35","35","35","35","35","35","35","35","35",NA,"CA","shortspine thornyhead","shortspine_thornyhead",NA,NA,NA,"total_catch_wt_kg ~ 0 + factor(year) + pass + depth_m + (depth_m^2)","delta_gamma","TRUE","iid, iid","01_10","factor(year)2014","-5.0673008168454","0.982392284024555","-6.99275431222357","-3.14184732146723"
"36","36","36","36","36","36","36","36","36","36","36","36","36","36","36","36","36","36","36","36","36","36","36","36","36","36",NA,"CA","shortspine thornyhead","shortspine_thornyhead",NA,NA,NA,"total_catch_wt_kg ~ 0 + factor(year) + pass + depth_m + (depth_m^2)","delta_gamma","TRUE","iid, iid","01_10","factor(year)2015","-5.70183952886152","0.983538598625245","-7.629539759572","-3.77413929815104"
"37","37","37","37","37","37","37","37","37","37","37","37","37","37","37","37","37","37","37","37","37","37","37","37","37","37",NA,"CA","shortspine thornyhead","shortspine_thornyhead",NA,NA,NA,"total_catch_wt_kg ~ 0 + factor(year) + pass + depth_m + (depth_m^2)","delta_gamma","TRUE","iid, iid","01_10","factor(year)2016","-4.96901480016221","0.96203926496318","-6.85457711120343","-3.08345248912099"
"38","38","38","38","38","38","38","38","38","38","38","38","38","38","38","38","38","38","38","38","38","38","38","38","38","38",NA,"CA","shortspine thornyhead","shortspine_thornyhead",NA,NA,NA,"total_catch_wt_kg ~ 0 + factor(year) + pass + depth_m + (depth_m^2)","delta_gamma","TRUE","iid, iid","01_10","factor(year)2017","-4.93521551289158","0.963598027538466","-6.82383294244081","-3.04659808334235"
"39","39","39","39","39","39","39","39","39","39","39","39","39","39","39","39","39","39","39","39","39","39","39","39","39","39",NA,"CA","shortspine thornyhead","shortspine_thornyhead",NA,NA,NA,"total_catch_wt_kg ~ 0 + factor(year) + pass + depth_m + (depth_m^2)","delta_gamma","TRUE","iid, iid","01_10","factor(year)2018","-5.7990665147315","1.00477066107133","-7.76838082315382","-3.82975220630918"
"40","40","40","40","40","40","40","40","40","40","40","40","40","40","40","40","40","40","40","40","40","40","40","40","40","40",NA,"CA","shortspine thornyhead","shortspine_thornyhead",NA,NA,NA,"total_catch_wt_kg ~ 0 + factor(year) + pass + depth_m + (depth_m^2)","delta_gamma","TRUE","iid, iid","01_10","factor(year)2019","-4.65303007502517","1.03387295099623","-6.67938382356791","-2.62667632648242"
"41","41","41","41","41","41","41","41","41","41","41","41","41","41","41","41","41","41","41","41","41","41","41","41","41","41",NA,"CA","shortspine thornyhead","shortspine_thornyhead",NA,NA,NA,"total_catch_wt_kg ~ 0 + factor(year) + pass + depth_m + (depth_m^2)","delta_gamma","TRUE","iid, iid","01_10","factor(year)2021","-3.71858510104942","0.936523568007814","-5.55413756501768","-1.88303263708116"
"42","42","42","42","42","42","42","42","42","42","42","42","42","42","42","42","42","42","42","42","42","42","42","42","42","42",NA,"CA","shortspine thornyhead","shortspine_thornyhead",NA,NA,NA,"total_catch_wt_kg ~ 0 + factor(year) + pass + depth_m + (depth_m^2)","delta_gamma","TRUE","iid, iid","01_10","factor(year)2022","-4.24801488000383","0.968610814724496","-6.14645719189984","-2.34957256810782"
"43","43","43","43","43","43","43","43","43","43","43","43","43","43","43","43","43","43","43","43","43","43","43","43","43","43",NA,"CA","shortspine thornyhead","shortspine_thornyhead",NA,NA,NA,"total_catch_wt_kg ~ 0 + factor(year) + pass + depth_m + (depth_m^2)","delta_gamma","TRUE","iid, iid","01_10","factor(year)2023","-5.02728766519405","0.950629352423221","-6.8904869585902","-3.1640883717979"
"44","44","44","44","44","44","44","44","44","44","44","44","44","44","44","44","44","44","44","44","44","44","44","44","44","44",NA,"CA","shortspine thornyhead","shortspine_thornyhead",NA,NA,NA,"total_catch_wt_kg ~ 0 + factor(year) + pass + depth_m + (depth_m^2)","delta_gamma","TRUE","iid, iid","01_10","factor(year)2024","-4.6221866024196","0.918278022232208","-6.4219784537894","-2.8223947510498"
"45","45","45","45","45","45","45","45","45","45","45","45","45","45","45","45","45","45","45","45","45","45","45","45","45","45",NA,"CA","shortspine thornyhead","shortspine_thornyhead",NA,NA,NA,"total_catch_wt_kg ~ 0 + factor(year) + pass + depth_m + (depth_m^2)","delta_gamma","TRUE","iid, iid","01_10","pass","0.255123621478091","0.244516448582574","-0.224119811371395","0.734367054327576"
"46","46","46","46","46","46","46","46","46","46","46","46","46","46","46","46","46","46","46","46","46","46","46","46","46","46",NA,"CA","shortspine thornyhead","shortspine_thornyhead",NA,NA,NA,"total_catch_wt_kg ~ 0 + factor(year) + pass + depth_m + (depth_m^2)","delta_gamma","TRUE","iid, iid","01_10","depth_m","0.011857033389831","0.00134900346216004","0.00921303518897751","0.0145010315906846"
"47","47","47","47","47","47","47","47","47","47","47","47","47","47","47","47","47","47","47","47","47","47","47","47","47",NA,NA,"CA","shortspine thornyhead","shortspine_thornyhead",NA,NA,NA,"total_catch_wt_kg ~ 0 + factor(year) + pass + depth_m + (depth_m^2)","delta_gamma","TRUE","iid, iid","01_2","factor(year)2003","-4.27889102514713","0.999854103638761","-6.23856905807368","-2.31921299222058"
"48","48","48","48","48","48","48","48","48","48","48","48","48","48","48","48","48","48","48","48","48","48","48","48","48",NA,NA,"CA","shortspine thornyhead","shortspine_thornyhead",NA,NA,NA,"total_catch_wt_kg ~ 0 + factor(year) + pass + depth_m + (depth_m^2)","delta_gamma","TRUE","iid, iid","01_2","factor(year)2004","-3.57530950948567","0.950958695409802","-5.43915430327408","-1.71146471569727"
"49","49","49","49","49","49","49","49","49","49","49","49","49","49","49","49","49","49","49","49","49","49","49","49","49",NA,NA,"CA","shortspine thornyhead","shortspine_thornyhead",NA,NA,NA,"total_catch_wt_kg ~ 0 + factor(year) + pass + depth_m + (depth_m^2)","delta_gamma","TRUE","iid, iid","01_2","factor(year)2005","-4.62864200093308","0.969359979787356","-6.52855264937077","-2.72873135249538"
"50","50","50","50","50","50","50","50","50","50","50","50","50","50","50","50","50","50","50","50","50","50","50","50","50",NA,NA,"CA","shortspine thornyhead","shortspine_thornyhead",NA,NA,NA,"total_catch_wt_kg ~ 0 + factor(year) + pass + depth_m + (depth_m^2)","delta_gamma","TRUE","iid, iid","01_2","factor(year)2006","-4.03488796764036","0.927669261837988","-5.85308631040768","-2.21668962487305"
"51","51","51","51","51","51","51","51","51","51","51","51","51","51","51","51","51","51","51","51","51","51","51","51","51",NA,NA,"CA","shortspine thornyhead","shortspine_thornyhead",NA,NA,NA,"total_catch_wt_kg ~ 0 + factor(year) + pass + depth_m + (depth_m^2)","delta_gamma","TRUE","iid, iid","01_2","factor(year)2007","-3.91186517675024","0.91583903154218","-5.70687669420895","-2.11685365929152"
"52","52","52","52","52","52","52","52","52","52","52","52","52","52","52","52","52","52","52","52","52","52","52","52","52",NA,NA,"CA","shortspine thornyhead","shortspine_thornyhead",NA,NA,NA,"total_catch_wt_kg ~ 0 + factor(year) + pass + depth_m + (depth_m^2)","delta_gamma","TRUE","iid, iid","01_2","factor(year)2008","-4.42758216626268","0.982599271869179","-6.35344135036155","-2.50172298216381"
"53","53","53","53","53","53","53","53","53","53","53","53","53","53","53","53","53","53","53","53","53","53","53","53","53",NA,NA,"CA","shortspine thornyhead","shortspine_thornyhead",NA,NA,NA,"total_catch_wt_kg ~ 0 + factor(year) + pass + depth_m + (depth_m^2)","delta_gamma","TRUE","iid, iid","01_2","factor(year)2009","-3.84755444103721","0.915411712051449","-5.6417284276842","-2.05338045439022"
"54","54","54","54","54","54","54","54","54","54","54","54","54","54","54","54","54","54","54","54","54","54","54","54","54",NA,NA,"CA","shortspine thornyhead","shortspine_thornyhead",NA,NA,NA,"total_catch_wt_kg ~ 0 + factor(year) + pass + depth_m + (depth_m^2)","delta_gamma","TRUE","iid, iid","01_2","factor(year)2010","-3.93899190016701","0.920106014702714","-5.74236655094301","-2.13561724939101"
"55","55","55","55","55","55","55","55","55","55","55","55","55","55","55","55","55","55","55","55","55","55","55","55","55",NA,NA,"CA","shortspine thornyhead","shortspine_thornyhead",NA,NA,NA,"total_catch_wt_kg ~ 0 + factor(year) + pass + depth_m + (depth_m^2)","delta_gamma","TRUE","iid, iid","01_2","factor(year)2011","-4.29118635660471","0.955467058239332","-6.16386737916823","-2.41850533404118"
"56","56","56","56","56","56","56","56","56","56","56","56","56","56","56","56","56","56","56","56","56","56","56","56","56",NA,NA,"CA","shortspine thornyhead","shortspine_thornyhead",NA,NA,NA,"total_catch_wt_kg ~ 0 + factor(year) + pass + depth_m + (depth_m^2)","delta_gamma","TRUE","iid, iid","01_2","factor(year)2012","-4.41697789425442","0.936850322140272","-6.2531707845541","-2.58078500395473"
"57","57","57","57","57","57","57","57","57","57","57","57","57","57","57","57","57","57","57","57","57","57","57","57","57",NA,NA,"CA","shortspine thornyhead","shortspine_thornyhead",NA,NA,NA,"total_catch_wt_kg ~ 0 + factor(year) + pass + depth_m + (depth_m^2)","delta_gamma","TRUE","iid, iid","01_2","factor(year)2013","-3.99163503537024","1.00674448438693","-5.96481796640296","-2.01845210433752"
"58","58","58","58","58","58","58","58","58","58","58","58","58","58","58","58","58","58","58","58","58","58","58","58","58",NA,NA,"CA","shortspine thornyhead","shortspine_thornyhead",NA,NA,NA,"total_catch_wt_kg ~ 0 + factor(year) + pass + depth_m + (depth_m^2)","delta_gamma","TRUE","iid, iid","01_2","factor(year)2014","-4.31510856512884","0.953243719614319","-6.1834319240619","-2.44678520619578"
"59","59","59","59","59","59","59","59","59","59","59","59","59","59","59","59","59","59","59","59","59","59","59","59","59",NA,NA,"CA","shortspine thornyhead","shortspine_thornyhead",NA,NA,NA,"total_catch_wt_kg ~ 0 + factor(year) + pass + depth_m + (depth_m^2)","delta_gamma","TRUE","iid, iid","01_2","factor(year)2015","-4.72805764445085","0.918860161428243","-6.52899046767886","-2.92712482122283"
"60","60","60","60","60","60","60","60","60","60","60","60","60","60","60","60","60","60","60","60","60","60","60","60","60",NA,NA,"CA","shortspine thornyhead","shortspine_thornyhead",NA,NA,NA,"total_catch_wt_kg ~ 0 + factor(year) + pass + depth_m + (depth_m^2)","delta_gamma","TRUE","iid, iid","01_2","factor(year)2016","-4.32474112420457","0.932929081091789","-6.15324852327452","-2.49623372513462"
"61","61","61","61","61","61","61","61","61","61","61","61","61","61","61","61","61","61","61","61","61","61","61","61","61",NA,NA,"CA","shortspine thornyhead","shortspine_thornyhead",NA,NA,NA,"total_catch_wt_kg ~ 0 + factor(year) + pass + depth_m + (depth_m^2)","delta_gamma","TRUE","iid, iid","01_2","factor(year)2017","-5.05810547028862","0.963530993446478","-6.94659151543182","-3.16961942514543"
"62","62","62","62","62","62","62","62","62","62","62","62","62","62","62","62","62","62","62","62","62","62","62","62","62",NA,NA,"CA","shortspine thornyhead","shortspine_thornyhead",NA,NA,NA,"total_catch_wt_kg ~ 0 + factor(year) + pass + depth_m + (depth_m^2)","delta_gamma","TRUE","iid, iid","01_2","factor(year)2018","-3.97227171969617","0.934170496249084","-5.80321224776428","-2.14133119162805"
"63","63","63","63","63","63","63","63","63","63","63","63","63","63","63","63","63","63","63","63","63","63","63","63","63",NA,NA,"CA","shortspine thornyhead","shortspine_thornyhead",NA,NA,NA,"total_catch_wt_kg ~ 0 + factor(year) + pass + depth_m + (depth_m^2)","delta_gamma","TRUE","iid, iid","01_2","factor(year)2019","-3.73939362719072","1.02523500141901","-5.74881730566186","-1.72996994871959"
"64","64","64","64","64","64","64","64","64","64","64","64","64","64","64","64","64","64","64","64","64","64","64","64","64",NA,NA,"CA","shortspine thornyhead","shortspine_thornyhead",NA,NA,NA,"total_catch_wt_kg ~ 0 + factor(year) + pass + depth_m + (depth_m^2)","delta_gamma","TRUE","iid, iid","01_2","factor(year)2021","-4.30936959767738","0.953416135982247","-6.17803088648193","-2.44070830887283"
"65","65","65","65","65","65","65","65","65","65","65","65","65","65","65","65","65","65","65","65","65","65","65","65","65",NA,NA,"CA","shortspine thornyhead","shortspine_thornyhead",NA,NA,NA,"total_catch_wt_kg ~ 0 + factor(year) + pass + depth_m + (depth_m^2)","delta_gamma","TRUE","iid, iid","01_2","factor(year)2022","-5.30006943222348","1.0003421349315","-7.26070398890712","-3.33943487553984"
"66","66","66","66","66","66","66","66","66","66","66","66","66","66","66","66","66","66","66","66","66","66","66","66","66",NA,NA,"CA","shortspine thornyhead","shortspine_thornyhead",NA,NA,NA,"total_catch_wt_kg ~ 0 + factor(year) + pass + depth_m + (depth_m^2)","delta_gamma","TRUE","iid, iid","01_2","factor(year)2023","-3.95170158992486","0.94775989778271","-5.80927685557033","-2.09412632427938"
"67","67","67","67","67","67","67","67","67","67","67","67","67","67","67","67","67","67","67","67","67","67","67","67","67",NA,NA,"CA","shortspine thornyhead","shortspine_thornyhead",NA,NA,NA,"total_catch_wt_kg ~ 0 + factor(year) + pass + depth_m + (depth_m^2)","delta_gamma","TRUE","iid, iid","01_2","factor(year)2024","-3.56827534400186","0.905736703418256","-5.34348666217767","-1.79306402582604"
"68","68","68","68","68","68","68","68","68","68","68","68","68","68","68","68","68","68","68","68","68","68","68","68","68",NA,NA,"CA","shortspine thornyhead","shortspine_thornyhead",NA,NA,NA,"total_catch_wt_kg ~ 0 + factor(year) + pass + depth_m + (depth_m^2)","delta_gamma","TRUE","iid, iid","01_2","pass","-0.298995475274483","0.234257986435709","-0.758132691779344","0.160141741230379"
"69","69","69","69","69","69","69","69","69","69","69","69","69","69","69","69","69","69","69","69","69","69","69","69","69",NA,NA,"CA","shortspine thornyhead","shortspine_thornyhead",NA,NA,NA,"total_catch_wt_kg ~ 0 + factor(year) + pass + depth_m + (depth_m^2)","delta_gamma","TRUE","iid, iid","01_2","depth_m","0.0103074637587596","0.0010019366921502","0.00834370392735602","0.0122712235901632"
"70","70","70","70","70","70","70","70","70","70","70","70","70","70","70","70","70","70","70","70","70","70","70","70",NA,NA,NA,"CA","shortspine thornyhead","shortspine_thornyhead",NA,NA,NA,"total_catch_wt_kg ~ 0 + factor(year) + pass + depth_m + (depth_m^2)","delta_gamma","TRUE","iid, iid","01_3","factor(year)2003","-6.79592569916707","1.32635572261737","-9.39553514618572","-4.19631625214842"
"71","71","71","71","71","71","71","71","71","71","71","71","71","71","71","71","71","71","71","71","71","71","71","71",NA,NA,NA,"CA","shortspine thornyhead","shortspine_thornyhead",NA,NA,NA,"total_catch_wt_kg ~ 0 + factor(year) + pass + depth_m + (depth_m^2)","delta_gamma","TRUE","iid, iid","01_3","factor(year)2004","-7.1532717891747","1.41397438041831","-9.92461064985693","-4.38193292849247"
"72","72","72","72","72","72","72","72","72","72","72","72","72","72","72","72","72","72","72","72","72","72","72","72",NA,NA,NA,"CA","shortspine thornyhead","shortspine_thornyhead",NA,NA,NA,"total_catch_wt_kg ~ 0 + factor(year) + pass + depth_m + (depth_m^2)","delta_gamma","TRUE","iid, iid","01_3","factor(year)2005","-6.78769002680784","1.30919868663086","-9.35367230121147","-4.22170775240421"
"73","73","73","73","73","73","73","73","73","73","73","73","73","73","73","73","73","73","73","73","73","73","73","73",NA,NA,NA,"CA","shortspine thornyhead","shortspine_thornyhead",NA,NA,NA,"total_catch_wt_kg ~ 0 + factor(year) + pass + depth_m + (depth_m^2)","delta_gamma","TRUE","iid, iid","01_3","factor(year)2006","-6.92678334449895","1.3047626334444","-9.48407111442361","-4.36949557457429"
"74","74","74","74","74","74","74","74","74","74","74","74","74","74","74","74","74","74","74","74","74","74","74","74",NA,NA,NA,"CA","shortspine thornyhead","shortspine_thornyhead",NA,NA,NA,"total_catch_wt_kg ~ 0 + factor(year) + pass + depth_m + (depth_m^2)","delta_gamma","TRUE","iid, iid","01_3","factor(year)2007","-6.1704484907839","1.26003845942506","-8.64007849039236","-3.70081849117545"
"75","75","75","75","75","75","75","75","75","75","75","75","75","75","75","75","75","75","75","75","75","75","75","75",NA,NA,NA,"CA","shortspine thornyhead","shortspine_thornyhead",NA,NA,NA,"total_catch_wt_kg ~ 0 + factor(year) + pass + depth_m + (depth_m^2)","delta_gamma","TRUE","iid, iid","01_3","factor(year)2008","-5.96678527117004","1.25083578647494","-8.41837836323475","-3.51519217910533"
"76","76","76","76","76","76","76","76","76","76","76","76","76","76","76","76","76","76","76","76","76","76","76","76",NA,NA,NA,"CA","shortspine thornyhead","shortspine_thornyhead",NA,NA,NA,"total_catch_wt_kg ~ 0 + factor(year) + pass + depth_m + (depth_m^2)","delta_gamma","TRUE","iid, iid","01_3","factor(year)2009","-7.6102476772819","1.39366192407388","-10.3417748550915","-4.87872049947231"
"77","77","77","77","77","77","77","77","77","77","77","77","77","77","77","77","77","77","77","77","77","77","77","77",NA,NA,NA,"CA","shortspine thornyhead","shortspine_thornyhead",NA,NA,NA,"total_catch_wt_kg ~ 0 + factor(year) + pass + depth_m + (depth_m^2)","delta_gamma","TRUE","iid, iid","01_3","factor(year)2010","-7.87790739790309","1.38463649091196","-10.5917450517704","-5.16406974403574"
"78","78","78","78","78","78","78","78","78","78","78","78","78","78","78","78","78","78","78","78","78","78","78","78",NA,NA,NA,"CA","shortspine thornyhead","shortspine_thornyhead",NA,NA,NA,"total_catch_wt_kg ~ 0 + factor(year) + pass + depth_m + (depth_m^2)","delta_gamma","TRUE","iid, iid","01_3","factor(year)2011","-6.66534329907602","1.31022729910486","-9.23334161688273","-4.09734498126931"
"79","79","79","79","79","79","79","79","79","79","79","79","79","79","79","79","79","79","79","79","79","79","79","79",NA,NA,NA,"CA","shortspine thornyhead","shortspine_thornyhead",NA,NA,NA,"total_catch_wt_kg ~ 0 + factor(year) + pass + depth_m + (depth_m^2)","delta_gamma","TRUE","iid, iid","01_3","factor(year)2012","-6.79385654288454","1.35997157518937","-9.45935185025392","-4.12836123551516"
"80","80","80","80","80","80","80","80","80","80","80","80","80","80","80","80","80","80","80","80","80","80","80","80",NA,NA,NA,"CA","shortspine thornyhead","shortspine_thornyhead",NA,NA,NA,"total_catch_wt_kg ~ 0 + factor(year) + pass + depth_m + (depth_m^2)","delta_gamma","TRUE","iid, iid","01_3","factor(year)2013","-6.7126599809074","1.38783695366367","-9.43277042650197","-3.99254953531283"
"81","81","81","81","81","81","81","81","81","81","81","81","81","81","81","81","81","81","81","81","81","81","81","81",NA,NA,NA,"CA","shortspine thornyhead","shortspine_thornyhead",NA,NA,NA,"total_catch_wt_kg ~ 0 + factor(year) + pass + depth_m + (depth_m^2)","delta_gamma","TRUE","iid, iid","01_3","factor(year)2014","-7.1703912151487","1.31268014676252","-9.74319702602399","-4.59758540427341"
"82","82","82","82","82","82","82","82","82","82","82","82","82","82","82","82","82","82","82","82","82","82","82","82",NA,NA,NA,"CA","shortspine thornyhead","shortspine_thornyhead",NA,NA,NA,"total_catch_wt_kg ~ 0 + factor(year) + pass + depth_m + (depth_m^2)","delta_gamma","TRUE","iid, iid","01_3","factor(year)2015","-6.95629560903596","1.32335072206217","-9.5500153631929","-4.36257585487903"
"83","83","83","83","83","83","83","83","83","83","83","83","83","83","83","83","83","83","83","83","83","83","83","83",NA,NA,NA,"CA","shortspine thornyhead","shortspine_thornyhead",NA,NA,NA,"total_catch_wt_kg ~ 0 + factor(year) + pass + depth_m + (depth_m^2)","delta_gamma","TRUE","iid, iid","01_3","factor(year)2016","-6.38997942667794","1.25470082802868","-8.84914786098673","-3.93081099236915"
"84","84","84","84","84","84","84","84","84","84","84","84","84","84","84","84","84","84","84","84","84","84","84","84",NA,NA,NA,"CA","shortspine thornyhead","shortspine_thornyhead",NA,NA,NA,"total_catch_wt_kg ~ 0 + factor(year) + pass + depth_m + (depth_m^2)","delta_gamma","TRUE","iid, iid","01_3","factor(year)2017","-6.86758074167471","1.34884011178262","-9.51125878167162","-4.22390270167781"
"85","85","85","85","85","85","85","85","85","85","85","85","85","85","85","85","85","85","85","85","85","85","85","85",NA,NA,NA,"CA","shortspine thornyhead","shortspine_thornyhead",NA,NA,NA,"total_catch_wt_kg ~ 0 + factor(year) + pass + depth_m + (depth_m^2)","delta_gamma","TRUE","iid, iid","01_3","factor(year)2018","-6.69401084886282","1.27577546881604","-9.19448482010195","-4.19353687762369"
"86","86","86","86","86","86","86","86","86","86","86","86","86","86","86","86","86","86","86","86","86","86","86","86",NA,NA,NA,"CA","shortspine thornyhead","shortspine_thornyhead",NA,NA,NA,"total_catch_wt_kg ~ 0 + factor(year) + pass + depth_m + (depth_m^2)","delta_gamma","TRUE","iid, iid","01_3","factor(year)2019","-5.81864858001577","1.3481056995795","-8.46088719854476","-3.17640996148678"
"87","87","87","87","87","87","87","87","87","87","87","87","87","87","87","87","87","87","87","87","87","87","87","87",NA,NA,NA,"CA","shortspine thornyhead","shortspine_thornyhead",NA,NA,NA,"total_catch_wt_kg ~ 0 + factor(year) + pass + depth_m + (depth_m^2)","delta_gamma","TRUE","iid, iid","01_3","factor(year)2021","-6.42390089421352","1.27025665356426","-8.91355818632183","-3.9342436021052"
"88","88","88","88","88","88","88","88","88","88","88","88","88","88","88","88","88","88","88","88","88","88","88","88",NA,NA,NA,"CA","shortspine thornyhead","shortspine_thornyhead",NA,NA,NA,"total_catch_wt_kg ~ 0 + factor(year) + pass + depth_m + (depth_m^2)","delta_gamma","TRUE","iid, iid","01_3","factor(year)2022","-5.05016527042516","1.33287463019942","-7.66255154152316","-2.43777899932716"
"89","89","89","89","89","89","89","89","89","89","89","89","89","89","89","89","89","89","89","89","89","89","89","89",NA,NA,NA,"CA","shortspine thornyhead","shortspine_thornyhead",NA,NA,NA,"total_catch_wt_kg ~ 0 + factor(year) + pass + depth_m + (depth_m^2)","delta_gamma","TRUE","iid, iid","01_3","factor(year)2023","-6.37628878908091","1.31786063199031","-8.95924816442511","-3.79332941373671"
"90","90","90","90","90","90","90","90","90","90","90","90","90","90","90","90","90","90","90","90","90","90","90","90",NA,NA,NA,"CA","shortspine thornyhead","shortspine_thornyhead",NA,NA,NA,"total_catch_wt_kg ~ 0 + factor(year) + pass + depth_m + (depth_m^2)","delta_gamma","TRUE","iid, iid","01_3","factor(year)2024","-6.61716795620936","1.3469573756087","-9.257155901113","-3.97718001130573"
"91","91","91","91","91","91","91","91","91","91","91","91","91","91","91","91","91","91","91","91","91","91","91","91",NA,NA,NA,"CA","shortspine thornyhead","shortspine_thornyhead",NA,NA,NA,"total_catch_wt_kg ~ 0 + factor(year) + pass + depth_m + (depth_m^2)","delta_gamma","TRUE","iid, iid","01_3","pass","0.336163913126618","0.287563089918379","-0.227449386396457","0.899777212649693"
"92","92","92","92","92","92","92","92","92","92","92","92","92","92","92","92","92","92","92","92","92","92","92","92",NA,NA,NA,"CA","shortspine thornyhead","shortspine_thornyhead",NA,NA,NA,"total_catch_wt_kg ~ 0 + factor(year) + pass + depth_m + (depth_m^2)","delta_gamma","TRUE","iid, iid","01_3","depth_m","0.0151078260336856","0.00179920125209963","0.0115814563786309","0.0186341956887402"
"93","93","93","93","93","93","93","93","93","93","93","93","93","93","93","93","93","93","93","93","93","93","93",NA,NA,NA,NA,"CA","shortspine thornyhead","shortspine_thornyhead",NA,NA,NA,"total_catch_wt_kg ~ 0 + factor(year) + pass + depth_m + (depth_m^2)","delta_gamma","TRUE","iid, iid","01_4","factor(year)2003","-4.83444330665832","1.08635000948579","-6.96365019985521","-2.70523641346144"
"94","94","94","94","94","94","94","94","94","94","94","94","94","94","94","94","94","94","94","94","94","94","94",NA,NA,NA,NA,"CA","shortspine thornyhead","shortspine_thornyhead",NA,NA,NA,"total_catch_wt_kg ~ 0 + factor(year) + pass + depth_m + (depth_m^2)","delta_gamma","TRUE","iid, iid","01_4","factor(year)2004","-5.53909602677605","1.09468921345798","-7.68464745941817","-3.39354459413393"
"95","95","95","95","95","95","95","95","95","95","95","95","95","95","95","95","95","95","95","95","95","95","95",NA,NA,NA,NA,"CA","shortspine thornyhead","shortspine_thornyhead",NA,NA,NA,"total_catch_wt_kg ~ 0 + factor(year) + pass + depth_m + (depth_m^2)","delta_gamma","TRUE","iid, iid","01_4","factor(year)2005","-4.25805216271212","1.00758595598594","-6.23288434777292","-2.28321997765131"
"96","96","96","96","96","96","96","96","96","96","96","96","96","96","96","96","96","96","96","96","96","96","96",NA,NA,NA,NA,"CA","shortspine thornyhead","shortspine_thornyhead",NA,NA,NA,"total_catch_wt_kg ~ 0 + factor(year) + pass + depth_m + (depth_m^2)","delta_gamma","TRUE","iid, iid","01_4","factor(year)2006","-4.89134321982949","1.00845494027544","-6.86787858280085","-2.91480785685813"
"97","97","97","97","97","97","97","97","97","97","97","97","97","97","97","97","97","97","97","97","97","97","97",NA,NA,NA,NA,"CA","shortspine thornyhead","shortspine_thornyhead",NA,NA,NA,"total_catch_wt_kg ~ 0 + factor(year) + pass + depth_m + (depth_m^2)","delta_gamma","TRUE","iid, iid","01_4","factor(year)2007","-4.42092005332642","0.986686468327306","-6.35478999528096","-2.48705011137188"
"98","98","98","98","98","98","98","98","98","98","98","98","98","98","98","98","98","98","98","98","98","98","98",NA,NA,NA,NA,"CA","shortspine thornyhead","shortspine_thornyhead",NA,NA,NA,"total_catch_wt_kg ~ 0 + factor(year) + pass + depth_m + (depth_m^2)","delta_gamma","TRUE","iid, iid","01_4","factor(year)2008","-5.48129682770226","1.07172022348811","-7.58182986724217","-3.38076378816235"
"99","99","99","99","99","99","99","99","99","99","99","99","99","99","99","99","99","99","99","99","99","99","99",NA,NA,NA,NA,"CA","shortspine thornyhead","shortspine_thornyhead",NA,NA,NA,"total_catch_wt_kg ~ 0 + factor(year) + pass + depth_m + (depth_m^2)","delta_gamma","TRUE","iid, iid","01_4","factor(year)2009","-4.52233233953398","0.97319157551176","-6.42975277759482","-2.61491190147314"
"100","100","100","100","100","100","100","100","100","100","100","100","100","100","100","100","100","100","100","100","100","100","100",NA,NA,NA,NA,"CA","shortspine thornyhead","shortspine_thornyhead",NA,NA,NA,"total_catch_wt_kg ~ 0 + factor(year) + pass + depth_m + (depth_m^2)","delta_gamma","TRUE","iid, iid","01_4","factor(year)2010","-5.60642035525085","1.0227197081009","-7.61091414940794","-3.60192656109376"
"101","101","101","101","101","101","101","101","101","101","101","101","101","101","101","101","101","101","101","101","101","101","101",NA,NA,NA,NA,"CA","shortspine thornyhead","shortspine_thornyhead",NA,NA,NA,"total_catch_wt_kg ~ 0 + factor(year) + pass + depth_m + (depth_m^2)","delta_gamma","TRUE","iid, iid","01_4","factor(year)2011","-4.74880390108748","1.0025349516218","-6.71373629950882","-2.78387150266615"
"102","102","102","102","102","102","102","102","102","102","102","102","102","102","102","102","102","102","102","102","102","102","102",NA,NA,NA,NA,"CA","shortspine thornyhead","shortspine_thornyhead",NA,NA,NA,"total_catch_wt_kg ~ 0 + factor(year) + pass + depth_m + (depth_m^2)","delta_gamma","TRUE","iid, iid","01_4","factor(year)2012","-5.27606911957852","1.01431475043322","-7.26408949941537","-3.28804873974167"
"103","103","103","103","103","103","103","103","103","103","103","103","103","103","103","103","103","103","103","103","103","103","103",NA,NA,NA,NA,"CA","shortspine thornyhead","shortspine_thornyhead",NA,NA,NA,"total_catch_wt_kg ~ 0 + factor(year) + pass + depth_m + (depth_m^2)","delta_gamma","TRUE","iid, iid","01_4","factor(year)2013","-5.56464517419181","1.045181826279","-7.61316391099445","-3.51612643738917"
"104","104","104","104","104","104","104","104","104","104","104","104","104","104","104","104","104","104","104","104","104","104","104",NA,NA,NA,NA,"CA","shortspine thornyhead","shortspine_thornyhead",NA,NA,NA,"total_catch_wt_kg ~ 0 + factor(year) + pass + depth_m + (depth_m^2)","delta_gamma","TRUE","iid, iid","01_4","factor(year)2014","-4.34089866114134","0.973719761999127","-6.24935432569454","-2.43244299658814"
"105","105","105","105","105","105","105","105","105","105","105","105","105","105","105","105","105","105","105","105","105","105","105",NA,NA,NA,NA,"CA","shortspine thornyhead","shortspine_thornyhead",NA,NA,NA,"total_catch_wt_kg ~ 0 + factor(year) + pass + depth_m + (depth_m^2)","delta_gamma","TRUE","iid, iid","01_4","factor(year)2015","-5.05965068369798","1.02474195255216","-7.06810800414747","-3.0511933632485"
"106","106","106","106","106","106","106","106","106","106","106","106","106","106","106","106","106","106","106","106","106","106","106",NA,NA,NA,NA,"CA","shortspine thornyhead","shortspine_thornyhead",NA,NA,NA,"total_catch_wt_kg ~ 0 + factor(year) + pass + depth_m + (depth_m^2)","delta_gamma","TRUE","iid, iid","01_4","factor(year)2016","-5.09011748537877","1.04085467257835","-7.13015515677256","-3.05007981398498"
"107","107","107","107","107","107","107","107","107","107","107","107","107","107","107","107","107","107","107","107","107","107","107",NA,NA,NA,NA,"CA","shortspine thornyhead","shortspine_thornyhead",NA,NA,NA,"total_catch_wt_kg ~ 0 + factor(year) + pass + depth_m + (depth_m^2)","delta_gamma","TRUE","iid, iid","01_4","factor(year)2017","-5.14431225511222","1.01510699054282","-7.13388539703098","-3.15473911319345"
"108","108","108","108","108","108","108","108","108","108","108","108","108","108","108","108","108","108","108","108","108","108","108",NA,NA,NA,NA,"CA","shortspine thornyhead","shortspine_thornyhead",NA,NA,NA,"total_catch_wt_kg ~ 0 + factor(year) + pass + depth_m + (depth_m^2)","delta_gamma","TRUE","iid, iid","01_4","factor(year)2018","-4.41550888892148","0.995333010295728","-6.36632574172494","-2.46469203611801"
"109","109","109","109","109","109","109","109","109","109","109","109","109","109","109","109","109","109","109","109","109","109","109",NA,NA,NA,NA,"CA","shortspine thornyhead","shortspine_thornyhead",NA,NA,NA,"total_catch_wt_kg ~ 0 + factor(year) + pass + depth_m + (depth_m^2)","delta_gamma","TRUE","iid, iid","01_4","factor(year)2019","-3.08721174866489","1.10693540655072","-5.25676527871651","-0.917658218613266"
"110","110","110","110","110","110","110","110","110","110","110","110","110","110","110","110","110","110","110","110","110","110","110",NA,NA,NA,NA,"CA","shortspine thornyhead","shortspine_thornyhead",NA,NA,NA,"total_catch_wt_kg ~ 0 + factor(year) + pass + depth_m + (depth_m^2)","delta_gamma","TRUE","iid, iid","01_4","factor(year)2021","-4.04111673465669","0.956612347132307","-5.91604248220234","-2.16619098711104"
"111","111","111","111","111","111","111","111","111","111","111","111","111","111","111","111","111","111","111","111","111","111","111",NA,NA,NA,NA,"CA","shortspine thornyhead","shortspine_thornyhead",NA,NA,NA,"total_catch_wt_kg ~ 0 + factor(year) + pass + depth_m + (depth_m^2)","delta_gamma","TRUE","iid, iid","01_4","factor(year)2022","-4.63513469653699","0.999082520562601","-6.59330045442318","-2.67696893865079"
"112","112","112","112","112","112","112","112","112","112","112","112","112","112","112","112","112","112","112","112","112","112","112",NA,NA,NA,NA,"CA","shortspine thornyhead","shortspine_thornyhead",NA,NA,NA,"total_catch_wt_kg ~ 0 + factor(year) + pass + depth_m + (depth_m^2)","delta_gamma","TRUE","iid, iid","01_4","factor(year)2023","-4.56021536894584","1.00088557608716","-6.52191505072229","-2.59851568716938"
"113","113","113","113","113","113","113","113","113","113","113","113","113","113","113","113","113","113","113","113","113","113","113",NA,NA,NA,NA,"CA","shortspine thornyhead","shortspine_thornyhead",NA,NA,NA,"total_catch_wt_kg ~ 0 + factor(year) + pass + depth_m + (depth_m^2)","delta_gamma","TRUE","iid, iid","01_4","factor(year)2024","-4.69651068735659","1.00027390670432","-6.65701151917224","-2.73600985554094"
"114","114","114","114","114","114","114","114","114","114","114","114","114","114","114","114","114","114","114","114","114","114","114",NA,NA,NA,NA,"CA","shortspine thornyhead","shortspine_thornyhead",NA,NA,NA,"total_catch_wt_kg ~ 0 + factor(year) + pass + depth_m + (depth_m^2)","delta_gamma","TRUE","iid, iid","01_4","pass","0.204051389568862","0.249286889010329","-0.284541934709417","0.692644713847141"
"115","115","115","115","115","115","115","115","115","115","115","115","115","115","115","115","115","115","115","115","115","115","115",NA,NA,NA,NA,"CA","shortspine thornyhead","shortspine_thornyhead",NA,NA,NA,"total_catch_wt_kg ~ 0 + factor(year) + pass + depth_m + (depth_m^2)","delta_gamma","TRUE","iid, iid","01_4","depth_m","0.00964745997269467","0.00101411465926443","0.00765983176434228","0.0116350881810471"
"116","116","116","116","116","116","116","116","116","116","116","116","116","116","116","116","116","116","116","116","116","116",NA,NA,NA,NA,NA,"CA","shortspine thornyhead","shortspine_thornyhead",NA,NA,NA,"total_catch_wt_kg ~ 0 + factor(year) + pass + depth_m + (depth_m^2)","delta_gamma","TRUE","iid, iid","01_5","factor(year)2003","-5.85553897434191","1.13112283932954","-8.0724990015185","-3.63857894716532"
"117","117","117","117","117","117","117","117","117","117","117","117","117","117","117","117","117","117","117","117","117","117",NA,NA,NA,NA,NA,"CA","shortspine thornyhead","shortspine_thornyhead",NA,NA,NA,"total_catch_wt_kg ~ 0 + factor(year) + pass + depth_m + (depth_m^2)","delta_gamma","TRUE","iid, iid","01_5","factor(year)2004","-5.86070709420818","1.23305150057564","-8.2774436264195","-3.44397056199685"
"118","118","118","118","118","118","118","118","118","118","118","118","118","118","118","118","118","118","118","118","118","118",NA,NA,NA,NA,NA,"CA","shortspine thornyhead","shortspine_thornyhead",NA,NA,NA,"total_catch_wt_kg ~ 0 + factor(year) + pass + depth_m + (depth_m^2)","delta_gamma","TRUE","iid, iid","01_5","factor(year)2005","-5.05100291313275","1.08041783980789","-7.16858296741078","-2.93342285885472"
"119","119","119","119","119","119","119","119","119","119","119","119","119","119","119","119","119","119","119","119","119","119",NA,NA,NA,NA,NA,"CA","shortspine thornyhead","shortspine_thornyhead",NA,NA,NA,"total_catch_wt_kg ~ 0 + factor(year) + pass + depth_m + (depth_m^2)","delta_gamma","TRUE","iid, iid","01_5","factor(year)2006","-5.17257255470212","1.07497365627353","-7.27948220532757","-3.06566290407668"
"120","120","120","120","120","120","120","120","120","120","120","120","120","120","120","120","120","120","120","120","120","120",NA,NA,NA,NA,NA,"CA","shortspine thornyhead","shortspine_thornyhead",NA,NA,NA,"total_catch_wt_kg ~ 0 + factor(year) + pass + depth_m + (depth_m^2)","delta_gamma","TRUE","iid, iid","01_5","factor(year)2007","-5.80897986726708","1.09534269392549","-7.95581209809013","-3.66214763644404"
"121","121","121","121","121","121","121","121","121","121","121","121","121","121","121","121","121","121","121","121","121","121",NA,NA,NA,NA,NA,"CA","shortspine thornyhead","shortspine_thornyhead",NA,NA,NA,"total_catch_wt_kg ~ 0 + factor(year) + pass + depth_m + (depth_m^2)","delta_gamma","TRUE","iid, iid","01_5","factor(year)2008","-5.41394615579114","1.08396882314196","-7.53848600951365","-3.28940630206864"
"122","122","122","122","122","122","122","122","122","122","122","122","122","122","122","122","122","122","122","122","122","122",NA,NA,NA,NA,NA,"CA","shortspine thornyhead","shortspine_thornyhead",NA,NA,NA,"total_catch_wt_kg ~ 0 + factor(year) + pass + depth_m + (depth_m^2)","delta_gamma","TRUE","iid, iid","01_5","factor(year)2009","-6.128758458819","1.108616812988","-8.30160748493105","-3.95590943270695"
"123","123","123","123","123","123","123","123","123","123","123","123","123","123","123","123","123","123","123","123","123","123",NA,NA,NA,NA,NA,"CA","shortspine thornyhead","shortspine_thornyhead",NA,NA,NA,"total_catch_wt_kg ~ 0 + factor(year) + pass + depth_m + (depth_m^2)","delta_gamma","TRUE","iid, iid","01_5","factor(year)2010","-5.62314151874329","1.11747306617487","-7.81334848213958","-3.432934555347"
"124","124","124","124","124","124","124","124","124","124","124","124","124","124","124","124","124","124","124","124","124","124",NA,NA,NA,NA,NA,"CA","shortspine thornyhead","shortspine_thornyhead",NA,NA,NA,"total_catch_wt_kg ~ 0 + factor(year) + pass + depth_m + (depth_m^2)","delta_gamma","TRUE","iid, iid","01_5","factor(year)2011","-5.68060542102309","1.06647650608831","-7.77086096331429","-3.59034987873189"
"125","125","125","125","125","125","125","125","125","125","125","125","125","125","125","125","125","125","125","125","125","125",NA,NA,NA,NA,NA,"CA","shortspine thornyhead","shortspine_thornyhead",NA,NA,NA,"total_catch_wt_kg ~ 0 + factor(year) + pass + depth_m + (depth_m^2)","delta_gamma","TRUE","iid, iid","01_5","factor(year)2012","-6.56501496231076","1.10587798143999","-8.73249597722899","-4.39753394739253"
"126","126","126","126","126","126","126","126","126","126","126","126","126","126","126","126","126","126","126","126","126","126",NA,NA,NA,NA,NA,"CA","shortspine thornyhead","shortspine_thornyhead",NA,NA,NA,"total_catch_wt_kg ~ 0 + factor(year) + pass + depth_m + (depth_m^2)","delta_gamma","TRUE","iid, iid","01_5","factor(year)2013","-5.50831125335256","1.17835004002855","-7.81783489298986","-3.19878761371527"
"127","127","127","127","127","127","127","127","127","127","127","127","127","127","127","127","127","127","127","127","127","127",NA,NA,NA,NA,NA,"CA","shortspine thornyhead","shortspine_thornyhead",NA,NA,NA,"total_catch_wt_kg ~ 0 + factor(year) + pass + depth_m + (depth_m^2)","delta_gamma","TRUE","iid, iid","01_5","factor(year)2014","-5.4817247512307","1.06311782556074","-7.56539740065228","-3.39805210180912"
"128","128","128","128","128","128","128","128","128","128","128","128","128","128","128","128","128","128","128","128","128","128",NA,NA,NA,NA,NA,"CA","shortspine thornyhead","shortspine_thornyhead",NA,NA,NA,"total_catch_wt_kg ~ 0 + factor(year) + pass + depth_m + (depth_m^2)","delta_gamma","TRUE","iid, iid","01_5","factor(year)2015","-5.19298028478532","1.08511730390023","-7.31977111943097","-3.06618945013967"
"129","129","129","129","129","129","129","129","129","129","129","129","129","129","129","129","129","129","129","129","129","129",NA,NA,NA,NA,NA,"CA","shortspine thornyhead","shortspine_thornyhead",NA,NA,NA,"total_catch_wt_kg ~ 0 + factor(year) + pass + depth_m + (depth_m^2)","delta_gamma","TRUE","iid, iid","01_5","factor(year)2016","-5.37519048709281","1.05084115222551","-7.43480129892737","-3.31557967525824"
"130","130","130","130","130","130","130","130","130","130","130","130","130","130","130","130","130","130","130","130","130","130",NA,NA,NA,NA,NA,"CA","shortspine thornyhead","shortspine_thornyhead",NA,NA,NA,"total_catch_wt_kg ~ 0 + factor(year) + pass + depth_m + (depth_m^2)","delta_gamma","TRUE","iid, iid","01_5","factor(year)2017","-5.11965690646491","1.03264482452677","-7.14360357135907","-3.09571024157076"
"131","131","131","131","131","131","131","131","131","131","131","131","131","131","131","131","131","131","131","131","131","131",NA,NA,NA,NA,NA,"CA","shortspine thornyhead","shortspine_thornyhead",NA,NA,NA,"total_catch_wt_kg ~ 0 + factor(year) + pass + depth_m + (depth_m^2)","delta_gamma","TRUE","iid, iid","01_5","factor(year)2018","-5.03143272895586","1.01476949121342","-7.0203443843442","-3.04252107356752"
"132","132","132","132","132","132","132","132","132","132","132","132","132","132","132","132","132","132","132","132","132","132",NA,NA,NA,NA,NA,"CA","shortspine thornyhead","shortspine_thornyhead",NA,NA,NA,"total_catch_wt_kg ~ 0 + factor(year) + pass + depth_m + (depth_m^2)","delta_gamma","TRUE","iid, iid","01_5","factor(year)2019","-4.50392897632849","1.11730036747444","-6.69379745649177","-2.31406049616522"
"133","133","133","133","133","133","133","133","133","133","133","133","133","133","133","133","133","133","133","133","133","133",NA,NA,NA,NA,NA,"CA","shortspine thornyhead","shortspine_thornyhead",NA,NA,NA,"total_catch_wt_kg ~ 0 + factor(year) + pass + depth_m + (depth_m^2)","delta_gamma","TRUE","iid, iid","01_5","factor(year)2021","-5.69358434743783","1.06594088614778","-7.78279009393618","-3.60437860093947"
"134","134","134","134","134","134","134","134","134","134","134","134","134","134","134","134","134","134","134","134","134","134",NA,NA,NA,NA,NA,"CA","shortspine thornyhead","shortspine_thornyhead",NA,NA,NA,"total_catch_wt_kg ~ 0 + factor(year) + pass + depth_m + (depth_m^2)","delta_gamma","TRUE","iid, iid","01_5","factor(year)2022","-5.21532779801337","1.10439948252742","-7.3799110083118","-3.05074458771495"
"135","135","135","135","135","135","135","135","135","135","135","135","135","135","135","135","135","135","135","135","135","135",NA,NA,NA,NA,NA,"CA","shortspine thornyhead","shortspine_thornyhead",NA,NA,NA,"total_catch_wt_kg ~ 0 + factor(year) + pass + depth_m + (depth_m^2)","delta_gamma","TRUE","iid, iid","01_5","factor(year)2023","-6.40508869555896","1.14474491870543","-8.64874750770684","-4.16142988341108"
"136","136","136","136","136","136","136","136","136","136","136","136","136","136","136","136","136","136","136","136","136","136",NA,NA,NA,NA,NA,"CA","shortspine thornyhead","shortspine_thornyhead",NA,NA,NA,"total_catch_wt_kg ~ 0 + factor(year) + pass + depth_m + (depth_m^2)","delta_gamma","TRUE","iid, iid","01_5","factor(year)2024","-4.18690672441223","1.04877976911857","-6.24247729959886","-2.1313361492256"
"137","137","137","137","137","137","137","137","137","137","137","137","137","137","137","137","137","137","137","137","137","137",NA,NA,NA,NA,NA,"CA","shortspine thornyhead","shortspine_thornyhead",NA,NA,NA,"total_catch_wt_kg ~ 0 + factor(year) + pass + depth_m + (depth_m^2)","delta_gamma","TRUE","iid, iid","01_5","pass","-0.080447102179983","0.237524527524012","-0.54598662157194","0.385092417211974"
"138","138","138","138","138","138","138","138","138","138","138","138","138","138","138","138","138","138","138","138","138","138",NA,NA,NA,NA,NA,"CA","shortspine thornyhead","shortspine_thornyhead",NA,NA,NA,"total_catch_wt_kg ~ 0 + factor(year) + pass + depth_m + (depth_m^2)","delta_gamma","TRUE","iid, iid","01_5","depth_m","0.0128106758913608","0.00136602207995925","0.0101333218125542","0.0154880299701674"
"139","139","139","139","139","139","139","139","139","139","139","139","139","139","139","139","139","139","139","139","139",NA,NA,NA,NA,NA,NA,"CA","shortspine thornyhead","shortspine_thornyhead",NA,NA,NA,"total_catch_wt_kg ~ 0 + factor(year) + pass + depth_m + (depth_m^2)","delta_gamma","TRUE","iid, iid","01_6","factor(year)2003","-4.35515110145855","0.948170758806305","-6.21353163991292","-2.49677056300417"
"140","140","140","140","140","140","140","140","140","140","140","140","140","140","140","140","140","140","140","140","140",NA,NA,NA,NA,NA,NA,"CA","shortspine thornyhead","shortspine_thornyhead",NA,NA,NA,"total_catch_wt_kg ~ 0 + factor(year) + pass + depth_m + (depth_m^2)","delta_gamma","TRUE","iid, iid","01_6","factor(year)2004","-5.26940336140653","1.02557514607971","-7.27949371116216","-3.2593130116509"
"141","141","141","141","141","141","141","141","141","141","141","141","141","141","141","141","141","141","141","141","141",NA,NA,NA,NA,NA,NA,"CA","shortspine thornyhead","shortspine_thornyhead",NA,NA,NA,"total_catch_wt_kg ~ 0 + factor(year) + pass + depth_m + (depth_m^2)","delta_gamma","TRUE","iid, iid","01_6","factor(year)2005","-4.36027652175572","0.844416383906167","-6.01530222216735","-2.70525082134408"
"142","142","142","142","142","142","142","142","142","142","142","142","142","142","142","142","142","142","142","142","142",NA,NA,NA,NA,NA,NA,"CA","shortspine thornyhead","shortspine_thornyhead",NA,NA,NA,"total_catch_wt_kg ~ 0 + factor(year) + pass + depth_m + (depth_m^2)","delta_gamma","TRUE","iid, iid","01_6","factor(year)2006","-3.92379849744054","0.871935031596426","-5.63275975622833","-2.21483723865275"
"143","143","143","143","143","143","143","143","143","143","143","143","143","143","143","143","143","143","143","143","143",NA,NA,NA,NA,NA,NA,"CA","shortspine thornyhead","shortspine_thornyhead",NA,NA,NA,"total_catch_wt_kg ~ 0 + factor(year) + pass + depth_m + (depth_m^2)","delta_gamma","TRUE","iid, iid","01_6","factor(year)2007","-3.9010701480323","0.862697831970406","-5.59192682823509","-2.21021346782952"
"144","144","144","144","144","144","144","144","144","144","144","144","144","144","144","144","144","144","144","144","144",NA,NA,NA,NA,NA,NA,"CA","shortspine thornyhead","shortspine_thornyhead",NA,NA,NA,"total_catch_wt_kg ~ 0 + factor(year) + pass + depth_m + (depth_m^2)","delta_gamma","TRUE","iid, iid","01_6","factor(year)2008","-4.00601772833234","0.894302221860698","-5.75881787447345","-2.25321758219122"
"145","145","145","145","145","145","145","145","145","145","145","145","145","145","145","145","145","145","145","145","145",NA,NA,NA,NA,NA,NA,"CA","shortspine thornyhead","shortspine_thornyhead",NA,NA,NA,"total_catch_wt_kg ~ 0 + factor(year) + pass + depth_m + (depth_m^2)","delta_gamma","TRUE","iid, iid","01_6","factor(year)2009","-4.22145227467983","0.897962750776299","-5.9814269256599","-2.46147762369977"
"146","146","146","146","146","146","146","146","146","146","146","146","146","146","146","146","146","146","146","146","146",NA,NA,NA,NA,NA,NA,"CA","shortspine thornyhead","shortspine_thornyhead",NA,NA,NA,"total_catch_wt_kg ~ 0 + factor(year) + pass + depth_m + (depth_m^2)","delta_gamma","TRUE","iid, iid","01_6","factor(year)2010","-3.78141022988152","0.860633899605241","-5.46822167698205","-2.09459878278098"
"147","147","147","147","147","147","147","147","147","147","147","147","147","147","147","147","147","147","147","147","147",NA,NA,NA,NA,NA,NA,"CA","shortspine thornyhead","shortspine_thornyhead",NA,NA,NA,"total_catch_wt_kg ~ 0 + factor(year) + pass + depth_m + (depth_m^2)","delta_gamma","TRUE","iid, iid","01_6","factor(year)2011","-5.36786088492138","0.931463891698387","-7.19349656554973","-3.54222520429302"
"148","148","148","148","148","148","148","148","148","148","148","148","148","148","148","148","148","148","148","148","148",NA,NA,NA,NA,NA,NA,"CA","shortspine thornyhead","shortspine_thornyhead",NA,NA,NA,"total_catch_wt_kg ~ 0 + factor(year) + pass + depth_m + (depth_m^2)","delta_gamma","TRUE","iid, iid","01_6","factor(year)2012","-4.32439667517749","0.870289256977967","-6.03013227498642","-2.61866107536855"
"149","149","149","149","149","149","149","149","149","149","149","149","149","149","149","149","149","149","149","149","149",NA,NA,NA,NA,NA,NA,"CA","shortspine thornyhead","shortspine_thornyhead",NA,NA,NA,"total_catch_wt_kg ~ 0 + factor(year) + pass + depth_m + (depth_m^2)","delta_gamma","TRUE","iid, iid","01_6","factor(year)2013","-3.65027087383596","0.923532632750609","-5.46036157257461","-1.84018017509731"
"150","150","150","150","150","150","150","150","150","150","150","150","150","150","150","150","150","150","150","150","150",NA,NA,NA,NA,NA,NA,"CA","shortspine thornyhead","shortspine_thornyhead",NA,NA,NA,"total_catch_wt_kg ~ 0 + factor(year) + pass + depth_m + (depth_m^2)","delta_gamma","TRUE","iid, iid","01_6","factor(year)2014","-3.62269871092316","0.854678315680361","-5.29783742802402","-1.9475599938223"
"151","151","151","151","151","151","151","151","151","151","151","151","151","151","151","151","151","151","151","151","151",NA,NA,NA,NA,NA,NA,"CA","shortspine thornyhead","shortspine_thornyhead",NA,NA,NA,"total_catch_wt_kg ~ 0 + factor(year) + pass + depth_m + (depth_m^2)","delta_gamma","TRUE","iid, iid","01_6","factor(year)2015","-5.09378450852521","0.929353819651865","-6.91528452393759","-3.27228449311282"
"152","152","152","152","152","152","152","152","152","152","152","152","152","152","152","152","152","152","152","152","152",NA,NA,NA,NA,NA,NA,"CA","shortspine thornyhead","shortspine_thornyhead",NA,NA,NA,"total_catch_wt_kg ~ 0 + factor(year) + pass + depth_m + (depth_m^2)","delta_gamma","TRUE","iid, iid","01_6","factor(year)2016","-5.25607937107729","0.94655665438207","-7.11129632299287","-3.4008624191617"
"153","153","153","153","153","153","153","153","153","153","153","153","153","153","153","153","153","153","153","153","153",NA,NA,NA,NA,NA,NA,"CA","shortspine thornyhead","shortspine_thornyhead",NA,NA,NA,"total_catch_wt_kg ~ 0 + factor(year) + pass + depth_m + (depth_m^2)","delta_gamma","TRUE","iid, iid","01_6","factor(year)2017","-4.24315841571414","0.856420751760004","-5.92171224477647","-2.56460458665182"
"154","154","154","154","154","154","154","154","154","154","154","154","154","154","154","154","154","154","154","154","154",NA,NA,NA,NA,NA,NA,"CA","shortspine thornyhead","shortspine_thornyhead",NA,NA,NA,"total_catch_wt_kg ~ 0 + factor(year) + pass + depth_m + (depth_m^2)","delta_gamma","TRUE","iid, iid","01_6","factor(year)2018","-4.33571230170278","0.887715208796369","-6.07560213947211","-2.59582246393344"
"155","155","155","155","155","155","155","155","155","155","155","155","155","155","155","155","155","155","155","155","155",NA,NA,NA,NA,NA,NA,"CA","shortspine thornyhead","shortspine_thornyhead",NA,NA,NA,"total_catch_wt_kg ~ 0 + factor(year) + pass + depth_m + (depth_m^2)","delta_gamma","TRUE","iid, iid","01_6","factor(year)2019","-5.12976527763718","1.13041827046235","-7.34534437520944","-2.91418618006493"
"156","156","156","156","156","156","156","156","156","156","156","156","156","156","156","156","156","156","156","156","156",NA,NA,NA,NA,NA,NA,"CA","shortspine thornyhead","shortspine_thornyhead",NA,NA,NA,"total_catch_wt_kg ~ 0 + factor(year) + pass + depth_m + (depth_m^2)","delta_gamma","TRUE","iid, iid","01_6","factor(year)2021","-4.3333032910094","0.835857726509031","-5.97155433116663","-2.69505225085217"
"157","157","157","157","157","157","157","157","157","157","157","157","157","157","157","157","157","157","157","157","157",NA,NA,NA,NA,NA,NA,"CA","shortspine thornyhead","shortspine_thornyhead",NA,NA,NA,"total_catch_wt_kg ~ 0 + factor(year) + pass + depth_m + (depth_m^2)","delta_gamma","TRUE","iid, iid","01_6","factor(year)2022","-4.63784863916133","0.950226511734372","-6.50025837931583","-2.77543889900683"
"158","158","158","158","158","158","158","158","158","158","158","158","158","158","158","158","158","158","158","158","158",NA,NA,NA,NA,NA,NA,"CA","shortspine thornyhead","shortspine_thornyhead",NA,NA,NA,"total_catch_wt_kg ~ 0 + factor(year) + pass + depth_m + (depth_m^2)","delta_gamma","TRUE","iid, iid","01_6","factor(year)2023","-5.16522155393573","0.947127264427174","-7.02155688098894","-3.30888622688253"
"159","159","159","159","159","159","159","159","159","159","159","159","159","159","159","159","159","159","159","159","159",NA,NA,NA,NA,NA,NA,"CA","shortspine thornyhead","shortspine_thornyhead",NA,NA,NA,"total_catch_wt_kg ~ 0 + factor(year) + pass + depth_m + (depth_m^2)","delta_gamma","TRUE","iid, iid","01_6","factor(year)2024","-4.87300332519261","0.893456116553516","-6.62414513540453","-3.1218615149807"
"160","160","160","160","160","160","160","160","160","160","160","160","160","160","160","160","160","160","160","160","160",NA,NA,NA,NA,NA,NA,"CA","shortspine thornyhead","shortspine_thornyhead",NA,NA,NA,"total_catch_wt_kg ~ 0 + factor(year) + pass + depth_m + (depth_m^2)","delta_gamma","TRUE","iid, iid","01_6","pass","-0.205991983268861","0.242118461499318","-0.680535447799772","0.26855148126205"
"161","161","161","161","161","161","161","161","161","161","161","161","161","161","161","161","161","161","161","161","161",NA,NA,NA,NA,NA,NA,"CA","shortspine thornyhead","shortspine_thornyhead",NA,NA,NA,"total_catch_wt_kg ~ 0 + factor(year) + pass + depth_m + (depth_m^2)","delta_gamma","TRUE","iid, iid","01_6","depth_m","0.0110361771315938","0.00112641997772686","0.00882843454378275","0.0132439197194049"
"162","162","162","162","162","162","162","162","162","162","162","162","162","162","162","162","162","162","162","162",NA,NA,NA,NA,NA,NA,NA,"CA","shortspine thornyhead","shortspine_thornyhead",NA,NA,NA,"total_catch_wt_kg ~ 0 + factor(year) + pass + depth_m + (depth_m^2)","delta_gamma","TRUE","iid, iid","01_7","factor(year)2003","-3.5678949103049","0.820607324670195","-5.17625571210825","-1.95953410850155"
"163","163","163","163","163","163","163","163","163","163","163","163","163","163","163","163","163","163","163","163",NA,NA,NA,NA,NA,NA,NA,"CA","shortspine thornyhead","shortspine_thornyhead",NA,NA,NA,"total_catch_wt_kg ~ 0 + factor(year) + pass + depth_m + (depth_m^2)","delta_gamma","TRUE","iid, iid","01_7","factor(year)2004","-4.04282320306444","0.89008121306854","-5.7873503239945","-2.29829608213438"
"164","164","164","164","164","164","164","164","164","164","164","164","164","164","164","164","164","164","164","164",NA,NA,NA,NA,NA,NA,NA,"CA","shortspine thornyhead","shortspine_thornyhead",NA,NA,NA,"total_catch_wt_kg ~ 0 + factor(year) + pass + depth_m + (depth_m^2)","delta_gamma","TRUE","iid, iid","01_7","factor(year)2005","-2.99846431418948","0.821158197982045","-4.6079048078441","-1.38902382053486"
"165","165","165","165","165","165","165","165","165","165","165","165","165","165","165","165","165","165","165","165",NA,NA,NA,NA,NA,NA,NA,"CA","shortspine thornyhead","shortspine_thornyhead",NA,NA,NA,"total_catch_wt_kg ~ 0 + factor(year) + pass + depth_m + (depth_m^2)","delta_gamma","TRUE","iid, iid","01_7","factor(year)2006","-3.93566676693453","0.80870161057789","-5.52069279790673","-2.35064073596233"
"166","166","166","166","166","166","166","166","166","166","166","166","166","166","166","166","166","166","166","166",NA,NA,NA,NA,NA,NA,NA,"CA","shortspine thornyhead","shortspine_thornyhead",NA,NA,NA,"total_catch_wt_kg ~ 0 + factor(year) + pass + depth_m + (depth_m^2)","delta_gamma","TRUE","iid, iid","01_7","factor(year)2007","-3.813750812809","0.777332837660863","-5.33729517862461","-2.29020644699339"
"167","167","167","167","167","167","167","167","167","167","167","167","167","167","167","167","167","167","167","167",NA,NA,NA,NA,NA,NA,NA,"CA","shortspine thornyhead","shortspine_thornyhead",NA,NA,NA,"total_catch_wt_kg ~ 0 + factor(year) + pass + depth_m + (depth_m^2)","delta_gamma","TRUE","iid, iid","01_7","factor(year)2008","-3.96163720144558","0.823437644978229","-5.57554532911739","-2.34772907377377"
"168","168","168","168","168","168","168","168","168","168","168","168","168","168","168","168","168","168","168","168",NA,NA,NA,NA,NA,NA,NA,"CA","shortspine thornyhead","shortspine_thornyhead",NA,NA,NA,"total_catch_wt_kg ~ 0 + factor(year) + pass + depth_m + (depth_m^2)","delta_gamma","TRUE","iid, iid","01_7","factor(year)2009","-3.98000366230835","0.803026054033287","-5.55390580686091","-2.40610151775579"
"169","169","169","169","169","169","169","169","169","169","169","169","169","169","169","169","169","169","169","169",NA,NA,NA,NA,NA,NA,NA,"CA","shortspine thornyhead","shortspine_thornyhead",NA,NA,NA,"total_catch_wt_kg ~ 0 + factor(year) + pass + depth_m + (depth_m^2)","delta_gamma","TRUE","iid, iid","01_7","factor(year)2010","-3.23483759747174","0.779205724395726","-4.7620527538348","-1.70762244110867"
"170","170","170","170","170","170","170","170","170","170","170","170","170","170","170","170","170","170","170","170",NA,NA,NA,NA,NA,NA,NA,"CA","shortspine thornyhead","shortspine_thornyhead",NA,NA,NA,"total_catch_wt_kg ~ 0 + factor(year) + pass + depth_m + (depth_m^2)","delta_gamma","TRUE","iid, iid","01_7","factor(year)2011","-4.77914970160367","0.830095523462659","-6.4061070313184","-3.15219237188893"
"171","171","171","171","171","171","171","171","171","171","171","171","171","171","171","171","171","171","171","171",NA,NA,NA,NA,NA,NA,NA,"CA","shortspine thornyhead","shortspine_thornyhead",NA,NA,NA,"total_catch_wt_kg ~ 0 + factor(year) + pass + depth_m + (depth_m^2)","delta_gamma","TRUE","iid, iid","01_7","factor(year)2012","-3.79983084715129","0.823996696313011","-5.41483469530478","-2.1848269989978"
"172","172","172","172","172","172","172","172","172","172","172","172","172","172","172","172","172","172","172","172",NA,NA,NA,NA,NA,NA,NA,"CA","shortspine thornyhead","shortspine_thornyhead",NA,NA,NA,"total_catch_wt_kg ~ 0 + factor(year) + pass + depth_m + (depth_m^2)","delta_gamma","TRUE","iid, iid","01_7","factor(year)2013","-3.95331125982417","0.851368410495591","-5.62196268197065","-2.2846598376777"
"173","173","173","173","173","173","173","173","173","173","173","173","173","173","173","173","173","173","173","173",NA,NA,NA,NA,NA,NA,NA,"CA","shortspine thornyhead","shortspine_thornyhead",NA,NA,NA,"total_catch_wt_kg ~ 0 + factor(year) + pass + depth_m + (depth_m^2)","delta_gamma","TRUE","iid, iid","01_7","factor(year)2014","-3.5675641247584","0.778528398722313","-5.09345174719578","-2.04167650232103"
"174","174","174","174","174","174","174","174","174","174","174","174","174","174","174","174","174","174","174","174",NA,NA,NA,NA,NA,NA,NA,"CA","shortspine thornyhead","shortspine_thornyhead",NA,NA,NA,"total_catch_wt_kg ~ 0 + factor(year) + pass + depth_m + (depth_m^2)","delta_gamma","TRUE","iid, iid","01_7","factor(year)2015","-3.33879647117598","0.796967050038024","-4.90082318611564","-1.77676975623633"
"175","175","175","175","175","175","175","175","175","175","175","175","175","175","175","175","175","175","175","175",NA,NA,NA,NA,NA,NA,NA,"CA","shortspine thornyhead","shortspine_thornyhead",NA,NA,NA,"total_catch_wt_kg ~ 0 + factor(year) + pass + depth_m + (depth_m^2)","delta_gamma","TRUE","iid, iid","01_7","factor(year)2016","-4.10138634718844","0.818506455514675","-5.70562952111073","-2.49714317326614"
"176","176","176","176","176","176","176","176","176","176","176","176","176","176","176","176","176","176","176","176",NA,NA,NA,NA,NA,NA,NA,"CA","shortspine thornyhead","shortspine_thornyhead",NA,NA,NA,"total_catch_wt_kg ~ 0 + factor(year) + pass + depth_m + (depth_m^2)","delta_gamma","TRUE","iid, iid","01_7","factor(year)2017","-3.62938558040445","0.796274708198692","-5.19005533027403","-2.06871583053487"
"177","177","177","177","177","177","177","177","177","177","177","177","177","177","177","177","177","177","177","177",NA,NA,NA,NA,NA,NA,NA,"CA","shortspine thornyhead","shortspine_thornyhead",NA,NA,NA,"total_catch_wt_kg ~ 0 + factor(year) + pass + depth_m + (depth_m^2)","delta_gamma","TRUE","iid, iid","01_7","factor(year)2018","-3.52335184968472","0.795080704952294","-5.08168139619393","-1.96502230317551"
"178","178","178","178","178","178","178","178","178","178","178","178","178","178","178","178","178","178","178","178",NA,NA,NA,NA,NA,NA,NA,"CA","shortspine thornyhead","shortspine_thornyhead",NA,NA,NA,"total_catch_wt_kg ~ 0 + factor(year) + pass + depth_m + (depth_m^2)","delta_gamma","TRUE","iid, iid","01_7","factor(year)2019","-2.80088858452085","1.0080370986695","-4.77660499299331","-0.825172176048385"
"179","179","179","179","179","179","179","179","179","179","179","179","179","179","179","179","179","179","179","179",NA,NA,NA,NA,NA,NA,NA,"CA","shortspine thornyhead","shortspine_thornyhead",NA,NA,NA,"total_catch_wt_kg ~ 0 + factor(year) + pass + depth_m + (depth_m^2)","delta_gamma","TRUE","iid, iid","01_7","factor(year)2021","-2.72174304729872","0.810748675054422","-4.31078125091896","-1.13270484367849"
"180","180","180","180","180","180","180","180","180","180","180","180","180","180","180","180","180","180","180","180",NA,NA,NA,NA,NA,NA,NA,"CA","shortspine thornyhead","shortspine_thornyhead",NA,NA,NA,"total_catch_wt_kg ~ 0 + factor(year) + pass + depth_m + (depth_m^2)","delta_gamma","TRUE","iid, iid","01_7","factor(year)2022","-3.05125846874699","0.811469049397215","-4.64170858013448","-1.46080835735949"
"181","181","181","181","181","181","181","181","181","181","181","181","181","181","181","181","181","181","181","181",NA,NA,NA,NA,NA,NA,NA,"CA","shortspine thornyhead","shortspine_thornyhead",NA,NA,NA,"total_catch_wt_kg ~ 0 + factor(year) + pass + depth_m + (depth_m^2)","delta_gamma","TRUE","iid, iid","01_7","factor(year)2023","-2.82595595139772","0.807272848584101","-4.40818166031961","-1.24373024247582"
"182","182","182","182","182","182","182","182","182","182","182","182","182","182","182","182","182","182","182","182",NA,NA,NA,NA,NA,NA,NA,"CA","shortspine thornyhead","shortspine_thornyhead",NA,NA,NA,"total_catch_wt_kg ~ 0 + factor(year) + pass + depth_m + (depth_m^2)","delta_gamma","TRUE","iid, iid","01_7","factor(year)2024","-3.70942777710551","0.776021814591059","-5.2304025849214","-2.18845296928961"
"183","183","183","183","183","183","183","183","183","183","183","183","183","183","183","183","183","183","183","183",NA,NA,NA,NA,NA,NA,NA,"CA","shortspine thornyhead","shortspine_thornyhead",NA,NA,NA,"total_catch_wt_kg ~ 0 + factor(year) + pass + depth_m + (depth_m^2)","delta_gamma","TRUE","iid, iid","01_7","pass","0.0625438633031907","0.214702816353167","-0.358265924128334","0.483353650734715"
"184","184","184","184","184","184","184","184","184","184","184","184","184","184","184","184","184","184","184","184",NA,NA,NA,NA,NA,NA,NA,"CA","shortspine thornyhead","shortspine_thornyhead",NA,NA,NA,"total_catch_wt_kg ~ 0 + factor(year) + pass + depth_m + (depth_m^2)","delta_gamma","TRUE","iid, iid","01_7","depth_m","0.0068718217356508","0.000679892427582765","0.00553925706422707","0.00820438640707452"
"185","185","185","185","185","185","185","185","185","185","185","185","185","185","185","185","185","185","185",NA,NA,NA,NA,NA,NA,NA,NA,"CA","shortspine thornyhead","shortspine_thornyhead",NA,NA,NA,"total_catch_wt_kg ~ 0 + factor(year) + pass + depth_m + (depth_m^2)","delta_gamma","TRUE","iid, iid","01_8","factor(year)2003","-7.40754249201286","1.4195581486375","-10.1898253373027","-4.62525964672299"
"186","186","186","186","186","186","186","186","186","186","186","186","186","186","186","186","186","186","186",NA,NA,NA,NA,NA,NA,NA,NA,"CA","shortspine thornyhead","shortspine_thornyhead",NA,NA,NA,"total_catch_wt_kg ~ 0 + factor(year) + pass + depth_m + (depth_m^2)","delta_gamma","TRUE","iid, iid","01_8","factor(year)2004","-6.47656076078089","1.39318430041251","-9.20715181341605","-3.74596970814573"
"187","187","187","187","187","187","187","187","187","187","187","187","187","187","187","187","187","187","187",NA,NA,NA,NA,NA,NA,NA,NA,"CA","shortspine thornyhead","shortspine_thornyhead",NA,NA,NA,"total_catch_wt_kg ~ 0 + factor(year) + pass + depth_m + (depth_m^2)","delta_gamma","TRUE","iid, iid","01_8","factor(year)2005","-6.72682667726618","1.35363410995236","-9.37990078101774","-4.07375257351463"
"188","188","188","188","188","188","188","188","188","188","188","188","188","188","188","188","188","188","188",NA,NA,NA,NA,NA,NA,NA,NA,"CA","shortspine thornyhead","shortspine_thornyhead",NA,NA,NA,"total_catch_wt_kg ~ 0 + factor(year) + pass + depth_m + (depth_m^2)","delta_gamma","TRUE","iid, iid","01_8","factor(year)2006","-6.48062869365698","1.3663534161128","-9.15863217939134","-3.80262520792262"
"189","189","189","189","189","189","189","189","189","189","189","189","189","189","189","189","189","189","189",NA,NA,NA,NA,NA,NA,NA,NA,"CA","shortspine thornyhead","shortspine_thornyhead",NA,NA,NA,"total_catch_wt_kg ~ 0 + factor(year) + pass + depth_m + (depth_m^2)","delta_gamma","TRUE","iid, iid","01_8","factor(year)2007","-6.52879748124409","1.3688342534612","-9.21166331883282","-3.84593164365536"
"190","190","190","190","190","190","190","190","190","190","190","190","190","190","190","190","190","190","190",NA,NA,NA,NA,NA,NA,NA,NA,"CA","shortspine thornyhead","shortspine_thornyhead",NA,NA,NA,"total_catch_wt_kg ~ 0 + factor(year) + pass + depth_m + (depth_m^2)","delta_gamma","TRUE","iid, iid","01_8","factor(year)2008","-8.01483273365068","1.50959859086302","-10.9735916028546","-5.05607386444674"
"191","191","191","191","191","191","191","191","191","191","191","191","191","191","191","191","191","191","191",NA,NA,NA,NA,NA,NA,NA,NA,"CA","shortspine thornyhead","shortspine_thornyhead",NA,NA,NA,"total_catch_wt_kg ~ 0 + factor(year) + pass + depth_m + (depth_m^2)","delta_gamma","TRUE","iid, iid","01_8","factor(year)2009","-7.49695206096498","1.44156386950629","-10.3223653266115","-4.67153879531845"
"192","192","192","192","192","192","192","192","192","192","192","192","192","192","192","192","192","192","192",NA,NA,NA,NA,NA,NA,NA,NA,"CA","shortspine thornyhead","shortspine_thornyhead",NA,NA,NA,"total_catch_wt_kg ~ 0 + factor(year) + pass + depth_m + (depth_m^2)","delta_gamma","TRUE","iid, iid","01_8","factor(year)2010","-7.07995575335203","1.40846379167177","-9.84049405855743","-4.31941744814663"
"193","193","193","193","193","193","193","193","193","193","193","193","193","193","193","193","193","193","193",NA,NA,NA,NA,NA,NA,NA,NA,"CA","shortspine thornyhead","shortspine_thornyhead",NA,NA,NA,"total_catch_wt_kg ~ 0 + factor(year) + pass + depth_m + (depth_m^2)","delta_gamma","TRUE","iid, iid","01_8","factor(year)2011","-5.89353298696546","1.28921655143224","-8.42035099604558","-3.36671497788534"
"194","194","194","194","194","194","194","194","194","194","194","194","194","194","194","194","194","194","194",NA,NA,NA,NA,NA,NA,NA,NA,"CA","shortspine thornyhead","shortspine_thornyhead",NA,NA,NA,"total_catch_wt_kg ~ 0 + factor(year) + pass + depth_m + (depth_m^2)","delta_gamma","TRUE","iid, iid","01_8","factor(year)2012","-6.18434775817312","1.34800242428065","-8.82638396083588","-3.54231155551036"
"195","195","195","195","195","195","195","195","195","195","195","195","195","195","195","195","195","195","195",NA,NA,NA,NA,NA,NA,NA,NA,"CA","shortspine thornyhead","shortspine_thornyhead",NA,NA,NA,"total_catch_wt_kg ~ 0 + factor(year) + pass + depth_m + (depth_m^2)","delta_gamma","TRUE","iid, iid","01_8","factor(year)2013","-5.63923356133066","1.33738837692767","-8.26046661345138","-3.01800050920995"
"196","196","196","196","196","196","196","196","196","196","196","196","196","196","196","196","196","196","196",NA,NA,NA,NA,NA,NA,NA,NA,"CA","shortspine thornyhead","shortspine_thornyhead",NA,NA,NA,"total_catch_wt_kg ~ 0 + factor(year) + pass + depth_m + (depth_m^2)","delta_gamma","TRUE","iid, iid","01_8","factor(year)2014","-6.97344035809412","1.40739946582067","-9.73189262296354","-4.2149880932247"
"197","197","197","197","197","197","197","197","197","197","197","197","197","197","197","197","197","197","197",NA,NA,NA,NA,NA,NA,NA,NA,"CA","shortspine thornyhead","shortspine_thornyhead",NA,NA,NA,"total_catch_wt_kg ~ 0 + factor(year) + pass + depth_m + (depth_m^2)","delta_gamma","TRUE","iid, iid","01_8","factor(year)2015","-7.32415521374118","1.43400161593601","-10.134746734748","-4.51356369273436"
"198","198","198","198","198","198","198","198","198","198","198","198","198","198","198","198","198","198","198",NA,NA,NA,NA,NA,NA,NA,NA,"CA","shortspine thornyhead","shortspine_thornyhead",NA,NA,NA,"total_catch_wt_kg ~ 0 + factor(year) + pass + depth_m + (depth_m^2)","delta_gamma","TRUE","iid, iid","01_8","factor(year)2016","-6.35271848399882","1.3509731863396","-9.00057727330376","-3.70485969469388"
"199","199","199","199","199","199","199","199","199","199","199","199","199","199","199","199","199","199","199",NA,NA,NA,NA,NA,NA,NA,NA,"CA","shortspine thornyhead","shortspine_thornyhead",NA,NA,NA,"total_catch_wt_kg ~ 0 + factor(year) + pass + depth_m + (depth_m^2)","delta_gamma","TRUE","iid, iid","01_8","factor(year)2017","-6.23489632924865","1.29171775877654","-8.76661661464146","-3.70317604385584"
"200","200","200","200","200","200","200","200","200","200","200","200","200","200","200","200","200","200","200",NA,NA,NA,NA,NA,NA,NA,NA,"CA","shortspine thornyhead","shortspine_thornyhead",NA,NA,NA,"total_catch_wt_kg ~ 0 + factor(year) + pass + depth_m + (depth_m^2)","delta_gamma","TRUE","iid, iid","01_8","factor(year)2018","-6.01877381749143","1.32478144478579","-8.61529773665851","-3.42224989832435"
"201","201","201","201","201","201","201","201","201","201","201","201","201","201","201","201","201","201","201",NA,NA,NA,NA,NA,NA,NA,NA,"CA","shortspine thornyhead","shortspine_thornyhead",NA,NA,NA,"total_catch_wt_kg ~ 0 + factor(year) + pass + depth_m + (depth_m^2)","delta_gamma","TRUE","iid, iid","01_8","factor(year)2019","-6.61149037012675","1.56325997864373","-9.67542362674131","-3.54755711351219"
"202","202","202","202","202","202","202","202","202","202","202","202","202","202","202","202","202","202","202",NA,NA,NA,NA,NA,NA,NA,NA,"CA","shortspine thornyhead","shortspine_thornyhead",NA,NA,NA,"total_catch_wt_kg ~ 0 + factor(year) + pass + depth_m + (depth_m^2)","delta_gamma","TRUE","iid, iid","01_8","factor(year)2021","-5.77472731210365","1.26684130051258","-8.25769063523618","-3.29176398897112"
"203","203","203","203","203","203","203","203","203","203","203","203","203","203","203","203","203","203","203",NA,NA,NA,NA,NA,NA,NA,NA,"CA","shortspine thornyhead","shortspine_thornyhead",NA,NA,NA,"total_catch_wt_kg ~ 0 + factor(year) + pass + depth_m + (depth_m^2)","delta_gamma","TRUE","iid, iid","01_8","factor(year)2022","-5.85486922068861","1.32280347148764","-8.44751638342894","-3.26222205794828"
"204","204","204","204","204","204","204","204","204","204","204","204","204","204","204","204","204","204","204",NA,NA,NA,NA,NA,NA,NA,NA,"CA","shortspine thornyhead","shortspine_thornyhead",NA,NA,NA,"total_catch_wt_kg ~ 0 + factor(year) + pass + depth_m + (depth_m^2)","delta_gamma","TRUE","iid, iid","01_8","factor(year)2023","-6.39869204979255","1.41878420831344","-9.17945799992106","-3.61792609966403"
"205","205","205","205","205","205","205","205","205","205","205","205","205","205","205","205","205","205","205",NA,NA,NA,NA,NA,NA,NA,NA,"CA","shortspine thornyhead","shortspine_thornyhead",NA,NA,NA,"total_catch_wt_kg ~ 0 + factor(year) + pass + depth_m + (depth_m^2)","delta_gamma","TRUE","iid, iid","01_8","factor(year)2024","-7.21925831462119","1.40443944144941","-9.97190903832958","-4.46660759091279"
"206","206","206","206","206","206","206","206","206","206","206","206","206","206","206","206","206","206","206",NA,NA,NA,NA,NA,NA,NA,NA,"CA","shortspine thornyhead","shortspine_thornyhead",NA,NA,NA,"total_catch_wt_kg ~ 0 + factor(year) + pass + depth_m + (depth_m^2)","delta_gamma","TRUE","iid, iid","01_8","pass","0.502395957045561","0.291211021806263","-0.0683671575958229","1.07315907168694"
"207","207","207","207","207","207","207","207","207","207","207","207","207","207","207","207","207","207","207",NA,NA,NA,NA,NA,NA,NA,NA,"CA","shortspine thornyhead","shortspine_thornyhead",NA,NA,NA,"total_catch_wt_kg ~ 0 + factor(year) + pass + depth_m + (depth_m^2)","delta_gamma","TRUE","iid, iid","01_8","depth_m","0.0135837486869349","0.00193505060109749","0.00979111920052124","0.0173763781733486"
"208","208","208","208","208","208","208","208","208","208","208","208","208","208","208","208","208","208",NA,NA,NA,NA,NA,NA,NA,NA,NA,"CA","shortspine thornyhead","shortspine_thornyhead",NA,NA,NA,"total_catch_wt_kg ~ 0 + factor(year) + pass + depth_m + (depth_m^2)","delta_gamma","TRUE","iid, iid","01_9","factor(year)2003","-3.55640873114434","0.807568845569712","-5.13921458349757","-1.97360287879112"
"209","209","209","209","209","209","209","209","209","209","209","209","209","209","209","209","209","209",NA,NA,NA,NA,NA,NA,NA,NA,NA,"CA","shortspine thornyhead","shortspine_thornyhead",NA,NA,NA,"total_catch_wt_kg ~ 0 + factor(year) + pass + depth_m + (depth_m^2)","delta_gamma","TRUE","iid, iid","01_9","factor(year)2004","-3.57305966089232","0.845161855858959","-5.22954645948291","-1.91657286230173"
"210","210","210","210","210","210","210","210","210","210","210","210","210","210","210","210","210","210",NA,NA,NA,NA,NA,NA,NA,NA,NA,"CA","shortspine thornyhead","shortspine_thornyhead",NA,NA,NA,"total_catch_wt_kg ~ 0 + factor(year) + pass + depth_m + (depth_m^2)","delta_gamma","TRUE","iid, iid","01_9","factor(year)2005","-3.72950368452344","0.765274301468092","-5.22941375369495","-2.22959361535193"
"211","211","211","211","211","211","211","211","211","211","211","211","211","211","211","211","211","211",NA,NA,NA,NA,NA,NA,NA,NA,NA,"CA","shortspine thornyhead","shortspine_thornyhead",NA,NA,NA,"total_catch_wt_kg ~ 0 + factor(year) + pass + depth_m + (depth_m^2)","delta_gamma","TRUE","iid, iid","01_9","factor(year)2006","-3.23987297509108","0.786947401058565","-4.78226153889327","-1.6974844112889"
"212","212","212","212","212","212","212","212","212","212","212","212","212","212","212","212","212","212",NA,NA,NA,NA,NA,NA,NA,NA,NA,"CA","shortspine thornyhead","shortspine_thornyhead",NA,NA,NA,"total_catch_wt_kg ~ 0 + factor(year) + pass + depth_m + (depth_m^2)","delta_gamma","TRUE","iid, iid","01_9","factor(year)2007","-2.04023199397187","0.816374631869608","-3.64029687032844","-0.440167117615292"
"213","213","213","213","213","213","213","213","213","213","213","213","213","213","213","213","213","213",NA,NA,NA,NA,NA,NA,NA,NA,NA,"CA","shortspine thornyhead","shortspine_thornyhead",NA,NA,NA,"total_catch_wt_kg ~ 0 + factor(year) + pass + depth_m + (depth_m^2)","delta_gamma","TRUE","iid, iid","01_9","factor(year)2008","-3.66182403132147","0.808312235063052","-5.24608690030812","-2.07756116233481"
"214","214","214","214","214","214","214","214","214","214","214","214","214","214","214","214","214","214",NA,NA,NA,NA,NA,NA,NA,NA,NA,"CA","shortspine thornyhead","shortspine_thornyhead",NA,NA,NA,"total_catch_wt_kg ~ 0 + factor(year) + pass + depth_m + (depth_m^2)","delta_gamma","TRUE","iid, iid","01_9","factor(year)2009","-3.53773683446051","0.805119229144773","-5.11574152684492","-1.95973214207611"
"215","215","215","215","215","215","215","215","215","215","215","215","215","215","215","215","215","215",NA,NA,NA,NA,NA,NA,NA,NA,NA,"CA","shortspine thornyhead","shortspine_thornyhead",NA,NA,NA,"total_catch_wt_kg ~ 0 + factor(year) + pass + depth_m + (depth_m^2)","delta_gamma","TRUE","iid, iid","01_9","factor(year)2010","-3.49171369468399","0.775680557562541","-5.01201965101452","-1.97140773835346"
"216","216","216","216","216","216","216","216","216","216","216","216","216","216","216","216","216","216",NA,NA,NA,NA,NA,NA,NA,NA,NA,"CA","shortspine thornyhead","shortspine_thornyhead",NA,NA,NA,"total_catch_wt_kg ~ 0 + factor(year) + pass + depth_m + (depth_m^2)","delta_gamma","TRUE","iid, iid","01_9","factor(year)2011","-4.02496780732616","0.787312135633566","-5.56807123775926","-2.48186437689305"
"217","217","217","217","217","217","217","217","217","217","217","217","217","217","217","217","217","217",NA,NA,NA,NA,NA,NA,NA,NA,NA,"CA","shortspine thornyhead","shortspine_thornyhead",NA,NA,NA,"total_catch_wt_kg ~ 0 + factor(year) + pass + depth_m + (depth_m^2)","delta_gamma","TRUE","iid, iid","01_9","factor(year)2012","-3.88195596260443","0.808063339117614","-5.46573100450213","-2.29818092070673"
"218","218","218","218","218","218","218","218","218","218","218","218","218","218","218","218","218","218",NA,NA,NA,NA,NA,NA,NA,NA,NA,"CA","shortspine thornyhead","shortspine_thornyhead",NA,NA,NA,"total_catch_wt_kg ~ 0 + factor(year) + pass + depth_m + (depth_m^2)","delta_gamma","TRUE","iid, iid","01_9","factor(year)2013","-3.55405460048129","0.863907844769767","-5.24728286219165","-1.86082633877093"
"219","219","219","219","219","219","219","219","219","219","219","219","219","219","219","219","219","219",NA,NA,NA,NA,NA,NA,NA,NA,NA,"CA","shortspine thornyhead","shortspine_thornyhead",NA,NA,NA,"total_catch_wt_kg ~ 0 + factor(year) + pass + depth_m + (depth_m^2)","delta_gamma","TRUE","iid, iid","01_9","factor(year)2014","-4.14371421386723","0.793376799234975","-5.69870416653745","-2.58872426119702"
"220","220","220","220","220","220","220","220","220","220","220","220","220","220","220","220","220","220",NA,NA,NA,NA,NA,NA,NA,NA,NA,"CA","shortspine thornyhead","shortspine_thornyhead",NA,NA,NA,"total_catch_wt_kg ~ 0 + factor(year) + pass + depth_m + (depth_m^2)","delta_gamma","TRUE","iid, iid","01_9","factor(year)2015","-2.96670338035472","0.802387702812426","-4.5393543795049","-1.39405238120453"
"221","221","221","221","221","221","221","221","221","221","221","221","221","221","221","221","221","221",NA,NA,NA,NA,NA,NA,NA,NA,NA,"CA","shortspine thornyhead","shortspine_thornyhead",NA,NA,NA,"total_catch_wt_kg ~ 0 + factor(year) + pass + depth_m + (depth_m^2)","delta_gamma","TRUE","iid, iid","01_9","factor(year)2016","-3.71785690105485","0.775979824903542","-5.23874941059549","-2.19696439151421"
"222","222","222","222","222","222","222","222","222","222","222","222","222","222","222","222","222","222",NA,NA,NA,NA,NA,NA,NA,NA,NA,"CA","shortspine thornyhead","shortspine_thornyhead",NA,NA,NA,"total_catch_wt_kg ~ 0 + factor(year) + pass + depth_m + (depth_m^2)","delta_gamma","TRUE","iid, iid","01_9","factor(year)2017","-3.37364221869526","0.777888370111785","-4.89827540810692","-1.8490090292836"
"223","223","223","223","223","223","223","223","223","223","223","223","223","223","223","223","223","223",NA,NA,NA,NA,NA,NA,NA,NA,NA,"CA","shortspine thornyhead","shortspine_thornyhead",NA,NA,NA,"total_catch_wt_kg ~ 0 + factor(year) + pass + depth_m + (depth_m^2)","delta_gamma","TRUE","iid, iid","01_9","factor(year)2018","-3.10872974368608","0.776668825475039","-4.63097266953218","-1.58648681783998"
"224","224","224","224","224","224","224","224","224","224","224","224","224","224","224","224","224","224",NA,NA,NA,NA,NA,NA,NA,NA,NA,"CA","shortspine thornyhead","shortspine_thornyhead",NA,NA,NA,"total_catch_wt_kg ~ 0 + factor(year) + pass + depth_m + (depth_m^2)","delta_gamma","TRUE","iid, iid","01_9","factor(year)2019","-2.91161371629424","0.862575270462124","-4.60223018035489","-1.22099725223358"
"225","225","225","225","225","225","225","225","225","225","225","225","225","225","225","225","225","225",NA,NA,NA,NA,NA,NA,NA,NA,NA,"CA","shortspine thornyhead","shortspine_thornyhead",NA,NA,NA,"total_catch_wt_kg ~ 0 + factor(year) + pass + depth_m + (depth_m^2)","delta_gamma","TRUE","iid, iid","01_9","factor(year)2021","-3.73923017107125","0.789827061495835","-5.28726276561819","-2.19119757652431"
"226","226","226","226","226","226","226","226","226","226","226","226","226","226","226","226","226","226",NA,NA,NA,NA,NA,NA,NA,NA,NA,"CA","shortspine thornyhead","shortspine_thornyhead",NA,NA,NA,"total_catch_wt_kg ~ 0 + factor(year) + pass + depth_m + (depth_m^2)","delta_gamma","TRUE","iid, iid","01_9","factor(year)2022","-2.95659366180663","0.797824311760108","-4.52030057884689","-1.39288674476636"
"227","227","227","227","227","227","227","227","227","227","227","227","227","227","227","227","227","227",NA,NA,NA,NA,NA,NA,NA,NA,NA,"CA","shortspine thornyhead","shortspine_thornyhead",NA,NA,NA,"total_catch_wt_kg ~ 0 + factor(year) + pass + depth_m + (depth_m^2)","delta_gamma","TRUE","iid, iid","01_9","factor(year)2023","-3.02185471973588","0.789612186270947","-4.56946616658087","-1.47424327289089"
"228","228","228","228","228","228","228","228","228","228","228","228","228","228","228","228","228","228",NA,NA,NA,NA,NA,NA,NA,NA,NA,"CA","shortspine thornyhead","shortspine_thornyhead",NA,NA,NA,"total_catch_wt_kg ~ 0 + factor(year) + pass + depth_m + (depth_m^2)","delta_gamma","TRUE","iid, iid","01_9","factor(year)2024","-3.96495453440295","0.804114489089915","-5.54098997246601","-2.38891909633989"
"229","229","229","229","229","229","229","229","229","229","229","229","229","229","229","229","229","229",NA,NA,NA,NA,NA,NA,NA,NA,NA,"CA","shortspine thornyhead","shortspine_thornyhead",NA,NA,NA,"total_catch_wt_kg ~ 0 + factor(year) + pass + depth_m + (depth_m^2)","delta_gamma","TRUE","iid, iid","01_9","pass","-0.17300755264029","0.213842365475865","-0.592130887341837","0.246115782061257"
"230","230","230","230","230","230","230","230","230","230","230","230","230","230","230","230","230","230",NA,NA,NA,NA,NA,NA,NA,NA,NA,"CA","shortspine thornyhead","shortspine_thornyhead",NA,NA,NA,"total_catch_wt_kg ~ 0 + factor(year) + pass + depth_m + (depth_m^2)","delta_gamma","TRUE","iid, iid","01_9","depth_m","0.00813328585414764","0.000755933572770296","0.00665168327681317","0.0096148884314821"
"231","231","231","231","231","231","231","231","231","231","231","231","231","231","231","231","231",NA,NA,NA,NA,NA,NA,NA,NA,NA,NA,"CA","shortspine thornyhead","shortspine_thornyhead",NA,NA,NA,"total_catch_wt_kg ~ 0 + factor(year) + pass + depth_m + (depth_m^2)","delta_gamma","TRUE","iid, iid","02_1","factor(year)2003","-5.42768828126244","0.841771039361232","-7.0775292016393","-3.77784736088558"
"232","232","232","232","232","232","232","232","232","232","232","232","232","232","232","232","232",NA,NA,NA,NA,NA,NA,NA,NA,NA,NA,"CA","shortspine thornyhead","shortspine_thornyhead",NA,NA,NA,"total_catch_wt_kg ~ 0 + factor(year) + pass + depth_m + (depth_m^2)","delta_gamma","TRUE","iid, iid","02_1","factor(year)2004","-4.41015417055715","0.854565231490822","-6.0850712467193","-2.73523709439501"
"233","233","233","233","233","233","233","233","233","233","233","233","233","233","233","233","233",NA,NA,NA,NA,NA,NA,NA,NA,NA,NA,"CA","shortspine thornyhead","shortspine_thornyhead",NA,NA,NA,"total_catch_wt_kg ~ 0 + factor(year) + pass + depth_m + (depth_m^2)","delta_gamma","TRUE","iid, iid","02_1","factor(year)2005","-4.29395827421027","0.798843564919133","-5.85966289073335","-2.72825365768718"
"234","234","234","234","234","234","234","234","234","234","234","234","234","234","234","234","234",NA,NA,NA,NA,NA,NA,NA,NA,NA,NA,"CA","shortspine thornyhead","shortspine_thornyhead",NA,NA,NA,"total_catch_wt_kg ~ 0 + factor(year) + pass + depth_m + (depth_m^2)","delta_gamma","TRUE","iid, iid","02_1","factor(year)2006","-4.46215958148626","0.79649071140859","-6.02325268986778","-2.90106647310473"
"235","235","235","235","235","235","235","235","235","235","235","235","235","235","235","235","235",NA,NA,NA,NA,NA,NA,NA,NA,NA,NA,"CA","shortspine thornyhead","shortspine_thornyhead",NA,NA,NA,"total_catch_wt_kg ~ 0 + factor(year) + pass + depth_m + (depth_m^2)","delta_gamma","TRUE","iid, iid","02_1","factor(year)2007","-4.67360415901299","0.802538707551812","-6.24655112201386","-3.10065719601212"
"236","236","236","236","236","236","236","236","236","236","236","236","236","236","236","236","236",NA,NA,NA,NA,NA,NA,NA,NA,NA,NA,"CA","shortspine thornyhead","shortspine_thornyhead",NA,NA,NA,"total_catch_wt_kg ~ 0 + factor(year) + pass + depth_m + (depth_m^2)","delta_gamma","TRUE","iid, iid","02_1","factor(year)2008","-4.53770437120814","0.81990884190143","-6.14469617194089","-2.93071257047539"
"237","237","237","237","237","237","237","237","237","237","237","237","237","237","237","237","237",NA,NA,NA,NA,NA,NA,NA,NA,NA,NA,"CA","shortspine thornyhead","shortspine_thornyhead",NA,NA,NA,"total_catch_wt_kg ~ 0 + factor(year) + pass + depth_m + (depth_m^2)","delta_gamma","TRUE","iid, iid","02_1","factor(year)2009","-4.89254736758226","0.810866671769152","-6.48181684051366","-3.30327789465086"
"238","238","238","238","238","238","238","238","238","238","238","238","238","238","238","238","238",NA,NA,NA,NA,NA,NA,NA,NA,NA,NA,"CA","shortspine thornyhead","shortspine_thornyhead",NA,NA,NA,"total_catch_wt_kg ~ 0 + factor(year) + pass + depth_m + (depth_m^2)","delta_gamma","TRUE","iid, iid","02_1","factor(year)2010","-5.08531555416701","0.807889046549017","-6.66874898890748","-3.50188211942653"
"239","239","239","239","239","239","239","239","239","239","239","239","239","239","239","239","239",NA,NA,NA,NA,NA,NA,NA,NA,NA,NA,"CA","shortspine thornyhead","shortspine_thornyhead",NA,NA,NA,"total_catch_wt_kg ~ 0 + factor(year) + pass + depth_m + (depth_m^2)","delta_gamma","TRUE","iid, iid","02_1","factor(year)2011","-4.84920685573586","0.809235816176529","-6.43527991044173","-3.26313380102999"
"240","240","240","240","240","240","240","240","240","240","240","240","240","240","240","240","240",NA,NA,NA,NA,NA,NA,NA,NA,NA,NA,"CA","shortspine thornyhead","shortspine_thornyhead",NA,NA,NA,"total_catch_wt_kg ~ 0 + factor(year) + pass + depth_m + (depth_m^2)","delta_gamma","TRUE","iid, iid","02_1","factor(year)2012","-5.12931817520816","0.826668012571891","-6.74955770702037","-3.50907864339595"
"241","241","241","241","241","241","241","241","241","241","241","241","241","241","241","241","241",NA,NA,NA,NA,NA,NA,NA,NA,NA,NA,"CA","shortspine thornyhead","shortspine_thornyhead",NA,NA,NA,"total_catch_wt_kg ~ 0 + factor(year) + pass + depth_m + (depth_m^2)","delta_gamma","TRUE","iid, iid","02_1","factor(year)2013","-4.02768797345555","0.813474966195509","-5.62206960952369","-2.43330633738741"
"242","242","242","242","242","242","242","242","242","242","242","242","242","242","242","242","242",NA,NA,NA,NA,NA,NA,NA,NA,NA,NA,"CA","shortspine thornyhead","shortspine_thornyhead",NA,NA,NA,"total_catch_wt_kg ~ 0 + factor(year) + pass + depth_m + (depth_m^2)","delta_gamma","TRUE","iid, iid","02_1","factor(year)2014","-4.49978456206534","0.801377948926968","-6.07045647996678","-2.92911264416391"
"243","243","243","243","243","243","243","243","243","243","243","243","243","243","243","243","243",NA,NA,NA,NA,NA,NA,NA,NA,NA,NA,"CA","shortspine thornyhead","shortspine_thornyhead",NA,NA,NA,"total_catch_wt_kg ~ 0 + factor(year) + pass + depth_m + (depth_m^2)","delta_gamma","TRUE","iid, iid","02_1","factor(year)2015","-4.20510845204967","0.795902880833918","-5.76504943367583","-2.64516747042352"
"244","244","244","244","244","244","244","244","244","244","244","244","244","244","244","244","244",NA,NA,NA,NA,NA,NA,NA,NA,NA,NA,"CA","shortspine thornyhead","shortspine_thornyhead",NA,NA,NA,"total_catch_wt_kg ~ 0 + factor(year) + pass + depth_m + (depth_m^2)","delta_gamma","TRUE","iid, iid","02_1","factor(year)2016","-4.47405585537579","0.792415595321953","-6.02716188299468","-2.9209498277569"
"245","245","245","245","245","245","245","245","245","245","245","245","245","245","245","245","245",NA,NA,NA,NA,NA,NA,NA,NA,NA,NA,"CA","shortspine thornyhead","shortspine_thornyhead",NA,NA,NA,"total_catch_wt_kg ~ 0 + factor(year) + pass + depth_m + (depth_m^2)","delta_gamma","TRUE","iid, iid","02_1","factor(year)2017","-4.8500083991912","0.815396532471066","-6.44815623595334","-3.25186056242907"
"246","246","246","246","246","246","246","246","246","246","246","246","246","246","246","246","246",NA,NA,NA,NA,NA,NA,NA,NA,NA,NA,"CA","shortspine thornyhead","shortspine_thornyhead",NA,NA,NA,"total_catch_wt_kg ~ 0 + factor(year) + pass + depth_m + (depth_m^2)","delta_gamma","TRUE","iid, iid","02_1","factor(year)2018","-4.37416486137268","0.796282762983584","-5.93485039833055","-2.81347932441481"
"247","247","247","247","247","247","247","247","247","247","247","247","247","247","247","247","247",NA,NA,NA,NA,NA,NA,NA,NA,NA,NA,"CA","shortspine thornyhead","shortspine_thornyhead",NA,NA,NA,"total_catch_wt_kg ~ 0 + factor(year) + pass + depth_m + (depth_m^2)","delta_gamma","TRUE","iid, iid","02_1","factor(year)2019","-5.44859156982449","0.930832340978086","-7.27298943378665","-3.62419370586234"
"248","248","248","248","248","248","248","248","248","248","248","248","248","248","248","248","248",NA,NA,NA,NA,NA,NA,NA,NA,NA,NA,"CA","shortspine thornyhead","shortspine_thornyhead",NA,NA,NA,"total_catch_wt_kg ~ 0 + factor(year) + pass + depth_m + (depth_m^2)","delta_gamma","TRUE","iid, iid","02_1","factor(year)2021","-4.46291354500355","0.813776699542339","-6.05788656756441","-2.86794052244269"
"249","249","249","249","249","249","249","249","249","249","249","249","249","249","249","249","249",NA,NA,NA,NA,NA,NA,NA,NA,NA,NA,"CA","shortspine thornyhead","shortspine_thornyhead",NA,NA,NA,"total_catch_wt_kg ~ 0 + factor(year) + pass + depth_m + (depth_m^2)","delta_gamma","TRUE","iid, iid","02_1","factor(year)2022","-4.94343946265824","0.819143397689234","-6.54893102030291","-3.33794790501357"
"250","250","250","250","250","250","250","250","250","250","250","250","250","250","250","250","250",NA,NA,NA,NA,NA,NA,NA,NA,NA,NA,"CA","shortspine thornyhead","shortspine_thornyhead",NA,NA,NA,"total_catch_wt_kg ~ 0 + factor(year) + pass + depth_m + (depth_m^2)","delta_gamma","TRUE","iid, iid","02_1","factor(year)2023","-4.27133656824052","0.811623951112753","-5.86209028141161","-2.68058285506942"
"251","251","251","251","251","251","251","251","251","251","251","251","251","251","251","251","251",NA,NA,NA,NA,NA,NA,NA,NA,NA,NA,"CA","shortspine thornyhead","shortspine_thornyhead",NA,NA,NA,"total_catch_wt_kg ~ 0 + factor(year) + pass + depth_m + (depth_m^2)","delta_gamma","TRUE","iid, iid","02_1","factor(year)2024","-4.4747245114824","0.784942950865754","-6.01318442509787","-2.93626459786693"
"252","252","252","252","252","252","252","252","252","252","252","252","252","252","252","252","252",NA,NA,NA,NA,NA,NA,NA,NA,NA,NA,"CA","shortspine thornyhead","shortspine_thornyhead",NA,NA,NA,"total_catch_wt_kg ~ 0 + factor(year) + pass + depth_m + (depth_m^2)","delta_gamma","TRUE","iid, iid","02_1","pass","-0.138780280352602","0.176864199677211","-0.485427741874436","0.207867181169231"
"253","253","253","253","253","253","253","253","253","253","253","253","253","253","253","253","253",NA,NA,NA,NA,NA,NA,NA,NA,NA,NA,"CA","shortspine thornyhead","shortspine_thornyhead",NA,NA,NA,"total_catch_wt_kg ~ 0 + factor(year) + pass + depth_m + (depth_m^2)","delta_gamma","TRUE","iid, iid","02_1","depth_m","0.0100371862785328","0.000822769975588065","0.00842458675881929","0.0116497857982463"
"254","254","254","254","254","254","254","254","254","254","254","254","254","254","254","254",NA,NA,NA,NA,NA,NA,NA,NA,NA,NA,NA,"CA","shortspine thornyhead","shortspine_thornyhead",NA,NA,NA,"total_catch_wt_kg ~ 0 + factor(year) + pass + depth_m + (depth_m^2)","delta_gamma","TRUE","iid, iid","02_10","factor(year)2003","-5.13380860291139","NaN","NaN","NaN"
"255","255","255","255","255","255","255","255","255","255","255","255","255","255","255","255",NA,NA,NA,NA,NA,NA,NA,NA,NA,NA,NA,"CA","shortspine thornyhead","shortspine_thornyhead",NA,NA,NA,"total_catch_wt_kg ~ 0 + factor(year) + pass + depth_m + (depth_m^2)","delta_gamma","TRUE","iid, iid","02_10","factor(year)2004","-4.05813083101541","NaN","NaN","NaN"
"256","256","256","256","256","256","256","256","256","256","256","256","256","256","256","256",NA,NA,NA,NA,NA,NA,NA,NA,NA,NA,NA,"CA","shortspine thornyhead","shortspine_thornyhead",NA,NA,NA,"total_catch_wt_kg ~ 0 + factor(year) + pass + depth_m + (depth_m^2)","delta_gamma","TRUE","iid, iid","02_10","factor(year)2005","-4.46957459676807","NaN","NaN","NaN"
"257","257","257","257","257","257","257","257","257","257","257","257","257","257","257","257",NA,NA,NA,NA,NA,NA,NA,NA,NA,NA,NA,"CA","shortspine thornyhead","shortspine_thornyhead",NA,NA,NA,"total_catch_wt_kg ~ 0 + factor(year) + pass + depth_m + (depth_m^2)","delta_gamma","TRUE","iid, iid","02_10","factor(year)2006","-4.59236609980531","NaN","NaN","NaN"
"258","258","258","258","258","258","258","258","258","258","258","258","258","258","258","258",NA,NA,NA,NA,NA,NA,NA,NA,NA,NA,NA,"CA","shortspine thornyhead","shortspine_thornyhead",NA,NA,NA,"total_catch_wt_kg ~ 0 + factor(year) + pass + depth_m + (depth_m^2)","delta_gamma","TRUE","iid, iid","02_10","factor(year)2007","-4.23245323123849","NaN","NaN","NaN"
"259","259","259","259","259","259","259","259","259","259","259","259","259","259","259","259",NA,NA,NA,NA,NA,NA,NA,NA,NA,NA,NA,"CA","shortspine thornyhead","shortspine_thornyhead",NA,NA,NA,"total_catch_wt_kg ~ 0 + factor(year) + pass + depth_m + (depth_m^2)","delta_gamma","TRUE","iid, iid","02_10","factor(year)2008","-4.88454839048997","NaN","NaN","NaN"
"260","260","260","260","260","260","260","260","260","260","260","260","260","260","260","260",NA,NA,NA,NA,NA,NA,NA,NA,NA,NA,NA,"CA","shortspine thornyhead","shortspine_thornyhead",NA,NA,NA,"total_catch_wt_kg ~ 0 + factor(year) + pass + depth_m + (depth_m^2)","delta_gamma","TRUE","iid, iid","02_10","factor(year)2009","-4.42997894427951","NaN","NaN","NaN"
"261","261","261","261","261","261","261","261","261","261","261","261","261","261","261","261",NA,NA,NA,NA,NA,NA,NA,NA,NA,NA,NA,"CA","shortspine thornyhead","shortspine_thornyhead",NA,NA,NA,"total_catch_wt_kg ~ 0 + factor(year) + pass + depth_m + (depth_m^2)","delta_gamma","TRUE","iid, iid","02_10","factor(year)2010","-4.29994147350121","NaN","NaN","NaN"
"262","262","262","262","262","262","262","262","262","262","262","262","262","262","262","262",NA,NA,NA,NA,NA,NA,NA,NA,NA,NA,NA,"CA","shortspine thornyhead","shortspine_thornyhead",NA,NA,NA,"total_catch_wt_kg ~ 0 + factor(year) + pass + depth_m + (depth_m^2)","delta_gamma","TRUE","iid, iid","02_10","factor(year)2011","-4.86786537705204","NaN","NaN","NaN"
"263","263","263","263","263","263","263","263","263","263","263","263","263","263","263","263",NA,NA,NA,NA,NA,NA,NA,NA,NA,NA,NA,"CA","shortspine thornyhead","shortspine_thornyhead",NA,NA,NA,"total_catch_wt_kg ~ 0 + factor(year) + pass + depth_m + (depth_m^2)","delta_gamma","TRUE","iid, iid","02_10","factor(year)2012","-4.71509350127418","NaN","NaN","NaN"
"264","264","264","264","264","264","264","264","264","264","264","264","264","264","264","264",NA,NA,NA,NA,NA,NA,NA,NA,NA,NA,NA,"CA","shortspine thornyhead","shortspine_thornyhead",NA,NA,NA,"total_catch_wt_kg ~ 0 + factor(year) + pass + depth_m + (depth_m^2)","delta_gamma","TRUE","iid, iid","02_10","factor(year)2013","-4.82995303969631","NaN","NaN","NaN"
"265","265","265","265","265","265","265","265","265","265","265","265","265","265","265","265",NA,NA,NA,NA,NA,NA,NA,NA,NA,NA,NA,"CA","shortspine thornyhead","shortspine_thornyhead",NA,NA,NA,"total_catch_wt_kg ~ 0 + factor(year) + pass + depth_m + (depth_m^2)","delta_gamma","TRUE","iid, iid","02_10","factor(year)2014","-4.62429578062623","NaN","NaN","NaN"
"266","266","266","266","266","266","266","266","266","266","266","266","266","266","266","266",NA,NA,NA,NA,NA,NA,NA,NA,NA,NA,NA,"CA","shortspine thornyhead","shortspine_thornyhead",NA,NA,NA,"total_catch_wt_kg ~ 0 + factor(year) + pass + depth_m + (depth_m^2)","delta_gamma","TRUE","iid, iid","02_10","factor(year)2015","-4.62553091635861","NaN","NaN","NaN"
"267","267","267","267","267","267","267","267","267","267","267","267","267","267","267","267",NA,NA,NA,NA,NA,NA,NA,NA,NA,NA,NA,"CA","shortspine thornyhead","shortspine_thornyhead",NA,NA,NA,"total_catch_wt_kg ~ 0 + factor(year) + pass + depth_m + (depth_m^2)","delta_gamma","TRUE","iid, iid","02_10","factor(year)2016","-4.48284210955093","NaN","NaN","NaN"
"268","268","268","268","268","268","268","268","268","268","268","268","268","268","268","268",NA,NA,NA,NA,NA,NA,NA,NA,NA,NA,NA,"CA","shortspine thornyhead","shortspine_thornyhead",NA,NA,NA,"total_catch_wt_kg ~ 0 + factor(year) + pass + depth_m + (depth_m^2)","delta_gamma","TRUE","iid, iid","02_10","factor(year)2017","-4.09612269913581","NaN","NaN","NaN"
"269","269","269","269","269","269","269","269","269","269","269","269","269","269","269","269",NA,NA,NA,NA,NA,NA,NA,NA,NA,NA,NA,"CA","shortspine thornyhead","shortspine_thornyhead",NA,NA,NA,"total_catch_wt_kg ~ 0 + factor(year) + pass + depth_m + (depth_m^2)","delta_gamma","TRUE","iid, iid","02_10","factor(year)2018","-4.74195110367373","NaN","NaN","NaN"
"270","270","270","270","270","270","270","270","270","270","270","270","270","270","270","270",NA,NA,NA,NA,NA,NA,NA,NA,NA,NA,NA,"CA","shortspine thornyhead","shortspine_thornyhead",NA,NA,NA,"total_catch_wt_kg ~ 0 + factor(year) + pass + depth_m + (depth_m^2)","delta_gamma","TRUE","iid, iid","02_10","factor(year)2019","-4.24933390078324","NaN","NaN","NaN"
"271","271","271","271","271","271","271","271","271","271","271","271","271","271","271","271",NA,NA,NA,NA,NA,NA,NA,NA,NA,NA,NA,"CA","shortspine thornyhead","shortspine_thornyhead",NA,NA,NA,"total_catch_wt_kg ~ 0 + factor(year) + pass + depth_m + (depth_m^2)","delta_gamma","TRUE","iid, iid","02_10","factor(year)2021","-3.8890644872442","NaN","NaN","NaN"
"272","272","272","272","272","272","272","272","272","272","272","272","272","272","272","272",NA,NA,NA,NA,NA,NA,NA,NA,NA,NA,NA,"CA","shortspine thornyhead","shortspine_thornyhead",NA,NA,NA,"total_catch_wt_kg ~ 0 + factor(year) + pass + depth_m + (depth_m^2)","delta_gamma","TRUE","iid, iid","02_10","factor(year)2022","-3.97168191342662","NaN","NaN","NaN"
"273","273","273","273","273","273","273","273","273","273","273","273","273","273","273","273",NA,NA,NA,NA,NA,NA,NA,NA,NA,NA,NA,"CA","shortspine thornyhead","shortspine_thornyhead",NA,NA,NA,"total_catch_wt_kg ~ 0 + factor(year) + pass + depth_m + (depth_m^2)","delta_gamma","TRUE","iid, iid","02_10","factor(year)2023","-4.09624913990921","NaN","NaN","NaN"
"274","274","274","274","274","274","274","274","274","274","274","274","274","274","274","274",NA,NA,NA,NA,NA,NA,NA,NA,NA,NA,NA,"CA","shortspine thornyhead","shortspine_thornyhead",NA,NA,NA,"total_catch_wt_kg ~ 0 + factor(year) + pass + depth_m + (depth_m^2)","delta_gamma","TRUE","iid, iid","02_10","factor(year)2024","-4.07699461590899","NaN","NaN","NaN"
"275","275","275","275","275","275","275","275","275","275","275","275","275","275","275","275",NA,NA,NA,NA,NA,NA,NA,NA,NA,NA,NA,"CA","shortspine thornyhead","shortspine_thornyhead",NA,NA,NA,"total_catch_wt_kg ~ 0 + factor(year) + pass + depth_m + (depth_m^2)","delta_gamma","TRUE","iid, iid","02_10","pass","0.256625661663901","NaN","NaN","NaN"
"276","276","276","276","276","276","276","276","276","276","276","276","276","276","276","276",NA,NA,NA,NA,NA,NA,NA,NA,NA,NA,NA,"CA","shortspine thornyhead","shortspine_thornyhead",NA,NA,NA,"total_catch_wt_kg ~ 0 + factor(year) + pass + depth_m + (depth_m^2)","delta_gamma","TRUE","iid, iid","02_10","depth_m","0.00892200301468376","NaN","NaN","NaN"
"277","277","277","277","277","277","277","277","277","277","277","277","277","277","277",NA,NA,NA,NA,NA,NA,NA,NA,NA,NA,NA,NA,"CA","shortspine thornyhead","shortspine_thornyhead",NA,NA,NA,"total_catch_wt_kg ~ 0 + factor(year) + pass + depth_m + (depth_m^2)","delta_gamma","TRUE","iid, iid","02_2","factor(year)2003","-5.08987145993946","0.889552208745497","-6.83336175144869","-3.34638116843023"
"278","278","278","278","278","278","278","278","278","278","278","278","278","278","278",NA,NA,NA,NA,NA,NA,NA,NA,NA,NA,NA,NA,"CA","shortspine thornyhead","shortspine_thornyhead",NA,NA,NA,"total_catch_wt_kg ~ 0 + factor(year) + pass + depth_m + (depth_m^2)","delta_gamma","TRUE","iid, iid","02_2","factor(year)2004","-4.78713906503541","0.881669181603166","-6.51517890725652","-3.0590992228143"
"279","279","279","279","279","279","279","279","279","279","279","279","279","279","279",NA,NA,NA,NA,NA,NA,NA,NA,NA,NA,NA,NA,"CA","shortspine thornyhead","shortspine_thornyhead",NA,NA,NA,"total_catch_wt_kg ~ 0 + factor(year) + pass + depth_m + (depth_m^2)","delta_gamma","TRUE","iid, iid","02_2","factor(year)2005","-4.91708738837409","0.866939058358174","-6.61625671954718","-3.217918057201"
"280","280","280","280","280","280","280","280","280","280","280","280","280","280","280",NA,NA,NA,NA,NA,NA,NA,NA,NA,NA,NA,NA,"CA","shortspine thornyhead","shortspine_thornyhead",NA,NA,NA,"total_catch_wt_kg ~ 0 + factor(year) + pass + depth_m + (depth_m^2)","delta_gamma","TRUE","iid, iid","02_2","factor(year)2006","-4.50818973092256","0.85710224861226","-6.18807926927089","-2.82830019257424"
"281","281","281","281","281","281","281","281","281","281","281","281","281","281","281",NA,NA,NA,NA,NA,NA,NA,NA,NA,NA,NA,NA,"CA","shortspine thornyhead","shortspine_thornyhead",NA,NA,NA,"total_catch_wt_kg ~ 0 + factor(year) + pass + depth_m + (depth_m^2)","delta_gamma","TRUE","iid, iid","02_2","factor(year)2007","-5.12566616517352","0.876654868323001","-6.84387813395831","-3.40745419638874"
"282","282","282","282","282","282","282","282","282","282","282","282","282","282","282",NA,NA,NA,NA,NA,NA,NA,NA,NA,NA,NA,NA,"CA","shortspine thornyhead","shortspine_thornyhead",NA,NA,NA,"total_catch_wt_kg ~ 0 + factor(year) + pass + depth_m + (depth_m^2)","delta_gamma","TRUE","iid, iid","02_2","factor(year)2008","-5.32501574553096","0.911466295731136","-7.11145685828613","-3.5385746327758"
"283","283","283","283","283","283","283","283","283","283","283","283","283","283","283",NA,NA,NA,NA,NA,NA,NA,NA,NA,NA,NA,NA,"CA","shortspine thornyhead","shortspine_thornyhead",NA,NA,NA,"total_catch_wt_kg ~ 0 + factor(year) + pass + depth_m + (depth_m^2)","delta_gamma","TRUE","iid, iid","02_2","factor(year)2009","-5.32569324993948","0.873573799014923","-7.03786643384656","-3.6135200660324"
"284","284","284","284","284","284","284","284","284","284","284","284","284","284","284",NA,NA,NA,NA,NA,NA,NA,NA,NA,NA,NA,NA,"CA","shortspine thornyhead","shortspine_thornyhead",NA,NA,NA,"total_catch_wt_kg ~ 0 + factor(year) + pass + depth_m + (depth_m^2)","delta_gamma","TRUE","iid, iid","02_2","factor(year)2010","-4.7988523749857","0.856933655507978","-6.47841147692159","-3.1192932730498"
"285","285","285","285","285","285","285","285","285","285","285","285","285","285","285",NA,NA,NA,NA,NA,NA,NA,NA,NA,NA,NA,NA,"CA","shortspine thornyhead","shortspine_thornyhead",NA,NA,NA,"total_catch_wt_kg ~ 0 + factor(year) + pass + depth_m + (depth_m^2)","delta_gamma","TRUE","iid, iid","02_2","factor(year)2011","-5.2221644316937","0.855793745703724","-6.89948935146762","-3.54483951191977"
"286","286","286","286","286","286","286","286","286","286","286","286","286","286","286",NA,NA,NA,NA,NA,NA,NA,NA,NA,NA,NA,NA,"CA","shortspine thornyhead","shortspine_thornyhead",NA,NA,NA,"total_catch_wt_kg ~ 0 + factor(year) + pass + depth_m + (depth_m^2)","delta_gamma","TRUE","iid, iid","02_2","factor(year)2012","-5.87624521488663","0.888796793421453","-7.61825491956737","-4.1342355102059"
"287","287","287","287","287","287","287","287","287","287","287","287","287","287","287",NA,NA,NA,NA,NA,NA,NA,NA,NA,NA,NA,NA,"CA","shortspine thornyhead","shortspine_thornyhead",NA,NA,NA,"total_catch_wt_kg ~ 0 + factor(year) + pass + depth_m + (depth_m^2)","delta_gamma","TRUE","iid, iid","02_2","factor(year)2013","-3.89115638354375","0.882245985945927","-5.6203267415028","-2.1619860255847"
"288","288","288","288","288","288","288","288","288","288","288","288","288","288","288",NA,NA,NA,NA,NA,NA,NA,NA,NA,NA,NA,NA,"CA","shortspine thornyhead","shortspine_thornyhead",NA,NA,NA,"total_catch_wt_kg ~ 0 + factor(year) + pass + depth_m + (depth_m^2)","delta_gamma","TRUE","iid, iid","02_2","factor(year)2014","-5.12466321930416","0.875177067778702","-6.83997875224578","-3.40934768636253"
"289","289","289","289","289","289","289","289","289","289","289","289","289","289","289",NA,NA,NA,NA,NA,NA,NA,NA,NA,NA,NA,NA,"CA","shortspine thornyhead","shortspine_thornyhead",NA,NA,NA,"total_catch_wt_kg ~ 0 + factor(year) + pass + depth_m + (depth_m^2)","delta_gamma","TRUE","iid, iid","02_2","factor(year)2015","-5.58354015166661","0.873829822114464","-7.296215131628","-3.87086517170522"
"290","290","290","290","290","290","290","290","290","290","290","290","290","290","290",NA,NA,NA,NA,NA,NA,NA,NA,NA,NA,NA,NA,"CA","shortspine thornyhead","shortspine_thornyhead",NA,NA,NA,"total_catch_wt_kg ~ 0 + factor(year) + pass + depth_m + (depth_m^2)","delta_gamma","TRUE","iid, iid","02_2","factor(year)2016","-4.61197954109873","0.858313433862838","-6.2942429589168","-2.92971612328067"
"291","291","291","291","291","291","291","291","291","291","291","291","291","291","291",NA,NA,NA,NA,NA,NA,NA,NA,NA,NA,NA,NA,"CA","shortspine thornyhead","shortspine_thornyhead",NA,NA,NA,"total_catch_wt_kg ~ 0 + factor(year) + pass + depth_m + (depth_m^2)","delta_gamma","TRUE","iid, iid","02_2","factor(year)2017","-5.54243585548365","0.868948550955109","-7.24554371977394","-3.83932799119337"
"292","292","292","292","292","292","292","292","292","292","292","292","292","292","292",NA,NA,NA,NA,NA,NA,NA,NA,NA,NA,NA,NA,"CA","shortspine thornyhead","shortspine_thornyhead",NA,NA,NA,"total_catch_wt_kg ~ 0 + factor(year) + pass + depth_m + (depth_m^2)","delta_gamma","TRUE","iid, iid","02_2","factor(year)2018","-5.05057185077448","0.868157242196619","-6.75212877839747","-3.34901492315149"
"293","293","293","293","293","293","293","293","293","293","293","293","293","293","293",NA,NA,NA,NA,NA,NA,NA,NA,NA,NA,NA,NA,"CA","shortspine thornyhead","shortspine_thornyhead",NA,NA,NA,"total_catch_wt_kg ~ 0 + factor(year) + pass + depth_m + (depth_m^2)","delta_gamma","TRUE","iid, iid","02_2","factor(year)2019","-4.69099656469666","0.934538102478186","-6.52265758773431","-2.85933554165902"
"294","294","294","294","294","294","294","294","294","294","294","294","294","294","294",NA,NA,NA,NA,NA,NA,NA,NA,NA,NA,NA,NA,"CA","shortspine thornyhead","shortspine_thornyhead",NA,NA,NA,"total_catch_wt_kg ~ 0 + factor(year) + pass + depth_m + (depth_m^2)","delta_gamma","TRUE","iid, iid","02_2","factor(year)2021","-4.82889969487865","0.869605635072426","-6.53329542037369","-3.12450396938361"
"295","295","295","295","295","295","295","295","295","295","295","295","295","295","295",NA,NA,NA,NA,NA,NA,NA,NA,NA,NA,NA,NA,"CA","shortspine thornyhead","shortspine_thornyhead",NA,NA,NA,"total_catch_wt_kg ~ 0 + factor(year) + pass + depth_m + (depth_m^2)","delta_gamma","TRUE","iid, iid","02_2","factor(year)2022","-5.61682230542358","0.898800065973293","-7.37843806403346","-3.8552065468137"
"296","296","296","296","296","296","296","296","296","296","296","296","296","296","296",NA,NA,NA,NA,NA,NA,NA,NA,NA,NA,NA,NA,"CA","shortspine thornyhead","shortspine_thornyhead",NA,NA,NA,"total_catch_wt_kg ~ 0 + factor(year) + pass + depth_m + (depth_m^2)","delta_gamma","TRUE","iid, iid","02_2","factor(year)2023","-4.96287472588984","0.897270150843295","-6.72149190594552","-3.20425754583416"
"297","297","297","297","297","297","297","297","297","297","297","297","297","297","297",NA,NA,NA,NA,NA,NA,NA,NA,NA,NA,NA,NA,"CA","shortspine thornyhead","shortspine_thornyhead",NA,NA,NA,"total_catch_wt_kg ~ 0 + factor(year) + pass + depth_m + (depth_m^2)","delta_gamma","TRUE","iid, iid","02_2","factor(year)2024","-4.87572638234072","0.881502572987011","-6.60343967767466","-3.14801308700679"
"298","298","298","298","298","298","298","298","298","298","298","298","298","298","298",NA,NA,NA,NA,NA,NA,NA,NA,NA,NA,NA,NA,"CA","shortspine thornyhead","shortspine_thornyhead",NA,NA,NA,"total_catch_wt_kg ~ 0 + factor(year) + pass + depth_m + (depth_m^2)","delta_gamma","TRUE","iid, iid","02_2","pass","0.0441686049691074","0.179142568401788","-0.306944377196401","0.395281587134615"
"299","299","299","299","299","299","299","299","299","299","299","299","299","299","299",NA,NA,NA,NA,NA,NA,NA,NA,NA,NA,NA,NA,"CA","shortspine thornyhead","shortspine_thornyhead",NA,NA,NA,"total_catch_wt_kg ~ 0 + factor(year) + pass + depth_m + (depth_m^2)","delta_gamma","TRUE","iid, iid","02_2","depth_m","0.00956387989763233","0.000766659574447355","0.00806125474331271","0.011066505051952"
"300","300","300","300","300","300","300","300","300","300","300","300","300","300",NA,NA,NA,NA,NA,NA,NA,NA,NA,NA,NA,NA,NA,"CA","shortspine thornyhead","shortspine_thornyhead",NA,NA,NA,"total_catch_wt_kg ~ 0 + factor(year) + pass + depth_m + (depth_m^2)","delta_gamma","TRUE","iid, iid","02_3","factor(year)2003","-5.1752055217301","0.915090494099572","-6.96874993276022","-3.38166111069997"
"301","301","301","301","301","301","301","301","301","301","301","301","301","301",NA,NA,NA,NA,NA,NA,NA,NA,NA,NA,NA,NA,NA,"CA","shortspine thornyhead","shortspine_thornyhead",NA,NA,NA,"total_catch_wt_kg ~ 0 + factor(year) + pass + depth_m + (depth_m^2)","delta_gamma","TRUE","iid, iid","02_3","factor(year)2004","-5.17166533917903","0.970355253912385","-7.07352668905652","-3.26980398930153"
"302","302","302","302","302","302","302","302","302","302","302","302","302","302",NA,NA,NA,NA,NA,NA,NA,NA,NA,NA,NA,NA,NA,"CA","shortspine thornyhead","shortspine_thornyhead",NA,NA,NA,"total_catch_wt_kg ~ 0 + factor(year) + pass + depth_m + (depth_m^2)","delta_gamma","TRUE","iid, iid","02_3","factor(year)2005","-4.58030137398722","0.896729407660057","-6.33785871687886","-2.82274403109557"
"303","303","303","303","303","303","303","303","303","303","303","303","303","303",NA,NA,NA,NA,NA,NA,NA,NA,NA,NA,NA,NA,NA,"CA","shortspine thornyhead","shortspine_thornyhead",NA,NA,NA,"total_catch_wt_kg ~ 0 + factor(year) + pass + depth_m + (depth_m^2)","delta_gamma","TRUE","iid, iid","02_3","factor(year)2006","-5.30439108268319","0.898783754934823","-7.06597487224512","-3.54280729312127"
"304","304","304","304","304","304","304","304","304","304","304","304","304","304",NA,NA,NA,NA,NA,NA,NA,NA,NA,NA,NA,NA,NA,"CA","shortspine thornyhead","shortspine_thornyhead",NA,NA,NA,"total_catch_wt_kg ~ 0 + factor(year) + pass + depth_m + (depth_m^2)","delta_gamma","TRUE","iid, iid","02_3","factor(year)2007","-4.51649384365626","0.894345844704423","-6.26937948899998","-2.76360819831253"
"305","305","305","305","305","305","305","305","305","305","305","305","305","305",NA,NA,NA,NA,NA,NA,NA,NA,NA,NA,NA,NA,NA,"CA","shortspine thornyhead","shortspine_thornyhead",NA,NA,NA,"total_catch_wt_kg ~ 0 + factor(year) + pass + depth_m + (depth_m^2)","delta_gamma","TRUE","iid, iid","02_3","factor(year)2008","-4.55710931070456","0.888900379689013","-6.29932204073901","-2.81489658067012"
"306","306","306","306","306","306","306","306","306","306","306","306","306","306",NA,NA,NA,NA,NA,NA,NA,NA,NA,NA,NA,NA,NA,"CA","shortspine thornyhead","shortspine_thornyhead",NA,NA,NA,"total_catch_wt_kg ~ 0 + factor(year) + pass + depth_m + (depth_m^2)","delta_gamma","TRUE","iid, iid","02_3","factor(year)2009","-5.410339880259","0.915726390519161","-7.20513062536941","-3.61554913514858"
"307","307","307","307","307","307","307","307","307","307","307","307","307","307",NA,NA,NA,NA,NA,NA,NA,NA,NA,NA,NA,NA,NA,"CA","shortspine thornyhead","shortspine_thornyhead",NA,NA,NA,"total_catch_wt_kg ~ 0 + factor(year) + pass + depth_m + (depth_m^2)","delta_gamma","TRUE","iid, iid","02_3","factor(year)2010","-5.03450495961765","0.897418866726968","-6.79341361744926","-3.27559630178604"
"308","308","308","308","308","308","308","308","308","308","308","308","308","308",NA,NA,NA,NA,NA,NA,NA,NA,NA,NA,NA,NA,NA,"CA","shortspine thornyhead","shortspine_thornyhead",NA,NA,NA,"total_catch_wt_kg ~ 0 + factor(year) + pass + depth_m + (depth_m^2)","delta_gamma","TRUE","iid, iid","02_3","factor(year)2011","-4.65811066685929","0.901855199605527","-6.4257143773563","-2.89050695636227"
"309","309","309","309","309","309","309","309","309","309","309","309","309","309",NA,NA,NA,NA,NA,NA,NA,NA,NA,NA,NA,NA,NA,"CA","shortspine thornyhead","shortspine_thornyhead",NA,NA,NA,"total_catch_wt_kg ~ 0 + factor(year) + pass + depth_m + (depth_m^2)","delta_gamma","TRUE","iid, iid","02_3","factor(year)2012","-4.69170532892636","0.911135221269843","-6.47749754766119","-2.90591311019154"
"310","310","310","310","310","310","310","310","310","310","310","310","310","310",NA,NA,NA,NA,NA,NA,NA,NA,NA,NA,NA,NA,NA,"CA","shortspine thornyhead","shortspine_thornyhead",NA,NA,NA,"total_catch_wt_kg ~ 0 + factor(year) + pass + depth_m + (depth_m^2)","delta_gamma","TRUE","iid, iid","02_3","factor(year)2013","-4.50735221762379","0.91905789569343","-6.30867259289008","-2.70603184235749"
"311","311","311","311","311","311","311","311","311","311","311","311","311","311",NA,NA,NA,NA,NA,NA,NA,NA,NA,NA,NA,NA,NA,"CA","shortspine thornyhead","shortspine_thornyhead",NA,NA,NA,"total_catch_wt_kg ~ 0 + factor(year) + pass + depth_m + (depth_m^2)","delta_gamma","TRUE","iid, iid","02_3","factor(year)2014","-5.09949629541611","0.902531563660964","-6.86842565510222","-3.33056693573"
"312","312","312","312","312","312","312","312","312","312","312","312","312","312",NA,NA,NA,NA,NA,NA,NA,NA,NA,NA,NA,NA,NA,"CA","shortspine thornyhead","shortspine_thornyhead",NA,NA,NA,"total_catch_wt_kg ~ 0 + factor(year) + pass + depth_m + (depth_m^2)","delta_gamma","TRUE","iid, iid","02_3","factor(year)2015","-4.84514503201729","0.897684935964552","-6.60457517597195","-3.08571488806262"
"313","313","313","313","313","313","313","313","313","313","313","313","313","313",NA,NA,NA,NA,NA,NA,NA,NA,NA,NA,NA,NA,NA,"CA","shortspine thornyhead","shortspine_thornyhead",NA,NA,NA,"total_catch_wt_kg ~ 0 + factor(year) + pass + depth_m + (depth_m^2)","delta_gamma","TRUE","iid, iid","02_3","factor(year)2016","-4.4703470379208","0.890708184781699","-6.21610300082797","-2.72459107501362"
"314","314","314","314","314","314","314","314","314","314","314","314","314","314",NA,NA,NA,NA,NA,NA,NA,NA,NA,NA,NA,NA,NA,"CA","shortspine thornyhead","shortspine_thornyhead",NA,NA,NA,"total_catch_wt_kg ~ 0 + factor(year) + pass + depth_m + (depth_m^2)","delta_gamma","TRUE","iid, iid","02_3","factor(year)2017","-4.9244006603284","0.914600762954677","-6.71698521595242","-3.13181610470438"
"315","315","315","315","315","315","315","315","315","315","315","315","315","315",NA,NA,NA,NA,NA,NA,NA,NA,NA,NA,NA,NA,NA,"CA","shortspine thornyhead","shortspine_thornyhead",NA,NA,NA,"total_catch_wt_kg ~ 0 + factor(year) + pass + depth_m + (depth_m^2)","delta_gamma","TRUE","iid, iid","02_3","factor(year)2018","-4.48026482913274","0.880670153612923","-6.20634661247343","-2.75418304579206"
"316","316","316","316","316","316","316","316","316","316","316","316","316","316",NA,NA,NA,NA,NA,NA,NA,NA,NA,NA,NA,NA,NA,"CA","shortspine thornyhead","shortspine_thornyhead",NA,NA,NA,"total_catch_wt_kg ~ 0 + factor(year) + pass + depth_m + (depth_m^2)","delta_gamma","TRUE","iid, iid","02_3","factor(year)2019","-4.2532856107182","0.950533692570836","-6.1162974142489","-2.39027380718749"
"317","317","317","317","317","317","317","317","317","317","317","317","317","317",NA,NA,NA,NA,NA,NA,NA,NA,NA,NA,NA,NA,NA,"CA","shortspine thornyhead","shortspine_thornyhead",NA,NA,NA,"total_catch_wt_kg ~ 0 + factor(year) + pass + depth_m + (depth_m^2)","delta_gamma","TRUE","iid, iid","02_3","factor(year)2021","-4.68889129026909","0.886533613071513","-6.42646524297342","-2.95131733756475"
"318","318","318","318","318","318","318","318","318","318","318","318","318","318",NA,NA,NA,NA,NA,NA,NA,NA,NA,NA,NA,NA,NA,"CA","shortspine thornyhead","shortspine_thornyhead",NA,NA,NA,"total_catch_wt_kg ~ 0 + factor(year) + pass + depth_m + (depth_m^2)","delta_gamma","TRUE","iid, iid","02_3","factor(year)2022","-4.42825789761968","0.917927727191225","-6.22736318332518","-2.62915261191417"
"319","319","319","319","319","319","319","319","319","319","319","319","319","319",NA,NA,NA,NA,NA,NA,NA,NA,NA,NA,NA,NA,NA,"CA","shortspine thornyhead","shortspine_thornyhead",NA,NA,NA,"total_catch_wt_kg ~ 0 + factor(year) + pass + depth_m + (depth_m^2)","delta_gamma","TRUE","iid, iid","02_3","factor(year)2023","-5.02134307846601","0.90687771765494","-6.79879074345157","-3.24389541348044"
"320","320","320","320","320","320","320","320","320","320","320","320","320","320",NA,NA,NA,NA,NA,NA,NA,NA,NA,NA,NA,NA,NA,"CA","shortspine thornyhead","shortspine_thornyhead",NA,NA,NA,"total_catch_wt_kg ~ 0 + factor(year) + pass + depth_m + (depth_m^2)","delta_gamma","TRUE","iid, iid","02_3","factor(year)2024","-4.59271686037279","0.895195723759979","-6.34726823805661","-2.83816548268896"
"321","321","321","321","321","321","321","321","321","321","321","321","321","321",NA,NA,NA,NA,NA,NA,NA,NA,NA,NA,NA,NA,NA,"CA","shortspine thornyhead","shortspine_thornyhead",NA,NA,NA,"total_catch_wt_kg ~ 0 + factor(year) + pass + depth_m + (depth_m^2)","delta_gamma","TRUE","iid, iid","02_3","pass","-0.0250078994411175","0.166910410553488","-0.352146292770748","0.302130493888514"
"322","322","322","322","322","322","322","322","322","322","322","322","322","322",NA,NA,NA,NA,NA,NA,NA,NA,NA,NA,NA,NA,NA,"CA","shortspine thornyhead","shortspine_thornyhead",NA,NA,NA,"total_catch_wt_kg ~ 0 + factor(year) + pass + depth_m + (depth_m^2)","delta_gamma","TRUE","iid, iid","02_3","depth_m","0.010333321763788","0.000822545541631733","0.00872116212654579","0.0119454814010302"
"323","323","323","323","323","323","323","323","323","323","323","323","323",NA,NA,NA,NA,NA,NA,NA,NA,NA,NA,NA,NA,NA,NA,"CA","shortspine thornyhead","shortspine_thornyhead",NA,NA,NA,"total_catch_wt_kg ~ 0 + factor(year) + pass + depth_m + (depth_m^2)","delta_gamma","TRUE","iid, iid","02_4","factor(year)2003","-4.80776976592772","0.848722075263586","-6.47123446632844","-3.144305065527"
"324","324","324","324","324","324","324","324","324","324","324","324","324",NA,NA,NA,NA,NA,NA,NA,NA,NA,NA,NA,NA,NA,NA,"CA","shortspine thornyhead","shortspine_thornyhead",NA,NA,NA,"total_catch_wt_kg ~ 0 + factor(year) + pass + depth_m + (depth_m^2)","delta_gamma","TRUE","iid, iid","02_4","factor(year)2004","-5.05440876875985","0.845887920544859","-6.71231862798525","-3.39649890953444"
"325","325","325","325","325","325","325","325","325","325","325","325","325",NA,NA,NA,NA,NA,NA,NA,NA,NA,NA,NA,NA,NA,NA,"CA","shortspine thornyhead","shortspine_thornyhead",NA,NA,NA,"total_catch_wt_kg ~ 0 + factor(year) + pass + depth_m + (depth_m^2)","delta_gamma","TRUE","iid, iid","02_4","factor(year)2005","-3.99899732350866","0.817615695582812","-5.60149464004563","-2.39650000697168"
"326","326","326","326","326","326","326","326","326","326","326","326","326",NA,NA,NA,NA,NA,NA,NA,NA,NA,NA,NA,NA,NA,NA,"CA","shortspine thornyhead","shortspine_thornyhead",NA,NA,NA,"total_catch_wt_kg ~ 0 + factor(year) + pass + depth_m + (depth_m^2)","delta_gamma","TRUE","iid, iid","02_4","factor(year)2006","-4.41393780589058","0.825852479530637","-6.03257892231373","-2.79529668946743"
"327","327","327","327","327","327","327","327","327","327","327","327","327",NA,NA,NA,NA,NA,NA,NA,NA,NA,NA,NA,NA,NA,NA,"CA","shortspine thornyhead","shortspine_thornyhead",NA,NA,NA,"total_catch_wt_kg ~ 0 + factor(year) + pass + depth_m + (depth_m^2)","delta_gamma","TRUE","iid, iid","02_4","factor(year)2007","-4.38757105096632","0.819503765335659","-5.99376891621918","-2.78137318571347"
"328","328","328","328","328","328","328","328","328","328","328","328","328",NA,NA,NA,NA,NA,NA,NA,NA,NA,NA,NA,NA,NA,NA,"CA","shortspine thornyhead","shortspine_thornyhead",NA,NA,NA,"total_catch_wt_kg ~ 0 + factor(year) + pass + depth_m + (depth_m^2)","delta_gamma","TRUE","iid, iid","02_4","factor(year)2008","-5.53595297966882","0.850526578843534","-7.20295444209622","-3.86895151724143"
"329","329","329","329","329","329","329","329","329","329","329","329","329",NA,NA,NA,NA,NA,NA,NA,NA,NA,NA,NA,NA,NA,NA,"CA","shortspine thornyhead","shortspine_thornyhead",NA,NA,NA,"total_catch_wt_kg ~ 0 + factor(year) + pass + depth_m + (depth_m^2)","delta_gamma","TRUE","iid, iid","02_4","factor(year)2009","-4.81742926323007","0.809607813702798","-6.40423141968977","-3.23062710677038"
"330","330","330","330","330","330","330","330","330","330","330","330","330",NA,NA,NA,NA,NA,NA,NA,NA,NA,NA,NA,NA,NA,NA,"CA","shortspine thornyhead","shortspine_thornyhead",NA,NA,NA,"total_catch_wt_kg ~ 0 + factor(year) + pass + depth_m + (depth_m^2)","delta_gamma","TRUE","iid, iid","02_4","factor(year)2010","-5.40663306725219","0.830802118691485","-7.03497529816707","-3.77829083633731"
"331","331","331","331","331","331","331","331","331","331","331","331","331",NA,NA,NA,NA,NA,NA,NA,NA,NA,NA,NA,NA,NA,NA,"CA","shortspine thornyhead","shortspine_thornyhead",NA,NA,NA,"total_catch_wt_kg ~ 0 + factor(year) + pass + depth_m + (depth_m^2)","delta_gamma","TRUE","iid, iid","02_4","factor(year)2011","-4.42209491200831","0.809257889488276","-6.00821122961022","-2.83597859440639"
"332","332","332","332","332","332","332","332","332","332","332","332","332",NA,NA,NA,NA,NA,NA,NA,NA,NA,NA,NA,NA,NA,NA,"CA","shortspine thornyhead","shortspine_thornyhead",NA,NA,NA,"total_catch_wt_kg ~ 0 + factor(year) + pass + depth_m + (depth_m^2)","delta_gamma","TRUE","iid, iid","02_4","factor(year)2012","-4.58773052560259","0.809298778166515","-6.17392698354123","-3.00153406766395"
"333","333","333","333","333","333","333","333","333","333","333","333","333",NA,NA,NA,NA,NA,NA,NA,NA,NA,NA,NA,NA,NA,NA,"CA","shortspine thornyhead","shortspine_thornyhead",NA,NA,NA,"total_catch_wt_kg ~ 0 + factor(year) + pass + depth_m + (depth_m^2)","delta_gamma","TRUE","iid, iid","02_4","factor(year)2013","-4.49558422093583","0.797642187881402","-6.05893418173311","-2.93223426013855"
"334","334","334","334","334","334","334","334","334","334","334","334","334",NA,NA,NA,NA,NA,NA,NA,NA,NA,NA,NA,NA,NA,NA,"CA","shortspine thornyhead","shortspine_thornyhead",NA,NA,NA,"total_catch_wt_kg ~ 0 + factor(year) + pass + depth_m + (depth_m^2)","delta_gamma","TRUE","iid, iid","02_4","factor(year)2014","-4.86427060664627","0.808412620624405","-6.44873022771775","-3.2798109855748"
"335","335","335","335","335","335","335","335","335","335","335","335","335",NA,NA,NA,NA,NA,NA,NA,NA,NA,NA,NA,NA,NA,NA,"CA","shortspine thornyhead","shortspine_thornyhead",NA,NA,NA,"total_catch_wt_kg ~ 0 + factor(year) + pass + depth_m + (depth_m^2)","delta_gamma","TRUE","iid, iid","02_4","factor(year)2015","-4.65138237908656","0.828202821954409","-6.27463008201164","-3.02813467616148"
"336","336","336","336","336","336","336","336","336","336","336","336","336",NA,NA,NA,NA,NA,NA,NA,NA,NA,NA,NA,NA,NA,NA,"CA","shortspine thornyhead","shortspine_thornyhead",NA,NA,NA,"total_catch_wt_kg ~ 0 + factor(year) + pass + depth_m + (depth_m^2)","delta_gamma","TRUE","iid, iid","02_4","factor(year)2016","-4.26872930698678","0.810185463851749","-5.85666363693409","-2.68079497703947"
"337","337","337","337","337","337","337","337","337","337","337","337","337",NA,NA,NA,NA,NA,NA,NA,NA,NA,NA,NA,NA,NA,NA,"CA","shortspine thornyhead","shortspine_thornyhead",NA,NA,NA,"total_catch_wt_kg ~ 0 + factor(year) + pass + depth_m + (depth_m^2)","delta_gamma","TRUE","iid, iid","02_4","factor(year)2017","-4.94984934607583","0.841348431428503","-6.59886197012496","-3.3008367220267"
"338","338","338","338","338","338","338","338","338","338","338","338","338",NA,NA,NA,NA,NA,NA,NA,NA,NA,NA,NA,NA,NA,NA,"CA","shortspine thornyhead","shortspine_thornyhead",NA,NA,NA,"total_catch_wt_kg ~ 0 + factor(year) + pass + depth_m + (depth_m^2)","delta_gamma","TRUE","iid, iid","02_4","factor(year)2018","-4.3225545094725","0.813388975031676","-5.91676760595653","-2.72834141298847"
"339","339","339","339","339","339","339","339","339","339","339","339","339",NA,NA,NA,NA,NA,NA,NA,NA,NA,NA,NA,NA,NA,NA,"CA","shortspine thornyhead","shortspine_thornyhead",NA,NA,NA,"total_catch_wt_kg ~ 0 + factor(year) + pass + depth_m + (depth_m^2)","delta_gamma","TRUE","iid, iid","02_4","factor(year)2019","-3.80842900092725","0.879655076052754","-5.53252126880849","-2.08433673304601"
"340","340","340","340","340","340","340","340","340","340","340","340","340",NA,NA,NA,NA,NA,NA,NA,NA,NA,NA,NA,NA,NA,NA,"CA","shortspine thornyhead","shortspine_thornyhead",NA,NA,NA,"total_catch_wt_kg ~ 0 + factor(year) + pass + depth_m + (depth_m^2)","delta_gamma","TRUE","iid, iid","02_4","factor(year)2021","-4.29921989238521","0.81204104337001","-5.89079109135876","-2.70764869341166"
"341","341","341","341","341","341","341","341","341","341","341","341","341",NA,NA,NA,NA,NA,NA,NA,NA,NA,NA,NA,NA,NA,NA,"CA","shortspine thornyhead","shortspine_thornyhead",NA,NA,NA,"total_catch_wt_kg ~ 0 + factor(year) + pass + depth_m + (depth_m^2)","delta_gamma","TRUE","iid, iid","02_4","factor(year)2022","-4.79239728273102","0.835406305926167","-6.42976355480395","-3.15503101065808"
"342","342","342","342","342","342","342","342","342","342","342","342","342",NA,NA,NA,NA,NA,NA,NA,NA,NA,NA,NA,NA,NA,NA,"CA","shortspine thornyhead","shortspine_thornyhead",NA,NA,NA,"total_catch_wt_kg ~ 0 + factor(year) + pass + depth_m + (depth_m^2)","delta_gamma","TRUE","iid, iid","02_4","factor(year)2023","-4.42992845021165","0.823492615620525","-6.04394431836256","-2.81591258206073"
"343","343","343","343","343","343","343","343","343","343","343","343","343",NA,NA,NA,NA,NA,NA,NA,NA,NA,NA,NA,NA,NA,NA,"CA","shortspine thornyhead","shortspine_thornyhead",NA,NA,NA,"total_catch_wt_kg ~ 0 + factor(year) + pass + depth_m + (depth_m^2)","delta_gamma","TRUE","iid, iid","02_4","factor(year)2024","-4.54170464693921","0.82104188189336","-6.15091716524918","-2.93249212862924"
"344","344","344","344","344","344","344","344","344","344","344","344","344",NA,NA,NA,NA,NA,NA,NA,NA,NA,NA,NA,NA,NA,NA,"CA","shortspine thornyhead","shortspine_thornyhead",NA,NA,NA,"total_catch_wt_kg ~ 0 + factor(year) + pass + depth_m + (depth_m^2)","delta_gamma","TRUE","iid, iid","02_4","pass","0.0979614770339704","0.176137863608908","-0.247262391953317","0.443185346021257"
"345","345","345","345","345","345","345","345","345","345","345","345","345",NA,NA,NA,NA,NA,NA,NA,NA,NA,NA,NA,NA,NA,NA,"CA","shortspine thornyhead","shortspine_thornyhead",NA,NA,NA,"total_catch_wt_kg ~ 0 + factor(year) + pass + depth_m + (depth_m^2)","delta_gamma","TRUE","iid, iid","02_4","depth_m","0.00936269671148745","0.000767787857275444","0.0078578601634604","0.0108675332595145"
"346","346","346","346","346","346","346","346","346","346","346","346",NA,NA,NA,NA,NA,NA,NA,NA,NA,NA,NA,NA,NA,NA,NA,"CA","shortspine thornyhead","shortspine_thornyhead",NA,NA,NA,"total_catch_wt_kg ~ 0 + factor(year) + pass + depth_m + (depth_m^2)","delta_gamma","TRUE","iid, iid","02_5","factor(year)2003","-4.34153225979791","0.756290208953748","-5.82383383120753","-2.85923068838829"
"347","347","347","347","347","347","347","347","347","347","347","347",NA,NA,NA,NA,NA,NA,NA,NA,NA,NA,NA,NA,NA,NA,NA,"CA","shortspine thornyhead","shortspine_thornyhead",NA,NA,NA,"total_catch_wt_kg ~ 0 + factor(year) + pass + depth_m + (depth_m^2)","delta_gamma","TRUE","iid, iid","02_5","factor(year)2004","-4.90291872976314","0.815317754962337","-6.50091216544538","-3.30492529408091"
"348","348","348","348","348","348","348","348","348","348","348","348",NA,NA,NA,NA,NA,NA,NA,NA,NA,NA,NA,NA,NA,NA,NA,"CA","shortspine thornyhead","shortspine_thornyhead",NA,NA,NA,"total_catch_wt_kg ~ 0 + factor(year) + pass + depth_m + (depth_m^2)","delta_gamma","TRUE","iid, iid","02_5","factor(year)2005","-4.2488051298133","0.75491053656288","-5.72840259302636","-2.76920766660025"
"349","349","349","349","349","349","349","349","349","349","349","349",NA,NA,NA,NA,NA,NA,NA,NA,NA,NA,NA,NA,NA,NA,NA,"CA","shortspine thornyhead","shortspine_thornyhead",NA,NA,NA,"total_catch_wt_kg ~ 0 + factor(year) + pass + depth_m + (depth_m^2)","delta_gamma","TRUE","iid, iid","02_5","factor(year)2006","-4.20602307089492","0.761498204263619","-5.69853212554354","-2.7135140162463"
"350","350","350","350","350","350","350","350","350","350","350","350",NA,NA,NA,NA,NA,NA,NA,NA,NA,NA,NA,NA,NA,NA,NA,"CA","shortspine thornyhead","shortspine_thornyhead",NA,NA,NA,"total_catch_wt_kg ~ 0 + factor(year) + pass + depth_m + (depth_m^2)","delta_gamma","TRUE","iid, iid","02_5","factor(year)2007","-4.17460235491834","0.723352424197175","-5.59234705447455","-2.75685765536214"
"351","351","351","351","351","351","351","351","351","351","351","351",NA,NA,NA,NA,NA,NA,NA,NA,NA,NA,NA,NA,NA,NA,NA,"CA","shortspine thornyhead","shortspine_thornyhead",NA,NA,NA,"total_catch_wt_kg ~ 0 + factor(year) + pass + depth_m + (depth_m^2)","delta_gamma","TRUE","iid, iid","02_5","factor(year)2008","-3.93460216436678","0.738286515054355","-5.3816171441449","-2.48758718458865"
"352","352","352","352","352","352","352","352","352","352","352","352",NA,NA,NA,NA,NA,NA,NA,NA,NA,NA,NA,NA,NA,NA,NA,"CA","shortspine thornyhead","shortspine_thornyhead",NA,NA,NA,"total_catch_wt_kg ~ 0 + factor(year) + pass + depth_m + (depth_m^2)","delta_gamma","TRUE","iid, iid","02_5","factor(year)2009","-4.74894743247344","0.745538332180237","-6.21017571264077","-3.28771915230612"
"353","353","353","353","353","353","353","353","353","353","353","353",NA,NA,NA,NA,NA,NA,NA,NA,NA,NA,NA,NA,NA,NA,NA,"CA","shortspine thornyhead","shortspine_thornyhead",NA,NA,NA,"total_catch_wt_kg ~ 0 + factor(year) + pass + depth_m + (depth_m^2)","delta_gamma","TRUE","iid, iid","02_5","factor(year)2010","-4.11520618086202","0.732726163461858","-5.55132307177747","-2.67908928994657"
"354","354","354","354","354","354","354","354","354","354","354","354",NA,NA,NA,NA,NA,NA,NA,NA,NA,NA,NA,NA,NA,NA,NA,"CA","shortspine thornyhead","shortspine_thornyhead",NA,NA,NA,"total_catch_wt_kg ~ 0 + factor(year) + pass + depth_m + (depth_m^2)","delta_gamma","TRUE","iid, iid","02_5","factor(year)2011","-4.55050627214645","0.729541250209617","-5.98038084779362","-3.12063169649928"
"355","355","355","355","355","355","355","355","355","355","355","355",NA,NA,NA,NA,NA,NA,NA,NA,NA,NA,NA,NA,NA,NA,NA,"CA","shortspine thornyhead","shortspine_thornyhead",NA,NA,NA,"total_catch_wt_kg ~ 0 + factor(year) + pass + depth_m + (depth_m^2)","delta_gamma","TRUE","iid, iid","02_5","factor(year)2012","-5.45506555976203","0.766119242522714","-6.95663168296966","-3.9534994365544"
"356","356","356","356","356","356","356","356","356","356","356","356",NA,NA,NA,NA,NA,NA,NA,NA,NA,NA,NA,NA,NA,NA,NA,"CA","shortspine thornyhead","shortspine_thornyhead",NA,NA,NA,"total_catch_wt_kg ~ 0 + factor(year) + pass + depth_m + (depth_m^2)","delta_gamma","TRUE","iid, iid","02_5","factor(year)2013","-3.76690002362996","0.782556509996449","-5.30068259909036","-2.23311744816956"
"357","357","357","357","357","357","357","357","357","357","357","357",NA,NA,NA,NA,NA,NA,NA,NA,NA,NA,NA,NA,NA,NA,NA,"CA","shortspine thornyhead","shortspine_thornyhead",NA,NA,NA,"total_catch_wt_kg ~ 0 + factor(year) + pass + depth_m + (depth_m^2)","delta_gamma","TRUE","iid, iid","02_5","factor(year)2014","-4.04445280089139","0.725661298417441","-5.46672281076414","-2.62218279101863"
"358","358","358","358","358","358","358","358","358","358","358","358",NA,NA,NA,NA,NA,NA,NA,NA,NA,NA,NA,NA,NA,NA,NA,"CA","shortspine thornyhead","shortspine_thornyhead",NA,NA,NA,"total_catch_wt_kg ~ 0 + factor(year) + pass + depth_m + (depth_m^2)","delta_gamma","TRUE","iid, iid","02_5","factor(year)2015","-4.4147273891543","0.746941127209142","-5.87870509705597","-2.95074968125263"
"359","359","359","359","359","359","359","359","359","359","359","359",NA,NA,NA,NA,NA,NA,NA,NA,NA,NA,NA,NA,NA,NA,NA,"CA","shortspine thornyhead","shortspine_thornyhead",NA,NA,NA,"total_catch_wt_kg ~ 0 + factor(year) + pass + depth_m + (depth_m^2)","delta_gamma","TRUE","iid, iid","02_5","factor(year)2016","-4.32519842273535","0.720254491776233","-5.73687128631997","-2.91352555915073"
"360","360","360","360","360","360","360","360","360","360","360","360",NA,NA,NA,NA,NA,NA,NA,NA,NA,NA,NA,NA,NA,NA,NA,"CA","shortspine thornyhead","shortspine_thornyhead",NA,NA,NA,"total_catch_wt_kg ~ 0 + factor(year) + pass + depth_m + (depth_m^2)","delta_gamma","TRUE","iid, iid","02_5","factor(year)2017","-3.8899115295588","0.714508314065708","-5.29032209178202","-2.48950096733558"
"361","361","361","361","361","361","361","361","361","361","361","361",NA,NA,NA,NA,NA,NA,NA,NA,NA,NA,NA,NA,NA,NA,NA,"CA","shortspine thornyhead","shortspine_thornyhead",NA,NA,NA,"total_catch_wt_kg ~ 0 + factor(year) + pass + depth_m + (depth_m^2)","delta_gamma","TRUE","iid, iid","02_5","factor(year)2018","-3.79973030540084","0.721181665638379","-5.21322039636267","-2.38624021443901"
"362","362","362","362","362","362","362","362","362","362","362","362",NA,NA,NA,NA,NA,NA,NA,NA,NA,NA,NA,NA,NA,NA,NA,"CA","shortspine thornyhead","shortspine_thornyhead",NA,NA,NA,"total_catch_wt_kg ~ 0 + factor(year) + pass + depth_m + (depth_m^2)","delta_gamma","TRUE","iid, iid","02_5","factor(year)2019","-3.69666945725181","0.767170119881099","-5.20029526223404","-2.19304365226958"
"363","363","363","363","363","363","363","363","363","363","363","363",NA,NA,NA,NA,NA,NA,NA,NA,NA,NA,NA,NA,NA,NA,NA,"CA","shortspine thornyhead","shortspine_thornyhead",NA,NA,NA,"total_catch_wt_kg ~ 0 + factor(year) + pass + depth_m + (depth_m^2)","delta_gamma","TRUE","iid, iid","02_5","factor(year)2021","-4.10905495526058","0.735237025865722","-5.55009304605774","-2.66801686446342"
"364","364","364","364","364","364","364","364","364","364","364","364",NA,NA,NA,NA,NA,NA,NA,NA,NA,NA,NA,NA,NA,NA,NA,"CA","shortspine thornyhead","shortspine_thornyhead",NA,NA,NA,"total_catch_wt_kg ~ 0 + factor(year) + pass + depth_m + (depth_m^2)","delta_gamma","TRUE","iid, iid","02_5","factor(year)2022","-4.11207356393386","0.757277405609768","-5.59631000523493","-2.62783712263279"
"365","365","365","365","365","365","365","365","365","365","365","365",NA,NA,NA,NA,NA,NA,NA,NA,NA,NA,NA,NA,NA,NA,NA,"CA","shortspine thornyhead","shortspine_thornyhead",NA,NA,NA,"total_catch_wt_kg ~ 0 + factor(year) + pass + depth_m + (depth_m^2)","delta_gamma","TRUE","iid, iid","02_5","factor(year)2023","-4.85136394121931","0.76398858424016","-6.34875405092977","-3.35397383150885"
"366","366","366","366","366","366","366","366","366","366","366","366",NA,NA,NA,NA,NA,NA,NA,NA,NA,NA,NA,NA,NA,NA,NA,"CA","shortspine thornyhead","shortspine_thornyhead",NA,NA,NA,"total_catch_wt_kg ~ 0 + factor(year) + pass + depth_m + (depth_m^2)","delta_gamma","TRUE","iid, iid","02_5","factor(year)2024","-3.27614690124947","0.727432922578359","-4.70188923067176","-1.85040457182717"
"367","367","367","367","367","367","367","367","367","367","367","367",NA,NA,NA,NA,NA,NA,NA,NA,NA,NA,NA,NA,NA,NA,NA,"CA","shortspine thornyhead","shortspine_thornyhead",NA,NA,NA,"total_catch_wt_kg ~ 0 + factor(year) + pass + depth_m + (depth_m^2)","delta_gamma","TRUE","iid, iid","02_5","pass","-0.16390845403593","0.159367109687087","-0.476262249342864","0.148445341271004"
"368","368","368","368","368","368","368","368","368","368","368","368",NA,NA,NA,NA,NA,NA,NA,NA,NA,NA,NA,NA,NA,NA,NA,"CA","shortspine thornyhead","shortspine_thornyhead",NA,NA,NA,"total_catch_wt_kg ~ 0 + factor(year) + pass + depth_m + (depth_m^2)","delta_gamma","TRUE","iid, iid","02_5","depth_m","0.00905234434382459","0.000718763775963345","0.00764359322954442","0.0104610954581048"
"369","369","369","369","369","369","369","369","369","369","369",NA,NA,NA,NA,NA,NA,NA,NA,NA,NA,NA,NA,NA,NA,NA,NA,"CA","shortspine thornyhead","shortspine_thornyhead",NA,NA,NA,"total_catch_wt_kg ~ 0 + factor(year) + pass + depth_m + (depth_m^2)","delta_gamma","TRUE","iid, iid","02_6","factor(year)2003","-4.36304893434275","0.802141523143681","-5.93521743020847","-2.79088043847703"
"370","370","370","370","370","370","370","370","370","370","370",NA,NA,NA,NA,NA,NA,NA,NA,NA,NA,NA,NA,NA,NA,NA,NA,"CA","shortspine thornyhead","shortspine_thornyhead",NA,NA,NA,"total_catch_wt_kg ~ 0 + factor(year) + pass + depth_m + (depth_m^2)","delta_gamma","TRUE","iid, iid","02_6","factor(year)2004","-4.91408304193624","0.856339446188587","-6.59247751500685","-3.23568856886563"
"371","371","371","371","371","371","371","371","371","371","371",NA,NA,NA,NA,NA,NA,NA,NA,NA,NA,NA,NA,NA,NA,NA,NA,"CA","shortspine thornyhead","shortspine_thornyhead",NA,NA,NA,"total_catch_wt_kg ~ 0 + factor(year) + pass + depth_m + (depth_m^2)","delta_gamma","TRUE","iid, iid","02_6","factor(year)2005","-4.00833832335053","0.777173951507458","-5.53157127802783","-2.48510536867324"
"372","372","372","372","372","372","372","372","372","372","372",NA,NA,NA,NA,NA,NA,NA,NA,NA,NA,NA,NA,NA,NA,NA,NA,"CA","shortspine thornyhead","shortspine_thornyhead",NA,NA,NA,"total_catch_wt_kg ~ 0 + factor(year) + pass + depth_m + (depth_m^2)","delta_gamma","TRUE","iid, iid","02_6","factor(year)2006","-3.60285181116712","0.783505904382071","-5.13849516543047","-2.06720845690378"
"373","373","373","373","373","373","373","373","373","373","373",NA,NA,NA,NA,NA,NA,NA,NA,NA,NA,NA,NA,NA,NA,NA,NA,"CA","shortspine thornyhead","shortspine_thornyhead",NA,NA,NA,"total_catch_wt_kg ~ 0 + factor(year) + pass + depth_m + (depth_m^2)","delta_gamma","TRUE","iid, iid","02_6","factor(year)2007","-3.30947430322529","0.767193303337731","-4.81314554694755","-1.80580305950302"
"374","374","374","374","374","374","374","374","374","374","374",NA,NA,NA,NA,NA,NA,NA,NA,NA,NA,NA,NA,NA,NA,NA,NA,"CA","shortspine thornyhead","shortspine_thornyhead",NA,NA,NA,"total_catch_wt_kg ~ 0 + factor(year) + pass + depth_m + (depth_m^2)","delta_gamma","TRUE","iid, iid","02_6","factor(year)2008","-3.90385792293746","0.784155333319125","-5.44077413452795","-2.36694171134698"
"375","375","375","375","375","375","375","375","375","375","375",NA,NA,NA,NA,NA,NA,NA,NA,NA,NA,NA,NA,NA,NA,NA,NA,"CA","shortspine thornyhead","shortspine_thornyhead",NA,NA,NA,"total_catch_wt_kg ~ 0 + factor(year) + pass + depth_m + (depth_m^2)","delta_gamma","TRUE","iid, iid","02_6","factor(year)2009","-3.64897245730332","0.771806220494268","-5.16168485251606","-2.13626006209057"
"376","376","376","376","376","376","376","376","376","376","376",NA,NA,NA,NA,NA,NA,NA,NA,NA,NA,NA,NA,NA,NA,NA,NA,"CA","shortspine thornyhead","shortspine_thornyhead",NA,NA,NA,"total_catch_wt_kg ~ 0 + factor(year) + pass + depth_m + (depth_m^2)","delta_gamma","TRUE","iid, iid","02_6","factor(year)2010","-3.16714846059601","0.771468229562803","-4.67919840575598","-1.65509851543604"
"377","377","377","377","377","377","377","377","377","377","377",NA,NA,NA,NA,NA,NA,NA,NA,NA,NA,NA,NA,NA,NA,NA,NA,"CA","shortspine thornyhead","shortspine_thornyhead",NA,NA,NA,"total_catch_wt_kg ~ 0 + factor(year) + pass + depth_m + (depth_m^2)","delta_gamma","TRUE","iid, iid","02_6","factor(year)2011","-4.4636427452048","0.787167103546796","-6.00646191797123","-2.92082357243837"
"378","378","378","378","378","378","378","378","378","378","378",NA,NA,NA,NA,NA,NA,NA,NA,NA,NA,NA,NA,NA,NA,NA,NA,"CA","shortspine thornyhead","shortspine_thornyhead",NA,NA,NA,"total_catch_wt_kg ~ 0 + factor(year) + pass + depth_m + (depth_m^2)","delta_gamma","TRUE","iid, iid","02_6","factor(year)2012","-4.25216425956077","0.779704373153031","-5.78035674952909","-2.72397176959245"
"379","379","379","379","379","379","379","379","379","379","379",NA,NA,NA,NA,NA,NA,NA,NA,NA,NA,NA,NA,NA,NA,NA,NA,"CA","shortspine thornyhead","shortspine_thornyhead",NA,NA,NA,"total_catch_wt_kg ~ 0 + factor(year) + pass + depth_m + (depth_m^2)","delta_gamma","TRUE","iid, iid","02_6","factor(year)2013","-3.42590491015821","0.791335900887801","-4.97689477557186","-1.87491504474457"
"380","380","380","380","380","380","380","380","380","380","380",NA,NA,NA,NA,NA,NA,NA,NA,NA,NA,NA,NA,NA,NA,NA,NA,"CA","shortspine thornyhead","shortspine_thornyhead",NA,NA,NA,"total_catch_wt_kg ~ 0 + factor(year) + pass + depth_m + (depth_m^2)","delta_gamma","TRUE","iid, iid","02_6","factor(year)2014","-3.79710408409741","0.773730727408177","-5.31358844354942","-2.28061972464541"
"381","381","381","381","381","381","381","381","381","381","381",NA,NA,NA,NA,NA,NA,NA,NA,NA,NA,NA,NA,NA,NA,NA,NA,"CA","shortspine thornyhead","shortspine_thornyhead",NA,NA,NA,"total_catch_wt_kg ~ 0 + factor(year) + pass + depth_m + (depth_m^2)","delta_gamma","TRUE","iid, iid","02_6","factor(year)2015","-4.56095992288134","0.775006157199536","-6.07994407878922","-3.04197576697346"
"382","382","382","382","382","382","382","382","382","382","382",NA,NA,NA,NA,NA,NA,NA,NA,NA,NA,NA,NA,NA,NA,NA,NA,"CA","shortspine thornyhead","shortspine_thornyhead",NA,NA,NA,"total_catch_wt_kg ~ 0 + factor(year) + pass + depth_m + (depth_m^2)","delta_gamma","TRUE","iid, iid","02_6","factor(year)2016","-3.91522401195791","0.765200520779017","-5.41498947363607","-2.41545855027974"
"383","383","383","383","383","383","383","383","383","383","383",NA,NA,NA,NA,NA,NA,NA,NA,NA,NA,NA,NA,NA,NA,NA,NA,"CA","shortspine thornyhead","shortspine_thornyhead",NA,NA,NA,"total_catch_wt_kg ~ 0 + factor(year) + pass + depth_m + (depth_m^2)","delta_gamma","TRUE","iid, iid","02_6","factor(year)2017","-4.44312228409921","0.787688007847617","-5.98696241053464","-2.89928215766377"
"384","384","384","384","384","384","384","384","384","384","384",NA,NA,NA,NA,NA,NA,NA,NA,NA,NA,NA,NA,NA,NA,NA,NA,"CA","shortspine thornyhead","shortspine_thornyhead",NA,NA,NA,"total_catch_wt_kg ~ 0 + factor(year) + pass + depth_m + (depth_m^2)","delta_gamma","TRUE","iid, iid","02_6","factor(year)2018","-3.59239448509375","0.768863811687411","-5.09933986501726","-2.08544910517024"
"385","385","385","385","385","385","385","385","385","385","385",NA,NA,NA,NA,NA,NA,NA,NA,NA,NA,NA,NA,NA,NA,NA,NA,"CA","shortspine thornyhead","shortspine_thornyhead",NA,NA,NA,"total_catch_wt_kg ~ 0 + factor(year) + pass + depth_m + (depth_m^2)","delta_gamma","TRUE","iid, iid","02_6","factor(year)2019","-4.33886603715714","0.868668104048404","-6.0414242356107","-2.63630783870358"
"386","386","386","386","386","386","386","386","386","386","386",NA,NA,NA,NA,NA,NA,NA,NA,NA,NA,NA,NA,NA,NA,NA,NA,"CA","shortspine thornyhead","shortspine_thornyhead",NA,NA,NA,"total_catch_wt_kg ~ 0 + factor(year) + pass + depth_m + (depth_m^2)","delta_gamma","TRUE","iid, iid","02_6","factor(year)2021","-3.59200639544971","0.758362697513087","-5.078369969794","-2.10564282110542"
"387","387","387","387","387","387","387","387","387","387","387",NA,NA,NA,NA,NA,NA,NA,NA,NA,NA,NA,NA,NA,NA,NA,NA,"CA","shortspine thornyhead","shortspine_thornyhead",NA,NA,NA,"total_catch_wt_kg ~ 0 + factor(year) + pass + depth_m + (depth_m^2)","delta_gamma","TRUE","iid, iid","02_6","factor(year)2022","-3.40382157847736","0.784924226020101","-4.94224479206973","-1.86539836488498"
"388","388","388","388","388","388","388","388","388","388","388",NA,NA,NA,NA,NA,NA,NA,NA,NA,NA,NA,NA,NA,NA,NA,NA,"CA","shortspine thornyhead","shortspine_thornyhead",NA,NA,NA,"total_catch_wt_kg ~ 0 + factor(year) + pass + depth_m + (depth_m^2)","delta_gamma","TRUE","iid, iid","02_6","factor(year)2023","-4.10569214643433","0.791030078609785","-5.65608261119739","-2.55530168167126"
"389","389","389","389","389","389","389","389","389","389","389",NA,NA,NA,NA,NA,NA,NA,NA,NA,NA,NA,NA,NA,NA,NA,NA,"CA","shortspine thornyhead","shortspine_thornyhead",NA,NA,NA,"total_catch_wt_kg ~ 0 + factor(year) + pass + depth_m + (depth_m^2)","delta_gamma","TRUE","iid, iid","02_6","factor(year)2024","-4.3294127540741","0.787012053623107","-5.8719280345743","-2.78689747357391"
"390","390","390","390","390","390","390","390","390","390","390",NA,NA,NA,NA,NA,NA,NA,NA,NA,NA,NA,NA,NA,NA,NA,NA,"CA","shortspine thornyhead","shortspine_thornyhead",NA,NA,NA,"total_catch_wt_kg ~ 0 + factor(year) + pass + depth_m + (depth_m^2)","delta_gamma","TRUE","iid, iid","02_6","pass","-0.119134929849494","0.163000896985525","-0.438610817388845","0.200340957689858"
"391","391","391","391","391","391","391","391","391","391","391",NA,NA,NA,NA,NA,NA,NA,NA,NA,NA,NA,NA,NA,NA,NA,NA,"CA","shortspine thornyhead","shortspine_thornyhead",NA,NA,NA,"total_catch_wt_kg ~ 0 + factor(year) + pass + depth_m + (depth_m^2)","delta_gamma","TRUE","iid, iid","02_6","depth_m","0.00829880628165224","0.000660655486842948","0.00700394532125129","0.00959366724205319"
"392","392","392","392","392","392","392","392","392","392",NA,NA,NA,NA,NA,NA,NA,NA,NA,NA,NA,NA,NA,NA,NA,NA,NA,"CA","shortspine thornyhead","shortspine_thornyhead",NA,NA,NA,"total_catch_wt_kg ~ 0 + factor(year) + pass + depth_m + (depth_m^2)","delta_gamma","TRUE","iid, iid","02_7","factor(year)2003","-3.75467549670253","0.790720093937392","-5.30445840267195","-2.20489259073311"
"393","393","393","393","393","393","393","393","393","393",NA,NA,NA,NA,NA,NA,NA,NA,NA,NA,NA,NA,NA,NA,NA,NA,NA,"CA","shortspine thornyhead","shortspine_thornyhead",NA,NA,NA,"total_catch_wt_kg ~ 0 + factor(year) + pass + depth_m + (depth_m^2)","delta_gamma","TRUE","iid, iid","02_7","factor(year)2004","-4.04349421671187","0.846127756435598","-5.70187414564532","-2.38511428777842"
"394","394","394","394","394","394","394","394","394","394",NA,NA,NA,NA,NA,NA,NA,NA,NA,NA,NA,NA,NA,NA,NA,NA,NA,"CA","shortspine thornyhead","shortspine_thornyhead",NA,NA,NA,"total_catch_wt_kg ~ 0 + factor(year) + pass + depth_m + (depth_m^2)","delta_gamma","TRUE","iid, iid","02_7","factor(year)2005","-3.47354227360306","0.805369171658727","-5.05203684431302","-1.8950477028931"
"395","395","395","395","395","395","395","395","395","395",NA,NA,NA,NA,NA,NA,NA,NA,NA,NA,NA,NA,NA,NA,NA,NA,NA,"CA","shortspine thornyhead","shortspine_thornyhead",NA,NA,NA,"total_catch_wt_kg ~ 0 + factor(year) + pass + depth_m + (depth_m^2)","delta_gamma","TRUE","iid, iid","02_7","factor(year)2006","-4.25667457497005","0.797710217153818","-5.82015787069115","-2.69319127924894"
"396","396","396","396","396","396","396","396","396","396",NA,NA,NA,NA,NA,NA,NA,NA,NA,NA,NA,NA,NA,NA,NA,NA,NA,"CA","shortspine thornyhead","shortspine_thornyhead",NA,NA,NA,"total_catch_wt_kg ~ 0 + factor(year) + pass + depth_m + (depth_m^2)","delta_gamma","TRUE","iid, iid","02_7","factor(year)2007","-4.14554832206944","0.782736940259644","-5.67968453434742","-2.61141210979146"
"397","397","397","397","397","397","397","397","397","397",NA,NA,NA,NA,NA,NA,NA,NA,NA,NA,NA,NA,NA,NA,NA,NA,NA,"CA","shortspine thornyhead","shortspine_thornyhead",NA,NA,NA,"total_catch_wt_kg ~ 0 + factor(year) + pass + depth_m + (depth_m^2)","delta_gamma","TRUE","iid, iid","02_7","factor(year)2008","-3.77260081890913","0.795683984864655","-5.33211277231916","-2.21308886549909"
"398","398","398","398","398","398","398","398","398","398",NA,NA,NA,NA,NA,NA,NA,NA,NA,NA,NA,NA,NA,NA,NA,NA,NA,"CA","shortspine thornyhead","shortspine_thornyhead",NA,NA,NA,"total_catch_wt_kg ~ 0 + factor(year) + pass + depth_m + (depth_m^2)","delta_gamma","TRUE","iid, iid","02_7","factor(year)2009","-4.20951802571691","0.792372500326484","-5.76253958869677","-2.65649646273705"
"399","399","399","399","399","399","399","399","399","399",NA,NA,NA,NA,NA,NA,NA,NA,NA,NA,NA,NA,NA,NA,NA,NA,NA,"CA","shortspine thornyhead","shortspine_thornyhead",NA,NA,NA,"total_catch_wt_kg ~ 0 + factor(year) + pass + depth_m + (depth_m^2)","delta_gamma","TRUE","iid, iid","02_7","factor(year)2010","-3.8910255684693","0.784459523020856","-5.42853798091965","-2.35351315601895"
"400","400","400","400","400","400","400","400","400","400",NA,NA,NA,NA,NA,NA,NA,NA,NA,NA,NA,NA,NA,NA,NA,NA,NA,"CA","shortspine thornyhead","shortspine_thornyhead",NA,NA,NA,"total_catch_wt_kg ~ 0 + factor(year) + pass + depth_m + (depth_m^2)","delta_gamma","TRUE","iid, iid","02_7","factor(year)2011","-4.39636466607715","0.795275055760277","-5.95507513317038","-2.83765419898393"
"401","401","401","401","401","401","401","401","401","401",NA,NA,NA,NA,NA,NA,NA,NA,NA,NA,NA,NA,NA,NA,NA,NA,NA,"CA","shortspine thornyhead","shortspine_thornyhead",NA,NA,NA,"total_catch_wt_kg ~ 0 + factor(year) + pass + depth_m + (depth_m^2)","delta_gamma","TRUE","iid, iid","02_7","factor(year)2012","-4.53043792921687","0.808322348596443","-6.11472062036473","-2.94615523806901"
"402","402","402","402","402","402","402","402","402","402",NA,NA,NA,NA,NA,NA,NA,NA,NA,NA,NA,NA,NA,NA,NA,NA,NA,"CA","shortspine thornyhead","shortspine_thornyhead",NA,NA,NA,"total_catch_wt_kg ~ 0 + factor(year) + pass + depth_m + (depth_m^2)","delta_gamma","TRUE","iid, iid","02_7","factor(year)2013","-4.80552316715204","0.817871358486625","-6.40852157377268","-3.20252476053141"
"403","403","403","403","403","403","403","403","403","403",NA,NA,NA,NA,NA,NA,NA,NA,NA,NA,NA,NA,NA,NA,NA,NA,NA,"CA","shortspine thornyhead","shortspine_thornyhead",NA,NA,NA,"total_catch_wt_kg ~ 0 + factor(year) + pass + depth_m + (depth_m^2)","delta_gamma","TRUE","iid, iid","02_7","factor(year)2014","-4.26692703753197","0.785182550550984","-5.8058565579012","-2.72799751716274"
"404","404","404","404","404","404","404","404","404","404",NA,NA,NA,NA,NA,NA,NA,NA,NA,NA,NA,NA,NA,NA,NA,NA,NA,"CA","shortspine thornyhead","shortspine_thornyhead",NA,NA,NA,"total_catch_wt_kg ~ 0 + factor(year) + pass + depth_m + (depth_m^2)","delta_gamma","TRUE","iid, iid","02_7","factor(year)2015","-3.61909453718718","0.801734838454602","-5.19046594570924","-2.04772312866513"
"405","405","405","405","405","405","405","405","405","405",NA,NA,NA,NA,NA,NA,NA,NA,NA,NA,NA,NA,NA,NA,NA,NA,NA,"CA","shortspine thornyhead","shortspine_thornyhead",NA,NA,NA,"total_catch_wt_kg ~ 0 + factor(year) + pass + depth_m + (depth_m^2)","delta_gamma","TRUE","iid, iid","02_7","factor(year)2016","-4.01881641502143","0.792095623343203","-5.57129530908591","-2.46633752095695"
"406","406","406","406","406","406","406","406","406","406",NA,NA,NA,NA,NA,NA,NA,NA,NA,NA,NA,NA,NA,NA,NA,NA,NA,"CA","shortspine thornyhead","shortspine_thornyhead",NA,NA,NA,"total_catch_wt_kg ~ 0 + factor(year) + pass + depth_m + (depth_m^2)","delta_gamma","TRUE","iid, iid","02_7","factor(year)2017","-3.9222306284768","0.790153709612096","-5.47090344156723","-2.37355781538638"
"407","407","407","407","407","407","407","407","407","407",NA,NA,NA,NA,NA,NA,NA,NA,NA,NA,NA,NA,NA,NA,NA,NA,NA,"CA","shortspine thornyhead","shortspine_thornyhead",NA,NA,NA,"total_catch_wt_kg ~ 0 + factor(year) + pass + depth_m + (depth_m^2)","delta_gamma","TRUE","iid, iid","02_7","factor(year)2018","-3.61933246962634","0.776277169950601","-5.1408077647502","-2.09785717450249"
"408","408","408","408","408","408","408","408","408","408",NA,NA,NA,NA,NA,NA,NA,NA,NA,NA,NA,NA,NA,NA,NA,NA,NA,"CA","shortspine thornyhead","shortspine_thornyhead",NA,NA,NA,"total_catch_wt_kg ~ 0 + factor(year) + pass + depth_m + (depth_m^2)","delta_gamma","TRUE","iid, iid","02_7","factor(year)2019","-3.55431134275626","0.871793958989487","-5.26299610431524","-1.84562658119727"
"409","409","409","409","409","409","409","409","409","409",NA,NA,NA,NA,NA,NA,NA,NA,NA,NA,NA,NA,NA,NA,NA,NA,NA,"CA","shortspine thornyhead","shortspine_thornyhead",NA,NA,NA,"total_catch_wt_kg ~ 0 + factor(year) + pass + depth_m + (depth_m^2)","delta_gamma","TRUE","iid, iid","02_7","factor(year)2021","-3.29782239366196","0.795505261999899","-4.85698405669386","-1.73866073063006"
"410","410","410","410","410","410","410","410","410","410",NA,NA,NA,NA,NA,NA,NA,NA,NA,NA,NA,NA,NA,NA,NA,NA,NA,"CA","shortspine thornyhead","shortspine_thornyhead",NA,NA,NA,"total_catch_wt_kg ~ 0 + factor(year) + pass + depth_m + (depth_m^2)","delta_gamma","TRUE","iid, iid","02_7","factor(year)2022","-3.38966557744995","0.794446077651213","-4.94675127730544","-1.83257987759446"
"411","411","411","411","411","411","411","411","411","411",NA,NA,NA,NA,NA,NA,NA,NA,NA,NA,NA,NA,NA,NA,NA,NA,NA,"CA","shortspine thornyhead","shortspine_thornyhead",NA,NA,NA,"total_catch_wt_kg ~ 0 + factor(year) + pass + depth_m + (depth_m^2)","delta_gamma","TRUE","iid, iid","02_7","factor(year)2023","-2.86894254545013","0.78964079774507","-4.41661006975395","-1.32127502114632"
"412","412","412","412","412","412","412","412","412","412",NA,NA,NA,NA,NA,NA,NA,NA,NA,NA,NA,NA,NA,NA,NA,NA,NA,"CA","shortspine thornyhead","shortspine_thornyhead",NA,NA,NA,"total_catch_wt_kg ~ 0 + factor(year) + pass + depth_m + (depth_m^2)","delta_gamma","TRUE","iid, iid","02_7","factor(year)2024","-3.69320551762364","0.781290157952079","-5.22450608868532","-2.16190494656195"
"413","413","413","413","413","413","413","413","413","413",NA,NA,NA,NA,NA,NA,NA,NA,NA,NA,NA,NA,NA,NA,NA,NA,NA,"CA","shortspine thornyhead","shortspine_thornyhead",NA,NA,NA,"total_catch_wt_kg ~ 0 + factor(year) + pass + depth_m + (depth_m^2)","delta_gamma","TRUE","iid, iid","02_7","pass","-0.0455867009596914","0.162696309017872","-0.364465607052321","0.273292205132938"
"414","414","414","414","414","414","414","414","414","414",NA,NA,NA,NA,NA,NA,NA,NA,NA,NA,NA,NA,NA,NA,NA,NA,NA,"CA","shortspine thornyhead","shortspine_thornyhead",NA,NA,NA,"total_catch_wt_kg ~ 0 + factor(year) + pass + depth_m + (depth_m^2)","delta_gamma","TRUE","iid, iid","02_7","depth_m","0.00721211916189841","0.000633408201412898","0.00597066189961684","0.00845357642417998"
"415","415","415","415","415","415","415","415","415",NA,NA,NA,NA,NA,NA,NA,NA,NA,NA,NA,NA,NA,NA,NA,NA,NA,NA,"CA","shortspine thornyhead","shortspine_thornyhead",NA,NA,NA,"total_catch_wt_kg ~ 0 + factor(year) + pass + depth_m + (depth_m^2)","delta_gamma","TRUE","iid, iid","02_8","factor(year)2003","-6.16502819877213","NaN","NaN","NaN"
"416","416","416","416","416","416","416","416","416",NA,NA,NA,NA,NA,NA,NA,NA,NA,NA,NA,NA,NA,NA,NA,NA,NA,NA,"CA","shortspine thornyhead","shortspine_thornyhead",NA,NA,NA,"total_catch_wt_kg ~ 0 + factor(year) + pass + depth_m + (depth_m^2)","delta_gamma","TRUE","iid, iid","02_8","factor(year)2004","-6.39119691105097","NaN","NaN","NaN"
"417","417","417","417","417","417","417","417","417",NA,NA,NA,NA,NA,NA,NA,NA,NA,NA,NA,NA,NA,NA,NA,NA,NA,NA,"CA","shortspine thornyhead","shortspine_thornyhead",NA,NA,NA,"total_catch_wt_kg ~ 0 + factor(year) + pass + depth_m + (depth_m^2)","delta_gamma","TRUE","iid, iid","02_8","factor(year)2005","-5.50627212523581","NaN","NaN","NaN"
"418","418","418","418","418","418","418","418","418",NA,NA,NA,NA,NA,NA,NA,NA,NA,NA,NA,NA,NA,NA,NA,NA,NA,NA,"CA","shortspine thornyhead","shortspine_thornyhead",NA,NA,NA,"total_catch_wt_kg ~ 0 + factor(year) + pass + depth_m + (depth_m^2)","delta_gamma","TRUE","iid, iid","02_8","factor(year)2006","-6.33511698869493","NaN","NaN","NaN"
"419","419","419","419","419","419","419","419","419",NA,NA,NA,NA,NA,NA,NA,NA,NA,NA,NA,NA,NA,NA,NA,NA,NA,NA,"CA","shortspine thornyhead","shortspine_thornyhead",NA,NA,NA,"total_catch_wt_kg ~ 0 + factor(year) + pass + depth_m + (depth_m^2)","delta_gamma","TRUE","iid, iid","02_8","factor(year)2007","-5.82512552922688","NaN","NaN","NaN"
"420","420","420","420","420","420","420","420","420",NA,NA,NA,NA,NA,NA,NA,NA,NA,NA,NA,NA,NA,NA,NA,NA,NA,NA,"CA","shortspine thornyhead","shortspine_thornyhead",NA,NA,NA,"total_catch_wt_kg ~ 0 + factor(year) + pass + depth_m + (depth_m^2)","delta_gamma","TRUE","iid, iid","02_8","factor(year)2008","-6.37922203470392","NaN","NaN","NaN"
"421","421","421","421","421","421","421","421","421",NA,NA,NA,NA,NA,NA,NA,NA,NA,NA,NA,NA,NA,NA,NA,NA,NA,NA,"CA","shortspine thornyhead","shortspine_thornyhead",NA,NA,NA,"total_catch_wt_kg ~ 0 + factor(year) + pass + depth_m + (depth_m^2)","delta_gamma","TRUE","iid, iid","02_8","factor(year)2009","-6.94652636282608","NaN","NaN","NaN"
"422","422","422","422","422","422","422","422","422",NA,NA,NA,NA,NA,NA,NA,NA,NA,NA,NA,NA,NA,NA,NA,NA,NA,NA,"CA","shortspine thornyhead","shortspine_thornyhead",NA,NA,NA,"total_catch_wt_kg ~ 0 + factor(year) + pass + depth_m + (depth_m^2)","delta_gamma","TRUE","iid, iid","02_8","factor(year)2010","-6.20530459606733","NaN","NaN","NaN"
"423","423","423","423","423","423","423","423","423",NA,NA,NA,NA,NA,NA,NA,NA,NA,NA,NA,NA,NA,NA,NA,NA,NA,NA,"CA","shortspine thornyhead","shortspine_thornyhead",NA,NA,NA,"total_catch_wt_kg ~ 0 + factor(year) + pass + depth_m + (depth_m^2)","delta_gamma","TRUE","iid, iid","02_8","factor(year)2011","-5.47161753837905","NaN","NaN","NaN"
"424","424","424","424","424","424","424","424","424",NA,NA,NA,NA,NA,NA,NA,NA,NA,NA,NA,NA,NA,NA,NA,NA,NA,NA,"CA","shortspine thornyhead","shortspine_thornyhead",NA,NA,NA,"total_catch_wt_kg ~ 0 + factor(year) + pass + depth_m + (depth_m^2)","delta_gamma","TRUE","iid, iid","02_8","factor(year)2012","-6.01342559312356","NaN","NaN","NaN"
"425","425","425","425","425","425","425","425","425",NA,NA,NA,NA,NA,NA,NA,NA,NA,NA,NA,NA,NA,NA,NA,NA,NA,NA,"CA","shortspine thornyhead","shortspine_thornyhead",NA,NA,NA,"total_catch_wt_kg ~ 0 + factor(year) + pass + depth_m + (depth_m^2)","delta_gamma","TRUE","iid, iid","02_8","factor(year)2013","-5.48461152923884","NaN","NaN","NaN"
"426","426","426","426","426","426","426","426","426",NA,NA,NA,NA,NA,NA,NA,NA,NA,NA,NA,NA,NA,NA,NA,NA,NA,NA,"CA","shortspine thornyhead","shortspine_thornyhead",NA,NA,NA,"total_catch_wt_kg ~ 0 + factor(year) + pass + depth_m + (depth_m^2)","delta_gamma","TRUE","iid, iid","02_8","factor(year)2014","-6.19449778068501","NaN","NaN","NaN"
"427","427","427","427","427","427","427","427","427",NA,NA,NA,NA,NA,NA,NA,NA,NA,NA,NA,NA,NA,NA,NA,NA,NA,NA,"CA","shortspine thornyhead","shortspine_thornyhead",NA,NA,NA,"total_catch_wt_kg ~ 0 + factor(year) + pass + depth_m + (depth_m^2)","delta_gamma","TRUE","iid, iid","02_8","factor(year)2015","-6.25802873885623","NaN","NaN","NaN"
"428","428","428","428","428","428","428","428","428",NA,NA,NA,NA,NA,NA,NA,NA,NA,NA,NA,NA,NA,NA,NA,NA,NA,NA,"CA","shortspine thornyhead","shortspine_thornyhead",NA,NA,NA,"total_catch_wt_kg ~ 0 + factor(year) + pass + depth_m + (depth_m^2)","delta_gamma","TRUE","iid, iid","02_8","factor(year)2016","-5.75635961432642","NaN","NaN","NaN"
"429","429","429","429","429","429","429","429","429",NA,NA,NA,NA,NA,NA,NA,NA,NA,NA,NA,NA,NA,NA,NA,NA,NA,NA,"CA","shortspine thornyhead","shortspine_thornyhead",NA,NA,NA,"total_catch_wt_kg ~ 0 + factor(year) + pass + depth_m + (depth_m^2)","delta_gamma","TRUE","iid, iid","02_8","factor(year)2017","-5.69624204133474","NaN","NaN","NaN"
"430","430","430","430","430","430","430","430","430",NA,NA,NA,NA,NA,NA,NA,NA,NA,NA,NA,NA,NA,NA,NA,NA,NA,NA,"CA","shortspine thornyhead","shortspine_thornyhead",NA,NA,NA,"total_catch_wt_kg ~ 0 + factor(year) + pass + depth_m + (depth_m^2)","delta_gamma","TRUE","iid, iid","02_8","factor(year)2018","-6.11763339260872","NaN","NaN","NaN"
"431","431","431","431","431","431","431","431","431",NA,NA,NA,NA,NA,NA,NA,NA,NA,NA,NA,NA,NA,NA,NA,NA,NA,NA,"CA","shortspine thornyhead","shortspine_thornyhead",NA,NA,NA,"total_catch_wt_kg ~ 0 + factor(year) + pass + depth_m + (depth_m^2)","delta_gamma","TRUE","iid, iid","02_8","factor(year)2019","-5.71505108572588","NaN","NaN","NaN"
"432","432","432","432","432","432","432","432","432",NA,NA,NA,NA,NA,NA,NA,NA,NA,NA,NA,NA,NA,NA,NA,NA,NA,NA,"CA","shortspine thornyhead","shortspine_thornyhead",NA,NA,NA,"total_catch_wt_kg ~ 0 + factor(year) + pass + depth_m + (depth_m^2)","delta_gamma","TRUE","iid, iid","02_8","factor(year)2021","-5.49104402215701","NaN","NaN","NaN"
"433","433","433","433","433","433","433","433","433",NA,NA,NA,NA,NA,NA,NA,NA,NA,NA,NA,NA,NA,NA,NA,NA,NA,NA,"CA","shortspine thornyhead","shortspine_thornyhead",NA,NA,NA,"total_catch_wt_kg ~ 0 + factor(year) + pass + depth_m + (depth_m^2)","delta_gamma","TRUE","iid, iid","02_8","factor(year)2022","-5.49273463048748","NaN","NaN","NaN"
"434","434","434","434","434","434","434","434","434",NA,NA,NA,NA,NA,NA,NA,NA,NA,NA,NA,NA,NA,NA,NA,NA,NA,NA,"CA","shortspine thornyhead","shortspine_thornyhead",NA,NA,NA,"total_catch_wt_kg ~ 0 + factor(year) + pass + depth_m + (depth_m^2)","delta_gamma","TRUE","iid, iid","02_8","factor(year)2023","-5.67995971287718","NaN","NaN","NaN"
"435","435","435","435","435","435","435","435","435",NA,NA,NA,NA,NA,NA,NA,NA,NA,NA,NA,NA,NA,NA,NA,NA,NA,NA,"CA","shortspine thornyhead","shortspine_thornyhead",NA,NA,NA,"total_catch_wt_kg ~ 0 + factor(year) + pass + depth_m + (depth_m^2)","delta_gamma","TRUE","iid, iid","02_8","factor(year)2024","-6.57207866567203","NaN","NaN","NaN"
"436","436","436","436","436","436","436","436","436",NA,NA,NA,NA,NA,NA,NA,NA,NA,NA,NA,NA,NA,NA,NA,NA,NA,NA,"CA","shortspine thornyhead","shortspine_thornyhead",NA,NA,NA,"total_catch_wt_kg ~ 0 + factor(year) + pass + depth_m + (depth_m^2)","delta_gamma","TRUE","iid, iid","02_8","pass","0.26280989800196","NaN","NaN","NaN"
"437","437","437","437","437","437","437","437","437",NA,NA,NA,NA,NA,NA,NA,NA,NA,NA,NA,NA,NA,NA,NA,NA,NA,NA,"CA","shortspine thornyhead","shortspine_thornyhead",NA,NA,NA,"total_catch_wt_kg ~ 0 + factor(year) + pass + depth_m + (depth_m^2)","delta_gamma","TRUE","iid, iid","02_8","depth_m","0.0106098753561811","NaN","NaN","NaN"
"438","438","438","438","438","438","438","438",NA,NA,NA,NA,NA,NA,NA,NA,NA,NA,NA,NA,NA,NA,NA,NA,NA,NA,NA,"CA","shortspine thornyhead","shortspine_thornyhead",NA,NA,NA,"total_catch_wt_kg ~ 0 + factor(year) + pass + depth_m + (depth_m^2)","delta_gamma","TRUE","iid, iid","02_9","factor(year)2003","-4.34464831270205","0.75166948736129","-5.81789343620787","-2.87140318919624"
"439","439","439","439","439","439","439","439",NA,NA,NA,NA,NA,NA,NA,NA,NA,NA,NA,NA,NA,NA,NA,NA,NA,NA,NA,"CA","shortspine thornyhead","shortspine_thornyhead",NA,NA,NA,"total_catch_wt_kg ~ 0 + factor(year) + pass + depth_m + (depth_m^2)","delta_gamma","TRUE","iid, iid","02_9","factor(year)2004","-4.54059891969994","0.767791212602468","-6.04544204404711","-3.03575579535277"
"440","440","440","440","440","440","440","440",NA,NA,NA,NA,NA,NA,NA,NA,NA,NA,NA,NA,NA,NA,NA,NA,NA,NA,NA,"CA","shortspine thornyhead","shortspine_thornyhead",NA,NA,NA,"total_catch_wt_kg ~ 0 + factor(year) + pass + depth_m + (depth_m^2)","delta_gamma","TRUE","iid, iid","02_9","factor(year)2005","-4.02172143037039","0.720658172065977","-5.43418549278418","-2.60925736795661"
"441","441","441","441","441","441","441","441",NA,NA,NA,NA,NA,NA,NA,NA,NA,NA,NA,NA,NA,NA,NA,NA,NA,NA,NA,"CA","shortspine thornyhead","shortspine_thornyhead",NA,NA,NA,"total_catch_wt_kg ~ 0 + factor(year) + pass + depth_m + (depth_m^2)","delta_gamma","TRUE","iid, iid","02_9","factor(year)2006","-4.64412726457604","0.736801900913311","-6.08823245410677","-3.2000220750453"
"442","442","442","442","442","442","442","442",NA,NA,NA,NA,NA,NA,NA,NA,NA,NA,NA,NA,NA,NA,NA,NA,NA,NA,NA,"CA","shortspine thornyhead","shortspine_thornyhead",NA,NA,NA,"total_catch_wt_kg ~ 0 + factor(year) + pass + depth_m + (depth_m^2)","delta_gamma","TRUE","iid, iid","02_9","factor(year)2007","-3.27704101155336","0.731784951440583","-4.71131316080529","-1.84276886230142"
"443","443","443","443","443","443","443","443",NA,NA,NA,NA,NA,NA,NA,NA,NA,NA,NA,NA,NA,NA,NA,NA,NA,NA,NA,"CA","shortspine thornyhead","shortspine_thornyhead",NA,NA,NA,"total_catch_wt_kg ~ 0 + factor(year) + pass + depth_m + (depth_m^2)","delta_gamma","TRUE","iid, iid","02_9","factor(year)2008","-4.48649575660219","0.757251908233185","-5.97068222396346","-3.00230928924092"
"444","444","444","444","444","444","444","444",NA,NA,NA,NA,NA,NA,NA,NA,NA,NA,NA,NA,NA,NA,NA,NA,NA,NA,NA,"CA","shortspine thornyhead","shortspine_thornyhead",NA,NA,NA,"total_catch_wt_kg ~ 0 + factor(year) + pass + depth_m + (depth_m^2)","delta_gamma","TRUE","iid, iid","02_9","factor(year)2009","-3.96157516258962","0.730690155342395","-5.39370155091869","-2.52944877426055"
"445","445","445","445","445","445","445","445",NA,NA,NA,NA,NA,NA,NA,NA,NA,NA,NA,NA,NA,NA,NA,NA,NA,NA,NA,"CA","shortspine thornyhead","shortspine_thornyhead",NA,NA,NA,"total_catch_wt_kg ~ 0 + factor(year) + pass + depth_m + (depth_m^2)","delta_gamma","TRUE","iid, iid","02_9","factor(year)2010","-4.66032849531355","0.732698572000385","-6.09639130795823","-3.22426568266886"
"446","446","446","446","446","446","446","446",NA,NA,NA,NA,NA,NA,NA,NA,NA,NA,NA,NA,NA,NA,NA,NA,NA,NA,NA,"CA","shortspine thornyhead","shortspine_thornyhead",NA,NA,NA,"total_catch_wt_kg ~ 0 + factor(year) + pass + depth_m + (depth_m^2)","delta_gamma","TRUE","iid, iid","02_9","factor(year)2011","-4.60398316084232","0.735628857795398","-6.04578922810963","-3.162177093575"
"447","447","447","447","447","447","447","447",NA,NA,NA,NA,NA,NA,NA,NA,NA,NA,NA,NA,NA,NA,NA,NA,NA,NA,NA,"CA","shortspine thornyhead","shortspine_thornyhead",NA,NA,NA,"total_catch_wt_kg ~ 0 + factor(year) + pass + depth_m + (depth_m^2)","delta_gamma","TRUE","iid, iid","02_9","factor(year)2012","-4.39455722804909","0.73639145731293","-5.83785796290539","-2.95125649319278"
"448","448","448","448","448","448","448","448",NA,NA,NA,NA,NA,NA,NA,NA,NA,NA,NA,NA,NA,NA,NA,NA,NA,NA,NA,"CA","shortspine thornyhead","shortspine_thornyhead",NA,NA,NA,"total_catch_wt_kg ~ 0 + factor(year) + pass + depth_m + (depth_m^2)","delta_gamma","TRUE","iid, iid","02_9","factor(year)2013","-3.7070585908091","0.742126627557351","-5.16160005278968","-2.25251712882852"
"449","449","449","449","449","449","449","449",NA,NA,NA,NA,NA,NA,NA,NA,NA,NA,NA,NA,NA,NA,NA,NA,NA,NA,NA,"CA","shortspine thornyhead","shortspine_thornyhead",NA,NA,NA,"total_catch_wt_kg ~ 0 + factor(year) + pass + depth_m + (depth_m^2)","delta_gamma","TRUE","iid, iid","02_9","factor(year)2014","-4.47190757459195","0.732128403164052","-5.90685287685231","-3.03696227233159"
"450","450","450","450","450","450","450","450",NA,NA,NA,NA,NA,NA,NA,NA,NA,NA,NA,NA,NA,NA,NA,NA,NA,NA,NA,"CA","shortspine thornyhead","shortspine_thornyhead",NA,NA,NA,"total_catch_wt_kg ~ 0 + factor(year) + pass + depth_m + (depth_m^2)","delta_gamma","TRUE","iid, iid","02_9","factor(year)2015","-4.21849833291304","0.746317269560782","-5.68125330229244","-2.75574336353363"
"451","451","451","451","451","451","451","451",NA,NA,NA,NA,NA,NA,NA,NA,NA,NA,NA,NA,NA,NA,NA,NA,NA,NA,NA,"CA","shortspine thornyhead","shortspine_thornyhead",NA,NA,NA,"total_catch_wt_kg ~ 0 + factor(year) + pass + depth_m + (depth_m^2)","delta_gamma","TRUE","iid, iid","02_9","factor(year)2016","-4.23431414872498","0.72820833313093","-5.66157625490355","-2.80705204254641"
"452","452","452","452","452","452","452","452",NA,NA,NA,NA,NA,NA,NA,NA,NA,NA,NA,NA,NA,NA,NA,NA,NA,NA,NA,"CA","shortspine thornyhead","shortspine_thornyhead",NA,NA,NA,"total_catch_wt_kg ~ 0 + factor(year) + pass + depth_m + (depth_m^2)","delta_gamma","TRUE","iid, iid","02_9","factor(year)2017","-4.16943625110782","0.727434650647524","-5.59518196748344","-2.7436905347322"
"453","453","453","453","453","453","453","453",NA,NA,NA,NA,NA,NA,NA,NA,NA,NA,NA,NA,NA,NA,NA,NA,NA,NA,NA,"CA","shortspine thornyhead","shortspine_thornyhead",NA,NA,NA,"total_catch_wt_kg ~ 0 + factor(year) + pass + depth_m + (depth_m^2)","delta_gamma","TRUE","iid, iid","02_9","factor(year)2018","-4.15937015680329","0.738545560455278","-5.60689285623758","-2.71184745736899"
"454","454","454","454","454","454","454","454",NA,NA,NA,NA,NA,NA,NA,NA,NA,NA,NA,NA,NA,NA,NA,NA,NA,NA,NA,"CA","shortspine thornyhead","shortspine_thornyhead",NA,NA,NA,"total_catch_wt_kg ~ 0 + factor(year) + pass + depth_m + (depth_m^2)","delta_gamma","TRUE","iid, iid","02_9","factor(year)2019","-4.07107076344128","0.785902220309882","-5.61141081061871","-2.53073071626385"
"455","455","455","455","455","455","455","455",NA,NA,NA,NA,NA,NA,NA,NA,NA,NA,NA,NA,NA,NA,NA,NA,NA,NA,NA,"CA","shortspine thornyhead","shortspine_thornyhead",NA,NA,NA,"total_catch_wt_kg ~ 0 + factor(year) + pass + depth_m + (depth_m^2)","delta_gamma","TRUE","iid, iid","02_9","factor(year)2021","-3.85669678963436","0.726662291274533","-5.2809287094558","-2.43246486981292"
"456","456","456","456","456","456","456","456",NA,NA,NA,NA,NA,NA,NA,NA,NA,NA,NA,NA,NA,NA,NA,NA,NA,NA,NA,"CA","shortspine thornyhead","shortspine_thornyhead",NA,NA,NA,"total_catch_wt_kg ~ 0 + factor(year) + pass + depth_m + (depth_m^2)","delta_gamma","TRUE","iid, iid","02_9","factor(year)2022","-3.82800136471268","0.744921971196081","-5.28802159954958","-2.36798112987577"
"457","457","457","457","457","457","457","457",NA,NA,NA,NA,NA,NA,NA,NA,NA,NA,NA,NA,NA,NA,NA,NA,NA,NA,NA,"CA","shortspine thornyhead","shortspine_thornyhead",NA,NA,NA,"total_catch_wt_kg ~ 0 + factor(year) + pass + depth_m + (depth_m^2)","delta_gamma","TRUE","iid, iid","02_9","factor(year)2023","-3.69979299620166","0.728031347555192","-5.126708217026","-2.27287777537732"
"458","458","458","458","458","458","458","458",NA,NA,NA,NA,NA,NA,NA,NA,NA,NA,NA,NA,NA,NA,NA,NA,NA,NA,NA,"CA","shortspine thornyhead","shortspine_thornyhead",NA,NA,NA,"total_catch_wt_kg ~ 0 + factor(year) + pass + depth_m + (depth_m^2)","delta_gamma","TRUE","iid, iid","02_9","factor(year)2024","-4.18190406659161","0.733490105659912","-5.61951825670152","-2.74428987648171"
"459","459","459","459","459","459","459","459",NA,NA,NA,NA,NA,NA,NA,NA,NA,NA,NA,NA,NA,NA,NA,NA,NA,NA,NA,"CA","shortspine thornyhead","shortspine_thornyhead",NA,NA,NA,"total_catch_wt_kg ~ 0 + factor(year) + pass + depth_m + (depth_m^2)","delta_gamma","TRUE","iid, iid","02_9","pass","-0.0643770505242407","0.161815179706186","-0.381528974900241","0.25277487385176"
"460","460","460","460","460","460","460","460",NA,NA,NA,NA,NA,NA,NA,NA,NA,NA,NA,NA,NA,NA,NA,NA,NA,NA,NA,"CA","shortspine thornyhead","shortspine_thornyhead",NA,NA,NA,"total_catch_wt_kg ~ 0 + factor(year) + pass + depth_m + (depth_m^2)","delta_gamma","TRUE","iid, iid","02_9","depth_m","0.00899343816689236","0.00071431698976639","0.00759340259340517","0.0103934737403796"
"461","461","461","461","461","461","461",NA,NA,NA,NA,NA,NA,NA,NA,NA,NA,NA,NA,NA,NA,NA,NA,NA,NA,NA,NA,"CA","shortspine thornyhead","shortspine_thornyhead",NA,NA,NA,"total_catch_wt_kg ~ 0 + factor(year) + pass + depth_m + (depth_m^2)","delta_gamma","TRUE","iid, iid","03_1","factor(year)2003","-5.94107905730881","0.797940931500696","-7.50501454484052","-4.3771435697771"
"462","462","462","462","462","462","462",NA,NA,NA,NA,NA,NA,NA,NA,NA,NA,NA,NA,NA,NA,NA,NA,NA,NA,NA,NA,"CA","shortspine thornyhead","shortspine_thornyhead",NA,NA,NA,"total_catch_wt_kg ~ 0 + factor(year) + pass + depth_m + (depth_m^2)","delta_gamma","TRUE","iid, iid","03_1","factor(year)2004","-4.88996509470113","0.817618324907357","-6.49246756461952","-3.28746262478274"
"463","463","463","463","463","463","463",NA,NA,NA,NA,NA,NA,NA,NA,NA,NA,NA,NA,NA,NA,NA,NA,NA,NA,NA,NA,"CA","shortspine thornyhead","shortspine_thornyhead",NA,NA,NA,"total_catch_wt_kg ~ 0 + factor(year) + pass + depth_m + (depth_m^2)","delta_gamma","TRUE","iid, iid","03_1","factor(year)2005","-4.7496652133583","0.774866532402152","-6.26837570969196","-3.23095471702465"
"464","464","464","464","464","464","464",NA,NA,NA,NA,NA,NA,NA,NA,NA,NA,NA,NA,NA,NA,NA,NA,NA,NA,NA,NA,"CA","shortspine thornyhead","shortspine_thornyhead",NA,NA,NA,"total_catch_wt_kg ~ 0 + factor(year) + pass + depth_m + (depth_m^2)","delta_gamma","TRUE","iid, iid","03_1","factor(year)2006","-5.13614218759609","0.773931229926313","-6.65301952476245","-3.61926485042973"
"465","465","465","465","465","465","465",NA,NA,NA,NA,NA,NA,NA,NA,NA,NA,NA,NA,NA,NA,NA,NA,NA,NA,NA,NA,"CA","shortspine thornyhead","shortspine_thornyhead",NA,NA,NA,"total_catch_wt_kg ~ 0 + factor(year) + pass + depth_m + (depth_m^2)","delta_gamma","TRUE","iid, iid","03_1","factor(year)2007","-5.34487880847197","0.779803465638721","-6.87326551614338","-3.81649210080056"
"466","466","466","466","466","466","466",NA,NA,NA,NA,NA,NA,NA,NA,NA,NA,NA,NA,NA,NA,NA,NA,NA,NA,NA,NA,"CA","shortspine thornyhead","shortspine_thornyhead",NA,NA,NA,"total_catch_wt_kg ~ 0 + factor(year) + pass + depth_m + (depth_m^2)","delta_gamma","TRUE","iid, iid","03_1","factor(year)2008","-5.07858845986903","0.791346920393664","-6.6295999231173","-3.52757699662076"
"467","467","467","467","467","467","467",NA,NA,NA,NA,NA,NA,NA,NA,NA,NA,NA,NA,NA,NA,NA,NA,NA,NA,NA,NA,"CA","shortspine thornyhead","shortspine_thornyhead",NA,NA,NA,"total_catch_wt_kg ~ 0 + factor(year) + pass + depth_m + (depth_m^2)","delta_gamma","TRUE","iid, iid","03_1","factor(year)2009","-5.22854150858119","0.7775255372514","-6.75246355865409","-3.70461945850829"
"468","468","468","468","468","468","468",NA,NA,NA,NA,NA,NA,NA,NA,NA,NA,NA,NA,NA,NA,NA,NA,NA,NA,NA,NA,"CA","shortspine thornyhead","shortspine_thornyhead",NA,NA,NA,"total_catch_wt_kg ~ 0 + factor(year) + pass + depth_m + (depth_m^2)","delta_gamma","TRUE","iid, iid","03_1","factor(year)2010","-5.03590743750373","0.776508568314757","-6.55783626508742","-3.51397860992005"
"469","469","469","469","469","469","469",NA,NA,NA,NA,NA,NA,NA,NA,NA,NA,NA,NA,NA,NA,NA,NA,NA,NA,NA,NA,"CA","shortspine thornyhead","shortspine_thornyhead",NA,NA,NA,"total_catch_wt_kg ~ 0 + factor(year) + pass + depth_m + (depth_m^2)","delta_gamma","TRUE","iid, iid","03_1","factor(year)2011","-5.25459155730381","0.77876226592474","-6.78093755103511","-3.72824556357252"
"470","470","470","470","470","470","470",NA,NA,NA,NA,NA,NA,NA,NA,NA,NA,NA,NA,NA,NA,NA,NA,NA,NA,NA,NA,"CA","shortspine thornyhead","shortspine_thornyhead",NA,NA,NA,"total_catch_wt_kg ~ 0 + factor(year) + pass + depth_m + (depth_m^2)","delta_gamma","TRUE","iid, iid","03_1","factor(year)2012","-5.52830105151534","0.78363112826445","-7.06418984007815","-3.99241226295253"
"471","471","471","471","471","471","471",NA,NA,NA,NA,NA,NA,NA,NA,NA,NA,NA,NA,NA,NA,NA,NA,NA,NA,NA,NA,"CA","shortspine thornyhead","shortspine_thornyhead",NA,NA,NA,"total_catch_wt_kg ~ 0 + factor(year) + pass + depth_m + (depth_m^2)","delta_gamma","TRUE","iid, iid","03_1","factor(year)2013","-4.39900248017681","0.792337781273623","-5.95195599506349","-2.84604896529013"
"472","472","472","472","472","472","472",NA,NA,NA,NA,NA,NA,NA,NA,NA,NA,NA,NA,NA,NA,NA,NA,NA,NA,NA,NA,"CA","shortspine thornyhead","shortspine_thornyhead",NA,NA,NA,"total_catch_wt_kg ~ 0 + factor(year) + pass + depth_m + (depth_m^2)","delta_gamma","TRUE","iid, iid","03_1","factor(year)2014","-5.10649313701683","0.775811806062248","-6.62705633567981","-3.58592993835385"
"473","473","473","473","473","473","473",NA,NA,NA,NA,NA,NA,NA,NA,NA,NA,NA,NA,NA,NA,NA,NA,NA,NA,NA,NA,"CA","shortspine thornyhead","shortspine_thornyhead",NA,NA,NA,"total_catch_wt_kg ~ 0 + factor(year) + pass + depth_m + (depth_m^2)","delta_gamma","TRUE","iid, iid","03_1","factor(year)2015","-4.96144787194586","0.771302201699444","-6.47317240847322","-3.4497233354185"
"474","474","474","474","474","474","474",NA,NA,NA,NA,NA,NA,NA,NA,NA,NA,NA,NA,NA,NA,NA,NA,NA,NA,NA,NA,"CA","shortspine thornyhead","shortspine_thornyhead",NA,NA,NA,"total_catch_wt_kg ~ 0 + factor(year) + pass + depth_m + (depth_m^2)","delta_gamma","TRUE","iid, iid","03_1","factor(year)2016","-4.65195271327888","0.772677352010105","-6.16637249488846","-3.1375329316693"
"475","475","475","475","475","475","475",NA,NA,NA,NA,NA,NA,NA,NA,NA,NA,NA,NA,NA,NA,NA,NA,NA,NA,NA,NA,"CA","shortspine thornyhead","shortspine_thornyhead",NA,NA,NA,"total_catch_wt_kg ~ 0 + factor(year) + pass + depth_m + (depth_m^2)","delta_gamma","TRUE","iid, iid","03_1","factor(year)2017","-4.92678897813226","0.772895988960416","-6.44163728029014","-3.41194067597437"
"476","476","476","476","476","476","476",NA,NA,NA,NA,NA,NA,NA,NA,NA,NA,NA,NA,NA,NA,NA,NA,NA,NA,NA,NA,"CA","shortspine thornyhead","shortspine_thornyhead",NA,NA,NA,"total_catch_wt_kg ~ 0 + factor(year) + pass + depth_m + (depth_m^2)","delta_gamma","TRUE","iid, iid","03_1","factor(year)2018","-4.97867783792889","0.773218880271786","-6.49415899542798","-3.4631966804298"
"477","477","477","477","477","477","477",NA,NA,NA,NA,NA,NA,NA,NA,NA,NA,NA,NA,NA,NA,NA,NA,NA,NA,NA,NA,"CA","shortspine thornyhead","shortspine_thornyhead",NA,NA,NA,"total_catch_wt_kg ~ 0 + factor(year) + pass + depth_m + (depth_m^2)","delta_gamma","TRUE","iid, iid","03_1","factor(year)2019","-5.56263277694338","0.834671187675608","-7.19855824372084","-3.92670731016591"
"478","478","478","478","478","478","478",NA,NA,NA,NA,NA,NA,NA,NA,NA,NA,NA,NA,NA,NA,NA,NA,NA,NA,NA,NA,"CA","shortspine thornyhead","shortspine_thornyhead",NA,NA,NA,"total_catch_wt_kg ~ 0 + factor(year) + pass + depth_m + (depth_m^2)","delta_gamma","TRUE","iid, iid","03_1","factor(year)2021","-4.76439519234861","0.769898987987273","-6.2733694805375","-3.25542090415972"
"479","479","479","479","479","479","479",NA,NA,NA,NA,NA,NA,NA,NA,NA,NA,NA,NA,NA,NA,NA,NA,NA,NA,NA,NA,"CA","shortspine thornyhead","shortspine_thornyhead",NA,NA,NA,"total_catch_wt_kg ~ 0 + factor(year) + pass + depth_m + (depth_m^2)","delta_gamma","TRUE","iid, iid","03_1","factor(year)2022","-5.35005822565105","0.785791246064618","-6.89018076730456","-3.80993568399755"
"480","480","480","480","480","480","480",NA,NA,NA,NA,NA,NA,NA,NA,NA,NA,NA,NA,NA,NA,NA,NA,NA,NA,NA,NA,"CA","shortspine thornyhead","shortspine_thornyhead",NA,NA,NA,"total_catch_wt_kg ~ 0 + factor(year) + pass + depth_m + (depth_m^2)","delta_gamma","TRUE","iid, iid","03_1","factor(year)2023","-4.81025211103866","0.778659181390857","-6.33639606279618","-3.28410815928114"
"481","481","481","481","481","481","481",NA,NA,NA,NA,NA,NA,NA,NA,NA,NA,NA,NA,NA,NA,NA,NA,NA,NA,NA,NA,"CA","shortspine thornyhead","shortspine_thornyhead",NA,NA,NA,"total_catch_wt_kg ~ 0 + factor(year) + pass + depth_m + (depth_m^2)","delta_gamma","TRUE","iid, iid","03_1","factor(year)2024","-4.9022533603951","0.764653863897537","-6.40094739427367","-3.40355932651654"
"482","482","482","482","482","482","482",NA,NA,NA,NA,NA,NA,NA,NA,NA,NA,NA,NA,NA,NA,NA,NA,NA,NA,NA,NA,"CA","shortspine thornyhead","shortspine_thornyhead",NA,NA,NA,"total_catch_wt_kg ~ 0 + factor(year) + pass + depth_m + (depth_m^2)","delta_gamma","TRUE","iid, iid","03_1","pass","-0.0847146667375411","0.14237695701879","-0.363768374722777","0.194339041247695"
"483","483","483","483","483","483","483",NA,NA,NA,NA,NA,NA,NA,NA,NA,NA,NA,NA,NA,NA,NA,NA,NA,NA,NA,NA,"CA","shortspine thornyhead","shortspine_thornyhead",NA,NA,NA,"total_catch_wt_kg ~ 0 + factor(year) + pass + depth_m + (depth_m^2)","delta_gamma","TRUE","iid, iid","03_1","depth_m","0.0101886017487527","0.0007262178240939","0.00876524096859758","0.0116119625289078"
"484","484","484","484","484","484",NA,NA,NA,NA,NA,NA,NA,NA,NA,NA,NA,NA,NA,NA,NA,NA,NA,NA,NA,NA,NA,"CA","shortspine thornyhead","shortspine_thornyhead",NA,NA,NA,"total_catch_wt_kg ~ 0 + factor(year) + pass + depth_m + (depth_m^2)","delta_gamma","TRUE","iid, iid","03_10","factor(year)2003","-4.93902185343658","0.779332265407165","-6.46648502562464","-3.41155868124853"
"485","485","485","485","485","485",NA,NA,NA,NA,NA,NA,NA,NA,NA,NA,NA,NA,NA,NA,NA,NA,NA,NA,NA,NA,NA,"CA","shortspine thornyhead","shortspine_thornyhead",NA,NA,NA,"total_catch_wt_kg ~ 0 + factor(year) + pass + depth_m + (depth_m^2)","delta_gamma","TRUE","iid, iid","03_10","factor(year)2004","-4.80512021359673","0.801075441950113","-6.37519922871846","-3.235041198475"
"486","486","486","486","486","486",NA,NA,NA,NA,NA,NA,NA,NA,NA,NA,NA,NA,NA,NA,NA,NA,NA,NA,NA,NA,NA,"CA","shortspine thornyhead","shortspine_thornyhead",NA,NA,NA,"total_catch_wt_kg ~ 0 + factor(year) + pass + depth_m + (depth_m^2)","delta_gamma","TRUE","iid, iid","03_10","factor(year)2005","-4.37886712450634","0.769297090247173","-5.88666171480226","-2.87107253421042"
"487","487","487","487","487","487",NA,NA,NA,NA,NA,NA,NA,NA,NA,NA,NA,NA,NA,NA,NA,NA,NA,NA,NA,NA,NA,"CA","shortspine thornyhead","shortspine_thornyhead",NA,NA,NA,"total_catch_wt_kg ~ 0 + factor(year) + pass + depth_m + (depth_m^2)","delta_gamma","TRUE","iid, iid","03_10","factor(year)2006","-4.98301261824821","0.768564515442362","-6.48937138831071","-3.4766538481857"
"488","488","488","488","488","488",NA,NA,NA,NA,NA,NA,NA,NA,NA,NA,NA,NA,NA,NA,NA,NA,NA,NA,NA,NA,NA,"CA","shortspine thornyhead","shortspine_thornyhead",NA,NA,NA,"total_catch_wt_kg ~ 0 + factor(year) + pass + depth_m + (depth_m^2)","delta_gamma","TRUE","iid, iid","03_10","factor(year)2007","-4.13704779090012","0.757034409911423","-5.62080796938404","-2.6532876124162"
"489","489","489","489","489","489",NA,NA,NA,NA,NA,NA,NA,NA,NA,NA,NA,NA,NA,NA,NA,NA,NA,NA,NA,NA,NA,"CA","shortspine thornyhead","shortspine_thornyhead",NA,NA,NA,"total_catch_wt_kg ~ 0 + factor(year) + pass + depth_m + (depth_m^2)","delta_gamma","TRUE","iid, iid","03_10","factor(year)2008","-4.7748623853406","0.766925134021073","-6.27800802686046","-3.27171674382074"
"490","490","490","490","490","490",NA,NA,NA,NA,NA,NA,NA,NA,NA,NA,NA,NA,NA,NA,NA,NA,NA,NA,NA,NA,NA,"CA","shortspine thornyhead","shortspine_thornyhead",NA,NA,NA,"total_catch_wt_kg ~ 0 + factor(year) + pass + depth_m + (depth_m^2)","delta_gamma","TRUE","iid, iid","03_10","factor(year)2009","-4.58501046349969","0.76611441958623","-6.08656713392551","-3.08345379307388"
"491","491","491","491","491","491",NA,NA,NA,NA,NA,NA,NA,NA,NA,NA,NA,NA,NA,NA,NA,NA,NA,NA,NA,NA,NA,"CA","shortspine thornyhead","shortspine_thornyhead",NA,NA,NA,"total_catch_wt_kg ~ 0 + factor(year) + pass + depth_m + (depth_m^2)","delta_gamma","TRUE","iid, iid","03_10","factor(year)2010","-4.26335226735705","0.754809733726044","-5.74275216064036","-2.78395237407373"
"492","492","492","492","492","492",NA,NA,NA,NA,NA,NA,NA,NA,NA,NA,NA,NA,NA,NA,NA,NA,NA,NA,NA,NA,NA,"CA","shortspine thornyhead","shortspine_thornyhead",NA,NA,NA,"total_catch_wt_kg ~ 0 + factor(year) + pass + depth_m + (depth_m^2)","delta_gamma","TRUE","iid, iid","03_10","factor(year)2011","-4.68930144030987","0.764919333585086","-6.18851578521502","-3.19008709540472"
"493","493","493","493","493","493",NA,NA,NA,NA,NA,NA,NA,NA,NA,NA,NA,NA,NA,NA,NA,NA,NA,NA,NA,NA,NA,"CA","shortspine thornyhead","shortspine_thornyhead",NA,NA,NA,"total_catch_wt_kg ~ 0 + factor(year) + pass + depth_m + (depth_m^2)","delta_gamma","TRUE","iid, iid","03_10","factor(year)2012","-4.67614273279787","0.768110065299877","-6.18161079694834","-3.1706746686474"
"494","494","494","494","494","494",NA,NA,NA,NA,NA,NA,NA,NA,NA,NA,NA,NA,NA,NA,NA,NA,NA,NA,NA,NA,NA,"CA","shortspine thornyhead","shortspine_thornyhead",NA,NA,NA,"total_catch_wt_kg ~ 0 + factor(year) + pass + depth_m + (depth_m^2)","delta_gamma","TRUE","iid, iid","03_10","factor(year)2013","-4.67847758860536","0.783368756989711","-6.2138521389191","-3.14310303829162"
"495","495","495","495","495","495",NA,NA,NA,NA,NA,NA,NA,NA,NA,NA,NA,NA,NA,NA,NA,NA,NA,NA,NA,NA,NA,"CA","shortspine thornyhead","shortspine_thornyhead",NA,NA,NA,"total_catch_wt_kg ~ 0 + factor(year) + pass + depth_m + (depth_m^2)","delta_gamma","TRUE","iid, iid","03_10","factor(year)2014","-4.73237927535567","0.766523102127911","-6.23473694884429","-3.23002160186705"
"496","496","496","496","496","496",NA,NA,NA,NA,NA,NA,NA,NA,NA,NA,NA,NA,NA,NA,NA,NA,NA,NA,NA,NA,NA,"CA","shortspine thornyhead","shortspine_thornyhead",NA,NA,NA,"total_catch_wt_kg ~ 0 + factor(year) + pass + depth_m + (depth_m^2)","delta_gamma","TRUE","iid, iid","03_10","factor(year)2015","-4.68856577051124","0.765350575205449","-6.18862533346093","-3.18850620756155"
"497","497","497","497","497","497",NA,NA,NA,NA,NA,NA,NA,NA,NA,NA,NA,NA,NA,NA,NA,NA,NA,NA,NA,NA,NA,"CA","shortspine thornyhead","shortspine_thornyhead",NA,NA,NA,"total_catch_wt_kg ~ 0 + factor(year) + pass + depth_m + (depth_m^2)","delta_gamma","TRUE","iid, iid","03_10","factor(year)2016","-4.81764531177541","0.763061604528377","-6.31321857463637","-3.32207204891445"
"498","498","498","498","498","498",NA,NA,NA,NA,NA,NA,NA,NA,NA,NA,NA,NA,NA,NA,NA,NA,NA,NA,NA,NA,NA,"CA","shortspine thornyhead","shortspine_thornyhead",NA,NA,NA,"total_catch_wt_kg ~ 0 + factor(year) + pass + depth_m + (depth_m^2)","delta_gamma","TRUE","iid, iid","03_10","factor(year)2017","-4.52371247607427","0.759900748798591","-6.01309057554452","-3.03433437660401"
"499","499","499","499","499","499",NA,NA,NA,NA,NA,NA,NA,NA,NA,NA,NA,NA,NA,NA,NA,NA,NA,NA,NA,NA,NA,"CA","shortspine thornyhead","shortspine_thornyhead",NA,NA,NA,"total_catch_wt_kg ~ 0 + factor(year) + pass + depth_m + (depth_m^2)","delta_gamma","TRUE","iid, iid","03_10","factor(year)2018","-4.82559578425278","0.774720035307319","-6.34401915155672","-3.30717241694884"
"500","500","500","500","500","500",NA,NA,NA,NA,NA,NA,NA,NA,NA,NA,NA,NA,NA,NA,NA,NA,NA,NA,NA,NA,NA,"CA","shortspine thornyhead","shortspine_thornyhead",NA,NA,NA,"total_catch_wt_kg ~ 0 + factor(year) + pass + depth_m + (depth_m^2)","delta_gamma","TRUE","iid, iid","03_10","factor(year)2019","-4.36935455126288","0.804030539006206","-5.94522545018537","-2.79348365234039"
"501","501","501","501","501","501",NA,NA,NA,NA,NA,NA,NA,NA,NA,NA,NA,NA,NA,NA,NA,NA,NA,NA,NA,NA,NA,"CA","shortspine thornyhead","shortspine_thornyhead",NA,NA,NA,"total_catch_wt_kg ~ 0 + factor(year) + pass + depth_m + (depth_m^2)","delta_gamma","TRUE","iid, iid","03_10","factor(year)2021","-4.27112269873169","0.752188271109196","-5.74538461969917","-2.79686077776422"
"502","502","502","502","502","502",NA,NA,NA,NA,NA,NA,NA,NA,NA,NA,NA,NA,NA,NA,NA,NA,NA,NA,NA,NA,NA,"CA","shortspine thornyhead","shortspine_thornyhead",NA,NA,NA,"total_catch_wt_kg ~ 0 + factor(year) + pass + depth_m + (depth_m^2)","delta_gamma","TRUE","iid, iid","03_10","factor(year)2022","-4.30127913469152","0.772697439986601","-5.81573828801155","-2.78681998137148"
"503","503","503","503","503","503",NA,NA,NA,NA,NA,NA,NA,NA,NA,NA,NA,NA,NA,NA,NA,NA,NA,NA,NA,NA,NA,"CA","shortspine thornyhead","shortspine_thornyhead",NA,NA,NA,"total_catch_wt_kg ~ 0 + factor(year) + pass + depth_m + (depth_m^2)","delta_gamma","TRUE","iid, iid","03_10","factor(year)2023","-4.16381951302895","0.770739450942337","-5.67444107834011","-2.65319794771779"
"504","504","504","504","504","504",NA,NA,NA,NA,NA,NA,NA,NA,NA,NA,NA,NA,NA,NA,NA,NA,NA,NA,NA,NA,NA,"CA","shortspine thornyhead","shortspine_thornyhead",NA,NA,NA,"total_catch_wt_kg ~ 0 + factor(year) + pass + depth_m + (depth_m^2)","delta_gamma","TRUE","iid, iid","03_10","factor(year)2024","-4.15694248579704","0.756757707180537","-5.640160336894","-2.67372463470007"
"505","505","505","505","505","505",NA,NA,NA,NA,NA,NA,NA,NA,NA,NA,NA,NA,NA,NA,NA,NA,NA,NA,NA,NA,NA,"CA","shortspine thornyhead","shortspine_thornyhead",NA,NA,NA,"total_catch_wt_kg ~ 0 + factor(year) + pass + depth_m + (depth_m^2)","delta_gamma","TRUE","iid, iid","03_10","pass","0.195451730813386","0.129204257153411","-0.0577839598565506","0.448687421483322"
"506","506","506","506","506","506",NA,NA,NA,NA,NA,NA,NA,NA,NA,NA,NA,NA,NA,NA,NA,NA,NA,NA,NA,NA,NA,"CA","shortspine thornyhead","shortspine_thornyhead",NA,NA,NA,"total_catch_wt_kg ~ 0 + factor(year) + pass + depth_m + (depth_m^2)","delta_gamma","TRUE","iid, iid","03_10","depth_m","0.00820730513964658","0.00059741850125432","0.00703638639349021","0.00937822388580294"
"507","507","507","507","507",NA,NA,NA,NA,NA,NA,NA,NA,NA,NA,NA,NA,NA,NA,NA,NA,NA,NA,NA,NA,NA,NA,"CA","shortspine thornyhead","shortspine_thornyhead",NA,NA,NA,"total_catch_wt_kg ~ 0 + factor(year) + pass + depth_m + (depth_m^2)","delta_gamma","TRUE","iid, iid","03_2","factor(year)2003","-4.89046714935417","0.711096560313163","-6.28419079709828","-3.49674350161005"
"508","508","508","508","508",NA,NA,NA,NA,NA,NA,NA,NA,NA,NA,NA,NA,NA,NA,NA,NA,NA,NA,NA,NA,NA,NA,"CA","shortspine thornyhead","shortspine_thornyhead",NA,NA,NA,"total_catch_wt_kg ~ 0 + factor(year) + pass + depth_m + (depth_m^2)","delta_gamma","TRUE","iid, iid","03_2","factor(year)2004","-4.74174874431393","0.727714725563489","-6.16804339743782","-3.31545409119005"
"509","509","509","509","509",NA,NA,NA,NA,NA,NA,NA,NA,NA,NA,NA,NA,NA,NA,NA,NA,NA,NA,NA,NA,NA,NA,"CA","shortspine thornyhead","shortspine_thornyhead",NA,NA,NA,"total_catch_wt_kg ~ 0 + factor(year) + pass + depth_m + (depth_m^2)","delta_gamma","TRUE","iid, iid","03_2","factor(year)2005","-4.5038229659073","0.698820394912527","-5.87348577159791","-3.13416016021669"
"510","510","510","510","510",NA,NA,NA,NA,NA,NA,NA,NA,NA,NA,NA,NA,NA,NA,NA,NA,NA,NA,NA,NA,NA,NA,"CA","shortspine thornyhead","shortspine_thornyhead",NA,NA,NA,"total_catch_wt_kg ~ 0 + factor(year) + pass + depth_m + (depth_m^2)","delta_gamma","TRUE","iid, iid","03_2","factor(year)2006","-4.33935669623675","0.693417502447551","-5.69843002728367","-2.98028336518984"
"511","511","511","511","511",NA,NA,NA,NA,NA,NA,NA,NA,NA,NA,NA,NA,NA,NA,NA,NA,NA,NA,NA,NA,NA,NA,"CA","shortspine thornyhead","shortspine_thornyhead",NA,NA,NA,"total_catch_wt_kg ~ 0 + factor(year) + pass + depth_m + (depth_m^2)","delta_gamma","TRUE","iid, iid","03_2","factor(year)2007","-4.82999003205942","0.708396283447009","-6.21842123439758","-3.44155882972125"
"512","512","512","512","512",NA,NA,NA,NA,NA,NA,NA,NA,NA,NA,NA,NA,NA,NA,NA,NA,NA,NA,NA,NA,NA,NA,"CA","shortspine thornyhead","shortspine_thornyhead",NA,NA,NA,"total_catch_wt_kg ~ 0 + factor(year) + pass + depth_m + (depth_m^2)","delta_gamma","TRUE","iid, iid","03_2","factor(year)2008","-4.66760804445529","0.717382063049067","-6.0736510511865","-3.26156503772408"
"513","513","513","513","513",NA,NA,NA,NA,NA,NA,NA,NA,NA,NA,NA,NA,NA,NA,NA,NA,NA,NA,NA,NA,NA,NA,"CA","shortspine thornyhead","shortspine_thornyhead",NA,NA,NA,"total_catch_wt_kg ~ 0 + factor(year) + pass + depth_m + (depth_m^2)","delta_gamma","TRUE","iid, iid","03_2","factor(year)2009","-4.87213142860283","0.693646564352079","-6.23165371273285","-3.51260914447281"
"514","514","514","514","514",NA,NA,NA,NA,NA,NA,NA,NA,NA,NA,NA,NA,NA,NA,NA,NA,NA,NA,NA,NA,NA,NA,"CA","shortspine thornyhead","shortspine_thornyhead",NA,NA,NA,"total_catch_wt_kg ~ 0 + factor(year) + pass + depth_m + (depth_m^2)","delta_gamma","TRUE","iid, iid","03_2","factor(year)2010","-4.6729015151351","0.69455824085809","-6.03421065238245","-3.31159237788775"
"515","515","515","515","515",NA,NA,NA,NA,NA,NA,NA,NA,NA,NA,NA,NA,NA,NA,NA,NA,NA,NA,NA,NA,NA,NA,"CA","shortspine thornyhead","shortspine_thornyhead",NA,NA,NA,"total_catch_wt_kg ~ 0 + factor(year) + pass + depth_m + (depth_m^2)","delta_gamma","TRUE","iid, iid","03_2","factor(year)2011","-4.75956819665331","0.690711443005521","-6.11333774865382","-3.4057986446528"
"516","516","516","516","516",NA,NA,NA,NA,NA,NA,NA,NA,NA,NA,NA,NA,NA,NA,NA,NA,NA,NA,NA,NA,NA,NA,"CA","shortspine thornyhead","shortspine_thornyhead",NA,NA,NA,"total_catch_wt_kg ~ 0 + factor(year) + pass + depth_m + (depth_m^2)","delta_gamma","TRUE","iid, iid","03_2","factor(year)2012","-5.48912018599262","0.709816285638607","-6.88033454148429","-4.09790583050096"
"517","517","517","517","517",NA,NA,NA,NA,NA,NA,NA,NA,NA,NA,NA,NA,NA,NA,NA,NA,NA,NA,NA,NA,NA,NA,"CA","shortspine thornyhead","shortspine_thornyhead",NA,NA,NA,"total_catch_wt_kg ~ 0 + factor(year) + pass + depth_m + (depth_m^2)","delta_gamma","TRUE","iid, iid","03_2","factor(year)2013","-3.90526524557788","0.711729133405882","-5.30022871380132","-2.51030177735445"
"518","518","518","518","518",NA,NA,NA,NA,NA,NA,NA,NA,NA,NA,NA,NA,NA,NA,NA,NA,NA,NA,NA,NA,NA,NA,"CA","shortspine thornyhead","shortspine_thornyhead",NA,NA,NA,"total_catch_wt_kg ~ 0 + factor(year) + pass + depth_m + (depth_m^2)","delta_gamma","TRUE","iid, iid","03_2","factor(year)2014","-5.1540984978803","0.706695708713744","-6.53919663498825","-3.76900036077236"
"519","519","519","519","519",NA,NA,NA,NA,NA,NA,NA,NA,NA,NA,NA,NA,NA,NA,NA,NA,NA,NA,NA,NA,NA,NA,"CA","shortspine thornyhead","shortspine_thornyhead",NA,NA,NA,"total_catch_wt_kg ~ 0 + factor(year) + pass + depth_m + (depth_m^2)","delta_gamma","TRUE","iid, iid","03_2","factor(year)2015","-5.2801601682117","0.705806284712405","-6.66351506631003","-3.89680527011336"
"520","520","520","520","520",NA,NA,NA,NA,NA,NA,NA,NA,NA,NA,NA,NA,NA,NA,NA,NA,NA,NA,NA,NA,NA,NA,"CA","shortspine thornyhead","shortspine_thornyhead",NA,NA,NA,"total_catch_wt_kg ~ 0 + factor(year) + pass + depth_m + (depth_m^2)","delta_gamma","TRUE","iid, iid","03_2","factor(year)2016","-4.52949009516589","0.68773157393354","-5.87741921110667","-3.18156097922511"
"521","521","521","521","521",NA,NA,NA,NA,NA,NA,NA,NA,NA,NA,NA,NA,NA,NA,NA,NA,NA,NA,NA,NA,NA,NA,"CA","shortspine thornyhead","shortspine_thornyhead",NA,NA,NA,"total_catch_wt_kg ~ 0 + factor(year) + pass + depth_m + (depth_m^2)","delta_gamma","TRUE","iid, iid","03_2","factor(year)2017","-5.20848745622293","0.692613687097977","-6.56598533813445","-3.8509895743114"
"522","522","522","522","522",NA,NA,NA,NA,NA,NA,NA,NA,NA,NA,NA,NA,NA,NA,NA,NA,NA,NA,NA,NA,NA,NA,"CA","shortspine thornyhead","shortspine_thornyhead",NA,NA,NA,"total_catch_wt_kg ~ 0 + factor(year) + pass + depth_m + (depth_m^2)","delta_gamma","TRUE","iid, iid","03_2","factor(year)2018","-4.62672210310799","0.688755633363955","-5.97665833865041","-3.27678586756556"
"523","523","523","523","523",NA,NA,NA,NA,NA,NA,NA,NA,NA,NA,NA,NA,NA,NA,NA,NA,NA,NA,NA,NA,NA,NA,"CA","shortspine thornyhead","shortspine_thornyhead",NA,NA,NA,"total_catch_wt_kg ~ 0 + factor(year) + pass + depth_m + (depth_m^2)","delta_gamma","TRUE","iid, iid","03_2","factor(year)2019","-4.49146556986197","0.772893977755736","-6.00630993013112","-2.97662120959283"
"524","524","524","524","524",NA,NA,NA,NA,NA,NA,NA,NA,NA,NA,NA,NA,NA,NA,NA,NA,NA,NA,NA,NA,NA,NA,"CA","shortspine thornyhead","shortspine_thornyhead",NA,NA,NA,"total_catch_wt_kg ~ 0 + factor(year) + pass + depth_m + (depth_m^2)","delta_gamma","TRUE","iid, iid","03_2","factor(year)2021","-4.39128574781703","0.700660944052594","-5.76455596353395","-3.01801553210011"
"525","525","525","525","525",NA,NA,NA,NA,NA,NA,NA,NA,NA,NA,NA,NA,NA,NA,NA,NA,NA,NA,NA,NA,NA,NA,"CA","shortspine thornyhead","shortspine_thornyhead",NA,NA,NA,"total_catch_wt_kg ~ 0 + factor(year) + pass + depth_m + (depth_m^2)","delta_gamma","TRUE","iid, iid","03_2","factor(year)2022","-5.10270868885765","0.708745123940445","-6.4918236059993","-3.713593771716"
"526","526","526","526","526",NA,NA,NA,NA,NA,NA,NA,NA,NA,NA,NA,NA,NA,NA,NA,NA,NA,NA,NA,NA,NA,NA,"CA","shortspine thornyhead","shortspine_thornyhead",NA,NA,NA,"total_catch_wt_kg ~ 0 + factor(year) + pass + depth_m + (depth_m^2)","delta_gamma","TRUE","iid, iid","03_2","factor(year)2023","-4.64956237877311","0.718186693953535","-6.05718243309792","-3.24194232444829"
"527","527","527","527","527",NA,NA,NA,NA,NA,NA,NA,NA,NA,NA,NA,NA,NA,NA,NA,NA,NA,NA,NA,NA,NA,NA,"CA","shortspine thornyhead","shortspine_thornyhead",NA,NA,NA,"total_catch_wt_kg ~ 0 + factor(year) + pass + depth_m + (depth_m^2)","delta_gamma","TRUE","iid, iid","03_2","factor(year)2024","-4.75794699532657","0.698020611516551","-6.12604225436563","-3.3898517362875"
"528","528","528","528","528",NA,NA,NA,NA,NA,NA,NA,NA,NA,NA,NA,NA,NA,NA,NA,NA,NA,NA,NA,NA,NA,NA,"CA","shortspine thornyhead","shortspine_thornyhead",NA,NA,NA,"total_catch_wt_kg ~ 0 + factor(year) + pass + depth_m + (depth_m^2)","delta_gamma","TRUE","iid, iid","03_2","pass","-0.00327012931244465","0.140409155540794","-0.278467017272084","0.271926758647194"
"529","529","529","529","529",NA,NA,NA,NA,NA,NA,NA,NA,NA,NA,NA,NA,NA,NA,NA,NA,NA,NA,NA,NA,NA,NA,"CA","shortspine thornyhead","shortspine_thornyhead",NA,NA,NA,"total_catch_wt_kg ~ 0 + factor(year) + pass + depth_m + (depth_m^2)","delta_gamma","TRUE","iid, iid","03_2","depth_m","0.00888426761509029","0.00062653238287453","0.00765628670950815","0.0101122485206724"
"530","530","530","530",NA,NA,NA,NA,NA,NA,NA,NA,NA,NA,NA,NA,NA,NA,NA,NA,NA,NA,NA,NA,NA,NA,NA,"CA","shortspine thornyhead","shortspine_thornyhead",NA,NA,NA,"total_catch_wt_kg ~ 0 + factor(year) + pass + depth_m + (depth_m^2)","delta_gamma","TRUE","iid, iid","03_3","factor(year)2003","-4.93741720670373","0.897418092424178","-6.69632434692976","-3.17851006647771"
"531","531","531","531",NA,NA,NA,NA,NA,NA,NA,NA,NA,NA,NA,NA,NA,NA,NA,NA,NA,NA,NA,NA,NA,NA,NA,"CA","shortspine thornyhead","shortspine_thornyhead",NA,NA,NA,"total_catch_wt_kg ~ 0 + factor(year) + pass + depth_m + (depth_m^2)","delta_gamma","TRUE","iid, iid","03_3","factor(year)2004","-5.28687266272762","0.928728111148545","-7.10714631200868","-3.46659901344656"
"532","532","532","532",NA,NA,NA,NA,NA,NA,NA,NA,NA,NA,NA,NA,NA,NA,NA,NA,NA,NA,NA,NA,NA,NA,NA,"CA","shortspine thornyhead","shortspine_thornyhead",NA,NA,NA,"total_catch_wt_kg ~ 0 + factor(year) + pass + depth_m + (depth_m^2)","delta_gamma","TRUE","iid, iid","03_3","factor(year)2005","-4.47213304469319","0.896610260050094","-6.22945686256046","-2.71480922682591"
"533","533","533","533",NA,NA,NA,NA,NA,NA,NA,NA,NA,NA,NA,NA,NA,NA,NA,NA,NA,NA,NA,NA,NA,NA,NA,"CA","shortspine thornyhead","shortspine_thornyhead",NA,NA,NA,"total_catch_wt_kg ~ 0 + factor(year) + pass + depth_m + (depth_m^2)","delta_gamma","TRUE","iid, iid","03_3","factor(year)2006","-5.19142637671944","0.88265129301545","-6.92139112193743","-3.46146163150145"
"534","534","534","534",NA,NA,NA,NA,NA,NA,NA,NA,NA,NA,NA,NA,NA,NA,NA,NA,NA,NA,NA,NA,NA,NA,NA,"CA","shortspine thornyhead","shortspine_thornyhead",NA,NA,NA,"total_catch_wt_kg ~ 0 + factor(year) + pass + depth_m + (depth_m^2)","delta_gamma","TRUE","iid, iid","03_3","factor(year)2007","-4.22139124782495","0.879791252054372","-5.94575041576492","-2.49703207988498"
"535","535","535","535",NA,NA,NA,NA,NA,NA,NA,NA,NA,NA,NA,NA,NA,NA,NA,NA,NA,NA,NA,NA,NA,NA,NA,"CA","shortspine thornyhead","shortspine_thornyhead",NA,NA,NA,"total_catch_wt_kg ~ 0 + factor(year) + pass + depth_m + (depth_m^2)","delta_gamma","TRUE","iid, iid","03_3","factor(year)2008","-4.56336447264143","0.885040842866608","-6.29801264950696","-2.82871629577591"
"536","536","536","536",NA,NA,NA,NA,NA,NA,NA,NA,NA,NA,NA,NA,NA,NA,NA,NA,NA,NA,NA,NA,NA,NA,NA,"CA","shortspine thornyhead","shortspine_thornyhead",NA,NA,NA,"total_catch_wt_kg ~ 0 + factor(year) + pass + depth_m + (depth_m^2)","delta_gamma","TRUE","iid, iid","03_3","factor(year)2009","-5.13578409100529","0.888911927061839","-6.87801945347459","-3.39354872853599"
"537","537","537","537",NA,NA,NA,NA,NA,NA,NA,NA,NA,NA,NA,NA,NA,NA,NA,NA,NA,NA,NA,NA,NA,NA,NA,"CA","shortspine thornyhead","shortspine_thornyhead",NA,NA,NA,"total_catch_wt_kg ~ 0 + factor(year) + pass + depth_m + (depth_m^2)","delta_gamma","TRUE","iid, iid","03_3","factor(year)2010","-4.82423044921789","0.884599472075672","-6.55801355522935","-3.09044734320643"
"538","538","538","538",NA,NA,NA,NA,NA,NA,NA,NA,NA,NA,NA,NA,NA,NA,NA,NA,NA,NA,NA,NA,NA,NA,NA,"CA","shortspine thornyhead","shortspine_thornyhead",NA,NA,NA,"total_catch_wt_kg ~ 0 + factor(year) + pass + depth_m + (depth_m^2)","delta_gamma","TRUE","iid, iid","03_3","factor(year)2011","-4.47633933240267","0.8912104197256","-6.22307965771167","-2.72959900709367"
"539","539","539","539",NA,NA,NA,NA,NA,NA,NA,NA,NA,NA,NA,NA,NA,NA,NA,NA,NA,NA,NA,NA,NA,NA,NA,"CA","shortspine thornyhead","shortspine_thornyhead",NA,NA,NA,"total_catch_wt_kg ~ 0 + factor(year) + pass + depth_m + (depth_m^2)","delta_gamma","TRUE","iid, iid","03_3","factor(year)2012","-4.77486693605591","0.899944164229422","-6.53872508604258","-3.01100878606925"
"540","540","540","540",NA,NA,NA,NA,NA,NA,NA,NA,NA,NA,NA,NA,NA,NA,NA,NA,NA,NA,NA,NA,NA,NA,NA,"CA","shortspine thornyhead","shortspine_thornyhead",NA,NA,NA,"total_catch_wt_kg ~ 0 + factor(year) + pass + depth_m + (depth_m^2)","delta_gamma","TRUE","iid, iid","03_3","factor(year)2013","-4.90052595209808","0.909536591722885","-6.68318491449624","-3.11786698969991"
"541","541","541","541",NA,NA,NA,NA,NA,NA,NA,NA,NA,NA,NA,NA,NA,NA,NA,NA,NA,NA,NA,NA,NA,NA,NA,"CA","shortspine thornyhead","shortspine_thornyhead",NA,NA,NA,"total_catch_wt_kg ~ 0 + factor(year) + pass + depth_m + (depth_m^2)","delta_gamma","TRUE","iid, iid","03_3","factor(year)2014","-5.44375184975748","0.894131834820527","-7.19621804343643","-3.69128565607854"
"542","542","542","542",NA,NA,NA,NA,NA,NA,NA,NA,NA,NA,NA,NA,NA,NA,NA,NA,NA,NA,NA,NA,NA,NA,NA,"CA","shortspine thornyhead","shortspine_thornyhead",NA,NA,NA,"total_catch_wt_kg ~ 0 + factor(year) + pass + depth_m + (depth_m^2)","delta_gamma","TRUE","iid, iid","03_3","factor(year)2015","-4.80294339054913","0.893648922350777","-6.55446309317968","-3.05142368791857"
"543","543","543","543",NA,NA,NA,NA,NA,NA,NA,NA,NA,NA,NA,NA,NA,NA,NA,NA,NA,NA,NA,NA,NA,NA,NA,"CA","shortspine thornyhead","shortspine_thornyhead",NA,NA,NA,"total_catch_wt_kg ~ 0 + factor(year) + pass + depth_m + (depth_m^2)","delta_gamma","TRUE","iid, iid","03_3","factor(year)2016","-4.49852095682986","0.882547751741301","-6.2282827648796","-2.76875914878011"
"544","544","544","544",NA,NA,NA,NA,NA,NA,NA,NA,NA,NA,NA,NA,NA,NA,NA,NA,NA,NA,NA,NA,NA,NA,NA,"CA","shortspine thornyhead","shortspine_thornyhead",NA,NA,NA,"total_catch_wt_kg ~ 0 + factor(year) + pass + depth_m + (depth_m^2)","delta_gamma","TRUE","iid, iid","03_3","factor(year)2017","-4.68260853978999","0.886820142412236","-6.42074407968265","-2.94447299989733"
"545","545","545","545",NA,NA,NA,NA,NA,NA,NA,NA,NA,NA,NA,NA,NA,NA,NA,NA,NA,NA,NA,NA,NA,NA,NA,"CA","shortspine thornyhead","shortspine_thornyhead",NA,NA,NA,"total_catch_wt_kg ~ 0 + factor(year) + pass + depth_m + (depth_m^2)","delta_gamma","TRUE","iid, iid","03_3","factor(year)2018","-4.31795106347136","0.875537449996805","-6.03397293258114","-2.60192919436159"
"546","546","546","546",NA,NA,NA,NA,NA,NA,NA,NA,NA,NA,NA,NA,NA,NA,NA,NA,NA,NA,NA,NA,NA,NA,NA,"CA","shortspine thornyhead","shortspine_thornyhead",NA,NA,NA,"total_catch_wt_kg ~ 0 + factor(year) + pass + depth_m + (depth_m^2)","delta_gamma","TRUE","iid, iid","03_3","factor(year)2019","-4.46448353697883","0.929530263773648","-6.28632937651519","-2.64263769744246"
"547","547","547","547",NA,NA,NA,NA,NA,NA,NA,NA,NA,NA,NA,NA,NA,NA,NA,NA,NA,NA,NA,NA,NA,NA,NA,"CA","shortspine thornyhead","shortspine_thornyhead",NA,NA,NA,"total_catch_wt_kg ~ 0 + factor(year) + pass + depth_m + (depth_m^2)","delta_gamma","TRUE","iid, iid","03_3","factor(year)2021","-4.54153902916292","0.876010260237942","-6.25848758931684","-2.82459046900899"
"548","548","548","548",NA,NA,NA,NA,NA,NA,NA,NA,NA,NA,NA,NA,NA,NA,NA,NA,NA,NA,NA,NA,NA,NA,NA,"CA","shortspine thornyhead","shortspine_thornyhead",NA,NA,NA,"total_catch_wt_kg ~ 0 + factor(year) + pass + depth_m + (depth_m^2)","delta_gamma","TRUE","iid, iid","03_3","factor(year)2022","-4.35027492644148","0.894399274280452","-6.10326529182993","-2.59728456105304"
"549","549","549","549",NA,NA,NA,NA,NA,NA,NA,NA,NA,NA,NA,NA,NA,NA,NA,NA,NA,NA,NA,NA,NA,NA,NA,"CA","shortspine thornyhead","shortspine_thornyhead",NA,NA,NA,"total_catch_wt_kg ~ 0 + factor(year) + pass + depth_m + (depth_m^2)","delta_gamma","TRUE","iid, iid","03_3","factor(year)2023","-4.78816765960666","0.889323780471041","-6.5312102399249","-3.04512507928841"
"550","550","550","550",NA,NA,NA,NA,NA,NA,NA,NA,NA,NA,NA,NA,NA,NA,NA,NA,NA,NA,NA,NA,NA,NA,NA,"CA","shortspine thornyhead","shortspine_thornyhead",NA,NA,NA,"total_catch_wt_kg ~ 0 + factor(year) + pass + depth_m + (depth_m^2)","delta_gamma","TRUE","iid, iid","03_3","factor(year)2024","-4.71792414102768","0.889729470926611","-6.46176186002771","-2.97408642202764"
"551","551","551","551",NA,NA,NA,NA,NA,NA,NA,NA,NA,NA,NA,NA,NA,NA,NA,NA,NA,NA,NA,NA,NA,NA,NA,"CA","shortspine thornyhead","shortspine_thornyhead",NA,NA,NA,"total_catch_wt_kg ~ 0 + factor(year) + pass + depth_m + (depth_m^2)","delta_gamma","TRUE","iid, iid","03_3","pass","0.103254771110367","0.143719940865545","-0.178431136846327","0.384940679067062"
"552","552","552","552",NA,NA,NA,NA,NA,NA,NA,NA,NA,NA,NA,NA,NA,NA,NA,NA,NA,NA,NA,NA,NA,NA,NA,"CA","shortspine thornyhead","shortspine_thornyhead",NA,NA,NA,"total_catch_wt_kg ~ 0 + factor(year) + pass + depth_m + (depth_m^2)","delta_gamma","TRUE","iid, iid","03_3","depth_m","0.00876531469417785","0.000668673938097387","0.00745473785810641","0.0100758915302493"
"553","553","553",NA,NA,NA,NA,NA,NA,NA,NA,NA,NA,NA,NA,NA,NA,NA,NA,NA,NA,NA,NA,NA,NA,NA,NA,"CA","shortspine thornyhead","shortspine_thornyhead",NA,NA,NA,"total_catch_wt_kg ~ 0 + factor(year) + pass + depth_m + (depth_m^2)","delta_gamma","TRUE","iid, iid","03_4","factor(year)2003","-4.74725042962675","0.769731697912432","-6.25589683529398","-3.23860402395952"
"554","554","554",NA,NA,NA,NA,NA,NA,NA,NA,NA,NA,NA,NA,NA,NA,NA,NA,NA,NA,NA,NA,NA,NA,NA,NA,"CA","shortspine thornyhead","shortspine_thornyhead",NA,NA,NA,"total_catch_wt_kg ~ 0 + factor(year) + pass + depth_m + (depth_m^2)","delta_gamma","TRUE","iid, iid","03_4","factor(year)2004","-5.10921784442893","0.776741520544571","-6.63160324999317","-3.5868324388647"
"555","555","555",NA,NA,NA,NA,NA,NA,NA,NA,NA,NA,NA,NA,NA,NA,NA,NA,NA,NA,NA,NA,NA,NA,NA,NA,"CA","shortspine thornyhead","shortspine_thornyhead",NA,NA,NA,"total_catch_wt_kg ~ 0 + factor(year) + pass + depth_m + (depth_m^2)","delta_gamma","TRUE","iid, iid","03_4","factor(year)2005","-4.51036443310301","0.747321633884788","-5.97508792038482","-3.04564094582119"
"556","556","556",NA,NA,NA,NA,NA,NA,NA,NA,NA,NA,NA,NA,NA,NA,NA,NA,NA,NA,NA,NA,NA,NA,NA,NA,"CA","shortspine thornyhead","shortspine_thornyhead",NA,NA,NA,"total_catch_wt_kg ~ 0 + factor(year) + pass + depth_m + (depth_m^2)","delta_gamma","TRUE","iid, iid","03_4","factor(year)2006","-4.5446073076486","0.750795814249004","-6.01614006332008","-3.07307455197713"
"557","557","557",NA,NA,NA,NA,NA,NA,NA,NA,NA,NA,NA,NA,NA,NA,NA,NA,NA,NA,NA,NA,NA,NA,NA,NA,"CA","shortspine thornyhead","shortspine_thornyhead",NA,NA,NA,"total_catch_wt_kg ~ 0 + factor(year) + pass + depth_m + (depth_m^2)","delta_gamma","TRUE","iid, iid","03_4","factor(year)2007","-4.7364512128138","0.748710704925858","-6.20389722930808","-3.26900519631952"
"558","558","558",NA,NA,NA,NA,NA,NA,NA,NA,NA,NA,NA,NA,NA,NA,NA,NA,NA,NA,NA,NA,NA,NA,NA,NA,"CA","shortspine thornyhead","shortspine_thornyhead",NA,NA,NA,"total_catch_wt_kg ~ 0 + factor(year) + pass + depth_m + (depth_m^2)","delta_gamma","TRUE","iid, iid","03_4","factor(year)2008","-5.55437853319654","0.764930862118471","-7.05361547361191","-4.05514159278116"
"559","559","559",NA,NA,NA,NA,NA,NA,NA,NA,NA,NA,NA,NA,NA,NA,NA,NA,NA,NA,NA,NA,NA,NA,NA,NA,"CA","shortspine thornyhead","shortspine_thornyhead",NA,NA,NA,"total_catch_wt_kg ~ 0 + factor(year) + pass + depth_m + (depth_m^2)","delta_gamma","TRUE","iid, iid","03_4","factor(year)2009","-5.06182637930918","0.742787103641566","-6.51766235062747","-3.60599040799089"
"560","560","560",NA,NA,NA,NA,NA,NA,NA,NA,NA,NA,NA,NA,NA,NA,NA,NA,NA,NA,NA,NA,NA,NA,NA,NA,"CA","shortspine thornyhead","shortspine_thornyhead",NA,NA,NA,"total_catch_wt_kg ~ 0 + factor(year) + pass + depth_m + (depth_m^2)","delta_gamma","TRUE","iid, iid","03_4","factor(year)2010","-5.32346181864268","0.758246183680611","-6.80959703007162","-3.83732660721374"
"561","561","561",NA,NA,NA,NA,NA,NA,NA,NA,NA,NA,NA,NA,NA,NA,NA,NA,NA,NA,NA,NA,NA,NA,NA,NA,"CA","shortspine thornyhead","shortspine_thornyhead",NA,NA,NA,"total_catch_wt_kg ~ 0 + factor(year) + pass + depth_m + (depth_m^2)","delta_gamma","TRUE","iid, iid","03_4","factor(year)2011","-4.57027233067441","0.737583457118999","-6.01590934222019","-3.12463531912863"
"562","562","562",NA,NA,NA,NA,NA,NA,NA,NA,NA,NA,NA,NA,NA,NA,NA,NA,NA,NA,NA,NA,NA,NA,NA,NA,"CA","shortspine thornyhead","shortspine_thornyhead",NA,NA,NA,"total_catch_wt_kg ~ 0 + factor(year) + pass + depth_m + (depth_m^2)","delta_gamma","TRUE","iid, iid","03_4","factor(year)2012","-4.88968552616267","0.749862367565558","-6.3593887599531","-3.41998229237224"
"563","563","563",NA,NA,NA,NA,NA,NA,NA,NA,NA,NA,NA,NA,NA,NA,NA,NA,NA,NA,NA,NA,NA,NA,NA,NA,"CA","shortspine thornyhead","shortspine_thornyhead",NA,NA,NA,"total_catch_wt_kg ~ 0 + factor(year) + pass + depth_m + (depth_m^2)","delta_gamma","TRUE","iid, iid","03_4","factor(year)2013","-4.69219698511116","0.740843177365647","-6.14422293094004","-3.24017103928227"
"564","564","564",NA,NA,NA,NA,NA,NA,NA,NA,NA,NA,NA,NA,NA,NA,NA,NA,NA,NA,NA,NA,NA,NA,NA,NA,"CA","shortspine thornyhead","shortspine_thornyhead",NA,NA,NA,"total_catch_wt_kg ~ 0 + factor(year) + pass + depth_m + (depth_m^2)","delta_gamma","TRUE","iid, iid","03_4","factor(year)2014","-4.86478986494574","0.735163533666141","-6.30568391367857","-3.4238958162129"
"565","565","565",NA,NA,NA,NA,NA,NA,NA,NA,NA,NA,NA,NA,NA,NA,NA,NA,NA,NA,NA,NA,NA,NA,NA,NA,"CA","shortspine thornyhead","shortspine_thornyhead",NA,NA,NA,"total_catch_wt_kg ~ 0 + factor(year) + pass + depth_m + (depth_m^2)","delta_gamma","TRUE","iid, iid","03_4","factor(year)2015","-4.66489207547403","0.755836513402122","-6.14630441994251","-3.18347973100554"
"566","566","566",NA,NA,NA,NA,NA,NA,NA,NA,NA,NA,NA,NA,NA,NA,NA,NA,NA,NA,NA,NA,NA,NA,NA,NA,"CA","shortspine thornyhead","shortspine_thornyhead",NA,NA,NA,"total_catch_wt_kg ~ 0 + factor(year) + pass + depth_m + (depth_m^2)","delta_gamma","TRUE","iid, iid","03_4","factor(year)2016","-4.75108561532238","0.7403001700861","-6.20204728644001","-3.30012394420475"
"567","567","567",NA,NA,NA,NA,NA,NA,NA,NA,NA,NA,NA,NA,NA,NA,NA,NA,NA,NA,NA,NA,NA,NA,NA,NA,"CA","shortspine thornyhead","shortspine_thornyhead",NA,NA,NA,"total_catch_wt_kg ~ 0 + factor(year) + pass + depth_m + (depth_m^2)","delta_gamma","TRUE","iid, iid","03_4","factor(year)2017","-4.87653571862362","0.751417343091998","-6.34928664844271","-3.40378478880452"
"568","568","568",NA,NA,NA,NA,NA,NA,NA,NA,NA,NA,NA,NA,NA,NA,NA,NA,NA,NA,NA,NA,NA,NA,NA,NA,"CA","shortspine thornyhead","shortspine_thornyhead",NA,NA,NA,"total_catch_wt_kg ~ 0 + factor(year) + pass + depth_m + (depth_m^2)","delta_gamma","TRUE","iid, iid","03_4","factor(year)2018","-4.55590913769447","0.738443825896929","-6.00323244105842","-3.10858583433053"
"569","569","569",NA,NA,NA,NA,NA,NA,NA,NA,NA,NA,NA,NA,NA,NA,NA,NA,NA,NA,NA,NA,NA,NA,NA,NA,"CA","shortspine thornyhead","shortspine_thornyhead",NA,NA,NA,"total_catch_wt_kg ~ 0 + factor(year) + pass + depth_m + (depth_m^2)","delta_gamma","TRUE","iid, iid","03_4","factor(year)2019","-4.03526919228591","0.792336949565342","-5.58822107705431","-2.48231730751751"
"570","570","570",NA,NA,NA,NA,NA,NA,NA,NA,NA,NA,NA,NA,NA,NA,NA,NA,NA,NA,NA,NA,NA,NA,NA,NA,"CA","shortspine thornyhead","shortspine_thornyhead",NA,NA,NA,"total_catch_wt_kg ~ 0 + factor(year) + pass + depth_m + (depth_m^2)","delta_gamma","TRUE","iid, iid","03_4","factor(year)2021","-4.51540457808905","0.744149627844166","-5.9739110477725","-3.0568981084056"
"571","571","571",NA,NA,NA,NA,NA,NA,NA,NA,NA,NA,NA,NA,NA,NA,NA,NA,NA,NA,NA,NA,NA,NA,NA,NA,"CA","shortspine thornyhead","shortspine_thornyhead",NA,NA,NA,"total_catch_wt_kg ~ 0 + factor(year) + pass + depth_m + (depth_m^2)","delta_gamma","TRUE","iid, iid","03_4","factor(year)2022","-4.57818695624495","0.752777618532907","-6.05360397693728","-3.10276993555262"
"572","572","572",NA,NA,NA,NA,NA,NA,NA,NA,NA,NA,NA,NA,NA,NA,NA,NA,NA,NA,NA,NA,NA,NA,NA,NA,"CA","shortspine thornyhead","shortspine_thornyhead",NA,NA,NA,"total_catch_wt_kg ~ 0 + factor(year) + pass + depth_m + (depth_m^2)","delta_gamma","TRUE","iid, iid","03_4","factor(year)2023","-4.38753393038234","0.751660001852912","-5.86076046263336","-2.91430739813132"
"573","573","573",NA,NA,NA,NA,NA,NA,NA,NA,NA,NA,NA,NA,NA,NA,NA,NA,NA,NA,NA,NA,NA,NA,NA,NA,"CA","shortspine thornyhead","shortspine_thornyhead",NA,NA,NA,"total_catch_wt_kg ~ 0 + factor(year) + pass + depth_m + (depth_m^2)","delta_gamma","TRUE","iid, iid","03_4","factor(year)2024","-4.69277323219257","0.757718299526626","-6.17787380969169","-3.20767265469346"
"574","574","574",NA,NA,NA,NA,NA,NA,NA,NA,NA,NA,NA,NA,NA,NA,NA,NA,NA,NA,NA,NA,NA,NA,NA,NA,"CA","shortspine thornyhead","shortspine_thornyhead",NA,NA,NA,"total_catch_wt_kg ~ 0 + factor(year) + pass + depth_m + (depth_m^2)","delta_gamma","TRUE","iid, iid","03_4","pass","-0.0198124684527549","0.141384796284143","-0.296921577131207","0.257296640225697"
"575","575","575",NA,NA,NA,NA,NA,NA,NA,NA,NA,NA,NA,NA,NA,NA,NA,NA,NA,NA,NA,NA,NA,NA,NA,NA,"CA","shortspine thornyhead","shortspine_thornyhead",NA,NA,NA,"total_catch_wt_kg ~ 0 + factor(year) + pass + depth_m + (depth_m^2)","delta_gamma","TRUE","iid, iid","03_4","depth_m","0.00915877445809792","0.000640764733766977","0.00790289865735125","0.0104146502588446"
"576","576",NA,NA,NA,NA,NA,NA,NA,NA,NA,NA,NA,NA,NA,NA,NA,NA,NA,NA,NA,NA,NA,NA,NA,NA,NA,"CA","shortspine thornyhead","shortspine_thornyhead",NA,NA,NA,"total_catch_wt_kg ~ 0 + factor(year) + pass + depth_m + (depth_m^2)","delta_gamma","TRUE","iid, iid","03_5","factor(year)2003","-4.14478046399904","0.707508606552365","-5.5314718515938","-2.75808907640429"
"577","577",NA,NA,NA,NA,NA,NA,NA,NA,NA,NA,NA,NA,NA,NA,NA,NA,NA,NA,NA,NA,NA,NA,NA,NA,NA,"CA","shortspine thornyhead","shortspine_thornyhead",NA,NA,NA,"total_catch_wt_kg ~ 0 + factor(year) + pass + depth_m + (depth_m^2)","delta_gamma","TRUE","iid, iid","03_5","factor(year)2004","-4.69304728430326","0.738336753044806","-6.14016072873332","-3.24593383987319"
"578","578",NA,NA,NA,NA,NA,NA,NA,NA,NA,NA,NA,NA,NA,NA,NA,NA,NA,NA,NA,NA,NA,NA,NA,NA,NA,"CA","shortspine thornyhead","shortspine_thornyhead",NA,NA,NA,"total_catch_wt_kg ~ 0 + factor(year) + pass + depth_m + (depth_m^2)","delta_gamma","TRUE","iid, iid","03_5","factor(year)2005","-4.43041383149819","0.71574126180674","-5.83324092688865","-3.02758673610772"
"579","579",NA,NA,NA,NA,NA,NA,NA,NA,NA,NA,NA,NA,NA,NA,NA,NA,NA,NA,NA,NA,NA,NA,NA,NA,NA,"CA","shortspine thornyhead","shortspine_thornyhead",NA,NA,NA,"total_catch_wt_kg ~ 0 + factor(year) + pass + depth_m + (depth_m^2)","delta_gamma","TRUE","iid, iid","03_5","factor(year)2006","-4.12652695910797","0.704967185773281","-5.50823725350615","-2.74481666470978"
"580","580",NA,NA,NA,NA,NA,NA,NA,NA,NA,NA,NA,NA,NA,NA,NA,NA,NA,NA,NA,NA,NA,NA,NA,NA,NA,"CA","shortspine thornyhead","shortspine_thornyhead",NA,NA,NA,"total_catch_wt_kg ~ 0 + factor(year) + pass + depth_m + (depth_m^2)","delta_gamma","TRUE","iid, iid","03_5","factor(year)2007","-4.15923094220115","0.69234835890106","-5.51620879040264","-2.80225309399966"
"581","581",NA,NA,NA,NA,NA,NA,NA,NA,NA,NA,NA,NA,NA,NA,NA,NA,NA,NA,NA,NA,NA,NA,NA,NA,NA,"CA","shortspine thornyhead","shortspine_thornyhead",NA,NA,NA,"total_catch_wt_kg ~ 0 + factor(year) + pass + depth_m + (depth_m^2)","delta_gamma","TRUE","iid, iid","03_5","factor(year)2008","-4.05540198893225","0.698826037629686","-5.42507585414527","-2.68572812371924"
"582","582",NA,NA,NA,NA,NA,NA,NA,NA,NA,NA,NA,NA,NA,NA,NA,NA,NA,NA,NA,NA,NA,NA,NA,NA,NA,"CA","shortspine thornyhead","shortspine_thornyhead",NA,NA,NA,"total_catch_wt_kg ~ 0 + factor(year) + pass + depth_m + (depth_m^2)","delta_gamma","TRUE","iid, iid","03_5","factor(year)2009","-4.54189110984574","0.702747021738529","-5.91924996269605","-3.16453225699544"
"583","583",NA,NA,NA,NA,NA,NA,NA,NA,NA,NA,NA,NA,NA,NA,NA,NA,NA,NA,NA,NA,NA,NA,NA,NA,NA,"CA","shortspine thornyhead","shortspine_thornyhead",NA,NA,NA,"total_catch_wt_kg ~ 0 + factor(year) + pass + depth_m + (depth_m^2)","delta_gamma","TRUE","iid, iid","03_5","factor(year)2010","-4.36420343802037","0.697078654051636","-5.73045249435323","-2.99795438168751"
"584","584",NA,NA,NA,NA,NA,NA,NA,NA,NA,NA,NA,NA,NA,NA,NA,NA,NA,NA,NA,NA,NA,NA,NA,NA,NA,"CA","shortspine thornyhead","shortspine_thornyhead",NA,NA,NA,"total_catch_wt_kg ~ 0 + factor(year) + pass + depth_m + (depth_m^2)","delta_gamma","TRUE","iid, iid","03_5","factor(year)2011","-4.60395609648727","0.695144204562405","-5.96641370149133","-3.24149849148322"
"585","585",NA,NA,NA,NA,NA,NA,NA,NA,NA,NA,NA,NA,NA,NA,NA,NA,NA,NA,NA,NA,NA,NA,NA,NA,NA,"CA","shortspine thornyhead","shortspine_thornyhead",NA,NA,NA,"total_catch_wt_kg ~ 0 + factor(year) + pass + depth_m + (depth_m^2)","delta_gamma","TRUE","iid, iid","03_5","factor(year)2012","-5.32122378392952","0.719140075575158","-6.73071243189624","-3.91173513596279"
"586","586",NA,NA,NA,NA,NA,NA,NA,NA,NA,NA,NA,NA,NA,NA,NA,NA,NA,NA,NA,NA,NA,NA,NA,NA,NA,"CA","shortspine thornyhead","shortspine_thornyhead",NA,NA,NA,"total_catch_wt_kg ~ 0 + factor(year) + pass + depth_m + (depth_m^2)","delta_gamma","TRUE","iid, iid","03_5","factor(year)2013","-4.03722647788339","0.716462233114276","-5.44146665107051","-2.63298630469627"
"587","587",NA,NA,NA,NA,NA,NA,NA,NA,NA,NA,NA,NA,NA,NA,NA,NA,NA,NA,NA,NA,NA,NA,NA,NA,NA,"CA","shortspine thornyhead","shortspine_thornyhead",NA,NA,NA,"total_catch_wt_kg ~ 0 + factor(year) + pass + depth_m + (depth_m^2)","delta_gamma","TRUE","iid, iid","03_5","factor(year)2014","-4.1772618167088","0.695678388198179","-5.5407664024001","-2.81375723101749"
"588","588",NA,NA,NA,NA,NA,NA,NA,NA,NA,NA,NA,NA,NA,NA,NA,NA,NA,NA,NA,NA,NA,NA,NA,NA,NA,"CA","shortspine thornyhead","shortspine_thornyhead",NA,NA,NA,"total_catch_wt_kg ~ 0 + factor(year) + pass + depth_m + (depth_m^2)","delta_gamma","TRUE","iid, iid","03_5","factor(year)2015","-4.61017032165746","0.706402547692179","-5.99469387372147","-3.22564676959345"
"589","589",NA,NA,NA,NA,NA,NA,NA,NA,NA,NA,NA,NA,NA,NA,NA,NA,NA,NA,NA,NA,NA,NA,NA,NA,NA,"CA","shortspine thornyhead","shortspine_thornyhead",NA,NA,NA,"total_catch_wt_kg ~ 0 + factor(year) + pass + depth_m + (depth_m^2)","delta_gamma","TRUE","iid, iid","03_5","factor(year)2016","-4.39369775726063","0.687296233288319","-5.74077362121578","-3.04662189330549"
"590","590",NA,NA,NA,NA,NA,NA,NA,NA,NA,NA,NA,NA,NA,NA,NA,NA,NA,NA,NA,NA,NA,NA,NA,NA,NA,"CA","shortspine thornyhead","shortspine_thornyhead",NA,NA,NA,"total_catch_wt_kg ~ 0 + factor(year) + pass + depth_m + (depth_m^2)","delta_gamma","TRUE","iid, iid","03_5","factor(year)2017","-3.91398196982847","0.690357513681902","-5.26705783310162","-2.56090610655533"
"591","591",NA,NA,NA,NA,NA,NA,NA,NA,NA,NA,NA,NA,NA,NA,NA,NA,NA,NA,NA,NA,NA,NA,NA,NA,NA,"CA","shortspine thornyhead","shortspine_thornyhead",NA,NA,NA,"total_catch_wt_kg ~ 0 + factor(year) + pass + depth_m + (depth_m^2)","delta_gamma","TRUE","iid, iid","03_5","factor(year)2018","-3.83963929538244","0.689811720665372","-5.19164542400017","-2.48763316676471"
"592","592",NA,NA,NA,NA,NA,NA,NA,NA,NA,NA,NA,NA,NA,NA,NA,NA,NA,NA,NA,NA,NA,NA,NA,NA,NA,"CA","shortspine thornyhead","shortspine_thornyhead",NA,NA,NA,"total_catch_wt_kg ~ 0 + factor(year) + pass + depth_m + (depth_m^2)","delta_gamma","TRUE","iid, iid","03_5","factor(year)2019","-3.75757345374465","0.726764745176995","-5.18200617952499","-2.33314072796431"
"593","593",NA,NA,NA,NA,NA,NA,NA,NA,NA,NA,NA,NA,NA,NA,NA,NA,NA,NA,NA,NA,NA,NA,NA,NA,NA,"CA","shortspine thornyhead","shortspine_thornyhead",NA,NA,NA,"total_catch_wt_kg ~ 0 + factor(year) + pass + depth_m + (depth_m^2)","delta_gamma","TRUE","iid, iid","03_5","factor(year)2021","-4.03197971097076","0.70039452429456","-5.40472775355717","-2.65923166838436"
"594","594",NA,NA,NA,NA,NA,NA,NA,NA,NA,NA,NA,NA,NA,NA,NA,NA,NA,NA,NA,NA,NA,NA,NA,NA,NA,"CA","shortspine thornyhead","shortspine_thornyhead",NA,NA,NA,"total_catch_wt_kg ~ 0 + factor(year) + pass + depth_m + (depth_m^2)","delta_gamma","TRUE","iid, iid","03_5","factor(year)2022","-4.1712563577659","0.712169167542318","-5.56708227704872","-2.77543043848309"
"595","595",NA,NA,NA,NA,NA,NA,NA,NA,NA,NA,NA,NA,NA,NA,NA,NA,NA,NA,NA,NA,NA,NA,NA,NA,NA,"CA","shortspine thornyhead","shortspine_thornyhead",NA,NA,NA,"total_catch_wt_kg ~ 0 + factor(year) + pass + depth_m + (depth_m^2)","delta_gamma","TRUE","iid, iid","03_5","factor(year)2023","-4.41864410309986","0.709156878206674","-5.8085660437738","-3.02872216242592"
"596","596",NA,NA,NA,NA,NA,NA,NA,NA,NA,NA,NA,NA,NA,NA,NA,NA,NA,NA,NA,NA,NA,NA,NA,NA,NA,"CA","shortspine thornyhead","shortspine_thornyhead",NA,NA,NA,"total_catch_wt_kg ~ 0 + factor(year) + pass + depth_m + (depth_m^2)","delta_gamma","TRUE","iid, iid","03_5","factor(year)2024","-3.77451862776582","0.705018846840408","-5.15633017599498","-2.39270707953666"
"597","597",NA,NA,NA,NA,NA,NA,NA,NA,NA,NA,NA,NA,NA,NA,NA,NA,NA,NA,NA,NA,NA,NA,NA,NA,NA,"CA","shortspine thornyhead","shortspine_thornyhead",NA,NA,NA,"total_catch_wt_kg ~ 0 + factor(year) + pass + depth_m + (depth_m^2)","delta_gamma","TRUE","iid, iid","03_5","pass","-0.0378518950176371","0.129498358784752","-0.291664014292798","0.215960224257523"
"598","598",NA,NA,NA,NA,NA,NA,NA,NA,NA,NA,NA,NA,NA,NA,NA,NA,NA,NA,NA,NA,NA,NA,NA,NA,NA,"CA","shortspine thornyhead","shortspine_thornyhead",NA,NA,NA,"total_catch_wt_kg ~ 0 + factor(year) + pass + depth_m + (depth_m^2)","delta_gamma","TRUE","iid, iid","03_5","depth_m","0.00816756270239663","0.000573998177871818","0.00704254694657625","0.00929257845821701"
"599",NA,NA,NA,NA,NA,NA,NA,NA,NA,NA,NA,NA,NA,NA,NA,NA,NA,NA,NA,NA,NA,NA,NA,NA,NA,NA,"CA","shortspine thornyhead","shortspine_thornyhead",NA,NA,NA,"total_catch_wt_kg ~ 0 + factor(year) + pass + depth_m + (depth_m^2)","delta_gamma","TRUE","iid, iid","03_6","factor(year)2003","-4.45641621385257","0.720235423412289","-5.86805170413061","-3.04478072357453"
"600",NA,NA,NA,NA,NA,NA,NA,NA,NA,NA,NA,NA,NA,NA,NA,NA,NA,NA,NA,NA,NA,NA,NA,NA,NA,NA,"CA","shortspine thornyhead","shortspine_thornyhead",NA,NA,NA,"total_catch_wt_kg ~ 0 + factor(year) + pass + depth_m + (depth_m^2)","delta_gamma","TRUE","iid, iid","03_6","factor(year)2004","-4.85038884352169","0.757474945147179","-6.33501245520162","-3.36576523184177"
"601",NA,NA,NA,NA,NA,NA,NA,NA,NA,NA,NA,NA,NA,NA,NA,NA,NA,NA,NA,NA,NA,NA,NA,NA,NA,NA,"CA","shortspine thornyhead","shortspine_thornyhead",NA,NA,NA,"total_catch_wt_kg ~ 0 + factor(year) + pass + depth_m + (depth_m^2)","delta_gamma","TRUE","iid, iid","03_6","factor(year)2005","-4.27238734461308","0.709805664136483","-5.66358088234312","-2.88119380688304"
"602",NA,NA,NA,NA,NA,NA,NA,NA,NA,NA,NA,NA,NA,NA,NA,NA,NA,NA,NA,NA,NA,NA,NA,NA,NA,NA,"CA","shortspine thornyhead","shortspine_thornyhead",NA,NA,NA,"total_catch_wt_kg ~ 0 + factor(year) + pass + depth_m + (depth_m^2)","delta_gamma","TRUE","iid, iid","03_6","factor(year)2006","-3.93574131029165","0.703039685723711","-5.31367377401248","-2.55780884657081"
"603",NA,NA,NA,NA,NA,NA,NA,NA,NA,NA,NA,NA,NA,NA,NA,NA,NA,NA,NA,NA,NA,NA,NA,NA,NA,NA,"CA","shortspine thornyhead","shortspine_thornyhead",NA,NA,NA,"total_catch_wt_kg ~ 0 + factor(year) + pass + depth_m + (depth_m^2)","delta_gamma","TRUE","iid, iid","03_6","factor(year)2007","-3.72379787838222","0.700024115598363","-5.09581993326452","-2.35177582349993"
"604",NA,NA,NA,NA,NA,NA,NA,NA,NA,NA,NA,NA,NA,NA,NA,NA,NA,NA,NA,NA,NA,NA,NA,NA,NA,NA,"CA","shortspine thornyhead","shortspine_thornyhead",NA,NA,NA,"total_catch_wt_kg ~ 0 + factor(year) + pass + depth_m + (depth_m^2)","delta_gamma","TRUE","iid, iid","03_6","factor(year)2008","-3.98845406679482","0.707819818662601","-5.37575541891719","-2.60115271467245"
"605",NA,NA,NA,NA,NA,NA,NA,NA,NA,NA,NA,NA,NA,NA,NA,NA,NA,NA,NA,NA,NA,NA,NA,NA,NA,NA,"CA","shortspine thornyhead","shortspine_thornyhead",NA,NA,NA,"total_catch_wt_kg ~ 0 + factor(year) + pass + depth_m + (depth_m^2)","delta_gamma","TRUE","iid, iid","03_6","factor(year)2009","-4.25603698109144","0.709302717585367","-5.64624476169514","-2.86582920048773"
"606",NA,NA,NA,NA,NA,NA,NA,NA,NA,NA,NA,NA,NA,NA,NA,NA,NA,NA,NA,NA,NA,NA,NA,NA,NA,NA,"CA","shortspine thornyhead","shortspine_thornyhead",NA,NA,NA,"total_catch_wt_kg ~ 0 + factor(year) + pass + depth_m + (depth_m^2)","delta_gamma","TRUE","iid, iid","03_6","factor(year)2010","-3.8710581208699","0.705480157995543","-5.2537738223488","-2.48834241939101"
"607",NA,NA,NA,NA,NA,NA,NA,NA,NA,NA,NA,NA,NA,NA,NA,NA,NA,NA,NA,NA,NA,NA,NA,NA,NA,NA,"CA","shortspine thornyhead","shortspine_thornyhead",NA,NA,NA,"total_catch_wt_kg ~ 0 + factor(year) + pass + depth_m + (depth_m^2)","delta_gamma","TRUE","iid, iid","03_6","factor(year)2011","-4.82119821377986","0.71482544831705","-6.22223034771398","-3.42016607984575"
"608",NA,NA,NA,NA,NA,NA,NA,NA,NA,NA,NA,NA,NA,NA,NA,NA,NA,NA,NA,NA,NA,NA,NA,NA,NA,NA,"CA","shortspine thornyhead","shortspine_thornyhead",NA,NA,NA,"total_catch_wt_kg ~ 0 + factor(year) + pass + depth_m + (depth_m^2)","delta_gamma","TRUE","iid, iid","03_6","factor(year)2012","-4.54389073364881","0.701519314017672","-5.91884332358269","-3.16893814371493"
"609",NA,NA,NA,NA,NA,NA,NA,NA,NA,NA,NA,NA,NA,NA,NA,NA,NA,NA,NA,NA,NA,NA,NA,NA,NA,NA,"CA","shortspine thornyhead","shortspine_thornyhead",NA,NA,NA,"total_catch_wt_kg ~ 0 + factor(year) + pass + depth_m + (depth_m^2)","delta_gamma","TRUE","iid, iid","03_6","factor(year)2013","-3.38580340735434","0.713717360413253","-4.78466372890531","-1.98694308580337"
"610",NA,NA,NA,NA,NA,NA,NA,NA,NA,NA,NA,NA,NA,NA,NA,NA,NA,NA,NA,NA,NA,NA,NA,NA,NA,NA,"CA","shortspine thornyhead","shortspine_thornyhead",NA,NA,NA,"total_catch_wt_kg ~ 0 + factor(year) + pass + depth_m + (depth_m^2)","delta_gamma","TRUE","iid, iid","03_6","factor(year)2014","-4.26204962837991","0.706023799155904","-5.64583084695362","-2.87826840980619"
"611",NA,NA,NA,NA,NA,NA,NA,NA,NA,NA,NA,NA,NA,NA,NA,NA,NA,NA,NA,NA,NA,NA,NA,NA,NA,NA,"CA","shortspine thornyhead","shortspine_thornyhead",NA,NA,NA,"total_catch_wt_kg ~ 0 + factor(year) + pass + depth_m + (depth_m^2)","delta_gamma","TRUE","iid, iid","03_6","factor(year)2015","-4.67821226827272","0.703869736421787","-6.05777160146712","-3.29865293507831"
"612",NA,NA,NA,NA,NA,NA,NA,NA,NA,NA,NA,NA,NA,NA,NA,NA,NA,NA,NA,NA,NA,NA,NA,NA,NA,NA,"CA","shortspine thornyhead","shortspine_thornyhead",NA,NA,NA,"total_catch_wt_kg ~ 0 + factor(year) + pass + depth_m + (depth_m^2)","delta_gamma","TRUE","iid, iid","03_6","factor(year)2016","-4.12706005265311","0.691447563872139","-5.48227237504046","-2.77184773026576"
"613",NA,NA,NA,NA,NA,NA,NA,NA,NA,NA,NA,NA,NA,NA,NA,NA,NA,NA,NA,NA,NA,NA,NA,NA,NA,NA,"CA","shortspine thornyhead","shortspine_thornyhead",NA,NA,NA,"total_catch_wt_kg ~ 0 + factor(year) + pass + depth_m + (depth_m^2)","delta_gamma","TRUE","iid, iid","03_6","factor(year)2017","-4.70629521594461","0.703451395347539","-6.08503461570023","-3.32755581618898"
"614",NA,NA,NA,NA,NA,NA,NA,NA,NA,NA,NA,NA,NA,NA,NA,NA,NA,NA,NA,NA,NA,NA,NA,NA,NA,NA,"CA","shortspine thornyhead","shortspine_thornyhead",NA,NA,NA,"total_catch_wt_kg ~ 0 + factor(year) + pass + depth_m + (depth_m^2)","delta_gamma","TRUE","iid, iid","03_6","factor(year)2018","-4.10226064099298","0.703427575120109","-5.48095335396074","-2.72356792802522"
"615",NA,NA,NA,NA,NA,NA,NA,NA,NA,NA,NA,NA,NA,NA,NA,NA,NA,NA,NA,NA,NA,NA,NA,NA,NA,NA,"CA","shortspine thornyhead","shortspine_thornyhead",NA,NA,NA,"total_catch_wt_kg ~ 0 + factor(year) + pass + depth_m + (depth_m^2)","delta_gamma","TRUE","iid, iid","03_6","factor(year)2019","-4.94879587734389","0.772681550943896","-6.46322388871248","-3.43436786597531"
"616",NA,NA,NA,NA,NA,NA,NA,NA,NA,NA,NA,NA,NA,NA,NA,NA,NA,NA,NA,NA,NA,NA,NA,NA,NA,NA,"CA","shortspine thornyhead","shortspine_thornyhead",NA,NA,NA,"total_catch_wt_kg ~ 0 + factor(year) + pass + depth_m + (depth_m^2)","delta_gamma","TRUE","iid, iid","03_6","factor(year)2021","-4.07928691494214","0.696994294933131","-5.44537063044097","-2.71320319944332"
"617",NA,NA,NA,NA,NA,NA,NA,NA,NA,NA,NA,NA,NA,NA,NA,NA,NA,NA,NA,NA,NA,NA,NA,NA,NA,NA,"CA","shortspine thornyhead","shortspine_thornyhead",NA,NA,NA,"total_catch_wt_kg ~ 0 + factor(year) + pass + depth_m + (depth_m^2)","delta_gamma","TRUE","iid, iid","03_6","factor(year)2022","-3.93102642381633","0.707322175507992","-5.31735241327851","-2.54470043435414"
"618",NA,NA,NA,NA,NA,NA,NA,NA,NA,NA,NA,NA,NA,NA,NA,NA,NA,NA,NA,NA,NA,NA,NA,NA,NA,NA,"CA","shortspine thornyhead","shortspine_thornyhead",NA,NA,NA,"total_catch_wt_kg ~ 0 + factor(year) + pass + depth_m + (depth_m^2)","delta_gamma","TRUE","iid, iid","03_6","factor(year)2023","-4.03116317438702","0.708618540596245","-5.42002999273299","-2.64229635604104"
"619",NA,NA,NA,NA,NA,NA,NA,NA,NA,NA,NA,NA,NA,NA,NA,NA,NA,NA,NA,NA,NA,NA,NA,NA,NA,NA,"CA","shortspine thornyhead","shortspine_thornyhead",NA,NA,NA,"total_catch_wt_kg ~ 0 + factor(year) + pass + depth_m + (depth_m^2)","delta_gamma","TRUE","iid, iid","03_6","factor(year)2024","-4.6186635022806","0.715848336726092","-6.02170046065664","-3.21562654390456"
"620",NA,NA,NA,NA,NA,NA,NA,NA,NA,NA,NA,NA,NA,NA,NA,NA,NA,NA,NA,NA,NA,NA,NA,NA,NA,NA,"CA","shortspine thornyhead","shortspine_thornyhead",NA,NA,NA,"total_catch_wt_kg ~ 0 + factor(year) + pass + depth_m + (depth_m^2)","delta_gamma","TRUE","iid, iid","03_6","pass","-0.0579233203250612","0.132184998842262","-0.317001157352363","0.201154516702241"
"621",NA,NA,NA,NA,NA,NA,NA,NA,NA,NA,NA,NA,NA,NA,NA,NA,NA,NA,NA,NA,NA,NA,NA,NA,NA,NA,"CA","shortspine thornyhead","shortspine_thornyhead",NA,NA,NA,"total_catch_wt_kg ~ 0 + factor(year) + pass + depth_m + (depth_m^2)","delta_gamma","TRUE","iid, iid","03_6","depth_m","0.00816429746205223","0.000587566342021607","0.00701268859316194","0.00931590633094252"
