"","X.25","X.24","X.23","X.22","X.21","X.20","X.19","X.18","X.17","X.16","X.15","X.14","X.13","X.12","X.11","X.10","X.9","X.8","X.7","X.6","X.5","X.4","X.3","X.2","X.1","X","srvy","common_name","file_name","filter_lat_gt","filter_lat_lt","filter_depth","model_fn","model_family","model_anisotropy","model_spatiotemporal","effort","year","est","lwr","upr","log_est","se","type"
"1","1","1","1","1","1","1","1","1","1","1","1","1","1","1","1","1","1","1","1","1","1","1","1","1","1","1","CA","shortspine thornyhead","shortspine_thornyhead",NA,NA,NA,"total_catch_wt_kg ~ 0 + factor(year) + pass + depth_m + (depth_m^2)","delta_gamma","TRUE","iid, iid","01_1","2003","1050029.33111841","614150.134811234","1795263.94885163","13.864328656142","0.273644803627367","index"
"2","2","2","2","2","2","2","2","2","2","2","2","2","2","2","2","2","2","2","2","2","2","2","2","2","2","2","CA","shortspine thornyhead","shortspine_thornyhead",NA,NA,NA,"total_catch_wt_kg ~ 0 + factor(year) + pass + depth_m + (depth_m^2)","delta_gamma","TRUE","iid, iid","01_1","2004","2339442.10685121","1389247.25399583","3939535.85696623","14.6654230430327","0.265897961703577","index"
"3","3","3","3","3","3","3","3","3","3","3","3","3","3","3","3","3","3","3","3","3","3","3","3","3","3","3","CA","shortspine thornyhead","shortspine_thornyhead",NA,NA,NA,"total_catch_wt_kg ~ 0 + factor(year) + pass + depth_m + (depth_m^2)","delta_gamma","TRUE","iid, iid","01_1","2005","1050620.75015841","670831.950285069","1645425.44551488","13.8648917380764","0.228890838656885","index"
"4","4","4","4","4","4","4","4","4","4","4","4","4","4","4","4","4","4","4","4","4","4","4","4","4","4","4","CA","shortspine thornyhead","shortspine_thornyhead",NA,NA,NA,"total_catch_wt_kg ~ 0 + factor(year) + pass + depth_m + (depth_m^2)","delta_gamma","TRUE","iid, iid","01_1","2006","1060438.77921165","679295.702149147","1655435.77104656","13.8741933230901","0.227239642322882","index"
"5","5","5","5","5","5","5","5","5","5","5","5","5","5","5","5","5","5","5","5","5","5","5","5","5","5","5","CA","shortspine thornyhead","shortspine_thornyhead",NA,NA,NA,"total_catch_wt_kg ~ 0 + factor(year) + pass + depth_m + (depth_m^2)","delta_gamma","TRUE","iid, iid","01_1","2007","1201560.0262654","775496.654896533","1861705.64064074","13.9991312923493","0.223408362446129","index"
"6","6","6","6","6","6","6","6","6","6","6","6","6","6","6","6","6","6","6","6","6","6","6","6","6","6","6","CA","shortspine thornyhead","shortspine_thornyhead",NA,NA,NA,"total_catch_wt_kg ~ 0 + factor(year) + pass + depth_m + (depth_m^2)","delta_gamma","TRUE","iid, iid","01_1","2008","1303269.51876823","839310.31794265","2023698.9850355","14.0803866795128","0.224519888874932","index"
"7","7","7","7","7","7","7","7","7","7","7","7","7","7","7","7","7","7","7","7","7","7","7","7","7","7","7","CA","shortspine thornyhead","shortspine_thornyhead",NA,NA,NA,"total_catch_wt_kg ~ 0 + factor(year) + pass + depth_m + (depth_m^2)","delta_gamma","TRUE","iid, iid","01_1","2009","1161341.76420855","754169.571628419","1788344.08604267","13.9650865879115","0.220266328133142","index"
"8","8","8","8","8","8","8","8","8","8","8","8","8","8","8","8","8","8","8","8","8","8","8","8","8","8","8","CA","shortspine thornyhead","shortspine_thornyhead",NA,NA,NA,"total_catch_wt_kg ~ 0 + factor(year) + pass + depth_m + (depth_m^2)","delta_gamma","TRUE","iid, iid","01_1","2010","986531.938113819","636988.804981615","1527884.41069494","13.8019509790995","0.223189621211032","index"
"9","9","9","9","9","9","9","9","9","9","9","9","9","9","9","9","9","9","9","9","9","9","9","9","9","9","9","CA","shortspine thornyhead","shortspine_thornyhead",NA,NA,NA,"total_catch_wt_kg ~ 0 + factor(year) + pass + depth_m + (depth_m^2)","delta_gamma","TRUE","iid, iid","01_1","2011","1092056.56898644","712355.622859593","1674146.32747483","13.9035732370464","0.217983955015324","index"
"10","10","10","10","10","10","10","10","10","10","10","10","10","10","10","10","10","10","10","10","10","10","10","10","10","10","10","CA","shortspine thornyhead","shortspine_thornyhead",NA,NA,NA,"total_catch_wt_kg ~ 0 + factor(year) + pass + depth_m + (depth_m^2)","delta_gamma","TRUE","iid, iid","01_1","2012","1329219.11109111","871248.452460187","2027921.47326147","14.100102193249","0.2155242299119","index"
"11","11","11","11","11","11","11","11","11","11","11","11","11","11","11","11","11","11","11","11","11","11","11","11","11","11","11","CA","shortspine thornyhead","shortspine_thornyhead",NA,NA,NA,"total_catch_wt_kg ~ 0 + factor(year) + pass + depth_m + (depth_m^2)","delta_gamma","TRUE","iid, iid","01_1","2013","1528737.74624851","959355.222614274","2436051.88330186","14.2399529504149","0.237726947744698","index"
"12","12","12","12","12","12","12","12","12","12","12","12","12","12","12","12","12","12","12","12","12","12","12","12","12","12","12","CA","shortspine thornyhead","shortspine_thornyhead",NA,NA,NA,"total_catch_wt_kg ~ 0 + factor(year) + pass + depth_m + (depth_m^2)","delta_gamma","TRUE","iid, iid","01_1","2014","1377930.06303083","889042.574665683","2135658.41806635","14.1360929767502","0.223571747412069","index"
"13","13","13","13","13","13","13","13","13","13","13","13","13","13","13","13","13","13","13","13","13","13","13","13","13","13","13","CA","shortspine thornyhead","shortspine_thornyhead",NA,NA,NA,"total_catch_wt_kg ~ 0 + factor(year) + pass + depth_m + (depth_m^2)","delta_gamma","TRUE","iid, iid","01_1","2015","1353075.73456925","865992.968886769","2114121.02552474","14.1178908808778","0.227687251375318","index"
"14","14","14","14","14","14","14","14","14","14","14","14","14","14","14","14","14","14","14","14","14","14","14","14","14","14","14","CA","shortspine thornyhead","shortspine_thornyhead",NA,NA,NA,"total_catch_wt_kg ~ 0 + factor(year) + pass + depth_m + (depth_m^2)","delta_gamma","TRUE","iid, iid","01_1","2016","1315836.77516118","858531.65522191","2016729.85304081","14.0899833521424","0.217863452675768","index"
"15","15","15","15","15","15","15","15","15","15","15","15","15","15","15","15","15","15","15","15","15","15","15","15","15","15","15","CA","shortspine thornyhead","shortspine_thornyhead",NA,NA,NA,"total_catch_wt_kg ~ 0 + factor(year) + pass + depth_m + (depth_m^2)","delta_gamma","TRUE","iid, iid","01_1","2017","1196538.60275461","754838.734449579","1896702.64990566","13.9949434488729","0.235047196706732","index"
"16","16","16","16","16","16","16","16","16","16","16","16","16","16","16","16","16","16","16","16","16","16","16","16","16","16","16","CA","shortspine thornyhead","shortspine_thornyhead",NA,NA,NA,"total_catch_wt_kg ~ 0 + factor(year) + pass + depth_m + (depth_m^2)","delta_gamma","TRUE","iid, iid","01_1","2018","1502976.97634789","1005939.1804425","2245602.75148858","14.2229583501533","0.204864059912764","index"
"17","17","17","17","17","17","17","17","17","17","17","17","17","17","17","17","17","17","17","17","17","17","17","17","17","17","17","CA","shortspine thornyhead","shortspine_thornyhead",NA,NA,NA,"total_catch_wt_kg ~ 0 + factor(year) + pass + depth_m + (depth_m^2)","delta_gamma","TRUE","iid, iid","01_1","2019","1645223.38200157","814968.178169319","3321307.56659107","14.3133867274922","0.358415964152196","index"
"18","18","18","18","18","18","18","18","18","18","18","18","18","18","18","18","18","18","18","18","18","18","18","18","18","18","18","CA","shortspine thornyhead","shortspine_thornyhead",NA,NA,NA,"total_catch_wt_kg ~ 0 + factor(year) + pass + depth_m + (depth_m^2)","delta_gamma","TRUE","iid, iid","01_1","2021","1982597.93901047","1281425.93828063","3067437.97697948","14.4999186330416","0.222674807476105","index"
"19","19","19","19","19","19","19","19","19","19","19","19","19","19","19","19","19","19","19","19","19","19","19","19","19","19","19","CA","shortspine thornyhead","shortspine_thornyhead",NA,NA,NA,"total_catch_wt_kg ~ 0 + factor(year) + pass + depth_m + (depth_m^2)","delta_gamma","TRUE","iid, iid","01_1","2022","1726695.09910579","1073453.69293979","2777461.18429273","14.3617197920956","0.242518759017975","index"
"20","20","20","20","20","20","20","20","20","20","20","20","20","20","20","20","20","20","20","20","20","20","20","20","20","20","20","CA","shortspine thornyhead","shortspine_thornyhead",NA,NA,NA,"total_catch_wt_kg ~ 0 + factor(year) + pass + depth_m + (depth_m^2)","delta_gamma","TRUE","iid, iid","01_1","2023","2439673.68299551","1535242.84142988","3876916.09358514","14.7073748518486","0.236318486526025","index"
"21","21","21","21","21","21","21","21","21","21","21","21","21","21","21","21","21","21","21","21","21","21","21","21","21","21","21","CA","shortspine thornyhead","shortspine_thornyhead",NA,NA,NA,"total_catch_wt_kg ~ 0 + factor(year) + pass + depth_m + (depth_m^2)","delta_gamma","TRUE","iid, iid","01_1","2024","1726756.02915065","1080501.20448947","2759540.08363826","14.3617550785627","0.239198022300559","index"
"22","22","22","22","22","22","22","22","22","22","22","22","22","22","22","22","22","22","22","22","22","22","22","22","22","22",NA,"CA","shortspine thornyhead","shortspine_thornyhead",NA,NA,NA,"total_catch_wt_kg ~ 0 + factor(year) + pass + depth_m + (depth_m^2)","delta_gamma","TRUE","iid, iid","01_10","2003","1342672.19805575","779050.363901096","2314059.16095654","14.1101723638479","0.277730301876668","index"
"23","23","23","23","23","23","23","23","23","23","23","23","23","23","23","23","23","23","23","23","23","23","23","23","23","23",NA,"CA","shortspine thornyhead","shortspine_thornyhead",NA,NA,NA,"total_catch_wt_kg ~ 0 + factor(year) + pass + depth_m + (depth_m^2)","delta_gamma","TRUE","iid, iid","01_10","2004","1267530.17007933","750131.635698304","2141801.05944432","14.0525808169881","0.267646159189578","index"
"24","24","24","24","24","24","24","24","24","24","24","24","24","24","24","24","24","24","24","24","24","24","24","24","24","24",NA,"CA","shortspine thornyhead","shortspine_thornyhead",NA,NA,NA,"total_catch_wt_kg ~ 0 + factor(year) + pass + depth_m + (depth_m^2)","delta_gamma","TRUE","iid, iid","01_10","2005","1359085.19949188","795195.997210702","2322839.38294077","14.122322383951","0.273463434815976","index"
"25","25","25","25","25","25","25","25","25","25","25","25","25","25","25","25","25","25","25","25","25","25","25","25","25","25",NA,"CA","shortspine thornyhead","shortspine_thornyhead",NA,NA,NA,"total_catch_wt_kg ~ 0 + factor(year) + pass + depth_m + (depth_m^2)","delta_gamma","TRUE","iid, iid","01_10","2006","1048796.05626517","657209.971015176","1673701.27683587","13.8631534511892","0.238471021856084","index"
"26","26","26","26","26","26","26","26","26","26","26","26","26","26","26","26","26","26","26","26","26","26","26","26","26","26",NA,"CA","shortspine thornyhead","shortspine_thornyhead",NA,NA,NA,"total_catch_wt_kg ~ 0 + factor(year) + pass + depth_m + (depth_m^2)","delta_gamma","TRUE","iid, iid","01_10","2007","1481401.84591334","935595.297323461","2345620.41446082","14.2084993906206","0.234474259191042","index"
"27","27","27","27","27","27","27","27","27","27","27","27","27","27","27","27","27","27","27","27","27","27","27","27","27","27",NA,"CA","shortspine thornyhead","shortspine_thornyhead",NA,NA,NA,"total_catch_wt_kg ~ 0 + factor(year) + pass + depth_m + (depth_m^2)","delta_gamma","TRUE","iid, iid","01_10","2008","870339.718188386","543015.875086161","1394970.680988","13.6766388950893","0.240690678214278","index"
"28","28","28","28","28","28","28","28","28","28","28","28","28","28","28","28","28","28","28","28","28","28","28","28","28","28",NA,"CA","shortspine thornyhead","shortspine_thornyhead",NA,NA,NA,"total_catch_wt_kg ~ 0 + factor(year) + pass + depth_m + (depth_m^2)","delta_gamma","TRUE","iid, iid","01_10","2009","1299710.63661564","799205.384175005","2113659.10738402","14.0776522104368","0.248106072878392","index"
"29","29","29","29","29","29","29","29","29","29","29","29","29","29","29","29","29","29","29","29","29","29","29","29","29","29",NA,"CA","shortspine thornyhead","shortspine_thornyhead",NA,NA,NA,"total_catch_wt_kg ~ 0 + factor(year) + pass + depth_m + (depth_m^2)","delta_gamma","TRUE","iid, iid","01_10","2010","1118279.37853382","686763.291807941","1820931.29229701","13.9273017928336","0.248758057931754","index"
"30","30","30","30","30","30","30","30","30","30","30","30","30","30","30","30","30","30","30","30","30","30","30","30","30","30",NA,"CA","shortspine thornyhead","shortspine_thornyhead",NA,NA,NA,"total_catch_wt_kg ~ 0 + factor(year) + pass + depth_m + (depth_m^2)","delta_gamma","TRUE","iid, iid","01_10","2011","1251918.67687014","767624.599095744","2041753.71052797","14.040187873956","0.249561618707478","index"
"31","31","31","31","31","31","31","31","31","31","31","31","31","31","31","31","31","31","31","31","31","31","31","31","31","31",NA,"CA","shortspine thornyhead","shortspine_thornyhead",NA,NA,NA,"total_catch_wt_kg ~ 0 + factor(year) + pass + depth_m + (depth_m^2)","delta_gamma","TRUE","iid, iid","01_10","2012","1014541.28137717","616313.971892307","1670080.60592577","13.8299471287727","0.254308408424057","index"
"32","32","32","32","32","32","32","32","32","32","32","32","32","32","32","32","32","32","32","32","32","32","32","32","32","32",NA,"CA","shortspine thornyhead","shortspine_thornyhead",NA,NA,NA,"total_catch_wt_kg ~ 0 + factor(year) + pass + depth_m + (depth_m^2)","delta_gamma","TRUE","iid, iid","01_10","2013","1039796.46187262","625725.496680809","1727876.98097325","13.854535542226","0.259121338976354","index"
"33","33","33","33","33","33","33","33","33","33","33","33","33","33","33","33","33","33","33","33","33","33","33","33","33","33",NA,"CA","shortspine thornyhead","shortspine_thornyhead",NA,NA,NA,"total_catch_wt_kg ~ 0 + factor(year) + pass + depth_m + (depth_m^2)","delta_gamma","TRUE","iid, iid","01_10","2014","1332485.41729614","809355.759313091","2193741.58628806","14.1025564910944","0.254373367937792","index"
"34","34","34","34","34","34","34","34","34","34","34","34","34","34","34","34","34","34","34","34","34","34","34","34","34","34",NA,"CA","shortspine thornyhead","shortspine_thornyhead",NA,NA,NA,"total_catch_wt_kg ~ 0 + factor(year) + pass + depth_m + (depth_m^2)","delta_gamma","TRUE","iid, iid","01_10","2015","1101271.13629779","705608.983917246","1718796.30685777","13.9119756490543","0.227126180206859","index"
"35","35","35","35","35","35","35","35","35","35","35","35","35","35","35","35","35","35","35","35","35","35","35","35","35","35",NA,"CA","shortspine thornyhead","shortspine_thornyhead",NA,NA,NA,"total_catch_wt_kg ~ 0 + factor(year) + pass + depth_m + (depth_m^2)","delta_gamma","TRUE","iid, iid","01_10","2016","1583148.36474478","1008548.05793702","2485115.83069309","14.274926058252","0.230057171295063","index"
"36","36","36","36","36","36","36","36","36","36","36","36","36","36","36","36","36","36","36","36","36","36","36","36","36","36",NA,"CA","shortspine thornyhead","shortspine_thornyhead",NA,NA,NA,"total_catch_wt_kg ~ 0 + factor(year) + pass + depth_m + (depth_m^2)","delta_gamma","TRUE","iid, iid","01_10","2017","1973686.20890098","1212997.41724188","3211414.29968038","14.4954135242835","0.248376230089551","index"
"37","37","37","37","37","37","37","37","37","37","37","37","37","37","37","37","37","37","37","37","37","37","37","37","37","37",NA,"CA","shortspine thornyhead","shortspine_thornyhead",NA,NA,NA,"total_catch_wt_kg ~ 0 + factor(year) + pass + depth_m + (depth_m^2)","delta_gamma","TRUE","iid, iid","01_10","2018","1401701.69259135","896258.005602835","2192189.774296","14.153197551178","0.228174574388682","index"
"38","38","38","38","38","38","38","38","38","38","38","38","38","38","38","38","38","38","38","38","38","38","38","38","38","38",NA,"CA","shortspine thornyhead","shortspine_thornyhead",NA,NA,NA,"total_catch_wt_kg ~ 0 + factor(year) + pass + depth_m + (depth_m^2)","delta_gamma","TRUE","iid, iid","01_10","2019","2197280.18728961","1224243.62905838","3943692.33938256","14.6027308750011","0.298422376134695","index"
"39","39","39","39","39","39","39","39","39","39","39","39","39","39","39","39","39","39","39","39","39","39","39","39","39","39",NA,"CA","shortspine thornyhead","shortspine_thornyhead",NA,NA,NA,"total_catch_wt_kg ~ 0 + factor(year) + pass + depth_m + (depth_m^2)","delta_gamma","TRUE","iid, iid","01_10","2021","1893497.30797137","1163767.42270621","3080797.748194","14.453936104602","0.24835304618048","index"
"40","40","40","40","40","40","40","40","40","40","40","40","40","40","40","40","40","40","40","40","40","40","40","40","40","40",NA,"CA","shortspine thornyhead","shortspine_thornyhead",NA,NA,NA,"total_catch_wt_kg ~ 0 + factor(year) + pass + depth_m + (depth_m^2)","delta_gamma","TRUE","iid, iid","01_10","2022","1514162.25271628","911649.166317034","2514878.98224386","14.230372875478","0.258863106919372","index"
"41","41","41","41","41","41","41","41","41","41","41","41","41","41","41","41","41","41","41","41","41","41","41","41","41","41",NA,"CA","shortspine thornyhead","shortspine_thornyhead",NA,NA,NA,"total_catch_wt_kg ~ 0 + factor(year) + pass + depth_m + (depth_m^2)","delta_gamma","TRUE","iid, iid","01_10","2023","2360155.11922985","1425232.04665048","3908368.60560216","14.674237903329","0.25734794574029","index"
"42","42","42","42","42","42","42","42","42","42","42","42","42","42","42","42","42","42","42","42","42","42","42","42","42","42",NA,"CA","shortspine thornyhead","shortspine_thornyhead",NA,NA,NA,"total_catch_wt_kg ~ 0 + factor(year) + pass + depth_m + (depth_m^2)","delta_gamma","TRUE","iid, iid","01_10","2024","2148283.2040095","1363947.44201186","3383649.97248128","14.5801795713621","0.231782823843525","index"
"43","43","43","43","43","43","43","43","43","43","43","43","43","43","43","43","43","43","43","43","43","43","43","43","43",NA,NA,"CA","shortspine thornyhead","shortspine_thornyhead",NA,NA,NA,"total_catch_wt_kg ~ 0 + factor(year) + pass + depth_m + (depth_m^2)","delta_gamma","TRUE","iid, iid","01_2","2003","912112.986852163","562495.123384916","1479035.22394641","13.7235191504751","0.246627698673434","index"
"44","44","44","44","44","44","44","44","44","44","44","44","44","44","44","44","44","44","44","44","44","44","44","44","44",NA,NA,"CA","shortspine thornyhead","shortspine_thornyhead",NA,NA,NA,"total_catch_wt_kg ~ 0 + factor(year) + pass + depth_m + (depth_m^2)","delta_gamma","TRUE","iid, iid","01_2","2004","924618.489869209","556665.975503675","1535785.17356747","13.7371364880318","0.25889038672154","index"
"45","45","45","45","45","45","45","45","45","45","45","45","45","45","45","45","45","45","45","45","45","45","45","45","45",NA,NA,"CA","shortspine thornyhead","shortspine_thornyhead",NA,NA,NA,"total_catch_wt_kg ~ 0 + factor(year) + pass + depth_m + (depth_m^2)","delta_gamma","TRUE","iid, iid","01_2","2005","1230410.87851826","766296.577057238","1975620.11276346","14.022858719143","0.241603505357178","index"
"46","46","46","46","46","46","46","46","46","46","46","46","46","46","46","46","46","46","46","46","46","46","46","46","46",NA,NA,"CA","shortspine thornyhead","shortspine_thornyhead",NA,NA,NA,"total_catch_wt_kg ~ 0 + factor(year) + pass + depth_m + (depth_m^2)","delta_gamma","TRUE","iid, iid","01_2","2006","1434407.34087788","910807.578597008","2259011.08852623","14.1762623189941","0.231726393253102","index"
"47","47","47","47","47","47","47","47","47","47","47","47","47","47","47","47","47","47","47","47","47","47","47","47","47",NA,NA,"CA","shortspine thornyhead","shortspine_thornyhead",NA,NA,NA,"total_catch_wt_kg ~ 0 + factor(year) + pass + depth_m + (depth_m^2)","delta_gamma","TRUE","iid, iid","01_2","2007","1013309.01012548","632825.960018899","1622555.35466784","13.8287317812606","0.240198833412155","index"
"48","48","48","48","48","48","48","48","48","48","48","48","48","48","48","48","48","48","48","48","48","48","48","48","48",NA,NA,"CA","shortspine thornyhead","shortspine_thornyhead",NA,NA,NA,"total_catch_wt_kg ~ 0 + factor(year) + pass + depth_m + (depth_m^2)","delta_gamma","TRUE","iid, iid","01_2","2008","706388.877612356","454225.136960581","1098541.6829931","13.4679211829786","0.225296452366055","index"
"49","49","49","49","49","49","49","49","49","49","49","49","49","49","49","49","49","49","49","49","49","49","49","49","49",NA,NA,"CA","shortspine thornyhead","shortspine_thornyhead",NA,NA,NA,"total_catch_wt_kg ~ 0 + factor(year) + pass + depth_m + (depth_m^2)","delta_gamma","TRUE","iid, iid","01_2","2009","941703.165535882","591410.830582424","1499473.47279212","13.7554453930045","0.23734068430711","index"
"50","50","50","50","50","50","50","50","50","50","50","50","50","50","50","50","50","50","50","50","50","50","50","50","50",NA,NA,"CA","shortspine thornyhead","shortspine_thornyhead",NA,NA,NA,"total_catch_wt_kg ~ 0 + factor(year) + pass + depth_m + (depth_m^2)","delta_gamma","TRUE","iid, iid","01_2","2010","861792.047756155","563120.297021938","1318875.44722404","13.6667692766395","0.217106398003443","index"
"51","51","51","51","51","51","51","51","51","51","51","51","51","51","51","51","51","51","51","51","51","51","51","51","51",NA,NA,"CA","shortspine thornyhead","shortspine_thornyhead",NA,NA,NA,"total_catch_wt_kg ~ 0 + factor(year) + pass + depth_m + (depth_m^2)","delta_gamma","TRUE","iid, iid","01_2","2011","890628.343062635","584957.250338779","1356028.743993","13.6996824960463","0.214487843737153","index"
"52","52","52","52","52","52","52","52","52","52","52","52","52","52","52","52","52","52","52","52","52","52","52","52","52",NA,NA,"CA","shortspine thornyhead","shortspine_thornyhead",NA,NA,NA,"total_catch_wt_kg ~ 0 + factor(year) + pass + depth_m + (depth_m^2)","delta_gamma","TRUE","iid, iid","01_2","2012","1116323.05119358","710498.689249345","1753947.15498032","13.92555085243","0.230528965993713","index"
"53","53","53","53","53","53","53","53","53","53","53","53","53","53","53","53","53","53","53","53","53","53","53","53","53",NA,NA,"CA","shortspine thornyhead","shortspine_thornyhead",NA,NA,NA,"total_catch_wt_kg ~ 0 + factor(year) + pass + depth_m + (depth_m^2)","delta_gamma","TRUE","iid, iid","01_2","2013","1258596.62073121","752046.48762325","2106339.8071604","14.0455078651287","0.262736687776618","index"
"54","54","54","54","54","54","54","54","54","54","54","54","54","54","54","54","54","54","54","54","54","54","54","54","54",NA,NA,"CA","shortspine thornyhead","shortspine_thornyhead",NA,NA,NA,"total_catch_wt_kg ~ 0 + factor(year) + pass + depth_m + (depth_m^2)","delta_gamma","TRUE","iid, iid","01_2","2014","903684.607569177","589510.98168123","1385293.73554409","13.7142356930673","0.217956589429548","index"
"55","55","55","55","55","55","55","55","55","55","55","55","55","55","55","55","55","55","55","55","55","55","55","55","55",NA,NA,"CA","shortspine thornyhead","shortspine_thornyhead",NA,NA,NA,"total_catch_wt_kg ~ 0 + factor(year) + pass + depth_m + (depth_m^2)","delta_gamma","TRUE","iid, iid","01_2","2015","1011776.28229443","652607.364395353","1568617.36667957","13.8272180394646","0.223722014866335","index"
"56","56","56","56","56","56","56","56","56","56","56","56","56","56","56","56","56","56","56","56","56","56","56","56","56",NA,NA,"CA","shortspine thornyhead","shortspine_thornyhead",NA,NA,NA,"total_catch_wt_kg ~ 0 + factor(year) + pass + depth_m + (depth_m^2)","delta_gamma","TRUE","iid, iid","01_2","2016","1139735.67684417","742818.687153667","1748740.89133236","13.946306931069","0.218422210092942","index"
"57","57","57","57","57","57","57","57","57","57","57","57","57","57","57","57","57","57","57","57","57","57","57","57","57",NA,NA,"CA","shortspine thornyhead","shortspine_thornyhead",NA,NA,NA,"total_catch_wt_kg ~ 0 + factor(year) + pass + depth_m + (depth_m^2)","delta_gamma","TRUE","iid, iid","01_2","2017","1015493.27840054","642091.054034205","1606044.17706425","13.8308850409758","0.233881664797167","index"
"58","58","58","58","58","58","58","58","58","58","58","58","58","58","58","58","58","58","58","58","58","58","58","58","58",NA,NA,"CA","shortspine thornyhead","shortspine_thornyhead",NA,NA,NA,"total_catch_wt_kg ~ 0 + factor(year) + pass + depth_m + (depth_m^2)","delta_gamma","TRUE","iid, iid","01_2","2018","1309263.37099959","825371.866605593","2076846.38160841","14.0849752248065","0.235405301977172","index"
"59","59","59","59","59","59","59","59","59","59","59","59","59","59","59","59","59","59","59","59","59","59","59","59","59",NA,NA,"CA","shortspine thornyhead","shortspine_thornyhead",NA,NA,NA,"total_catch_wt_kg ~ 0 + factor(year) + pass + depth_m + (depth_m^2)","delta_gamma","TRUE","iid, iid","01_2","2019","1431448.71752442","825868.02156064","2481080.96863981","14.1741975785855","0.280621135582039","index"
"60","60","60","60","60","60","60","60","60","60","60","60","60","60","60","60","60","60","60","60","60","60","60","60","60",NA,NA,"CA","shortspine thornyhead","shortspine_thornyhead",NA,NA,NA,"total_catch_wt_kg ~ 0 + factor(year) + pass + depth_m + (depth_m^2)","delta_gamma","TRUE","iid, iid","01_2","2021","1251096.06988729","792853.239180623","1974188.0322076","14.0395305809748","0.232727321253601","index"
"61","61","61","61","61","61","61","61","61","61","61","61","61","61","61","61","61","61","61","61","61","61","61","61","61",NA,NA,"CA","shortspine thornyhead","shortspine_thornyhead",NA,NA,NA,"total_catch_wt_kg ~ 0 + factor(year) + pass + depth_m + (depth_m^2)","delta_gamma","TRUE","iid, iid","01_2","2022","1654881.68054871","1034299.58567935","2647814.43842206","14.319240072122","0.239802898953396","index"
"62","62","62","62","62","62","62","62","62","62","62","62","62","62","62","62","62","62","62","62","62","62","62","62","62",NA,NA,"CA","shortspine thornyhead","shortspine_thornyhead",NA,NA,NA,"total_catch_wt_kg ~ 0 + factor(year) + pass + depth_m + (depth_m^2)","delta_gamma","TRUE","iid, iid","01_2","2023","2006889.37435312","1260225.85318589","3195939.00625792","14.5120965063555","0.237399767853358","index"
"63","63","63","63","63","63","63","63","63","63","63","63","63","63","63","63","63","63","63","63","63","63","63","63","63",NA,NA,"CA","shortspine thornyhead","shortspine_thornyhead",NA,NA,NA,"total_catch_wt_kg ~ 0 + factor(year) + pass + depth_m + (depth_m^2)","delta_gamma","TRUE","iid, iid","01_2","2024","1887994.26257405","1206418.9903201","2954630.49248485","14.4510255867921","0.228503468890114","index"
"64","64","64","64","64","64","64","64","64","64","64","64","64","64","64","64","64","64","64","64","64","64","64","64",NA,NA,NA,"CA","shortspine thornyhead","shortspine_thornyhead",NA,NA,NA,"total_catch_wt_kg ~ 0 + factor(year) + pass + depth_m + (depth_m^2)","delta_gamma","TRUE","iid, iid","01_3","2003","1100061.50064476","672193.050056888","1800279.40648656","13.9108766458828","0.251318797002692","index"
"65","65","65","65","65","65","65","65","65","65","65","65","65","65","65","65","65","65","65","65","65","65","65","65",NA,NA,NA,"CA","shortspine thornyhead","shortspine_thornyhead",NA,NA,NA,"total_catch_wt_kg ~ 0 + factor(year) + pass + depth_m + (depth_m^2)","delta_gamma","TRUE","iid, iid","01_3","2004","1885656.13509027","1098491.78233901","3236891.81564242","14.4497864005737","0.275687571230372","index"
"66","66","66","66","66","66","66","66","66","66","66","66","66","66","66","66","66","66","66","66","66","66","66","66",NA,NA,NA,"CA","shortspine thornyhead","shortspine_thornyhead",NA,NA,NA,"total_catch_wt_kg ~ 0 + factor(year) + pass + depth_m + (depth_m^2)","delta_gamma","TRUE","iid, iid","01_3","2005","915795.85259199","570387.925905748","1470371.31316008","13.7275487504681","0.241574219787473","index"
"67","67","67","67","67","67","67","67","67","67","67","67","67","67","67","67","67","67","67","67","67","67","67","67",NA,NA,NA,"CA","shortspine thornyhead","shortspine_thornyhead",NA,NA,NA,"total_catch_wt_kg ~ 0 + factor(year) + pass + depth_m + (depth_m^2)","delta_gamma","TRUE","iid, iid","01_3","2006","1462453.91461505","914870.180098919","2337786.82363615","14.1956263462173","0.239335465038628","index"
"68","68","68","68","68","68","68","68","68","68","68","68","68","68","68","68","68","68","68","68","68","68","68","68",NA,NA,NA,"CA","shortspine thornyhead","shortspine_thornyhead",NA,NA,NA,"total_catch_wt_kg ~ 0 + factor(year) + pass + depth_m + (depth_m^2)","delta_gamma","TRUE","iid, iid","01_3","2007","1222317.89411375","773655.805854109","1931170.19605539","14.0162595273651","0.233359986502898","index"
"69","69","69","69","69","69","69","69","69","69","69","69","69","69","69","69","69","69","69","69","69","69","69","69",NA,NA,NA,"CA","shortspine thornyhead","shortspine_thornyhead",NA,NA,NA,"total_catch_wt_kg ~ 0 + factor(year) + pass + depth_m + (depth_m^2)","delta_gamma","TRUE","iid, iid","01_3","2008","1143718.20814058","719508.357561732","1818034.94828769","13.9497950990243","0.23646948701449","index"
"70","70","70","70","70","70","70","70","70","70","70","70","70","70","70","70","70","70","70","70","70","70","70","70",NA,NA,NA,"CA","shortspine thornyhead","shortspine_thornyhead",NA,NA,NA,"total_catch_wt_kg ~ 0 + factor(year) + pass + depth_m + (depth_m^2)","delta_gamma","TRUE","iid, iid","01_3","2009","859050.202673695","550267.740430197","1341105.78631554","13.6635826424178","0.22726050396306","index"
"71","71","71","71","71","71","71","71","71","71","71","71","71","71","71","71","71","71","71","71","71","71","71","71",NA,NA,NA,"CA","shortspine thornyhead","shortspine_thornyhead",NA,NA,NA,"total_catch_wt_kg ~ 0 + factor(year) + pass + depth_m + (depth_m^2)","delta_gamma","TRUE","iid, iid","01_3","2010","1174562.32549426","731300.930801637","1886496.51376514","13.9764061472281","0.24175231121758","index"
"72","72","72","72","72","72","72","72","72","72","72","72","72","72","72","72","72","72","72","72","72","72","72","72",NA,NA,NA,"CA","shortspine thornyhead","shortspine_thornyhead",NA,NA,NA,"total_catch_wt_kg ~ 0 + factor(year) + pass + depth_m + (depth_m^2)","delta_gamma","TRUE","iid, iid","01_3","2011","973489.687175465","624194.020834405","1518249.35741959","13.7886425101846","0.22675211577518","index"
"73","73","73","73","73","73","73","73","73","73","73","73","73","73","73","73","73","73","73","73","73","73","73","73",NA,NA,NA,"CA","shortspine thornyhead","shortspine_thornyhead",NA,NA,NA,"total_catch_wt_kg ~ 0 + factor(year) + pass + depth_m + (depth_m^2)","delta_gamma","TRUE","iid, iid","01_3","2012","967556.641413964","615519.358964904","1520936.49161349","13.7825292462696","0.230773408748646","index"
"74","74","74","74","74","74","74","74","74","74","74","74","74","74","74","74","74","74","74","74","74","74","74","74",NA,NA,NA,"CA","shortspine thornyhead","shortspine_thornyhead",NA,NA,NA,"total_catch_wt_kg ~ 0 + factor(year) + pass + depth_m + (depth_m^2)","delta_gamma","TRUE","iid, iid","01_3","2013","1863485.88061331","1122258.68440888","3094277.34932099","14.4379594210621","0.258732063475245","index"
"75","75","75","75","75","75","75","75","75","75","75","75","75","75","75","75","75","75","75","75","75","75","75","75",NA,NA,NA,"CA","shortspine thornyhead","shortspine_thornyhead",NA,NA,NA,"total_catch_wt_kg ~ 0 + factor(year) + pass + depth_m + (depth_m^2)","delta_gamma","TRUE","iid, iid","01_3","2014","907247.849251159","583053.969240313","1411702.35243113","13.7181709544483","0.225583697094387","index"
"76","76","76","76","76","76","76","76","76","76","76","76","76","76","76","76","76","76","76","76","76","76","76","76",NA,NA,NA,"CA","shortspine thornyhead","shortspine_thornyhead",NA,NA,NA,"total_catch_wt_kg ~ 0 + factor(year) + pass + depth_m + (depth_m^2)","delta_gamma","TRUE","iid, iid","01_3","2015","999823.505998445","643303.878277049","1553926.65410997","13.8153340483858","0.224984523063107","index"
"77","77","77","77","77","77","77","77","77","77","77","77","77","77","77","77","77","77","77","77","77","77","77","77",NA,NA,NA,"CA","shortspine thornyhead","shortspine_thornyhead",NA,NA,NA,"total_catch_wt_kg ~ 0 + factor(year) + pass + depth_m + (depth_m^2)","delta_gamma","TRUE","iid, iid","01_3","2016","1135107.58690206","703551.958821635","1831377.50906222","13.9422379946274","0.244056007146666","index"
"78","78","78","78","78","78","78","78","78","78","78","78","78","78","78","78","78","78","78","78","78","78","78","78",NA,NA,NA,"CA","shortspine thornyhead","shortspine_thornyhead",NA,NA,NA,"total_catch_wt_kg ~ 0 + factor(year) + pass + depth_m + (depth_m^2)","delta_gamma","TRUE","iid, iid","01_3","2017","1451531.33483875","912178.390464626","2309792.95063718","14.1881296501151","0.237013945292424","index"
"79","79","79","79","79","79","79","79","79","79","79","79","79","79","79","79","79","79","79","79","79","79","79","79",NA,NA,NA,"CA","shortspine thornyhead","shortspine_thornyhead",NA,NA,NA,"total_catch_wt_kg ~ 0 + factor(year) + pass + depth_m + (depth_m^2)","delta_gamma","TRUE","iid, iid","01_3","2018","1297004.6030571","822332.067636273","2045671.09390091","14.0755680122954","0.232488172334182","index"
"80","80","80","80","80","80","80","80","80","80","80","80","80","80","80","80","80","80","80","80","80","80","80","80",NA,NA,NA,"CA","shortspine thornyhead","shortspine_thornyhead",NA,NA,NA,"total_catch_wt_kg ~ 0 + factor(year) + pass + depth_m + (depth_m^2)","delta_gamma","TRUE","iid, iid","01_3","2019","1701947.44265027","989123.460833521","2928476.7900489","14.3472837078797","0.276897573291756","index"
"81","81","81","81","81","81","81","81","81","81","81","81","81","81","81","81","81","81","81","81","81","81","81","81",NA,NA,NA,"CA","shortspine thornyhead","shortspine_thornyhead",NA,NA,NA,"total_catch_wt_kg ~ 0 + factor(year) + pass + depth_m + (depth_m^2)","delta_gamma","TRUE","iid, iid","01_3","2021","1894894.02238072","1185726.6915295","3028204.88203951","14.4546734700698","0.239191682793737","index"
"82","82","82","82","82","82","82","82","82","82","82","82","82","82","82","82","82","82","82","82","82","82","82","82",NA,NA,NA,"CA","shortspine thornyhead","shortspine_thornyhead",NA,NA,NA,"total_catch_wt_kg ~ 0 + factor(year) + pass + depth_m + (depth_m^2)","delta_gamma","TRUE","iid, iid","01_3","2022","2069222.91913787","1338171.89276496","3199651.33943932","14.5426836933781","0.222386082330336","index"
"83","83","83","83","83","83","83","83","83","83","83","83","83","83","83","83","83","83","83","83","83","83","83","83",NA,NA,NA,"CA","shortspine thornyhead","shortspine_thornyhead",NA,NA,NA,"total_catch_wt_kg ~ 0 + factor(year) + pass + depth_m + (depth_m^2)","delta_gamma","TRUE","iid, iid","01_3","2023","1992562.10974168","1267876.17847821","3131460.17613774","14.5049318609256","0.230656331607549","index"
"84","84","84","84","84","84","84","84","84","84","84","84","84","84","84","84","84","84","84","84","84","84","84","84",NA,NA,NA,"CA","shortspine thornyhead","shortspine_thornyhead",NA,NA,NA,"total_catch_wt_kg ~ 0 + factor(year) + pass + depth_m + (depth_m^2)","delta_gamma","TRUE","iid, iid","01_3","2024","1603975.71183327","1036880.72681686","2481228.57105188","14.2879959250454","0.222590040135596","index"
"85","85","85","85","85","85","85","85","85","85","85","85","85","85","85","85","85","85","85","85","85","85","85",NA,NA,NA,NA,"CA","shortspine thornyhead","shortspine_thornyhead",NA,NA,NA,"total_catch_wt_kg ~ 0 + factor(year) + pass + depth_m + (depth_m^2)","delta_gamma","TRUE","iid, iid","01_4","2003","860213.566880871","524604.379320393","1410524.59684861","13.6649359709824","0.252319063299232","index"
"86","86","86","86","86","86","86","86","86","86","86","86","86","86","86","86","86","86","86","86","86","86","86",NA,NA,NA,NA,"CA","shortspine thornyhead","shortspine_thornyhead",NA,NA,NA,"total_catch_wt_kg ~ 0 + factor(year) + pass + depth_m + (depth_m^2)","delta_gamma","TRUE","iid, iid","01_4","2004","1002969.6605314","563556.679345547","1784999.0547795","13.8184758177641","0.294113887011847","index"
"87","87","87","87","87","87","87","87","87","87","87","87","87","87","87","87","87","87","87","87","87","87","87",NA,NA,NA,NA,"CA","shortspine thornyhead","shortspine_thornyhead",NA,NA,NA,"total_catch_wt_kg ~ 0 + factor(year) + pass + depth_m + (depth_m^2)","delta_gamma","TRUE","iid, iid","01_4","2005","1018747.0903844","637118.768997115","1628967.2894119","13.8340840874687","0.239480277929395","index"
"88","88","88","88","88","88","88","88","88","88","88","88","88","88","88","88","88","88","88","88","88","88","88",NA,NA,NA,NA,"CA","shortspine thornyhead","shortspine_thornyhead",NA,NA,NA,"total_catch_wt_kg ~ 0 + factor(year) + pass + depth_m + (depth_m^2)","delta_gamma","TRUE","iid, iid","01_4","2006","1015909.47603117","619883.499394454","1664945.21066964","13.8312948047566","0.252049513914873","index"
"89","89","89","89","89","89","89","89","89","89","89","89","89","89","89","89","89","89","89","89","89","89","89",NA,NA,NA,NA,"CA","shortspine thornyhead","shortspine_thornyhead",NA,NA,NA,"total_catch_wt_kg ~ 0 + factor(year) + pass + depth_m + (depth_m^2)","delta_gamma","TRUE","iid, iid","01_4","2007","797372.635911048","515881.671459287","1232459.21627962","13.5890773967003","0.22216974436585","index"
"90","90","90","90","90","90","90","90","90","90","90","90","90","90","90","90","90","90","90","90","90","90","90",NA,NA,NA,NA,"CA","shortspine thornyhead","shortspine_thornyhead",NA,NA,NA,"total_catch_wt_kg ~ 0 + factor(year) + pass + depth_m + (depth_m^2)","delta_gamma","TRUE","iid, iid","01_4","2008","778770.778863313","504202.265322183","1202858.39180796","13.5654720310563","0.221809812759652","index"
"91","91","91","91","91","91","91","91","91","91","91","91","91","91","91","91","91","91","91","91","91","91","91",NA,NA,NA,NA,"CA","shortspine thornyhead","shortspine_thornyhead",NA,NA,NA,"total_catch_wt_kg ~ 0 + factor(year) + pass + depth_m + (depth_m^2)","delta_gamma","TRUE","iid, iid","01_4","2009","915978.952241648","582392.816993312","1440638.37408102","13.7277486654901","0.231049257401096","index"
"92","92","92","92","92","92","92","92","92","92","92","92","92","92","92","92","92","92","92","92","92","92","92",NA,NA,NA,NA,"CA","shortspine thornyhead","shortspine_thornyhead",NA,NA,NA,"total_catch_wt_kg ~ 0 + factor(year) + pass + depth_m + (depth_m^2)","delta_gamma","TRUE","iid, iid","01_4","2010","655196.207748539","412003.940631305","1041936.80766812","13.3926900235747","0.236688956689436","index"
"93","93","93","93","93","93","93","93","93","93","93","93","93","93","93","93","93","93","93","93","93","93","93",NA,NA,NA,NA,"CA","shortspine thornyhead","shortspine_thornyhead",NA,NA,NA,"total_catch_wt_kg ~ 0 + factor(year) + pass + depth_m + (depth_m^2)","delta_gamma","TRUE","iid, iid","01_4","2011","776586.238885968","489668.974604828","1231620.17138977","13.5626629764291","0.235299270958982","index"
"94","94","94","94","94","94","94","94","94","94","94","94","94","94","94","94","94","94","94","94","94","94","94",NA,NA,NA,NA,"CA","shortspine thornyhead","shortspine_thornyhead",NA,NA,NA,"total_catch_wt_kg ~ 0 + factor(year) + pass + depth_m + (depth_m^2)","delta_gamma","TRUE","iid, iid","01_4","2012","555316.271194391","341237.689927599","903699.005577817","13.2272930884291","0.248452798577795","index"
"95","95","95","95","95","95","95","95","95","95","95","95","95","95","95","95","95","95","95","95","95","95","95",NA,NA,NA,NA,"CA","shortspine thornyhead","shortspine_thornyhead",NA,NA,NA,"total_catch_wt_kg ~ 0 + factor(year) + pass + depth_m + (depth_m^2)","delta_gamma","TRUE","iid, iid","01_4","2013","643956.850880638","388334.23863442","1067844.10062408","13.3753870011036","0.258048269016422","index"
"96","96","96","96","96","96","96","96","96","96","96","96","96","96","96","96","96","96","96","96","96","96","96",NA,NA,NA,NA,"CA","shortspine thornyhead","shortspine_thornyhead",NA,NA,NA,"total_catch_wt_kg ~ 0 + factor(year) + pass + depth_m + (depth_m^2)","delta_gamma","TRUE","iid, iid","01_4","2014","993288.745973213","645881.749603429","1527559.08257637","13.8087766822019","0.21959840575508","index"
"97","97","97","97","97","97","97","97","97","97","97","97","97","97","97","97","97","97","97","97","97","97","97",NA,NA,NA,NA,"CA","shortspine thornyhead","shortspine_thornyhead",NA,NA,NA,"total_catch_wt_kg ~ 0 + factor(year) + pass + depth_m + (depth_m^2)","delta_gamma","TRUE","iid, iid","01_4","2015","1225707.55807686","770076.109821528","1950922.77083485","14.0190288336453","0.237139153801934","index"
"98","98","98","98","98","98","98","98","98","98","98","98","98","98","98","98","98","98","98","98","98","98","98",NA,NA,NA,NA,"CA","shortspine thornyhead","shortspine_thornyhead",NA,NA,NA,"total_catch_wt_kg ~ 0 + factor(year) + pass + depth_m + (depth_m^2)","delta_gamma","TRUE","iid, iid","01_4","2016","953277.648465218","599935.76674936","1514725.95139177","13.7676614817211","0.236271488825392","index"
"99","99","99","99","99","99","99","99","99","99","99","99","99","99","99","99","99","99","99","99","99","99","99",NA,NA,NA,NA,"CA","shortspine thornyhead","shortspine_thornyhead",NA,NA,NA,"total_catch_wt_kg ~ 0 + factor(year) + pass + depth_m + (depth_m^2)","delta_gamma","TRUE","iid, iid","01_4","2017","1015982.93246054","636414.804359511","1621931.65837799","13.8313671082202","0.238658094776423","index"
"100","100","100","100","100","100","100","100","100","100","100","100","100","100","100","100","100","100","100","100","100","100","100",NA,NA,NA,NA,"CA","shortspine thornyhead","shortspine_thornyhead",NA,NA,NA,"total_catch_wt_kg ~ 0 + factor(year) + pass + depth_m + (depth_m^2)","delta_gamma","TRUE","iid, iid","01_4","2018","1227914.16490645","776787.473708589","1941036.95979982","14.0208274869616","0.233629505566488","index"
"101","101","101","101","101","101","101","101","101","101","101","101","101","101","101","101","101","101","101","101","101","101","101",NA,NA,NA,NA,"CA","shortspine thornyhead","shortspine_thornyhead",NA,NA,NA,"total_catch_wt_kg ~ 0 + factor(year) + pass + depth_m + (depth_m^2)","delta_gamma","TRUE","iid, iid","01_4","2019","642702.472026597","363890.474095802","1135139.54597325","13.3734371776669","0.290224196033274","index"
"102","102","102","102","102","102","102","102","102","102","102","102","102","102","102","102","102","102","102","102","102","102","102",NA,NA,NA,NA,"CA","shortspine thornyhead","shortspine_thornyhead",NA,NA,NA,"total_catch_wt_kg ~ 0 + factor(year) + pass + depth_m + (depth_m^2)","delta_gamma","TRUE","iid, iid","01_4","2021","1316211.9246023","791281.622320409","2189377.05817687","14.0902684148342","0.259626810588438","index"
"103","103","103","103","103","103","103","103","103","103","103","103","103","103","103","103","103","103","103","103","103","103","103",NA,NA,NA,NA,"CA","shortspine thornyhead","shortspine_thornyhead",NA,NA,NA,"total_catch_wt_kg ~ 0 + factor(year) + pass + depth_m + (depth_m^2)","delta_gamma","TRUE","iid, iid","01_4","2022","1010902.50525182","622925.54385537","1640523.31005657","13.8263540593781","0.247030958140262","index"
"104","104","104","104","104","104","104","104","104","104","104","104","104","104","104","104","104","104","104","104","104","104","104",NA,NA,NA,NA,"CA","shortspine thornyhead","shortspine_thornyhead",NA,NA,NA,"total_catch_wt_kg ~ 0 + factor(year) + pass + depth_m + (depth_m^2)","delta_gamma","TRUE","iid, iid","01_4","2023","1411828.38004223","882470.335306927","2258726.77521722","14.1603961457688","0.239757310151584","index"
"105","105","105","105","105","105","105","105","105","105","105","105","105","105","105","105","105","105","105","105","105","105","105",NA,NA,NA,NA,"CA","shortspine thornyhead","shortspine_thornyhead",NA,NA,NA,"total_catch_wt_kg ~ 0 + factor(year) + pass + depth_m + (depth_m^2)","delta_gamma","TRUE","iid, iid","01_4","2024","1264384.11803864","792643.36662188","2016880.81332417","14.0500956983768","0.238252860477583","index"
"106","106","106","106","106","106","106","106","106","106","106","106","106","106","106","106","106","106","106","106","106","106",NA,NA,NA,NA,NA,"CA","shortspine thornyhead","shortspine_thornyhead",NA,NA,NA,"total_catch_wt_kg ~ 0 + factor(year) + pass + depth_m + (depth_m^2)","delta_gamma","TRUE","iid, iid","01_5","2003","868914.413557849","520062.873574551","1451771.11547908","13.6749999109713","0.261889974025692","index"
"107","107","107","107","107","107","107","107","107","107","107","107","107","107","107","107","107","107","107","107","107","107",NA,NA,NA,NA,NA,"CA","shortspine thornyhead","shortspine_thornyhead",NA,NA,NA,"total_catch_wt_kg ~ 0 + factor(year) + pass + depth_m + (depth_m^2)","delta_gamma","TRUE","iid, iid","01_5","2004","1080530.81309965","581946.898764336","2006277.27467382","13.8929629719678","0.315734622439249","index"
"108","108","108","108","108","108","108","108","108","108","108","108","108","108","108","108","108","108","108","108","108","108",NA,NA,NA,NA,NA,"CA","shortspine thornyhead","shortspine_thornyhead",NA,NA,NA,"total_catch_wt_kg ~ 0 + factor(year) + pass + depth_m + (depth_m^2)","delta_gamma","TRUE","iid, iid","01_5","2005","1014360.74827361","629513.808735257","1634479.99608682","13.8297691673912","0.243405543617824","index"
"109","109","109","109","109","109","109","109","109","109","109","109","109","109","109","109","109","109","109","109","109","109",NA,NA,NA,NA,NA,"CA","shortspine thornyhead","shortspine_thornyhead",NA,NA,NA,"total_catch_wt_kg ~ 0 + factor(year) + pass + depth_m + (depth_m^2)","delta_gamma","TRUE","iid, iid","01_5","2006","1151698.69099365","735753.779464895","1802790.43323593","13.9567485330701","0.228625491914525","index"
"110","110","110","110","110","110","110","110","110","110","110","110","110","110","110","110","110","110","110","110","110","110",NA,NA,NA,NA,NA,"CA","shortspine thornyhead","shortspine_thornyhead",NA,NA,NA,"total_catch_wt_kg ~ 0 + factor(year) + pass + depth_m + (depth_m^2)","delta_gamma","TRUE","iid, iid","01_5","2007","701160.641451385","431837.357363667","1138452.32872361","13.4604923001792","0.24729433563546","index"
"111","111","111","111","111","111","111","111","111","111","111","111","111","111","111","111","111","111","111","111","111","111",NA,NA,NA,NA,NA,"CA","shortspine thornyhead","shortspine_thornyhead",NA,NA,NA,"total_catch_wt_kg ~ 0 + factor(year) + pass + depth_m + (depth_m^2)","delta_gamma","TRUE","iid, iid","01_5","2008","709298.101378356","459128.706411576","1095779.43960651","13.4720311704326","0.22191495252039","index"
"112","112","112","112","112","112","112","112","112","112","112","112","112","112","112","112","112","112","112","112","112","112",NA,NA,NA,NA,NA,"CA","shortspine thornyhead","shortspine_thornyhead",NA,NA,NA,"total_catch_wt_kg ~ 0 + factor(year) + pass + depth_m + (depth_m^2)","delta_gamma","TRUE","iid, iid","01_5","2009","787438.455542329","499007.183625981","1242585.961912","13.5765404949356","0.232741380892571","index"
"113","113","113","113","113","113","113","113","113","113","113","113","113","113","113","113","113","113","113","113","113","113",NA,NA,NA,NA,NA,"CA","shortspine thornyhead","shortspine_thornyhead",NA,NA,NA,"total_catch_wt_kg ~ 0 + factor(year) + pass + depth_m + (depth_m^2)","delta_gamma","TRUE","iid, iid","01_5","2010","1027113.45296906","649897.831078034","1623273.68214183","13.842262953081","0.233520875960393","index"
"114","114","114","114","114","114","114","114","114","114","114","114","114","114","114","114","114","114","114","114","114","114",NA,NA,NA,NA,NA,"CA","shortspine thornyhead","shortspine_thornyhead",NA,NA,NA,"total_catch_wt_kg ~ 0 + factor(year) + pass + depth_m + (depth_m^2)","delta_gamma","TRUE","iid, iid","01_5","2011","832123.149733218","536537.300377423","1290551.34812593","13.6317357253563","0.223904298640735","index"
"115","115","115","115","115","115","115","115","115","115","115","115","115","115","115","115","115","115","115","115","115","115",NA,NA,NA,NA,NA,"CA","shortspine thornyhead","shortspine_thornyhead",NA,NA,NA,"total_catch_wt_kg ~ 0 + factor(year) + pass + depth_m + (depth_m^2)","delta_gamma","TRUE","iid, iid","01_5","2012","1185210.04159408","729636.350383385","1925236.92378722","13.9854305671348","0.247519358577288","index"
"116","116","116","116","116","116","116","116","116","116","116","116","116","116","116","116","116","116","116","116","116","116",NA,NA,NA,NA,NA,"CA","shortspine thornyhead","shortspine_thornyhead",NA,NA,NA,"total_catch_wt_kg ~ 0 + factor(year) + pass + depth_m + (depth_m^2)","delta_gamma","TRUE","iid, iid","01_5","2013","1421058.74066964","801862.111265624","2518398.00891231","14.1669127437827","0.291954753923902","index"
"117","117","117","117","117","117","117","117","117","117","117","117","117","117","117","117","117","117","117","117","117","117",NA,NA,NA,NA,NA,"CA","shortspine thornyhead","shortspine_thornyhead",NA,NA,NA,"total_catch_wt_kg ~ 0 + factor(year) + pass + depth_m + (depth_m^2)","delta_gamma","TRUE","iid, iid","01_5","2014","828040.582592155","521913.001594001","1313727.00876482","13.6268174449588","0.235494763800599","index"
"118","118","118","118","118","118","118","118","118","118","118","118","118","118","118","118","118","118","118","118","118","118",NA,NA,NA,NA,NA,"CA","shortspine thornyhead","shortspine_thornyhead",NA,NA,NA,"total_catch_wt_kg ~ 0 + factor(year) + pass + depth_m + (depth_m^2)","delta_gamma","TRUE","iid, iid","01_5","2015","974304.883716842","615664.34630738","1541862.88702278","13.78947955594","0.234199382188122","index"
"119","119","119","119","119","119","119","119","119","119","119","119","119","119","119","119","119","119","119","119","119","119",NA,NA,NA,NA,NA,"CA","shortspine thornyhead","shortspine_thornyhead",NA,NA,NA,"total_catch_wt_kg ~ 0 + factor(year) + pass + depth_m + (depth_m^2)","delta_gamma","TRUE","iid, iid","01_5","2016","1024037.46349085","671943.330951125","1560626.73491888","13.8392636693526","0.214970471737464","index"
"120","120","120","120","120","120","120","120","120","120","120","120","120","120","120","120","120","120","120","120","120","120",NA,NA,NA,NA,NA,"CA","shortspine thornyhead","shortspine_thornyhead",NA,NA,NA,"total_catch_wt_kg ~ 0 + factor(year) + pass + depth_m + (depth_m^2)","delta_gamma","TRUE","iid, iid","01_5","2017","1008285.7017393","656173.324908656","1549346.82307214","13.8237621217187","0.219178452910252","index"
"121","121","121","121","121","121","121","121","121","121","121","121","121","121","121","121","121","121","121","121","121","121",NA,NA,NA,NA,NA,"CA","shortspine thornyhead","shortspine_thornyhead",NA,NA,NA,"total_catch_wt_kg ~ 0 + factor(year) + pass + depth_m + (depth_m^2)","delta_gamma","TRUE","iid, iid","01_5","2018","1250289.18113824","825275.044152719","1894184.30564106","14.038885427433","0.211949522594365","index"
"122","122","122","122","122","122","122","122","122","122","122","122","122","122","122","122","122","122","122","122","122","122",NA,NA,NA,NA,NA,"CA","shortspine thornyhead","shortspine_thornyhead",NA,NA,NA,"total_catch_wt_kg ~ 0 + factor(year) + pass + depth_m + (depth_m^2)","delta_gamma","TRUE","iid, iid","01_5","2019","850280.034478904","475246.634905394","1521265.13673761","13.6533210265371","0.296807416607223","index"
"123","123","123","123","123","123","123","123","123","123","123","123","123","123","123","123","123","123","123","123","123","123",NA,NA,NA,NA,NA,"CA","shortspine thornyhead","shortspine_thornyhead",NA,NA,NA,"total_catch_wt_kg ~ 0 + factor(year) + pass + depth_m + (depth_m^2)","delta_gamma","TRUE","iid, iid","01_5","2021","1505930.93099154","939417.158249027","2414079.78234509","14.2249218237348","0.240773253964849","index"
"124","124","124","124","124","124","124","124","124","124","124","124","124","124","124","124","124","124","124","124","124","124",NA,NA,NA,NA,NA,"CA","shortspine thornyhead","shortspine_thornyhead",NA,NA,NA,"total_catch_wt_kg ~ 0 + factor(year) + pass + depth_m + (depth_m^2)","delta_gamma","TRUE","iid, iid","01_5","2022","1522447.69830281","943307.695210667","2457148.40007733","14.2358299254657","0.244230060797736","index"
"125","125","125","125","125","125","125","125","125","125","125","125","125","125","125","125","125","125","125","125","125","125",NA,NA,NA,NA,NA,"CA","shortspine thornyhead","shortspine_thornyhead",NA,NA,NA,"total_catch_wt_kg ~ 0 + factor(year) + pass + depth_m + (depth_m^2)","delta_gamma","TRUE","iid, iid","01_5","2023","1491235.84621605","903652.394908498","2460884.69589555","14.2151157611278","0.255573938377194","index"
"126","126","126","126","126","126","126","126","126","126","126","126","126","126","126","126","126","126","126","126","126","126",NA,NA,NA,NA,NA,"CA","shortspine thornyhead","shortspine_thornyhead",NA,NA,NA,"total_catch_wt_kg ~ 0 + factor(year) + pass + depth_m + (depth_m^2)","delta_gamma","TRUE","iid, iid","01_5","2024","1384131.90874407","857521.564628096","2234137.56554845","14.1405837204042","0.244281077724108","index"
"127","127","127","127","127","127","127","127","127","127","127","127","127","127","127","127","127","127","127","127","127",NA,NA,NA,NA,NA,NA,"CA","shortspine thornyhead","shortspine_thornyhead",NA,NA,NA,"total_catch_wt_kg ~ 0 + factor(year) + pass + depth_m + (depth_m^2)","delta_gamma","TRUE","iid, iid","01_6","2003","1060288.62242202","675526.018999744","1664202.3122991","13.8740517143291","0.230006655280449","index"
"128","128","128","128","128","128","128","128","128","128","128","128","128","128","128","128","128","128","128","128","128",NA,NA,NA,NA,NA,NA,"CA","shortspine thornyhead","shortspine_thornyhead",NA,NA,NA,"total_catch_wt_kg ~ 0 + factor(year) + pass + depth_m + (depth_m^2)","delta_gamma","TRUE","iid, iid","01_6","2004","668978.377955593","343606.948684429","1302453.49194935","13.4135070186413","0.339931412938948","index"
"129","129","129","129","129","129","129","129","129","129","129","129","129","129","129","129","129","129","129","129","129",NA,NA,NA,NA,NA,NA,"CA","shortspine thornyhead","shortspine_thornyhead",NA,NA,NA,"total_catch_wt_kg ~ 0 + factor(year) + pass + depth_m + (depth_m^2)","delta_gamma","TRUE","iid, iid","01_6","2005","830247.109278482","539960.638521012","1276593.53902785","13.6294786574846","0.21950767290738","index"
"130","130","130","130","130","130","130","130","130","130","130","130","130","130","130","130","130","130","130","130","130",NA,NA,NA,NA,NA,NA,"CA","shortspine thornyhead","shortspine_thornyhead",NA,NA,NA,"total_catch_wt_kg ~ 0 + factor(year) + pass + depth_m + (depth_m^2)","delta_gamma","TRUE","iid, iid","01_6","2006","679370.375800252","446834.262492195","1032920.13674318","13.4289217302847","0.213768572367223","index"
"131","131","131","131","131","131","131","131","131","131","131","131","131","131","131","131","131","131","131","131","131",NA,NA,NA,NA,NA,NA,"CA","shortspine thornyhead","shortspine_thornyhead",NA,NA,NA,"total_catch_wt_kg ~ 0 + factor(year) + pass + depth_m + (depth_m^2)","delta_gamma","TRUE","iid, iid","01_6","2007","1201024.68115116","789987.150666157","1825928.79329478","13.9986856513515","0.21373540295866","index"
"132","132","132","132","132","132","132","132","132","132","132","132","132","132","132","132","132","132","132","132","132",NA,NA,NA,NA,NA,NA,"CA","shortspine thornyhead","shortspine_thornyhead",NA,NA,NA,"total_catch_wt_kg ~ 0 + factor(year) + pass + depth_m + (depth_m^2)","delta_gamma","TRUE","iid, iid","01_6","2008","748164.330861803","494008.494717637","1133077.4105288","13.525377926493","0.211774266241687","index"
"133","133","133","133","133","133","133","133","133","133","133","133","133","133","133","133","133","133","133","133","133",NA,NA,NA,NA,NA,NA,"CA","shortspine thornyhead","shortspine_thornyhead",NA,NA,NA,"total_catch_wt_kg ~ 0 + factor(year) + pass + depth_m + (depth_m^2)","delta_gamma","TRUE","iid, iid","01_6","2009","694592.080708054","450663.765642083","1070550.14262121","13.4510800180006","0.220719978377877","index"
"134","134","134","134","134","134","134","134","134","134","134","134","134","134","134","134","134","134","134","134","134",NA,NA,NA,NA,NA,NA,"CA","shortspine thornyhead","shortspine_thornyhead",NA,NA,NA,"total_catch_wt_kg ~ 0 + factor(year) + pass + depth_m + (depth_m^2)","delta_gamma","TRUE","iid, iid","01_6","2010","695201.806648913","460963.80048395","1048467.47501758","13.4519574516769","0.209637860653714","index"
"135","135","135","135","135","135","135","135","135","135","135","135","135","135","135","135","135","135","135","135","135",NA,NA,NA,NA,NA,NA,"CA","shortspine thornyhead","shortspine_thornyhead",NA,NA,NA,"total_catch_wt_kg ~ 0 + factor(year) + pass + depth_m + (depth_m^2)","delta_gamma","TRUE","iid, iid","01_6","2011","728202.269075108","472142.609350224","1123132.15156734","13.498334130724","0.221074354812055","index"
"136","136","136","136","136","136","136","136","136","136","136","136","136","136","136","136","136","136","136","136","136",NA,NA,NA,NA,NA,NA,"CA","shortspine thornyhead","shortspine_thornyhead",NA,NA,NA,"total_catch_wt_kg ~ 0 + factor(year) + pass + depth_m + (depth_m^2)","delta_gamma","TRUE","iid, iid","01_6","2012","816478.906129988","529955.876728983","1257911.90064704","13.612756356558","0.220517993881134","index"
"137","137","137","137","137","137","137","137","137","137","137","137","137","137","137","137","137","137","137","137","137",NA,NA,NA,NA,NA,NA,"CA","shortspine thornyhead","shortspine_thornyhead",NA,NA,NA,"total_catch_wt_kg ~ 0 + factor(year) + pass + depth_m + (depth_m^2)","delta_gamma","TRUE","iid, iid","01_6","2013","749775.48240137","475604.70952843","1181996.86156935","13.5275290838981","0.232242399069731","index"
"138","138","138","138","138","138","138","138","138","138","138","138","138","138","138","138","138","138","138","138","138",NA,NA,NA,NA,NA,NA,"CA","shortspine thornyhead","shortspine_thornyhead",NA,NA,NA,"total_catch_wt_kg ~ 0 + factor(year) + pass + depth_m + (depth_m^2)","delta_gamma","TRUE","iid, iid","01_6","2014","794830.336840314","507265.792290012","1245412.70861115","13.5858839580812","0.229133581673358","index"
"139","139","139","139","139","139","139","139","139","139","139","139","139","139","139","139","139","139","139","139","139",NA,NA,NA,NA,NA,NA,"CA","shortspine thornyhead","shortspine_thornyhead",NA,NA,NA,"total_catch_wt_kg ~ 0 + factor(year) + pass + depth_m + (depth_m^2)","delta_gamma","TRUE","iid, iid","01_6","2015","813715.664045117","517440.435528216","1279631.69564911","13.6093662768929","0.230982091199283","index"
"140","140","140","140","140","140","140","140","140","140","140","140","140","140","140","140","140","140","140","140","140",NA,NA,NA,NA,NA,NA,"CA","shortspine thornyhead","shortspine_thornyhead",NA,NA,NA,"total_catch_wt_kg ~ 0 + factor(year) + pass + depth_m + (depth_m^2)","delta_gamma","TRUE","iid, iid","01_6","2016","982965.2220373","628342.73293445","1537728.65840661","13.7983290190907","0.228314383814616","index"
"141","141","141","141","141","141","141","141","141","141","141","141","141","141","141","141","141","141","141","141","141",NA,NA,NA,NA,NA,NA,"CA","shortspine thornyhead","shortspine_thornyhead",NA,NA,NA,"total_catch_wt_kg ~ 0 + factor(year) + pass + depth_m + (depth_m^2)","delta_gamma","TRUE","iid, iid","01_6","2017","1315363.7436964","844875.070888774","2047855.16562932","14.0896237965202","0.225861163625889","index"
"142","142","142","142","142","142","142","142","142","142","142","142","142","142","142","142","142","142","142","142","142",NA,NA,NA,NA,NA,NA,"CA","shortspine thornyhead","shortspine_thornyhead",NA,NA,NA,"total_catch_wt_kg ~ 0 + factor(year) + pass + depth_m + (depth_m^2)","delta_gamma","TRUE","iid, iid","01_6","2018","870922.036274097","576743.220806303","1315152.3345301","13.677307741236","0.210287190299807","index"
"143","143","143","143","143","143","143","143","143","143","143","143","143","143","143","143","143","143","143","143","143",NA,NA,NA,NA,NA,NA,"CA","shortspine thornyhead","shortspine_thornyhead",NA,NA,NA,"total_catch_wt_kg ~ 0 + factor(year) + pass + depth_m + (depth_m^2)","delta_gamma","TRUE","iid, iid","01_6","2019","802013.965065796","450478.737804058","1427872.94089858","13.5948812994973","0.294298847332784","index"
"144","144","144","144","144","144","144","144","144","144","144","144","144","144","144","144","144","144","144","144","144",NA,NA,NA,NA,NA,NA,"CA","shortspine thornyhead","shortspine_thornyhead",NA,NA,NA,"total_catch_wt_kg ~ 0 + factor(year) + pass + depth_m + (depth_m^2)","delta_gamma","TRUE","iid, iid","01_6","2021","1164024.50088148","758295.127738807","1786841.28261878","13.9673939559192","0.218660148795376","index"
"145","145","145","145","145","145","145","145","145","145","145","145","145","145","145","145","145","145","145","145","145",NA,NA,NA,NA,NA,NA,"CA","shortspine thornyhead","shortspine_thornyhead",NA,NA,NA,"total_catch_wt_kg ~ 0 + factor(year) + pass + depth_m + (depth_m^2)","delta_gamma","TRUE","iid, iid","01_6","2022","1387256.42686711","892729.870266862","2155725.32966642","14.1428385609884","0.224901705985319","index"
"146","146","146","146","146","146","146","146","146","146","146","146","146","146","146","146","146","146","146","146","146",NA,NA,NA,NA,NA,NA,"CA","shortspine thornyhead","shortspine_thornyhead",NA,NA,NA,"total_catch_wt_kg ~ 0 + factor(year) + pass + depth_m + (depth_m^2)","delta_gamma","TRUE","iid, iid","01_6","2023","1002817.92786107","623965.984908703","1611696.50391554","13.8183245229097","0.242082707718493","index"
"147","147","147","147","147","147","147","147","147","147","147","147","147","147","147","147","147","147","147","147","147",NA,NA,NA,NA,NA,NA,"CA","shortspine thornyhead","shortspine_thornyhead",NA,NA,NA,"total_catch_wt_kg ~ 0 + factor(year) + pass + depth_m + (depth_m^2)","delta_gamma","TRUE","iid, iid","01_6","2024","1091072.98099092","698980.822361934","1703108.60006971","13.9026721562451","0.22719477232123","index"
"148","148","148","148","148","148","148","148","148","148","148","148","148","148","148","148","148","148","148","148",NA,NA,NA,NA,NA,NA,NA,"CA","shortspine thornyhead","shortspine_thornyhead",NA,NA,NA,"total_catch_wt_kg ~ 0 + factor(year) + pass + depth_m + (depth_m^2)","delta_gamma","TRUE","iid, iid","01_7","2003","1069394.26938203","676761.674898693","1689818.06417793","13.8826029427598","0.233437189469124","index"
"149","149","149","149","149","149","149","149","149","149","149","149","149","149","149","149","149","149","149","149",NA,NA,NA,NA,NA,NA,NA,"CA","shortspine thornyhead","shortspine_thornyhead",NA,NA,NA,"total_catch_wt_kg ~ 0 + factor(year) + pass + depth_m + (depth_m^2)","delta_gamma","TRUE","iid, iid","01_7","2004","823432.026679154","485137.59461565","1397624.73592284","13.6212362832127","0.26992764023368","index"
"150","150","150","150","150","150","150","150","150","150","150","150","150","150","150","150","150","150","150","150",NA,NA,NA,NA,NA,NA,NA,"CA","shortspine thornyhead","shortspine_thornyhead",NA,NA,NA,"total_catch_wt_kg ~ 0 + factor(year) + pass + depth_m + (depth_m^2)","delta_gamma","TRUE","iid, iid","01_7","2005","952246.195262636","600587.801823064","1509808.91326745","13.7665788888093","0.235164915327363","index"
"151","151","151","151","151","151","151","151","151","151","151","151","151","151","151","151","151","151","151","151",NA,NA,NA,NA,NA,NA,NA,"CA","shortspine thornyhead","shortspine_thornyhead",NA,NA,NA,"total_catch_wt_kg ~ 0 + factor(year) + pass + depth_m + (depth_m^2)","delta_gamma","TRUE","iid, iid","01_7","2006","1093546.03343037","692056.847906793","1727954.76390164","13.9049362155429","0.233429204705655","index"
"152","152","152","152","152","152","152","152","152","152","152","152","152","152","152","152","152","152","152","152",NA,NA,NA,NA,NA,NA,NA,"CA","shortspine thornyhead","shortspine_thornyhead",NA,NA,NA,"total_catch_wt_kg ~ 0 + factor(year) + pass + depth_m + (depth_m^2)","delta_gamma","TRUE","iid, iid","01_7","2007","807423.909550008","517603.943618221","1259521.64343222","13.6016040999796","0.226860525142834","index"
"153","153","153","153","153","153","153","153","153","153","153","153","153","153","153","153","153","153","153","153",NA,NA,NA,NA,NA,NA,NA,"CA","shortspine thornyhead","shortspine_thornyhead",NA,NA,NA,"total_catch_wt_kg ~ 0 + factor(year) + pass + depth_m + (depth_m^2)","delta_gamma","TRUE","iid, iid","01_7","2008","971915.376012378","627552.096009586","1505244.75041328","13.7870240179368","0.223188820466147","index"
"154","154","154","154","154","154","154","154","154","154","154","154","154","154","154","154","154","154","154","154",NA,NA,NA,NA,NA,NA,NA,"CA","shortspine thornyhead","shortspine_thornyhead",NA,NA,NA,"total_catch_wt_kg ~ 0 + factor(year) + pass + depth_m + (depth_m^2)","delta_gamma","TRUE","iid, iid","01_7","2009","788678.760394312","515901.035289416","1205685.09180868","13.5781143691316","0.216557109459727","index"
"155","155","155","155","155","155","155","155","155","155","155","155","155","155","155","155","155","155","155","155",NA,NA,NA,NA,NA,NA,NA,"CA","shortspine thornyhead","shortspine_thornyhead",NA,NA,NA,"total_catch_wt_kg ~ 0 + factor(year) + pass + depth_m + (depth_m^2)","delta_gamma","TRUE","iid, iid","01_7","2010","727590.457032673","472015.068763436","1121548.67121484","13.4974936098621","0.220783353097822","index"
"156","156","156","156","156","156","156","156","156","156","156","156","156","156","156","156","156","156","156","156",NA,NA,NA,NA,NA,NA,NA,"CA","shortspine thornyhead","shortspine_thornyhead",NA,NA,NA,"total_catch_wt_kg ~ 0 + factor(year) + pass + depth_m + (depth_m^2)","delta_gamma","TRUE","iid, iid","01_7","2011","776000.319857145","476441.068910828","1263905.51888191","13.5619082113523","0.248886661015531","index"
"157","157","157","157","157","157","157","157","157","157","157","157","157","157","157","157","157","157","157","157",NA,NA,NA,NA,NA,NA,NA,"CA","shortspine thornyhead","shortspine_thornyhead",NA,NA,NA,"total_catch_wt_kg ~ 0 + factor(year) + pass + depth_m + (depth_m^2)","delta_gamma","TRUE","iid, iid","01_7","2012","1227592.12396508","777485.576752195","1938277.01488206","14.0205651859081","0.233037350404603","index"
"158","158","158","158","158","158","158","158","158","158","158","158","158","158","158","158","158","158","158","158",NA,NA,NA,NA,NA,NA,NA,"CA","shortspine thornyhead","shortspine_thornyhead",NA,NA,NA,"total_catch_wt_kg ~ 0 + factor(year) + pass + depth_m + (depth_m^2)","delta_gamma","TRUE","iid, iid","01_7","2013","729109.916522417","448721.234932696","1184702.72629523","13.4995797767477","0.247669173655794","index"
"159","159","159","159","159","159","159","159","159","159","159","159","159","159","159","159","159","159","159","159",NA,NA,NA,NA,NA,NA,NA,"CA","shortspine thornyhead","shortspine_thornyhead",NA,NA,NA,"total_catch_wt_kg ~ 0 + factor(year) + pass + depth_m + (depth_m^2)","delta_gamma","TRUE","iid, iid","01_7","2014","907340.701653639","586801.972954459","1402972.70087947","13.7182732943451","0.222366640566444","index"
"160","160","160","160","160","160","160","160","160","160","160","160","160","160","160","160","160","160","160","160",NA,NA,NA,NA,NA,NA,NA,"CA","shortspine thornyhead","shortspine_thornyhead",NA,NA,NA,"total_catch_wt_kg ~ 0 + factor(year) + pass + depth_m + (depth_m^2)","delta_gamma","TRUE","iid, iid","01_7","2015","1172398.54131655","778856.942090087","1764789.22559592","13.9745622436323","0.208666884639921","index"
"161","161","161","161","161","161","161","161","161","161","161","161","161","161","161","161","161","161","161","161",NA,NA,NA,NA,NA,NA,NA,"CA","shortspine thornyhead","shortspine_thornyhead",NA,NA,NA,"total_catch_wt_kg ~ 0 + factor(year) + pass + depth_m + (depth_m^2)","delta_gamma","TRUE","iid, iid","01_7","2016","1285559.56346037","819115.427896917","2017619.66008581","14.066704639473","0.229965628205785","index"
"162","162","162","162","162","162","162","162","162","162","162","162","162","162","162","162","162","162","162","162",NA,NA,NA,NA,NA,NA,NA,"CA","shortspine thornyhead","shortspine_thornyhead",NA,NA,NA,"total_catch_wt_kg ~ 0 + factor(year) + pass + depth_m + (depth_m^2)","delta_gamma","TRUE","iid, iid","01_7","2017","1643571.88889561","1046935.07293257","2580225.48275244","14.3123824124718","0.2301087880085","index"
"163","163","163","163","163","163","163","163","163","163","163","163","163","163","163","163","163","163","163","163",NA,NA,NA,NA,NA,NA,NA,"CA","shortspine thornyhead","shortspine_thornyhead",NA,NA,NA,"total_catch_wt_kg ~ 0 + factor(year) + pass + depth_m + (depth_m^2)","delta_gamma","TRUE","iid, iid","01_7","2018","1345151.62358219","870300.794375384","2079089.09439113","14.1120172959523","0.222158737532537","index"
"164","164","164","164","164","164","164","164","164","164","164","164","164","164","164","164","164","164","164","164",NA,NA,NA,NA,NA,NA,NA,"CA","shortspine thornyhead","shortspine_thornyhead",NA,NA,NA,"total_catch_wt_kg ~ 0 + factor(year) + pass + depth_m + (depth_m^2)","delta_gamma","TRUE","iid, iid","01_7","2019","1603571.69609969","894259.480920229","2875498.93447697","14.28774400937","0.297960959905406","index"
"165","165","165","165","165","165","165","165","165","165","165","165","165","165","165","165","165","165","165","165",NA,NA,NA,NA,NA,NA,NA,"CA","shortspine thornyhead","shortspine_thornyhead",NA,NA,NA,"total_catch_wt_kg ~ 0 + factor(year) + pass + depth_m + (depth_m^2)","delta_gamma","TRUE","iid, iid","01_7","2021","1239255.81174533","816422.449371445","1881078.80684435","14.0300216055997","0.212929625925102","index"
"166","166","166","166","166","166","166","166","166","166","166","166","166","166","166","166","166","166","166","166",NA,NA,NA,NA,NA,NA,NA,"CA","shortspine thornyhead","shortspine_thornyhead",NA,NA,NA,"total_catch_wt_kg ~ 0 + factor(year) + pass + depth_m + (depth_m^2)","delta_gamma","TRUE","iid, iid","01_7","2022","1980874.22566443","1243392.85393916","3155770.66851444","14.4990488333392","0.237603580170629","index"
"167","167","167","167","167","167","167","167","167","167","167","167","167","167","167","167","167","167","167","167",NA,NA,NA,NA,NA,NA,NA,"CA","shortspine thornyhead","shortspine_thornyhead",NA,NA,NA,"total_catch_wt_kg ~ 0 + factor(year) + pass + depth_m + (depth_m^2)","delta_gamma","TRUE","iid, iid","01_7","2023","1519432.75672761","981996.874039474","2351001.27429127","14.2338476368077","0.22271033354614","index"
"168","168","168","168","168","168","168","168","168","168","168","168","168","168","168","168","168","168","168","168",NA,NA,NA,NA,NA,NA,NA,"CA","shortspine thornyhead","shortspine_thornyhead",NA,NA,NA,"total_catch_wt_kg ~ 0 + factor(year) + pass + depth_m + (depth_m^2)","delta_gamma","TRUE","iid, iid","01_7","2024","1193713.06907982","760406.108846421","1873934.0396064","13.992579233402","0.230091631105244","index"
"169","169","169","169","169","169","169","169","169","169","169","169","169","169","169","169","169","169","169",NA,NA,NA,NA,NA,NA,NA,NA,"CA","shortspine thornyhead","shortspine_thornyhead",NA,NA,NA,"total_catch_wt_kg ~ 0 + factor(year) + pass + depth_m + (depth_m^2)","delta_gamma","TRUE","iid, iid","01_8","2003","904058.439640455","549755.377770362","1486700.62237488","13.7146492829048","0.253790679955613","index"
"170","170","170","170","170","170","170","170","170","170","170","170","170","170","170","170","170","170","170",NA,NA,NA,NA,NA,NA,NA,NA,"CA","shortspine thornyhead","shortspine_thornyhead",NA,NA,NA,"total_catch_wt_kg ~ 0 + factor(year) + pass + depth_m + (depth_m^2)","delta_gamma","TRUE","iid, iid","01_8","2004","805031.483793716","453152.297993843","1430149.84756387","13.5986366659387","0.293195754537576","index"
"171","171","171","171","171","171","171","171","171","171","171","171","171","171","171","171","171","171","171",NA,NA,NA,NA,NA,NA,NA,NA,"CA","shortspine thornyhead","shortspine_thornyhead",NA,NA,NA,"total_catch_wt_kg ~ 0 + factor(year) + pass + depth_m + (depth_m^2)","delta_gamma","TRUE","iid, iid","01_8","2005","962704.42877243","618117.842870169","1499390.16947731","13.7775017161216","0.226058905724078","index"
"172","172","172","172","172","172","172","172","172","172","172","172","172","172","172","172","172","172","172",NA,NA,NA,NA,NA,NA,NA,NA,"CA","shortspine thornyhead","shortspine_thornyhead",NA,NA,NA,"total_catch_wt_kg ~ 0 + factor(year) + pass + depth_m + (depth_m^2)","delta_gamma","TRUE","iid, iid","01_8","2006","938547.913278006","604187.519921893","1457945.01950715","13.7520891867455","0.224723157180294","index"
"173","173","173","173","173","173","173","173","173","173","173","173","173","173","173","173","173","173","173",NA,NA,NA,NA,NA,NA,NA,NA,"CA","shortspine thornyhead","shortspine_thornyhead",NA,NA,NA,"total_catch_wt_kg ~ 0 + factor(year) + pass + depth_m + (depth_m^2)","delta_gamma","TRUE","iid, iid","01_8","2007","934569.502010175","599402.580247126","1457151.14160411","13.7478412765848","0.226612601821365","index"
"174","174","174","174","174","174","174","174","174","174","174","174","174","174","174","174","174","174","174",NA,NA,NA,NA,NA,NA,NA,NA,"CA","shortspine thornyhead","shortspine_thornyhead",NA,NA,NA,"total_catch_wt_kg ~ 0 + factor(year) + pass + depth_m + (depth_m^2)","delta_gamma","TRUE","iid, iid","01_8","2008","899069.704376502","590826.640132225","1368127.76950401","13.7091158459058","0.214206959397896","index"
"175","175","175","175","175","175","175","175","175","175","175","175","175","175","175","175","175","175","175",NA,NA,NA,NA,NA,NA,NA,NA,"CA","shortspine thornyhead","shortspine_thornyhead",NA,NA,NA,"total_catch_wt_kg ~ 0 + factor(year) + pass + depth_m + (depth_m^2)","delta_gamma","TRUE","iid, iid","01_8","2009","772846.805138603","500082.151521946","1194388.12682107","13.557836125702","0.222100233567385","index"
"176","176","176","176","176","176","176","176","176","176","176","176","176","176","176","176","176","176","176",NA,NA,NA,NA,NA,NA,NA,NA,"CA","shortspine thornyhead","shortspine_thornyhead",NA,NA,NA,"total_catch_wt_kg ~ 0 + factor(year) + pass + depth_m + (depth_m^2)","delta_gamma","TRUE","iid, iid","01_8","2010","779927.899066817","510752.264583949","1190963.93676938","13.5669567572994","0.215981933406979","index"
"177","177","177","177","177","177","177","177","177","177","177","177","177","177","177","177","177","177","177",NA,NA,NA,NA,NA,NA,NA,NA,"CA","shortspine thornyhead","shortspine_thornyhead",NA,NA,NA,"total_catch_wt_kg ~ 0 + factor(year) + pass + depth_m + (depth_m^2)","delta_gamma","TRUE","iid, iid","01_8","2011","796484.51966758","523568.607736703","1211660.86105209","13.5879629726978","0.214054757869461","index"
"178","178","178","178","178","178","178","178","178","178","178","178","178","178","178","178","178","178","178",NA,NA,NA,NA,NA,NA,NA,NA,"CA","shortspine thornyhead","shortspine_thornyhead",NA,NA,NA,"total_catch_wt_kg ~ 0 + factor(year) + pass + depth_m + (depth_m^2)","delta_gamma","TRUE","iid, iid","01_8","2012","778092.162202793","502586.538804006","1204623.21637611","13.5646002565595","0.22300263647392","index"
"179","179","179","179","179","179","179","179","179","179","179","179","179","179","179","179","179","179","179",NA,NA,NA,NA,NA,NA,NA,NA,"CA","shortspine thornyhead","shortspine_thornyhead",NA,NA,NA,"total_catch_wt_kg ~ 0 + factor(year) + pass + depth_m + (depth_m^2)","delta_gamma","TRUE","iid, iid","01_8","2013","1154384.47272599","751695.489694633","1772797.0024301","13.9590778358368","0.218877108055669","index"
"180","180","180","180","180","180","180","180","180","180","180","180","180","180","180","180","180","180","180",NA,NA,NA,NA,NA,NA,NA,NA,"CA","shortspine thornyhead","shortspine_thornyhead",NA,NA,NA,"total_catch_wt_kg ~ 0 + factor(year) + pass + depth_m + (depth_m^2)","delta_gamma","TRUE","iid, iid","01_8","2014","826217.415983619","536735.814872772","1271827.21845469","13.6246132333445","0.220081567398977","index"
"181","181","181","181","181","181","181","181","181","181","181","181","181","181","181","181","181","181","181",NA,NA,NA,NA,NA,NA,NA,NA,"CA","shortspine thornyhead","shortspine_thornyhead",NA,NA,NA,"total_catch_wt_kg ~ 0 + factor(year) + pass + depth_m + (depth_m^2)","delta_gamma","TRUE","iid, iid","01_8","2015","1114714.30046515","710345.188983323","1749273.43907258","13.9241086972765","0.229903400416851","index"
"182","182","182","182","182","182","182","182","182","182","182","182","182","182","182","182","182","182","182",NA,NA,NA,NA,NA,NA,NA,NA,"CA","shortspine thornyhead","shortspine_thornyhead",NA,NA,NA,"total_catch_wt_kg ~ 0 + factor(year) + pass + depth_m + (depth_m^2)","delta_gamma","TRUE","iid, iid","01_8","2016","818939.770526922","543384.418547169","1234231.83451564","13.6157658198708","0.209286252984933","index"
"183","183","183","183","183","183","183","183","183","183","183","183","183","183","183","183","183","183","183",NA,NA,NA,NA,NA,NA,NA,NA,"CA","shortspine thornyhead","shortspine_thornyhead",NA,NA,NA,"total_catch_wt_kg ~ 0 + factor(year) + pass + depth_m + (depth_m^2)","delta_gamma","TRUE","iid, iid","01_8","2017","1118174.43655394","748173.286090544","1671155.72529465","13.9272079460667","0.205012976367672","index"
"184","184","184","184","184","184","184","184","184","184","184","184","184","184","184","184","184","184","184",NA,NA,NA,NA,NA,NA,NA,NA,"CA","shortspine thornyhead","shortspine_thornyhead",NA,NA,NA,"total_catch_wt_kg ~ 0 + factor(year) + pass + depth_m + (depth_m^2)","delta_gamma","TRUE","iid, iid","01_8","2018","1200258.8616326","810144.201760033","1778228.2855297","13.9980478095216","0.200554844351331","index"
"185","185","185","185","185","185","185","185","185","185","185","185","185","185","185","185","185","185","185",NA,NA,NA,NA,NA,NA,NA,NA,"CA","shortspine thornyhead","shortspine_thornyhead",NA,NA,NA,"total_catch_wt_kg ~ 0 + factor(year) + pass + depth_m + (depth_m^2)","delta_gamma","TRUE","iid, iid","01_8","2019","1188866.41245788","645835.34662894","2188488.6822129","13.9885108165079","0.31133783703354","index"
"186","186","186","186","186","186","186","186","186","186","186","186","186","186","186","186","186","186","186",NA,NA,NA,NA,NA,NA,NA,NA,"CA","shortspine thornyhead","shortspine_thornyhead",NA,NA,NA,"total_catch_wt_kg ~ 0 + factor(year) + pass + depth_m + (depth_m^2)","delta_gamma","TRUE","iid, iid","01_8","2021","1547028.51720997","1010028.15282399","2369535.17223192","14.2518465632638","0.217533487408282","index"
"187","187","187","187","187","187","187","187","187","187","187","187","187","187","187","187","187","187","187",NA,NA,NA,NA,NA,NA,NA,NA,"CA","shortspine thornyhead","shortspine_thornyhead",NA,NA,NA,"total_catch_wt_kg ~ 0 + factor(year) + pass + depth_m + (depth_m^2)","delta_gamma","TRUE","iid, iid","01_8","2022","1177378.28444858","755133.790757505","1835727.18061061","13.978800731758","0.226611568594156","index"
"188","188","188","188","188","188","188","188","188","188","188","188","188","188","188","188","188","188","188",NA,NA,NA,NA,NA,NA,NA,NA,"CA","shortspine thornyhead","shortspine_thornyhead",NA,NA,NA,"total_catch_wt_kg ~ 0 + factor(year) + pass + depth_m + (depth_m^2)","delta_gamma","TRUE","iid, iid","01_8","2023","1756453.43348768","1122357.24604628","2748793.82200153","14.3788072393703","0.228507017172932","index"
"189","189","189","189","189","189","189","189","189","189","189","189","189","189","189","189","189","189","189",NA,NA,NA,NA,NA,NA,NA,NA,"CA","shortspine thornyhead","shortspine_thornyhead",NA,NA,NA,"total_catch_wt_kg ~ 0 + factor(year) + pass + depth_m + (depth_m^2)","delta_gamma","TRUE","iid, iid","01_8","2024","1177516.84345368","748370.940281948","1852752.21415563","13.9789184091897","0.231261578918264","index"
"190","190","190","190","190","190","190","190","190","190","190","190","190","190","190","190","190","190",NA,NA,NA,NA,NA,NA,NA,NA,NA,"CA","shortspine thornyhead","shortspine_thornyhead",NA,NA,NA,"total_catch_wt_kg ~ 0 + factor(year) + pass + depth_m + (depth_m^2)","delta_gamma","TRUE","iid, iid","01_9","2003","844125.939325087","545624.391634783","1305932.45530418","13.6460569796561","0.222642299812948","index"
"191","191","191","191","191","191","191","191","191","191","191","191","191","191","191","191","191","191",NA,NA,NA,NA,NA,NA,NA,NA,NA,"CA","shortspine thornyhead","shortspine_thornyhead",NA,NA,NA,"total_catch_wt_kg ~ 0 + factor(year) + pass + depth_m + (depth_m^2)","delta_gamma","TRUE","iid, iid","01_9","2004","906910.005262626","548266.561113581","1500156.70475126","13.7177985017517","0.25678105958483","index"
"192","192","192","192","192","192","192","192","192","192","192","192","192","192","192","192","192","192",NA,NA,NA,NA,NA,NA,NA,NA,NA,"CA","shortspine thornyhead","shortspine_thornyhead",NA,NA,NA,"total_catch_wt_kg ~ 0 + factor(year) + pass + depth_m + (depth_m^2)","delta_gamma","TRUE","iid, iid","01_9","2005","843101.603613504","548146.485186448","1296770.72320163","13.6448427559532","0.219669810468639","index"
"193","193","193","193","193","193","193","193","193","193","193","193","193","193","193","193","193","193",NA,NA,NA,NA,NA,NA,NA,NA,NA,"CA","shortspine thornyhead","shortspine_thornyhead",NA,NA,NA,"total_catch_wt_kg ~ 0 + factor(year) + pass + depth_m + (depth_m^2)","delta_gamma","TRUE","iid, iid","01_9","2006","601134.467592414","402963.001658501","896763.83846738","13.3065739282458","0.204072065601943","index"
"194","194","194","194","194","194","194","194","194","194","194","194","194","194","194","194","194","194",NA,NA,NA,NA,NA,NA,NA,NA,NA,"CA","shortspine thornyhead","shortspine_thornyhead",NA,NA,NA,"total_catch_wt_kg ~ 0 + factor(year) + pass + depth_m + (depth_m^2)","delta_gamma","TRUE","iid, iid","01_9","2007","759552.917255115","515921.858841954","1118232.58546501","13.5404852723961","0.197337644366793","index"
"195","195","195","195","195","195","195","195","195","195","195","195","195","195","195","195","195","195",NA,NA,NA,NA,NA,NA,NA,NA,NA,"CA","shortspine thornyhead","shortspine_thornyhead",NA,NA,NA,"total_catch_wt_kg ~ 0 + factor(year) + pass + depth_m + (depth_m^2)","delta_gamma","TRUE","iid, iid","01_9","2008","556326.625811687","367485.133991531","842209.074487758","13.2291108572435","0.211571597958593","index"
"196","196","196","196","196","196","196","196","196","196","196","196","196","196","196","196","196","196",NA,NA,NA,NA,NA,NA,NA,NA,NA,"CA","shortspine thornyhead","shortspine_thornyhead",NA,NA,NA,"total_catch_wt_kg ~ 0 + factor(year) + pass + depth_m + (depth_m^2)","delta_gamma","TRUE","iid, iid","01_9","2009","574430.348680517","375208.963835937","879430.55014406","13.261134130767","0.217297739895657","index"
"197","197","197","197","197","197","197","197","197","197","197","197","197","197","197","197","197","197",NA,NA,NA,NA,NA,NA,NA,NA,NA,"CA","shortspine thornyhead","shortspine_thornyhead",NA,NA,NA,"total_catch_wt_kg ~ 0 + factor(year) + pass + depth_m + (depth_m^2)","delta_gamma","TRUE","iid, iid","01_9","2010","555259.52928337","376269.270611634","819394.962439585","13.2271909037587","0.198539664770359","index"
"198","198","198","198","198","198","198","198","198","198","198","198","198","198","198","198","198","198",NA,NA,NA,NA,NA,NA,NA,NA,NA,"CA","shortspine thornyhead","shortspine_thornyhead",NA,NA,NA,"total_catch_wt_kg ~ 0 + factor(year) + pass + depth_m + (depth_m^2)","delta_gamma","TRUE","iid, iid","01_9","2011","758371.06918639","494495.497486951","1163057.46260932","13.5389280820255","0.218185007774772","index"
"199","199","199","199","199","199","199","199","199","199","199","199","199","199","199","199","199","199",NA,NA,NA,NA,NA,NA,NA,NA,NA,"CA","shortspine thornyhead","shortspine_thornyhead",NA,NA,NA,"total_catch_wt_kg ~ 0 + factor(year) + pass + depth_m + (depth_m^2)","delta_gamma","TRUE","iid, iid","01_9","2012","817132.584703028","537844.109172389","1241448.31113032","13.613556643054","0.213387903604457","index"
"200","200","200","200","200","200","200","200","200","200","200","200","200","200","200","200","200","200",NA,NA,NA,NA,NA,NA,NA,NA,NA,"CA","shortspine thornyhead","shortspine_thornyhead",NA,NA,NA,"total_catch_wt_kg ~ 0 + factor(year) + pass + depth_m + (depth_m^2)","delta_gamma","TRUE","iid, iid","01_9","2013","1009129.73566032","622961.702842398","1634679.6580712","13.8245988695245","0.246105821133573","index"
"201","201","201","201","201","201","201","201","201","201","201","201","201","201","201","201","201","201",NA,NA,NA,NA,NA,NA,NA,NA,NA,"CA","shortspine thornyhead","shortspine_thornyhead",NA,NA,NA,"total_catch_wt_kg ~ 0 + factor(year) + pass + depth_m + (depth_m^2)","delta_gamma","TRUE","iid, iid","01_9","2014","719979.622299117","471702.332841562","1098935.96116704","13.4869781882294","0.215756399964749","index"
"202","202","202","202","202","202","202","202","202","202","202","202","202","202","202","202","202","202",NA,NA,NA,NA,NA,NA,NA,NA,NA,"CA","shortspine thornyhead","shortspine_thornyhead",NA,NA,NA,"total_catch_wt_kg ~ 0 + factor(year) + pass + depth_m + (depth_m^2)","delta_gamma","TRUE","iid, iid","01_9","2015","741416.90529626","506506.868906346","1085274.57612964","13.5163183712951","0.194404188142561","index"
"203","203","203","203","203","203","203","203","203","203","203","203","203","203","203","203","203","203",NA,NA,NA,NA,NA,NA,NA,NA,NA,"CA","shortspine thornyhead","shortspine_thornyhead",NA,NA,NA,"total_catch_wt_kg ~ 0 + factor(year) + pass + depth_m + (depth_m^2)","delta_gamma","TRUE","iid, iid","01_9","2016","1004286.13792617","643461.834205911","1567444.39718845","13.819787536564","0.227131490945437","index"
"204","204","204","204","204","204","204","204","204","204","204","204","204","204","204","204","204","204",NA,NA,NA,NA,NA,NA,NA,NA,NA,"CA","shortspine thornyhead","shortspine_thornyhead",NA,NA,NA,"total_catch_wt_kg ~ 0 + factor(year) + pass + depth_m + (depth_m^2)","delta_gamma","TRUE","iid, iid","01_9","2017","980325.559179317","647594.051141236","1484013.32638345","13.7956399987237","0.211545052490096","index"
"205","205","205","205","205","205","205","205","205","205","205","205","205","205","205","205","205","205",NA,NA,NA,NA,NA,NA,NA,NA,NA,"CA","shortspine thornyhead","shortspine_thornyhead",NA,NA,NA,"total_catch_wt_kg ~ 0 + factor(year) + pass + depth_m + (depth_m^2)","delta_gamma","TRUE","iid, iid","01_9","2018","962451.964599791","643068.693130924","1440458.52963551","13.7772394369894","0.205734702482029","index"
"206","206","206","206","206","206","206","206","206","206","206","206","206","206","206","206","206","206",NA,NA,NA,NA,NA,NA,NA,NA,NA,"CA","shortspine thornyhead","shortspine_thornyhead",NA,NA,NA,"total_catch_wt_kg ~ 0 + factor(year) + pass + depth_m + (depth_m^2)","delta_gamma","TRUE","iid, iid","01_9","2019","629299.103331752","372212.877269842","1063953.95118758","13.3523619446479","0.267933864337549","index"
"207","207","207","207","207","207","207","207","207","207","207","207","207","207","207","207","207","207",NA,NA,NA,NA,NA,NA,NA,NA,NA,"CA","shortspine thornyhead","shortspine_thornyhead",NA,NA,NA,"total_catch_wt_kg ~ 0 + factor(year) + pass + depth_m + (depth_m^2)","delta_gamma","TRUE","iid, iid","01_9","2021","977664.719686921","645172.463066606","1481508.21499309","13.7929220678339","0.212069776014298","index"
"208","208","208","208","208","208","208","208","208","208","208","208","208","208","208","208","208","208",NA,NA,NA,NA,NA,NA,NA,NA,NA,"CA","shortspine thornyhead","shortspine_thornyhead",NA,NA,NA,"total_catch_wt_kg ~ 0 + factor(year) + pass + depth_m + (depth_m^2)","delta_gamma","TRUE","iid, iid","01_9","2022","1184857.3304281","771357.536990893","1820020.9710089","13.9851329290399","0.218996703952056","index"
"209","209","209","209","209","209","209","209","209","209","209","209","209","209","209","209","209","209",NA,NA,NA,NA,NA,NA,NA,NA,NA,"CA","shortspine thornyhead","shortspine_thornyhead",NA,NA,NA,"total_catch_wt_kg ~ 0 + factor(year) + pass + depth_m + (depth_m^2)","delta_gamma","TRUE","iid, iid","01_9","2023","1689064.79796706","1075744.59084228","2652060.64340767","14.3396855597474","0.230188891675769","index"
"210","210","210","210","210","210","210","210","210","210","210","210","210","210","210","210","210","210",NA,NA,NA,NA,NA,NA,NA,NA,NA,"CA","shortspine thornyhead","shortspine_thornyhead",NA,NA,NA,"total_catch_wt_kg ~ 0 + factor(year) + pass + depth_m + (depth_m^2)","delta_gamma","TRUE","iid, iid","01_9","2024","1458220.35808353","943770.868754452","2253096.25792496","14.1927273173622","0.221988071671567","index"
"211","211","211","211","211","211","211","211","211","211","211","211","211","211","211","211","211",NA,NA,NA,NA,NA,NA,NA,NA,NA,NA,"CA","shortspine thornyhead","shortspine_thornyhead",NA,NA,NA,"total_catch_wt_kg ~ 0 + factor(year) + pass + depth_m + (depth_m^2)","delta_gamma","TRUE","iid, iid","02_1","2003","1210801.63545962","837789.031160669","1749892.3307705","14.0067932068553","0.187897132183319","index"
"212","212","212","212","212","212","212","212","212","212","212","212","212","212","212","212","212",NA,NA,NA,NA,NA,NA,NA,NA,NA,NA,"CA","shortspine thornyhead","shortspine_thornyhead",NA,NA,NA,"total_catch_wt_kg ~ 0 + factor(year) + pass + depth_m + (depth_m^2)","delta_gamma","TRUE","iid, iid","02_1","2004","1722792.8311458","1190494.14412056","2493095.11827955","14.3594572709889","0.18856379395107","index"
"213","213","213","213","213","213","213","213","213","213","213","213","213","213","213","213","213",NA,NA,NA,NA,NA,NA,NA,NA,NA,NA,"CA","shortspine thornyhead","shortspine_thornyhead",NA,NA,NA,"total_catch_wt_kg ~ 0 + factor(year) + pass + depth_m + (depth_m^2)","delta_gamma","TRUE","iid, iid","02_1","2005","1225543.51871276","873850.247261693","1718780.6731936","14.0188949923053","0.17256985170243","index"
"214","214","214","214","214","214","214","214","214","214","214","214","214","214","214","214","214",NA,NA,NA,NA,NA,NA,NA,NA,NA,NA,"CA","shortspine thornyhead","shortspine_thornyhead",NA,NA,NA,"total_catch_wt_kg ~ 0 + factor(year) + pass + depth_m + (depth_m^2)","delta_gamma","TRUE","iid, iid","02_1","2006","894580.590468939","652831.647682815","1225851.16037845","13.704110273422","0.160735459704218","index"
"215","215","215","215","215","215","215","215","215","215","215","215","215","215","215","215","215",NA,NA,NA,NA,NA,NA,NA,NA,NA,NA,"CA","shortspine thornyhead","shortspine_thornyhead",NA,NA,NA,"total_catch_wt_kg ~ 0 + factor(year) + pass + depth_m + (depth_m^2)","delta_gamma","TRUE","iid, iid","02_1","2007","988461.142294871","721594.816095117","1354022.24078352","13.8039046110527","0.160556800907476","index"
"216","216","216","216","216","216","216","216","216","216","216","216","216","216","216","216","216",NA,NA,NA,NA,NA,NA,NA,NA,NA,NA,"CA","shortspine thornyhead","shortspine_thornyhead",NA,NA,NA,"total_catch_wt_kg ~ 0 + factor(year) + pass + depth_m + (depth_m^2)","delta_gamma","TRUE","iid, iid","02_1","2008","1112154.11033777","805538.450270785","1535478.24405577","13.9218093326234","0.164565838987359","index"
"217","217","217","217","217","217","217","217","217","217","217","217","217","217","217","217","217",NA,NA,NA,NA,NA,NA,NA,NA,NA,NA,"CA","shortspine thornyhead","shortspine_thornyhead",NA,NA,NA,"total_catch_wt_kg ~ 0 + factor(year) + pass + depth_m + (depth_m^2)","delta_gamma","TRUE","iid, iid","02_1","2009","1128759.03642085","829412.393373558","1536144.10934885","13.9366293893697","0.157225654420404","index"
"218","218","218","218","218","218","218","218","218","218","218","218","218","218","218","218","218",NA,NA,NA,NA,NA,NA,NA,NA,NA,NA,"CA","shortspine thornyhead","shortspine_thornyhead",NA,NA,NA,"total_catch_wt_kg ~ 0 + factor(year) + pass + depth_m + (depth_m^2)","delta_gamma","TRUE","iid, iid","02_1","2010","841931.987777429","616356.982232936","1150063.18168869","13.6434545153509","0.159121762715153","index"
"219","219","219","219","219","219","219","219","219","219","219","219","219","219","219","219","219",NA,NA,NA,NA,NA,NA,NA,NA,NA,NA,"CA","shortspine thornyhead","shortspine_thornyhead",NA,NA,NA,"total_catch_wt_kg ~ 0 + factor(year) + pass + depth_m + (depth_m^2)","delta_gamma","TRUE","iid, iid","02_1","2011","878907.809888076","639545.711248819","1207855.70866211","13.6864352904935","0.162208038456327","index"
"220","220","220","220","220","220","220","220","220","220","220","220","220","220","220","220","220",NA,NA,NA,NA,NA,NA,NA,NA,NA,NA,"CA","shortspine thornyhead","shortspine_thornyhead",NA,NA,NA,"total_catch_wt_kg ~ 0 + factor(year) + pass + depth_m + (depth_m^2)","delta_gamma","TRUE","iid, iid","02_1","2012","1455151.21228137","1068366.93761558","1981964.22600812","14.1906203791544","0.15764502182238","index"
"221","221","221","221","221","221","221","221","221","221","221","221","221","221","221","221","221",NA,NA,NA,NA,NA,NA,NA,NA,NA,NA,"CA","shortspine thornyhead","shortspine_thornyhead",NA,NA,NA,"total_catch_wt_kg ~ 0 + factor(year) + pass + depth_m + (depth_m^2)","delta_gamma","TRUE","iid, iid","02_1","2013","1214778.52404995","859507.753835676","1716897.67300819","14.0100723334084","0.176512023200382","index"
"222","222","222","222","222","222","222","222","222","222","222","222","222","222","222","222","222",NA,NA,NA,NA,NA,NA,NA,NA,NA,NA,"CA","shortspine thornyhead","shortspine_thornyhead",NA,NA,NA,"total_catch_wt_kg ~ 0 + factor(year) + pass + depth_m + (depth_m^2)","delta_gamma","TRUE","iid, iid","02_1","2014","1241002.51949054","904063.152515036","1703517.33625849","14.0314300943946","0.161623173171657","index"
"223","223","223","223","223","223","223","223","223","223","223","223","223","223","223","223","223",NA,NA,NA,NA,NA,NA,NA,NA,NA,NA,"CA","shortspine thornyhead","shortspine_thornyhead",NA,NA,NA,"total_catch_wt_kg ~ 0 + factor(year) + pass + depth_m + (depth_m^2)","delta_gamma","TRUE","iid, iid","02_1","2015","1142738.54499631","824017.999001919","1584736.47881718","13.9489381720758","0.166834963577417","index"
"224","224","224","224","224","224","224","224","224","224","224","224","224","224","224","224","224",NA,NA,NA,NA,NA,NA,NA,NA,NA,NA,"CA","shortspine thornyhead","shortspine_thornyhead",NA,NA,NA,"total_catch_wt_kg ~ 0 + factor(year) + pass + depth_m + (depth_m^2)","delta_gamma","TRUE","iid, iid","02_1","2016","1177289.44743237","864072.009849431","1604045.06480556","13.9787252756628","0.157816107365378","index"
"225","225","225","225","225","225","225","225","225","225","225","225","225","225","225","225","225",NA,NA,NA,NA,NA,NA,NA,NA,NA,NA,"CA","shortspine thornyhead","shortspine_thornyhead",NA,NA,NA,"total_catch_wt_kg ~ 0 + factor(year) + pass + depth_m + (depth_m^2)","delta_gamma","TRUE","iid, iid","02_1","2017","1333837.71345902","960085.520106137","1853088.09328664","14.1035708439786","0.167754715725297","index"
"226","226","226","226","226","226","226","226","226","226","226","226","226","226","226","226","226",NA,NA,NA,NA,NA,NA,NA,NA,NA,NA,"CA","shortspine thornyhead","shortspine_thornyhead",NA,NA,NA,"total_catch_wt_kg ~ 0 + factor(year) + pass + depth_m + (depth_m^2)","delta_gamma","TRUE","iid, iid","02_1","2018","1242130.15005694","920938.416879595","1675342.54343327","14.0323383266915","0.152650702535384","index"
"227","227","227","227","227","227","227","227","227","227","227","227","227","227","227","227","227",NA,NA,NA,NA,NA,NA,NA,NA,NA,NA,"CA","shortspine thornyhead","shortspine_thornyhead",NA,NA,NA,"total_catch_wt_kg ~ 0 + factor(year) + pass + depth_m + (depth_m^2)","delta_gamma","TRUE","iid, iid","02_1","2019","1238635.48358656","783819.698153182","1957360.68488022","14.029520915216","0.233466850813096","index"
"228","228","228","228","228","228","228","228","228","228","228","228","228","228","228","228","228",NA,NA,NA,NA,NA,NA,NA,NA,NA,NA,"CA","shortspine thornyhead","shortspine_thornyhead",NA,NA,NA,"total_catch_wt_kg ~ 0 + factor(year) + pass + depth_m + (depth_m^2)","delta_gamma","TRUE","iid, iid","02_1","2021","1639215.15785388","1181941.82373962","2273399.82372084","14.3097281229687","0.166869834500009","index"
"229","229","229","229","229","229","229","229","229","229","229","229","229","229","229","229","229",NA,NA,NA,NA,NA,NA,NA,NA,NA,NA,"CA","shortspine thornyhead","shortspine_thornyhead",NA,NA,NA,"total_catch_wt_kg ~ 0 + factor(year) + pass + depth_m + (depth_m^2)","delta_gamma","TRUE","iid, iid","02_1","2022","1518323.20789301","1078791.02780638","2136934.12737603","14.2331171311997","0.174373396914417","index"
"230","230","230","230","230","230","230","230","230","230","230","230","230","230","230","230","230",NA,NA,NA,NA,NA,NA,NA,NA,NA,NA,"CA","shortspine thornyhead","shortspine_thornyhead",NA,NA,NA,"total_catch_wt_kg ~ 0 + factor(year) + pass + depth_m + (depth_m^2)","delta_gamma","TRUE","iid, iid","02_1","2023","1902761.08000405","1367939.74365886","2646680.70677905","14.4588165892655","0.168370573493686","index"
"231","231","231","231","231","231","231","231","231","231","231","231","231","231","231","231","231",NA,NA,NA,NA,NA,NA,NA,NA,NA,NA,"CA","shortspine thornyhead","shortspine_thornyhead",NA,NA,NA,"total_catch_wt_kg ~ 0 + factor(year) + pass + depth_m + (depth_m^2)","delta_gamma","TRUE","iid, iid","02_1","2024","1726416.40457769","1239302.12435817","2404993.53903597","14.3615583756291","0.169135454545406","index"
"232","232","232","232","232","232","232","232","232","232","232","232","232","232","232","232",NA,NA,NA,NA,NA,NA,NA,NA,NA,NA,NA,"CA","shortspine thornyhead","shortspine_thornyhead",NA,NA,NA,"total_catch_wt_kg ~ 0 + factor(year) + pass + depth_m + (depth_m^2)","delta_gamma","TRUE","iid, iid","02_10","2003","1523646.10687355","NaN","NaN","14.2366167749255","NaN","index"
"233","233","233","233","233","233","233","233","233","233","233","233","233","233","233","233",NA,NA,NA,NA,NA,NA,NA,NA,NA,NA,NA,"CA","shortspine thornyhead","shortspine_thornyhead",NA,NA,NA,"total_catch_wt_kg ~ 0 + factor(year) + pass + depth_m + (depth_m^2)","delta_gamma","TRUE","iid, iid","02_10","2004","1424514.54619799","NaN","NaN","14.1693416443092","NaN","index"
"234","234","234","234","234","234","234","234","234","234","234","234","234","234","234","234",NA,NA,NA,NA,NA,NA,NA,NA,NA,NA,NA,"CA","shortspine thornyhead","shortspine_thornyhead",NA,NA,NA,"total_catch_wt_kg ~ 0 + factor(year) + pass + depth_m + (depth_m^2)","delta_gamma","TRUE","iid, iid","02_10","2005","1627333.25922408","NaN","NaN","14.3024531957266","NaN","index"
"235","235","235","235","235","235","235","235","235","235","235","235","235","235","235","235",NA,NA,NA,NA,NA,NA,NA,NA,NA,NA,NA,"CA","shortspine thornyhead","shortspine_thornyhead",NA,NA,NA,"total_catch_wt_kg ~ 0 + factor(year) + pass + depth_m + (depth_m^2)","delta_gamma","TRUE","iid, iid","02_10","2006","1095085.37950409","NaN","NaN","13.9063428903429","NaN","index"
"236","236","236","236","236","236","236","236","236","236","236","236","236","236","236","236",NA,NA,NA,NA,NA,NA,NA,NA,NA,NA,NA,"CA","shortspine thornyhead","shortspine_thornyhead",NA,NA,NA,"total_catch_wt_kg ~ 0 + factor(year) + pass + depth_m + (depth_m^2)","delta_gamma","TRUE","iid, iid","02_10","2007","1361271.52562013","NaN","NaN","14.123929766232","NaN","index"
"237","237","237","237","237","237","237","237","237","237","237","237","237","237","237","237",NA,NA,NA,NA,NA,NA,NA,NA,NA,NA,NA,"CA","shortspine thornyhead","shortspine_thornyhead",NA,NA,NA,"total_catch_wt_kg ~ 0 + factor(year) + pass + depth_m + (depth_m^2)","delta_gamma","TRUE","iid, iid","02_10","2008","957218.284393278","NaN","NaN","13.771786736791","NaN","index"
"238","238","238","238","238","238","238","238","238","238","238","238","238","238","238","238",NA,NA,NA,NA,NA,NA,NA,NA,NA,NA,NA,"CA","shortspine thornyhead","shortspine_thornyhead",NA,NA,NA,"total_catch_wt_kg ~ 0 + factor(year) + pass + depth_m + (depth_m^2)","delta_gamma","TRUE","iid, iid","02_10","2009","1201019.28180855","NaN","NaN","13.998681155728","NaN","index"
"239","239","239","239","239","239","239","239","239","239","239","239","239","239","239","239",NA,NA,NA,NA,NA,NA,NA,NA,NA,NA,NA,"CA","shortspine thornyhead","shortspine_thornyhead",NA,NA,NA,"total_catch_wt_kg ~ 0 + factor(year) + pass + depth_m + (depth_m^2)","delta_gamma","TRUE","iid, iid","02_10","2010","1095748.47879056","NaN","NaN","13.9069482299986","NaN","index"
"240","240","240","240","240","240","240","240","240","240","240","240","240","240","240","240",NA,NA,NA,NA,NA,NA,NA,NA,NA,NA,NA,"CA","shortspine thornyhead","shortspine_thornyhead",NA,NA,NA,"total_catch_wt_kg ~ 0 + factor(year) + pass + depth_m + (depth_m^2)","delta_gamma","TRUE","iid, iid","02_10","2011","1155581.2810564","NaN","NaN","13.9601140489802","NaN","index"
"241","241","241","241","241","241","241","241","241","241","241","241","241","241","241","241",NA,NA,NA,NA,NA,NA,NA,NA,NA,NA,NA,"CA","shortspine thornyhead","shortspine_thornyhead",NA,NA,NA,"total_catch_wt_kg ~ 0 + factor(year) + pass + depth_m + (depth_m^2)","delta_gamma","TRUE","iid, iid","02_10","2012","1052995.93713257","NaN","NaN","13.867149932735","NaN","index"
"242","242","242","242","242","242","242","242","242","242","242","242","242","242","242","242",NA,NA,NA,NA,NA,NA,NA,NA,NA,NA,NA,"CA","shortspine thornyhead","shortspine_thornyhead",NA,NA,NA,"total_catch_wt_kg ~ 0 + factor(year) + pass + depth_m + (depth_m^2)","delta_gamma","TRUE","iid, iid","02_10","2013","1134782.63090004","NaN","NaN","13.9419516759309","NaN","index"
"243","243","243","243","243","243","243","243","243","243","243","243","243","243","243","243",NA,NA,NA,NA,NA,NA,NA,NA,NA,NA,NA,"CA","shortspine thornyhead","shortspine_thornyhead",NA,NA,NA,"total_catch_wt_kg ~ 0 + factor(year) + pass + depth_m + (depth_m^2)","delta_gamma","TRUE","iid, iid","02_10","2014","1263978.44923917","NaN","NaN","14.049774803891","NaN","index"
"244","244","244","244","244","244","244","244","244","244","244","244","244","244","244","244",NA,NA,NA,NA,NA,NA,NA,NA,NA,NA,NA,"CA","shortspine thornyhead","shortspine_thornyhead",NA,NA,NA,"total_catch_wt_kg ~ 0 + factor(year) + pass + depth_m + (depth_m^2)","delta_gamma","TRUE","iid, iid","02_10","2015","1139870.91692137","NaN","NaN","13.9464255831889","NaN","index"
"245","245","245","245","245","245","245","245","245","245","245","245","245","245","245","245",NA,NA,NA,NA,NA,NA,NA,NA,NA,NA,NA,"CA","shortspine thornyhead","shortspine_thornyhead",NA,NA,NA,"total_catch_wt_kg ~ 0 + factor(year) + pass + depth_m + (depth_m^2)","delta_gamma","TRUE","iid, iid","02_10","2016","1689849.88161096","NaN","NaN","14.3401502555047","NaN","index"
"246","246","246","246","246","246","246","246","246","246","246","246","246","246","246","246",NA,NA,NA,NA,NA,NA,NA,NA,NA,NA,NA,"CA","shortspine thornyhead","shortspine_thornyhead",NA,NA,NA,"total_catch_wt_kg ~ 0 + factor(year) + pass + depth_m + (depth_m^2)","delta_gamma","TRUE","iid, iid","02_10","2017","1906499.44678907","NaN","NaN","14.4607793681088","NaN","index"
"247","247","247","247","247","247","247","247","247","247","247","247","247","247","247","247",NA,NA,NA,NA,NA,NA,NA,NA,NA,NA,NA,"CA","shortspine thornyhead","shortspine_thornyhead",NA,NA,NA,"total_catch_wt_kg ~ 0 + factor(year) + pass + depth_m + (depth_m^2)","delta_gamma","TRUE","iid, iid","02_10","2018","1556824.92979484","NaN","NaN","14.2581590037716","NaN","index"
"248","248","248","248","248","248","248","248","248","248","248","248","248","248","248","248",NA,NA,NA,NA,NA,NA,NA,NA,NA,NA,NA,"CA","shortspine thornyhead","shortspine_thornyhead",NA,NA,NA,"total_catch_wt_kg ~ 0 + factor(year) + pass + depth_m + (depth_m^2)","delta_gamma","TRUE","iid, iid","02_10","2019","1609756.4526824","NaN","NaN","14.2915934538921","NaN","index"
"249","249","249","249","249","249","249","249","249","249","249","249","249","249","249","249",NA,NA,NA,NA,NA,NA,NA,NA,NA,NA,NA,"CA","shortspine thornyhead","shortspine_thornyhead",NA,NA,NA,"total_catch_wt_kg ~ 0 + factor(year) + pass + depth_m + (depth_m^2)","delta_gamma","TRUE","iid, iid","02_10","2021","2149116.9188227","NaN","NaN","14.5805675802976","NaN","index"
"250","250","250","250","250","250","250","250","250","250","250","250","250","250","250","250",NA,NA,NA,NA,NA,NA,NA,NA,NA,NA,NA,"CA","shortspine thornyhead","shortspine_thornyhead",NA,NA,NA,"total_catch_wt_kg ~ 0 + factor(year) + pass + depth_m + (depth_m^2)","delta_gamma","TRUE","iid, iid","02_10","2022","1769480.86404331","NaN","NaN","14.3861967643793","NaN","index"
"251","251","251","251","251","251","251","251","251","251","251","251","251","251","251","251",NA,NA,NA,NA,NA,NA,NA,NA,NA,NA,NA,"CA","shortspine thornyhead","shortspine_thornyhead",NA,NA,NA,"total_catch_wt_kg ~ 0 + factor(year) + pass + depth_m + (depth_m^2)","delta_gamma","TRUE","iid, iid","02_10","2023","2220420.55095463","NaN","NaN","14.6132071732744","NaN","index"
"252","252","252","252","252","252","252","252","252","252","252","252","252","252","252","252",NA,NA,NA,NA,NA,NA,NA,NA,NA,NA,NA,"CA","shortspine thornyhead","shortspine_thornyhead",NA,NA,NA,"total_catch_wt_kg ~ 0 + factor(year) + pass + depth_m + (depth_m^2)","delta_gamma","TRUE","iid, iid","02_10","2024","2258161.83780694","NaN","NaN","14.6300616941999","NaN","index"
"253","253","253","253","253","253","253","253","253","253","253","253","253","253","253",NA,NA,NA,NA,NA,NA,NA,NA,NA,NA,NA,NA,"CA","shortspine thornyhead","shortspine_thornyhead",NA,NA,NA,"total_catch_wt_kg ~ 0 + factor(year) + pass + depth_m + (depth_m^2)","delta_gamma","TRUE","iid, iid","02_2","2003","907811.378253118","652226.814481884","1263550.47076758","13.7187919028025","0.168699144486344","index"
"254","254","254","254","254","254","254","254","254","254","254","254","254","254","254",NA,NA,NA,NA,NA,NA,NA,NA,NA,NA,NA,NA,"CA","shortspine thornyhead","shortspine_thornyhead",NA,NA,NA,"total_catch_wt_kg ~ 0 + factor(year) + pass + depth_m + (depth_m^2)","delta_gamma","TRUE","iid, iid","02_2","2004","898176.220281887","618623.18697607","1304058.01085995","13.7081215644266","0.190243262554612","index"
"255","255","255","255","255","255","255","255","255","255","255","255","255","255","255",NA,NA,NA,NA,NA,NA,NA,NA,NA,NA,NA,NA,"CA","shortspine thornyhead","shortspine_thornyhead",NA,NA,NA,"total_catch_wt_kg ~ 0 + factor(year) + pass + depth_m + (depth_m^2)","delta_gamma","TRUE","iid, iid","02_2","2005","1073695.42964626","775311.740248253","1486913.9931689","13.8866169287737","0.166123693294335","index"
"256","256","256","256","256","256","256","256","256","256","256","256","256","256","256",NA,NA,NA,NA,NA,NA,NA,NA,NA,NA,NA,NA,"CA","shortspine thornyhead","shortspine_thornyhead",NA,NA,NA,"total_catch_wt_kg ~ 0 + factor(year) + pass + depth_m + (depth_m^2)","delta_gamma","TRUE","iid, iid","02_2","2006","1377741.21561951","1008358.30138566","1882436.88241401","14.1359559158366","0.159248739324476","index"
"257","257","257","257","257","257","257","257","257","257","257","257","257","257","257",NA,NA,NA,NA,NA,NA,NA,NA,NA,NA,NA,NA,"CA","shortspine thornyhead","shortspine_thornyhead",NA,NA,NA,"total_catch_wt_kg ~ 0 + factor(year) + pass + depth_m + (depth_m^2)","delta_gamma","TRUE","iid, iid","02_2","2007","987070.790025044","721260.014135801","1350842.58856089","13.8024970382601","0.160075419553518","index"
"258","258","258","258","258","258","258","258","258","258","258","258","258","258","258",NA,NA,NA,NA,NA,NA,NA,NA,NA,NA,NA,NA,"CA","shortspine thornyhead","shortspine_thornyhead",NA,NA,NA,"total_catch_wt_kg ~ 0 + factor(year) + pass + depth_m + (depth_m^2)","delta_gamma","TRUE","iid, iid","02_2","2008","930457.906098583","672926.969880165","1286546.61467281","13.7434321161031","0.16532958269348","index"
"259","259","259","259","259","259","259","259","259","259","259","259","259","259","259",NA,NA,NA,NA,NA,NA,NA,NA,NA,NA,NA,NA,"CA","shortspine thornyhead","shortspine_thornyhead",NA,NA,NA,"total_catch_wt_kg ~ 0 + factor(year) + pass + depth_m + (depth_m^2)","delta_gamma","TRUE","iid, iid","02_2","2009","921831.324983082","674852.343661988","1259198.40051069","13.7341175410985","0.159119426562677","index"
"260","260","260","260","260","260","260","260","260","260","260","260","260","260","260",NA,NA,NA,NA,NA,NA,NA,NA,NA,NA,NA,NA,"CA","shortspine thornyhead","shortspine_thornyhead",NA,NA,NA,"total_catch_wt_kg ~ 0 + factor(year) + pass + depth_m + (depth_m^2)","delta_gamma","TRUE","iid, iid","02_2","2010","943993.409552666","693153.757610245","1285607.33819168","13.7578744636972","0.15758827208972","index"
"261","261","261","261","261","261","261","261","261","261","261","261","261","261","261",NA,NA,NA,NA,NA,NA,NA,NA,NA,NA,NA,NA,"CA","shortspine thornyhead","shortspine_thornyhead",NA,NA,NA,"total_catch_wt_kg ~ 0 + factor(year) + pass + depth_m + (depth_m^2)","delta_gamma","TRUE","iid, iid","02_2","2011","882890.301866813","642632.850386847","1212971.42631479","13.6909562384221","0.162057770203958","index"
"262","262","262","262","262","262","262","262","262","262","262","262","262","262","262",NA,NA,NA,NA,NA,NA,NA,NA,NA,NA,NA,NA,"CA","shortspine thornyhead","shortspine_thornyhead",NA,NA,NA,"total_catch_wt_kg ~ 0 + factor(year) + pass + depth_m + (depth_m^2)","delta_gamma","TRUE","iid, iid","02_2","2012","1045277.03691934","752545.03723116","1451878.66487152","13.8597925153462","0.167644096515389","index"
"263","263","263","263","263","263","263","263","263","263","263","263","263","263","263",NA,NA,NA,NA,NA,NA,NA,NA,NA,NA,NA,NA,"CA","shortspine thornyhead","shortspine_thornyhead",NA,NA,NA,"total_catch_wt_kg ~ 0 + factor(year) + pass + depth_m + (depth_m^2)","delta_gamma","TRUE","iid, iid","02_2","2013","1150823.53388816","811138.212708272","1632760.95910816","13.9559883604749","0.178469921938275","index"
"264","264","264","264","264","264","264","264","264","264","264","264","264","264","264",NA,NA,NA,NA,NA,NA,NA,NA,NA,NA,NA,NA,"CA","shortspine thornyhead","shortspine_thornyhead",NA,NA,NA,"total_catch_wt_kg ~ 0 + factor(year) + pass + depth_m + (depth_m^2)","delta_gamma","TRUE","iid, iid","02_2","2014","856692.745589013","623968.535777276","1176217.0979192","13.6608346100617","0.161727149027036","index"
"265","265","265","265","265","265","265","265","265","265","265","265","265","265","265",NA,NA,NA,NA,NA,NA,NA,NA,NA,NA,NA,NA,"CA","shortspine thornyhead","shortspine_thornyhead",NA,NA,NA,"total_catch_wt_kg ~ 0 + factor(year) + pass + depth_m + (depth_m^2)","delta_gamma","TRUE","iid, iid","02_2","2015","986262.966469634","714236.830416939","1361893.6991273","13.8016782983","0.164650176870949","index"
"266","266","266","266","266","266","266","266","266","266","266","266","266","266","266",NA,NA,NA,NA,NA,NA,NA,NA,NA,NA,NA,NA,"CA","shortspine thornyhead","shortspine_thornyhead",NA,NA,NA,"total_catch_wt_kg ~ 0 + factor(year) + pass + depth_m + (depth_m^2)","delta_gamma","TRUE","iid, iid","02_2","2016","1304200.04543351","965207.313308869","1762251.21282775","14.0811004187775","0.153575387843578","index"
"267","267","267","267","267","267","267","267","267","267","267","267","267","267","267",NA,NA,NA,NA,NA,NA,NA,NA,NA,NA,NA,NA,"CA","shortspine thornyhead","shortspine_thornyhead",NA,NA,NA,"total_catch_wt_kg ~ 0 + factor(year) + pass + depth_m + (depth_m^2)","delta_gamma","TRUE","iid, iid","02_2","2017","1102799.58948721","797670.250392734","1524648.73044267","13.9133625858858","0.165264268867694","index"
"268","268","268","268","268","268","268","268","268","268","268","268","268","268","268",NA,NA,NA,NA,NA,NA,NA,NA,NA,NA,NA,NA,"CA","shortspine thornyhead","shortspine_thornyhead",NA,NA,NA,"total_catch_wt_kg ~ 0 + factor(year) + pass + depth_m + (depth_m^2)","delta_gamma","TRUE","iid, iid","02_2","2018","1378229.13534592","993925.861903151","1911123.98049407","14.1363099978254","0.166784748677694","index"
"269","269","269","269","269","269","269","269","269","269","269","269","269","269","269",NA,NA,NA,NA,NA,NA,NA,NA,NA,NA,NA,NA,"CA","shortspine thornyhead","shortspine_thornyhead",NA,NA,NA,"total_catch_wt_kg ~ 0 + factor(year) + pass + depth_m + (depth_m^2)","delta_gamma","TRUE","iid, iid","02_2","2019","1363486.03790996","935165.982651553","1987983.10681079","14.1255552413253","0.192389212368931","index"
"270","270","270","270","270","270","270","270","270","270","270","270","270","270","270",NA,NA,NA,NA,NA,NA,NA,NA,NA,NA,NA,NA,"CA","shortspine thornyhead","shortspine_thornyhead",NA,NA,NA,"total_catch_wt_kg ~ 0 + factor(year) + pass + depth_m + (depth_m^2)","delta_gamma","TRUE","iid, iid","02_2","2021","1352005.41194726","970168.323051045","1884125.24971557","14.1170995384966","0.169326924765264","index"
"271","271","271","271","271","271","271","271","271","271","271","271","271","271","271",NA,NA,NA,NA,NA,NA,NA,NA,NA,NA,NA,NA,"CA","shortspine thornyhead","shortspine_thornyhead",NA,NA,NA,"total_catch_wt_kg ~ 0 + factor(year) + pass + depth_m + (depth_m^2)","delta_gamma","TRUE","iid, iid","02_2","2022","1615397.28353066","1163781.05017706","2242267.46366184","14.2950914803811","0.167302406885907","index"
"272","272","272","272","272","272","272","272","272","272","272","272","272","272","272",NA,NA,NA,NA,NA,NA,NA,NA,NA,NA,NA,NA,"CA","shortspine thornyhead","shortspine_thornyhead",NA,NA,NA,"total_catch_wt_kg ~ 0 + factor(year) + pass + depth_m + (depth_m^2)","delta_gamma","TRUE","iid, iid","02_2","2023","1747044.17667214","1256380.20352283","2429330.98331691","14.3734358759585","0.168212573570241","index"
"273","273","273","273","273","273","273","273","273","273","273","273","273","273","273",NA,NA,NA,NA,NA,NA,NA,NA,NA,NA,NA,NA,"CA","shortspine thornyhead","shortspine_thornyhead",NA,NA,NA,"total_catch_wt_kg ~ 0 + factor(year) + pass + depth_m + (depth_m^2)","delta_gamma","TRUE","iid, iid","02_2","2024","1601645.74155593","1164498.26810841","2202896.43333797","14.2865422470478","0.162626134203028","index"
"274","274","274","274","274","274","274","274","274","274","274","274","274","274",NA,NA,NA,NA,NA,NA,NA,NA,NA,NA,NA,NA,NA,"CA","shortspine thornyhead","shortspine_thornyhead",NA,NA,NA,"total_catch_wt_kg ~ 0 + factor(year) + pass + depth_m + (depth_m^2)","delta_gamma","TRUE","iid, iid","02_3","2003","1094399.52615493","793536.600317279","1509332.17493591","13.9057163928779","0.164013957585487","index"
"275","275","275","275","275","275","275","275","275","275","275","275","275","275",NA,NA,NA,NA,NA,NA,NA,NA,NA,NA,NA,NA,NA,"CA","shortspine thornyhead","shortspine_thornyhead",NA,NA,NA,"total_catch_wt_kg ~ 0 + factor(year) + pass + depth_m + (depth_m^2)","delta_gamma","TRUE","iid, iid","02_3","2004","1622920.93233886","1107223.26247251","2378808.72078322","14.2997381283284","0.195091469811995","index"
"276","276","276","276","276","276","276","276","276","276","276","276","276","276",NA,NA,NA,NA,NA,NA,NA,NA,NA,NA,NA,NA,NA,"CA","shortspine thornyhead","shortspine_thornyhead",NA,NA,NA,"total_catch_wt_kg ~ 0 + factor(year) + pass + depth_m + (depth_m^2)","delta_gamma","TRUE","iid, iid","02_3","2005","983063.513569572","720260.780500181","1341755.51116449","13.7984290090152","0.158707196108809","index"
"277","277","277","277","277","277","277","277","277","277","277","277","277","277",NA,NA,NA,NA,NA,NA,NA,NA,NA,NA,NA,NA,NA,"CA","shortspine thornyhead","shortspine_thornyhead",NA,NA,NA,"total_catch_wt_kg ~ 0 + factor(year) + pass + depth_m + (depth_m^2)","delta_gamma","TRUE","iid, iid","02_3","2006","1419880.88789926","1033056.66673292","1951549.99792747","14.1660835442981","0.162273870203836","index"
"278","278","278","278","278","278","278","278","278","278","278","278","278","278",NA,NA,NA,NA,NA,NA,NA,NA,NA,NA,NA,NA,NA,"CA","shortspine thornyhead","shortspine_thornyhead",NA,NA,NA,"total_catch_wt_kg ~ 0 + factor(year) + pass + depth_m + (depth_m^2)","delta_gamma","TRUE","iid, iid","02_3","2007","1129655.73667227","829407.796139321","1538594.27092028","13.9374234864588","0.157633641440145","index"
"279","279","279","279","279","279","279","279","279","279","279","279","279","279",NA,NA,NA,NA,NA,NA,NA,NA,NA,NA,NA,NA,NA,"CA","shortspine thornyhead","shortspine_thornyhead",NA,NA,NA,"total_catch_wt_kg ~ 0 + factor(year) + pass + depth_m + (depth_m^2)","delta_gamma","TRUE","iid, iid","02_3","2008","951942.516023826","697740.636289213","1298755.59295668","13.7662599296225","0.158501483001413","index"
"280","280","280","280","280","280","280","280","280","280","280","280","280","280",NA,NA,NA,NA,NA,NA,NA,NA,NA,NA,NA,NA,NA,"CA","shortspine thornyhead","shortspine_thornyhead",NA,NA,NA,"total_catch_wt_kg ~ 0 + factor(year) + pass + depth_m + (depth_m^2)","delta_gamma","TRUE","iid, iid","02_3","2009","942313.721971343","703333.661412702","1262494.88590089","13.7560935362997","0.149240932669886","index"
"281","281","281","281","281","281","281","281","281","281","281","281","281","281",NA,NA,NA,NA,NA,NA,NA,NA,NA,NA,NA,NA,NA,"CA","shortspine thornyhead","shortspine_thornyhead",NA,NA,NA,"total_catch_wt_kg ~ 0 + factor(year) + pass + depth_m + (depth_m^2)","delta_gamma","TRUE","iid, iid","02_3","2010","973827.178477389","718929.135634594","1319099.93146145","13.7889891320531","0.154835018510072","index"
"282","282","282","282","282","282","282","282","282","282","282","282","282","282",NA,NA,NA,NA,NA,NA,NA,NA,NA,NA,NA,NA,NA,"CA","shortspine thornyhead","shortspine_thornyhead",NA,NA,NA,"total_catch_wt_kg ~ 0 + factor(year) + pass + depth_m + (depth_m^2)","delta_gamma","TRUE","iid, iid","02_3","2011","993058.253309088","741609.012603877","1329763.63246013","13.8085446052634","0.14896557359658","index"
"283","283","283","283","283","283","283","283","283","283","283","283","283","283",NA,NA,NA,NA,NA,NA,NA,NA,NA,NA,NA,NA,NA,"CA","shortspine thornyhead","shortspine_thornyhead",NA,NA,NA,"total_catch_wt_kg ~ 0 + factor(year) + pass + depth_m + (depth_m^2)","delta_gamma","TRUE","iid, iid","02_3","2012","937801.481320914","691852.395715305","1271183.88808702","13.7512935652066","0.155189409982685","index"
"284","284","284","284","284","284","284","284","284","284","284","284","284","284",NA,NA,NA,NA,NA,NA,NA,NA,NA,NA,NA,NA,NA,"CA","shortspine thornyhead","shortspine_thornyhead",NA,NA,NA,"total_catch_wt_kg ~ 0 + factor(year) + pass + depth_m + (depth_m^2)","delta_gamma","TRUE","iid, iid","02_3","2013","1478317.98685289","1038875.30994161","2103644.24810098","14.20641550407","0.179986088343373","index"
"285","285","285","285","285","285","285","285","285","285","285","285","285","285",NA,NA,NA,NA,NA,NA,NA,NA,NA,NA,NA,NA,NA,"CA","shortspine thornyhead","shortspine_thornyhead",NA,NA,NA,"total_catch_wt_kg ~ 0 + factor(year) + pass + depth_m + (depth_m^2)","delta_gamma","TRUE","iid, iid","02_3","2014","989793.633263804","724069.516767426","1353035.05224657","13.8052517491331","0.159497351587023","index"
"286","286","286","286","286","286","286","286","286","286","286","286","286","286",NA,NA,NA,NA,NA,NA,NA,NA,NA,NA,NA,NA,NA,"CA","shortspine thornyhead","shortspine_thornyhead",NA,NA,NA,"total_catch_wt_kg ~ 0 + factor(year) + pass + depth_m + (depth_m^2)","delta_gamma","TRUE","iid, iid","02_3","2015","1152315.88420744","855800.177757765","1551567.68075902","13.9572842876918","0.151784471227073","index"
"287","287","287","287","287","287","287","287","287","287","287","287","287","287",NA,NA,NA,NA,NA,NA,NA,NA,NA,NA,NA,NA,NA,"CA","shortspine thornyhead","shortspine_thornyhead",NA,NA,NA,"total_catch_wt_kg ~ 0 + factor(year) + pass + depth_m + (depth_m^2)","delta_gamma","TRUE","iid, iid","02_3","2016","1072948.89139667","797589.445976691","1443373.31612961","13.8859213889749","0.151315088439263","index"
"288","288","288","288","288","288","288","288","288","288","288","288","288","288",NA,NA,NA,NA,NA,NA,NA,NA,NA,NA,NA,NA,NA,"CA","shortspine thornyhead","shortspine_thornyhead",NA,NA,NA,"total_catch_wt_kg ~ 0 + factor(year) + pass + depth_m + (depth_m^2)","delta_gamma","TRUE","iid, iid","02_3","2017","1328969.48884608","973486.952116226","1814261.5044243","14.099914379453","0.158816529930496","index"
"289","289","289","289","289","289","289","289","289","289","289","289","289","289",NA,NA,NA,NA,NA,NA,NA,NA,NA,NA,NA,NA,NA,"CA","shortspine thornyhead","shortspine_thornyhead",NA,NA,NA,"total_catch_wt_kg ~ 0 + factor(year) + pass + depth_m + (depth_m^2)","delta_gamma","TRUE","iid, iid","02_3","2018","1351189.86624889","991273.568870725","1841786.27574382","14.1164961446318","0.158038779542778","index"
"290","290","290","290","290","290","290","290","290","290","290","290","290","290",NA,NA,NA,NA,NA,NA,NA,NA,NA,NA,NA,NA,NA,"CA","shortspine thornyhead","shortspine_thornyhead",NA,NA,NA,"total_catch_wt_kg ~ 0 + factor(year) + pass + depth_m + (depth_m^2)","delta_gamma","TRUE","iid, iid","02_3","2019","1416087.20841208","953477.718015433","2103146.13958904","14.163408139201","0.2018082001491","index"
"291","291","291","291","291","291","291","291","291","291","291","291","291","291",NA,NA,NA,NA,NA,NA,NA,NA,NA,NA,NA,NA,NA,"CA","shortspine thornyhead","shortspine_thornyhead",NA,NA,NA,"total_catch_wt_kg ~ 0 + factor(year) + pass + depth_m + (depth_m^2)","delta_gamma","TRUE","iid, iid","02_3","2021","1698159.32921815","1247650.87967979","2311339.77812026","14.3450554749132","0.157289844311051","index"
"292","292","292","292","292","292","292","292","292","292","292","292","292","292",NA,NA,NA,NA,NA,NA,NA,NA,NA,NA,NA,NA,NA,"CA","shortspine thornyhead","shortspine_thornyhead",NA,NA,NA,"total_catch_wt_kg ~ 0 + factor(year) + pass + depth_m + (depth_m^2)","delta_gamma","TRUE","iid, iid","02_3","2022","1730122.71522747","1261844.47301178","2372181.89227519","14.3637028976158","0.161032459839822","index"
"293","293","293","293","293","293","293","293","293","293","293","293","293","293",NA,NA,NA,NA,NA,NA,NA,NA,NA,NA,NA,NA,NA,"CA","shortspine thornyhead","shortspine_thornyhead",NA,NA,NA,"total_catch_wt_kg ~ 0 + factor(year) + pass + depth_m + (depth_m^2)","delta_gamma","TRUE","iid, iid","02_3","2023","1731201.51905653","1259295.34403292","2379949.00384964","14.3643262450926","0.162382255940392","index"
"294","294","294","294","294","294","294","294","294","294","294","294","294","294",NA,NA,NA,NA,NA,NA,NA,NA,NA,NA,NA,NA,NA,"CA","shortspine thornyhead","shortspine_thornyhead",NA,NA,NA,"total_catch_wt_kg ~ 0 + factor(year) + pass + depth_m + (depth_m^2)","delta_gamma","TRUE","iid, iid","02_3","2024","1806690.66187184","1328526.48263039","2456956.02637302","14.4070073661384","0.156853080130871","index"
"295","295","295","295","295","295","295","295","295","295","295","295","295",NA,NA,NA,NA,NA,NA,NA,NA,NA,NA,NA,NA,NA,NA,"CA","shortspine thornyhead","shortspine_thornyhead",NA,NA,NA,"total_catch_wt_kg ~ 0 + factor(year) + pass + depth_m + (depth_m^2)","delta_gamma","TRUE","iid, iid","02_4","2003","997285.945896981","713009.283365545","1394903.65846153","13.8127928141388","0.171198602283437","index"
"296","296","296","296","296","296","296","296","296","296","296","296","296",NA,NA,NA,NA,NA,NA,NA,NA,NA,NA,NA,NA,NA,NA,"CA","shortspine thornyhead","shortspine_thornyhead",NA,NA,NA,"total_catch_wt_kg ~ 0 + factor(year) + pass + depth_m + (depth_m^2)","delta_gamma","TRUE","iid, iid","02_4","2004","783047.149372629","537145.170590316","1141521.64389143","13.5709481894724","0.192311960420714","index"
"297","297","297","297","297","297","297","297","297","297","297","297","297",NA,NA,NA,NA,NA,NA,NA,NA,NA,NA,NA,NA,NA,NA,"CA","shortspine thornyhead","shortspine_thornyhead",NA,NA,NA,"total_catch_wt_kg ~ 0 + factor(year) + pass + depth_m + (depth_m^2)","delta_gamma","TRUE","iid, iid","02_4","2005","1079504.65214614","778548.542150117","1496798.50505772","13.8920128384656","0.166751133844813","index"
"298","298","298","298","298","298","298","298","298","298","298","298","298",NA,NA,NA,NA,NA,NA,NA,NA,NA,NA,NA,NA,NA,NA,"CA","shortspine thornyhead","shortspine_thornyhead",NA,NA,NA,"total_catch_wt_kg ~ 0 + factor(year) + pass + depth_m + (depth_m^2)","delta_gamma","TRUE","iid, iid","02_4","2006","983922.464836363","716508.164083666","1351140.80388429","13.7993023770318","0.161818002245738","index"
"299","299","299","299","299","299","299","299","299","299","299","299","299",NA,NA,NA,NA,NA,NA,NA,NA,NA,NA,NA,NA,NA,NA,"CA","shortspine thornyhead","shortspine_thornyhead",NA,NA,NA,"total_catch_wt_kg ~ 0 + factor(year) + pass + depth_m + (depth_m^2)","delta_gamma","TRUE","iid, iid","02_4","2007","871810.900578091","646605.743810963","1175452.35816678","13.678327822239","0.152470043972476","index"
"300","300","300","300","300","300","300","300","300","300","300","300","300",NA,NA,NA,NA,NA,NA,NA,NA,NA,NA,NA,NA,NA,NA,"CA","shortspine thornyhead","shortspine_thornyhead",NA,NA,NA,"total_catch_wt_kg ~ 0 + factor(year) + pass + depth_m + (depth_m^2)","delta_gamma","TRUE","iid, iid","02_4","2008","848456.666485354","617264.220274437","1166240.79487934","13.651174291622","0.162310047060837","index"
"301","301","301","301","301","301","301","301","301","301","301","301","301",NA,NA,NA,NA,NA,NA,NA,NA,NA,NA,NA,NA,NA,NA,"CA","shortspine thornyhead","shortspine_thornyhead",NA,NA,NA,"total_catch_wt_kg ~ 0 + factor(year) + pass + depth_m + (depth_m^2)","delta_gamma","TRUE","iid, iid","02_4","2009","1116483.16798994","818132.117766952","1523634.92073529","13.9256942744568","0.158633097956722","index"
"302","302","302","302","302","302","302","302","302","302","302","302","302",NA,NA,NA,NA,NA,NA,NA,NA,NA,NA,NA,NA,NA,NA,"CA","shortspine thornyhead","shortspine_thornyhead",NA,NA,NA,"total_catch_wt_kg ~ 0 + factor(year) + pass + depth_m + (depth_m^2)","delta_gamma","TRUE","iid, iid","02_4","2010","778181.249275062","563570.930546818","1074516.13257577","13.5647147442475","0.164628670363396","index"
"303","303","303","303","303","303","303","303","303","303","303","303","303",NA,NA,NA,NA,NA,NA,NA,NA,NA,NA,NA,NA,NA,NA,"CA","shortspine thornyhead","shortspine_thornyhead",NA,NA,NA,"total_catch_wt_kg ~ 0 + factor(year) + pass + depth_m + (depth_m^2)","delta_gamma","TRUE","iid, iid","02_4","2011","889929.569194796","651785.617235207","1215084.55723017","13.6988976028407","0.158894054369919","index"
"304","304","304","304","304","304","304","304","304","304","304","304","304",NA,NA,NA,NA,NA,NA,NA,NA,NA,NA,NA,NA,NA,NA,"CA","shortspine thornyhead","shortspine_thornyhead",NA,NA,NA,"total_catch_wt_kg ~ 0 + factor(year) + pass + depth_m + (depth_m^2)","delta_gamma","TRUE","iid, iid","02_4","2012","819957.143361128","595012.30605864","1129942.54085676","13.6170073536809","0.163610142556134","index"
"305","305","305","305","305","305","305","305","305","305","305","305","305",NA,NA,NA,NA,NA,NA,NA,NA,NA,NA,NA,NA,NA,NA,"CA","shortspine thornyhead","shortspine_thornyhead",NA,NA,NA,"total_catch_wt_kg ~ 0 + factor(year) + pass + depth_m + (depth_m^2)","delta_gamma","TRUE","iid, iid","02_4","2013","732181.40244161","534243.648489156","1003455.27288425","13.5037835797849","0.160807187177673","index"
"306","306","306","306","306","306","306","306","306","306","306","306","306",NA,NA,NA,NA,NA,NA,NA,NA,NA,NA,NA,NA,NA,NA,"CA","shortspine thornyhead","shortspine_thornyhead",NA,NA,NA,"total_catch_wt_kg ~ 0 + factor(year) + pass + depth_m + (depth_m^2)","delta_gamma","TRUE","iid, iid","02_4","2014","964448.167892072","706909.214883649","1315812.90633405","13.7793113700104","0.158499770792365","index"
"307","307","307","307","307","307","307","307","307","307","307","307","307",NA,NA,NA,NA,NA,NA,NA,NA,NA,NA,NA,NA,NA,NA,"CA","shortspine thornyhead","shortspine_thornyhead",NA,NA,NA,"total_catch_wt_kg ~ 0 + factor(year) + pass + depth_m + (depth_m^2)","delta_gamma","TRUE","iid, iid","02_4","2015","971457.535025052","709861.611739174","1329455.94852607","13.7865528361135","0.160068002071514","index"
"308","308","308","308","308","308","308","308","308","308","308","308","308",NA,NA,NA,NA,NA,NA,NA,NA,NA,NA,NA,NA,NA,NA,"CA","shortspine thornyhead","shortspine_thornyhead",NA,NA,NA,"total_catch_wt_kg ~ 0 + factor(year) + pass + depth_m + (depth_m^2)","delta_gamma","TRUE","iid, iid","02_4","2016","1093400.5301582","803895.876904327","1487163.64108497","13.9048031503141","0.156930494286503","index"
"309","309","309","309","309","309","309","309","309","309","309","309","309",NA,NA,NA,NA,NA,NA,NA,NA,NA,NA,NA,NA,NA,NA,"CA","shortspine thornyhead","shortspine_thornyhead",NA,NA,NA,"total_catch_wt_kg ~ 0 + factor(year) + pass + depth_m + (depth_m^2)","delta_gamma","TRUE","iid, iid","02_4","2017","1169567.89141581","845692.421780857","1617478.19585556","13.972144914981","0.165428504141795","index"
"310","310","310","310","310","310","310","310","310","310","310","310","310",NA,NA,NA,NA,NA,NA,NA,NA,NA,NA,NA,NA,NA,NA,"CA","shortspine thornyhead","shortspine_thornyhead",NA,NA,NA,"total_catch_wt_kg ~ 0 + factor(year) + pass + depth_m + (depth_m^2)","delta_gamma","TRUE","iid, iid","02_4","2018","1455674.88847751","1058628.18760092","2001637.02966015","14.1909801919248","0.162500805699057","index"
"311","311","311","311","311","311","311","311","311","311","311","311","311",NA,NA,NA,NA,NA,NA,NA,NA,NA,NA,NA,NA,NA,NA,"CA","shortspine thornyhead","shortspine_thornyhead",NA,NA,NA,"total_catch_wt_kg ~ 0 + factor(year) + pass + depth_m + (depth_m^2)","delta_gamma","TRUE","iid, iid","02_4","2019","1029184.01053523","671095.640385597","1578343.92566278","13.8442768234502","0.218172316899502","index"
"312","312","312","312","312","312","312","312","312","312","312","312","312",NA,NA,NA,NA,NA,NA,NA,NA,NA,NA,NA,NA,NA,NA,"CA","shortspine thornyhead","shortspine_thornyhead",NA,NA,NA,"total_catch_wt_kg ~ 0 + factor(year) + pass + depth_m + (depth_m^2)","delta_gamma","TRUE","iid, iid","02_4","2021","1096107.27868726","785378.367374753","1529773.69418414","13.9072756237139","0.170082077551496","index"
"313","313","313","313","313","313","313","313","313","313","313","313","313",NA,NA,NA,NA,NA,NA,NA,NA,NA,NA,NA,NA,NA,NA,"CA","shortspine thornyhead","shortspine_thornyhead",NA,NA,NA,"total_catch_wt_kg ~ 0 + factor(year) + pass + depth_m + (depth_m^2)","delta_gamma","TRUE","iid, iid","02_4","2022","1335190.68817356","955384.809227459","1865985.47157866","14.1045846771994","0.170776197897725","index"
"314","314","314","314","314","314","314","314","314","314","314","314","314",NA,NA,NA,NA,NA,NA,NA,NA,NA,NA,NA,NA,NA,NA,"CA","shortspine thornyhead","shortspine_thornyhead",NA,NA,NA,"total_catch_wt_kg ~ 0 + factor(year) + pass + depth_m + (depth_m^2)","delta_gamma","TRUE","iid, iid","02_4","2023","1394433.5264588","1003953.22165583","1936788.30623737","14.1479988165441","0.167626973231886","index"
"315","315","315","315","315","315","315","315","315","315","315","315","315",NA,NA,NA,NA,NA,NA,NA,NA,NA,NA,NA,NA,NA,NA,"CA","shortspine thornyhead","shortspine_thornyhead",NA,NA,NA,"total_catch_wt_kg ~ 0 + factor(year) + pass + depth_m + (depth_m^2)","delta_gamma","TRUE","iid, iid","02_4","2024","1333781.25779496","973330.412001094","1827716.90035623","14.1035285173459","0.160742562428647","index"
"316","316","316","316","316","316","316","316","316","316","316","316",NA,NA,NA,NA,NA,NA,NA,NA,NA,NA,NA,NA,NA,NA,NA,"CA","shortspine thornyhead","shortspine_thornyhead",NA,NA,NA,"total_catch_wt_kg ~ 0 + factor(year) + pass + depth_m + (depth_m^2)","delta_gamma","TRUE","iid, iid","02_5","2003","896082.243113234","631977.179466781","1270557.5652278","13.7057874769336","0.178155780233424","index"
"317","317","317","317","317","317","317","317","317","317","317","317",NA,NA,NA,NA,NA,NA,NA,NA,NA,NA,NA,NA,NA,NA,NA,"CA","shortspine thornyhead","shortspine_thornyhead",NA,NA,NA,"total_catch_wt_kg ~ 0 + factor(year) + pass + depth_m + (depth_m^2)","delta_gamma","TRUE","iid, iid","02_5","2004","899975.781755867","593852.780762349","1363901.0104614","13.7101231327842","0.212114310401376","index"
"318","318","318","318","318","318","318","318","318","318","318","318",NA,NA,NA,NA,NA,NA,NA,NA,NA,NA,NA,NA,NA,NA,NA,"CA","shortspine thornyhead","shortspine_thornyhead",NA,NA,NA,"total_catch_wt_kg ~ 0 + factor(year) + pass + depth_m + (depth_m^2)","delta_gamma","TRUE","iid, iid","02_5","2005","1092976.62090833","775647.400938578","1540130.08024866","13.9044153770931","0.174983858952881","index"
"319","319","319","319","319","319","319","319","319","319","319","319",NA,NA,NA,NA,NA,NA,NA,NA,NA,NA,NA,NA,NA,NA,NA,"CA","shortspine thornyhead","shortspine_thornyhead",NA,NA,NA,"total_catch_wt_kg ~ 0 + factor(year) + pass + depth_m + (depth_m^2)","delta_gamma","TRUE","iid, iid","02_5","2006","1178786.61989374","870393.512036508","1596447.90089177","13.9799961791652","0.154745434356779","index"
"320","320","320","320","320","320","320","320","320","320","320","320",NA,NA,NA,NA,NA,NA,NA,NA,NA,NA,NA,NA,NA,NA,NA,"CA","shortspine thornyhead","shortspine_thornyhead",NA,NA,NA,"total_catch_wt_kg ~ 0 + factor(year) + pass + depth_m + (depth_m^2)","delta_gamma","TRUE","iid, iid","02_5","2007","893314.584215002","650542.960313004","1226684.46982697","13.7026940757797","0.161804738015301","index"
"321","321","321","321","321","321","321","321","321","321","321","321",NA,NA,NA,NA,NA,NA,NA,NA,NA,NA,NA,NA,NA,NA,NA,"CA","shortspine thornyhead","shortspine_thornyhead",NA,NA,NA,"total_catch_wt_kg ~ 0 + factor(year) + pass + depth_m + (depth_m^2)","delta_gamma","TRUE","iid, iid","02_5","2008","868315.600313589","647720.285709031","1164039.47565515","13.6743105223892","0.149541675466603","index"
"322","322","322","322","322","322","322","322","322","322","322","322",NA,NA,NA,NA,NA,NA,NA,NA,NA,NA,NA,NA,NA,NA,NA,"CA","shortspine thornyhead","shortspine_thornyhead",NA,NA,NA,"total_catch_wt_kg ~ 0 + factor(year) + pass + depth_m + (depth_m^2)","delta_gamma","TRUE","iid, iid","02_5","2009","992910.888716421","718130.527479026","1372831.25449701","13.8083961995407","0.16530384101035","index"
"323","323","323","323","323","323","323","323","323","323","323","323",NA,NA,NA,NA,NA,NA,NA,NA,NA,NA,NA,NA,NA,NA,NA,"CA","shortspine thornyhead","shortspine_thornyhead",NA,NA,NA,"total_catch_wt_kg ~ 0 + factor(year) + pass + depth_m + (depth_m^2)","delta_gamma","TRUE","iid, iid","02_5","2010","979455.917824588","728228.959887172","1317352.02498709","13.7947525105807","0.151217945761574","index"
"324","324","324","324","324","324","324","324","324","324","324","324",NA,NA,NA,NA,NA,NA,NA,NA,NA,NA,NA,NA,NA,NA,NA,"CA","shortspine thornyhead","shortspine_thornyhead",NA,NA,NA,"total_catch_wt_kg ~ 0 + factor(year) + pass + depth_m + (depth_m^2)","delta_gamma","TRUE","iid, iid","02_5","2011","759482.889438266","556674.973914627","1036177.81717983","13.5403930720456","0.158501000876881","index"
"325","325","325","325","325","325","325","325","325","325","325","325",NA,NA,NA,NA,NA,NA,NA,NA,NA,NA,NA,NA,NA,NA,NA,"CA","shortspine thornyhead","shortspine_thornyhead",NA,NA,NA,"total_catch_wt_kg ~ 0 + factor(year) + pass + depth_m + (depth_m^2)","delta_gamma","TRUE","iid, iid","02_5","2012","1062586.12125133","765343.657271497","1475270.95096238","13.8762162317913","0.167419400178181","index"
"326","326","326","326","326","326","326","326","326","326","326","326",NA,NA,NA,NA,NA,NA,NA,NA,NA,NA,NA,NA,NA,NA,NA,"CA","shortspine thornyhead","shortspine_thornyhead",NA,NA,NA,"total_catch_wt_kg ~ 0 + factor(year) + pass + depth_m + (depth_m^2)","delta_gamma","TRUE","iid, iid","02_5","2013","1497621.5636828","1024907.61638803","2188363.43114708","14.2193887834285","0.193511590151967","index"
"327","327","327","327","327","327","327","327","327","327","327","327",NA,NA,NA,NA,NA,NA,NA,NA,NA,NA,NA,NA,NA,NA,NA,"CA","shortspine thornyhead","shortspine_thornyhead",NA,NA,NA,"total_catch_wt_kg ~ 0 + factor(year) + pass + depth_m + (depth_m^2)","delta_gamma","TRUE","iid, iid","02_5","2014","1006805.59979512","730434.235601478","1387746.44776078","13.8222931042015","0.163726796598105","index"
"328","328","328","328","328","328","328","328","328","328","328","328",NA,NA,NA,NA,NA,NA,NA,NA,NA,NA,NA,NA,NA,NA,NA,"CA","shortspine thornyhead","shortspine_thornyhead",NA,NA,NA,"total_catch_wt_kg ~ 0 + factor(year) + pass + depth_m + (depth_m^2)","delta_gamma","TRUE","iid, iid","02_5","2015","1176643.56818109","857864.877037548","1613878.97278527","13.9781765096077","0.161214508022799","index"
"329","329","329","329","329","329","329","329","329","329","329","329",NA,NA,NA,NA,NA,NA,NA,NA,NA,NA,NA,NA,NA,NA,NA,"CA","shortspine thornyhead","shortspine_thornyhead",NA,NA,NA,"total_catch_wt_kg ~ 0 + factor(year) + pass + depth_m + (depth_m^2)","delta_gamma","TRUE","iid, iid","02_5","2016","1133242.95618741","833845.03876088","1540141.79859702","13.940593953198","0.156528944605088","index"
"330","330","330","330","330","330","330","330","330","330","330","330",NA,NA,NA,NA,NA,NA,NA,NA,NA,NA,NA,NA,NA,NA,NA,"CA","shortspine thornyhead","shortspine_thornyhead",NA,NA,NA,"total_catch_wt_kg ~ 0 + factor(year) + pass + depth_m + (depth_m^2)","delta_gamma","TRUE","iid, iid","02_5","2017","1182992.5001786","890372.858084524","1571781.12828994","13.9835578032774","0.144983382283573","index"
"331","331","331","331","331","331","331","331","331","331","331","331",NA,NA,NA,NA,NA,NA,NA,NA,NA,NA,NA,NA,NA,NA,NA,"CA","shortspine thornyhead","shortspine_thornyhead",NA,NA,NA,"total_catch_wt_kg ~ 0 + factor(year) + pass + depth_m + (depth_m^2)","delta_gamma","TRUE","iid, iid","02_5","2018","1359833.30560608","1021485.72452136","1810252.04233961","14.1228726807927","0.145974091831831","index"
"332","332","332","332","332","332","332","332","332","332","332","332",NA,NA,NA,NA,NA,NA,NA,NA,NA,NA,NA,NA,NA,NA,NA,"CA","shortspine thornyhead","shortspine_thornyhead",NA,NA,NA,"total_catch_wt_kg ~ 0 + factor(year) + pass + depth_m + (depth_m^2)","delta_gamma","TRUE","iid, iid","02_5","2019","1163236.95017465","785190.259113786","1723302.32901621","13.9667171512254","0.200532162136524","index"
"333","333","333","333","333","333","333","333","333","333","333","333",NA,NA,NA,NA,NA,NA,NA,NA,NA,NA,NA,NA,NA,NA,NA,"CA","shortspine thornyhead","shortspine_thornyhead",NA,NA,NA,"total_catch_wt_kg ~ 0 + factor(year) + pass + depth_m + (depth_m^2)","delta_gamma","TRUE","iid, iid","02_5","2021","1467186.05182796","1084773.39033396","1984409.7669245","14.1988568737788","0.154071814509218","index"
"334","334","334","334","334","334","334","334","334","334","334","334",NA,NA,NA,NA,NA,NA,NA,NA,NA,NA,NA,NA,NA,NA,NA,"CA","shortspine thornyhead","shortspine_thornyhead",NA,NA,NA,"total_catch_wt_kg ~ 0 + factor(year) + pass + depth_m + (depth_m^2)","delta_gamma","TRUE","iid, iid","02_5","2022","1608693.67433861","1157034.84560521","2236661.53848927","14.2909330252134","0.168146917436487","index"
"335","335","335","335","335","335","335","335","335","335","335","335",NA,NA,NA,NA,NA,NA,NA,NA,NA,NA,NA,NA,NA,NA,NA,"CA","shortspine thornyhead","shortspine_thornyhead",NA,NA,NA,"total_catch_wt_kg ~ 0 + factor(year) + pass + depth_m + (depth_m^2)","delta_gamma","TRUE","iid, iid","02_5","2023","1798938.55573759","1282675.44790115","2522992.02624844","14.4027073576732","0.172579043384634","index"
"336","336","336","336","336","336","336","336","336","336","336","336",NA,NA,NA,NA,NA,NA,NA,NA,NA,NA,NA,NA,NA,NA,NA,"CA","shortspine thornyhead","shortspine_thornyhead",NA,NA,NA,"total_catch_wt_kg ~ 0 + factor(year) + pass + depth_m + (depth_m^2)","delta_gamma","TRUE","iid, iid","02_5","2024","1731863.36737427","1253577.18584616","2392633.46295538","14.3647084777955","0.164899309067235","index"
"337","337","337","337","337","337","337","337","337","337","337",NA,NA,NA,NA,NA,NA,NA,NA,NA,NA,NA,NA,NA,NA,NA,NA,"CA","shortspine thornyhead","shortspine_thornyhead",NA,NA,NA,"total_catch_wt_kg ~ 0 + factor(year) + pass + depth_m + (depth_m^2)","delta_gamma","TRUE","iid, iid","02_6","2003","965826.095325142","695848.708074119","1340550.08737855","13.7807390714448","0.1672742620783","index"
"338","338","338","338","338","338","338","338","338","338","338",NA,NA,NA,NA,NA,NA,NA,NA,NA,NA,NA,NA,NA,NA,NA,NA,"CA","shortspine thornyhead","shortspine_thornyhead",NA,NA,NA,"total_catch_wt_kg ~ 0 + factor(year) + pass + depth_m + (depth_m^2)","delta_gamma","TRUE","iid, iid","02_6","2004","903003.904273905","609409.497972207","1338042.89865384","13.7134821560597","0.200634515722052","index"
"339","339","339","339","339","339","339","339","339","339","339",NA,NA,NA,NA,NA,NA,NA,NA,NA,NA,NA,NA,NA,NA,NA,NA,"CA","shortspine thornyhead","shortspine_thornyhead",NA,NA,NA,"total_catch_wt_kg ~ 0 + factor(year) + pass + depth_m + (depth_m^2)","delta_gamma","TRUE","iid, iid","02_6","2005","988767.772144893","730558.169143068","1338239.3743939","13.8042147722589","0.154416427253977","index"
"340","340","340","340","340","340","340","340","340","340","340",NA,NA,NA,NA,NA,NA,NA,NA,NA,NA,NA,NA,NA,NA,NA,NA,"CA","shortspine thornyhead","shortspine_thornyhead",NA,NA,NA,"total_catch_wt_kg ~ 0 + factor(year) + pass + depth_m + (depth_m^2)","delta_gamma","TRUE","iid, iid","02_6","2006","952523.193224954","719312.283794472","1261344.27851743","13.766869735529","0.143277562549993","index"
"341","341","341","341","341","341","341","341","341","341","341",NA,NA,NA,NA,NA,NA,NA,NA,NA,NA,NA,NA,NA,NA,NA,NA,"CA","shortspine thornyhead","shortspine_thornyhead",NA,NA,NA,"total_catch_wt_kg ~ 0 + factor(year) + pass + depth_m + (depth_m^2)","delta_gamma","TRUE","iid, iid","02_6","2007","1269302.26224738","959916.804112057","1678404.03047912","14.0539779076542","0.142541400021901","index"
"342","342","342","342","342","342","342","342","342","342","342",NA,NA,NA,NA,NA,NA,NA,NA,NA,NA,NA,NA,NA,NA,NA,NA,"CA","shortspine thornyhead","shortspine_thornyhead",NA,NA,NA,"total_catch_wt_kg ~ 0 + factor(year) + pass + depth_m + (depth_m^2)","delta_gamma","TRUE","iid, iid","02_6","2008","799864.437131368","604504.309460186","1058359.89549652","13.5921975387054","0.142876840052314","index"
"343","343","343","343","343","343","343","343","343","343","343",NA,NA,NA,NA,NA,NA,NA,NA,NA,NA,NA,NA,NA,NA,NA,NA,"CA","shortspine thornyhead","shortspine_thornyhead",NA,NA,NA,"total_catch_wt_kg ~ 0 + factor(year) + pass + depth_m + (depth_m^2)","delta_gamma","TRUE","iid, iid","02_6","2009","747490.468458143","562501.13365939","993317.109960011","13.5244768329391","0.145068178154656","index"
"344","344","344","344","344","344","344","344","344","344","344",NA,NA,NA,NA,NA,NA,NA,NA,NA,NA,NA,NA,NA,NA,NA,NA,"CA","shortspine thornyhead","shortspine_thornyhead",NA,NA,NA,"total_catch_wt_kg ~ 0 + factor(year) + pass + depth_m + (depth_m^2)","delta_gamma","TRUE","iid, iid","02_6","2010","691096.09482639","522227.140439594","914571.02723969","13.4460341593999","0.142949694202112","index"
"345","345","345","345","345","345","345","345","345","345","345",NA,NA,NA,NA,NA,NA,NA,NA,NA,NA,NA,NA,NA,NA,NA,NA,"CA","shortspine thornyhead","shortspine_thornyhead",NA,NA,NA,"total_catch_wt_kg ~ 0 + factor(year) + pass + depth_m + (depth_m^2)","delta_gamma","TRUE","iid, iid","02_6","2011","791231.612082895","594324.401142107","1053376.67905983","13.5813460130967","0.146005455311921","index"
"346","346","346","346","346","346","346","346","346","346","346",NA,NA,NA,NA,NA,NA,NA,NA,NA,NA,NA,NA,NA,NA,NA,NA,"CA","shortspine thornyhead","shortspine_thornyhead",NA,NA,NA,"total_catch_wt_kg ~ 0 + factor(year) + pass + depth_m + (depth_m^2)","delta_gamma","TRUE","iid, iid","02_6","2012","863108.589542977","644262.979526468","1156292.47840751","13.6682957901255","0.149203514654997","index"
"347","347","347","347","347","347","347","347","347","347","347",NA,NA,NA,NA,NA,NA,NA,NA,NA,NA,NA,NA,NA,NA,NA,NA,"CA","shortspine thornyhead","shortspine_thornyhead",NA,NA,NA,"total_catch_wt_kg ~ 0 + factor(year) + pass + depth_m + (depth_m^2)","delta_gamma","TRUE","iid, iid","02_6","2013","889802.432416262","650019.180070681","1218038.47179987","13.6987547310166","0.1602057916655","index"
"348","348","348","348","348","348","348","348","348","348","348",NA,NA,NA,NA,NA,NA,NA,NA,NA,NA,NA,NA,NA,NA,NA,NA,"CA","shortspine thornyhead","shortspine_thornyhead",NA,NA,NA,"total_catch_wt_kg ~ 0 + factor(year) + pass + depth_m + (depth_m^2)","delta_gamma","TRUE","iid, iid","02_6","2014","888521.566333213","661302.039092877","1193812.3991303","13.6973141990265","0.150690647500131","index"
"349","349","349","349","349","349","349","349","349","349","349",NA,NA,NA,NA,NA,NA,NA,NA,NA,NA,NA,NA,NA,NA,NA,NA,"CA","shortspine thornyhead","shortspine_thornyhead",NA,NA,NA,"total_catch_wt_kg ~ 0 + factor(year) + pass + depth_m + (depth_m^2)","delta_gamma","TRUE","iid, iid","02_6","2015","914051.010335163","680703.964767391","1227390.01495347","13.7256416588737","0.150389944527139","index"
"350","350","350","350","350","350","350","350","350","350","350",NA,NA,NA,NA,NA,NA,NA,NA,NA,NA,NA,NA,NA,NA,NA,NA,"CA","shortspine thornyhead","shortspine_thornyhead",NA,NA,NA,"total_catch_wt_kg ~ 0 + factor(year) + pass + depth_m + (depth_m^2)","delta_gamma","TRUE","iid, iid","02_6","2016","1005932.69720155","752503.755972857","1344711.68185862","13.8214257260137","0.1480968330972","index"
"351","351","351","351","351","351","351","351","351","351","351",NA,NA,NA,NA,NA,NA,NA,NA,NA,NA,NA,NA,NA,NA,NA,NA,"CA","shortspine thornyhead","shortspine_thornyhead",NA,NA,NA,"total_catch_wt_kg ~ 0 + factor(year) + pass + depth_m + (depth_m^2)","delta_gamma","TRUE","iid, iid","02_6","2017","1083688.70998928","796956.411141548","1473582.75024862","13.8958812518346","0.1568018540886","index"
"352","352","352","352","352","352","352","352","352","352","352",NA,NA,NA,NA,NA,NA,NA,NA,NA,NA,NA,NA,NA,NA,NA,NA,"CA","shortspine thornyhead","shortspine_thornyhead",NA,NA,NA,"total_catch_wt_kg ~ 0 + factor(year) + pass + depth_m + (depth_m^2)","delta_gamma","TRUE","iid, iid","02_6","2018","1155878.56878276","871163.702681929","1533644.32156455","13.9603712783914","0.144281269695378","index"
"353","353","353","353","353","353","353","353","353","353","353",NA,NA,NA,NA,NA,NA,NA,NA,NA,NA,NA,NA,NA,NA,NA,NA,"CA","shortspine thornyhead","shortspine_thornyhead",NA,NA,NA,"total_catch_wt_kg ~ 0 + factor(year) + pass + depth_m + (depth_m^2)","delta_gamma","TRUE","iid, iid","02_6","2019","1032726.77982819","677477.672185275","1574257.93581376","13.8477132211798","0.215096476004817","index"
"354","354","354","354","354","354","354","354","354","354","354",NA,NA,NA,NA,NA,NA,NA,NA,NA,NA,NA,NA,NA,NA,NA,NA,"CA","shortspine thornyhead","shortspine_thornyhead",NA,NA,NA,"total_catch_wt_kg ~ 0 + factor(year) + pass + depth_m + (depth_m^2)","delta_gamma","TRUE","iid, iid","02_6","2021","1353219.73692533","1011136.2179501","1811035.56958598","14.1179973011543","0.148682362875376","index"
"355","355","355","355","355","355","355","355","355","355","355",NA,NA,NA,NA,NA,NA,NA,NA,NA,NA,NA,NA,NA,NA,NA,NA,"CA","shortspine thornyhead","shortspine_thornyhead",NA,NA,NA,"total_catch_wt_kg ~ 0 + factor(year) + pass + depth_m + (depth_m^2)","delta_gamma","TRUE","iid, iid","02_6","2022","1383257.8441251","1039124.60354599","1841359.79150546","14.1399520315378","0.145953111632492","index"
"356","356","356","356","356","356","356","356","356","356","356",NA,NA,NA,NA,NA,NA,NA,NA,NA,NA,NA,NA,NA,NA,NA,NA,"CA","shortspine thornyhead","shortspine_thornyhead",NA,NA,NA,"total_catch_wt_kg ~ 0 + factor(year) + pass + depth_m + (depth_m^2)","delta_gamma","TRUE","iid, iid","02_6","2023","1272577.42540066","935746.429438985","1730654.00271983","14.0565548706644","0.156867709331021","index"
"357","357","357","357","357","357","357","357","357","357","357",NA,NA,NA,NA,NA,NA,NA,NA,NA,NA,NA,NA,NA,NA,NA,NA,"CA","shortspine thornyhead","shortspine_thornyhead",NA,NA,NA,"total_catch_wt_kg ~ 0 + factor(year) + pass + depth_m + (depth_m^2)","delta_gamma","TRUE","iid, iid","02_6","2024","1217400.72716353","902230.200546479","1642667.83532696","14.0122285923504","0.152861795921187","index"
"358","358","358","358","358","358","358","358","358","358",NA,NA,NA,NA,NA,NA,NA,NA,NA,NA,NA,NA,NA,NA,NA,NA,NA,"CA","shortspine thornyhead","shortspine_thornyhead",NA,NA,NA,"total_catch_wt_kg ~ 0 + factor(year) + pass + depth_m + (depth_m^2)","delta_gamma","TRUE","iid, iid","02_7","2003","1020684.79117666","743874.260166314","1400502.07236156","13.8359843238952","0.161409613651657","index"
"359","359","359","359","359","359","359","359","359","359",NA,NA,NA,NA,NA,NA,NA,NA,NA,NA,NA,NA,NA,NA,NA,NA,NA,"CA","shortspine thornyhead","shortspine_thornyhead",NA,NA,NA,"total_catch_wt_kg ~ 0 + factor(year) + pass + depth_m + (depth_m^2)","delta_gamma","TRUE","iid, iid","02_7","2004","1024801.57819622","720033.308954665","1458569.01564479","13.8400095695676","0.18008331785302","index"
"360","360","360","360","360","360","360","360","360","360",NA,NA,NA,NA,NA,NA,NA,NA,NA,NA,NA,NA,NA,NA,NA,NA,NA,"CA","shortspine thornyhead","shortspine_thornyhead",NA,NA,NA,"total_catch_wt_kg ~ 0 + factor(year) + pass + depth_m + (depth_m^2)","delta_gamma","TRUE","iid, iid","02_7","2005","1022340.82663216","755457.51604734","1383507.00548651","13.8376054840058","0.15435317188167","index"
"361","361","361","361","361","361","361","361","361","361",NA,NA,NA,NA,NA,NA,NA,NA,NA,NA,NA,NA,NA,NA,NA,NA,NA,"CA","shortspine thornyhead","shortspine_thornyhead",NA,NA,NA,"total_catch_wt_kg ~ 0 + factor(year) + pass + depth_m + (depth_m^2)","delta_gamma","TRUE","iid, iid","02_7","2006","1014238.94438788","734244.722143635","1401005.14895062","13.8296490807262","0.16482518165186","index"
"362","362","362","362","362","362","362","362","362","362",NA,NA,NA,NA,NA,NA,NA,NA,NA,NA,NA,NA,NA,NA,NA,NA,NA,"CA","shortspine thornyhead","shortspine_thornyhead",NA,NA,NA,"total_catch_wt_kg ~ 0 + factor(year) + pass + depth_m + (depth_m^2)","delta_gamma","TRUE","iid, iid","02_7","2007","937453.297263612","696024.83238993","1262625.47491708","13.7509222193337","0.151932180530509","index"
"363","363","363","363","363","363","363","363","363","363",NA,NA,NA,NA,NA,NA,NA,NA,NA,NA,NA,NA,NA,NA,NA,NA,NA,"CA","shortspine thornyhead","shortspine_thornyhead",NA,NA,NA,"total_catch_wt_kg ~ 0 + factor(year) + pass + depth_m + (depth_m^2)","delta_gamma","TRUE","iid, iid","02_7","2008","1077480.76893069","804590.268561169","1442926.73274758","13.8901362529406","0.149006722354732","index"
"364","364","364","364","364","364","364","364","364","364",NA,NA,NA,NA,NA,NA,NA,NA,NA,NA,NA,NA,NA,NA,NA,NA,NA,"CA","shortspine thornyhead","shortspine_thornyhead",NA,NA,NA,"total_catch_wt_kg ~ 0 + factor(year) + pass + depth_m + (depth_m^2)","delta_gamma","TRUE","iid, iid","02_7","2009","795760.580306982","589008.885290661","1075085.48170376","13.5870536410748","0.153501337547442","index"
"365","365","365","365","365","365","365","365","365","365",NA,NA,NA,NA,NA,NA,NA,NA,NA,NA,NA,NA,NA,NA,NA,NA,NA,"CA","shortspine thornyhead","shortspine_thornyhead",NA,NA,NA,"total_catch_wt_kg ~ 0 + factor(year) + pass + depth_m + (depth_m^2)","delta_gamma","TRUE","iid, iid","02_7","2010","903090.470738804","672991.294088617","1211861.73655293","13.71357801646","0.150048851005381","index"
"366","366","366","366","366","366","366","366","366","366",NA,NA,NA,NA,NA,NA,NA,NA,NA,NA,NA,NA,NA,NA,NA,NA,NA,"CA","shortspine thornyhead","shortspine_thornyhead",NA,NA,NA,"total_catch_wt_kg ~ 0 + factor(year) + pass + depth_m + (depth_m^2)","delta_gamma","TRUE","iid, iid","02_7","2011","929208.21255758","686264.404278876","1258156.32706718","13.7420881181493","0.154630319287765","index"
"367","367","367","367","367","367","367","367","367","367",NA,NA,NA,NA,NA,NA,NA,NA,NA,NA,NA,NA,NA,NA,NA,NA,NA,"CA","shortspine thornyhead","shortspine_thornyhead",NA,NA,NA,"total_catch_wt_kg ~ 0 + factor(year) + pass + depth_m + (depth_m^2)","delta_gamma","TRUE","iid, iid","02_7","2012","1054404.52017738","773841.373909845","1436688.35714129","13.8684867296876","0.157841952111691","index"
"368","368","368","368","368","368","368","368","368","368",NA,NA,NA,NA,NA,NA,NA,NA,NA,NA,NA,NA,NA,NA,NA,NA,NA,"CA","shortspine thornyhead","shortspine_thornyhead",NA,NA,NA,"total_catch_wt_kg ~ 0 + factor(year) + pass + depth_m + (depth_m^2)","delta_gamma","TRUE","iid, iid","02_7","2013","836912.773757936","597698.62089156","1171866.49993338","13.6374751310876","0.171754790543174","index"
"369","369","369","369","369","369","369","369","369","369",NA,NA,NA,NA,NA,NA,NA,NA,NA,NA,NA,NA,NA,NA,NA,NA,NA,"CA","shortspine thornyhead","shortspine_thornyhead",NA,NA,NA,"total_catch_wt_kg ~ 0 + factor(year) + pass + depth_m + (depth_m^2)","delta_gamma","TRUE","iid, iid","02_7","2014","914796.776783857","677382.163550255","1235422.46584715","13.7264572177138","0.153301964635198","index"
"370","370","370","370","370","370","370","370","370","370",NA,NA,NA,NA,NA,NA,NA,NA,NA,NA,NA,NA,NA,NA,NA,NA,NA,"CA","shortspine thornyhead","shortspine_thornyhead",NA,NA,NA,"total_catch_wt_kg ~ 0 + factor(year) + pass + depth_m + (depth_m^2)","delta_gamma","TRUE","iid, iid","02_7","2015","1211023.47536495","909514.301998187","1612484.65764963","14.0069764074546","0.146079421751954","index"
"371","371","371","371","371","371","371","371","371","371",NA,NA,NA,NA,NA,NA,NA,NA,NA,NA,NA,NA,NA,NA,NA,NA,NA,"CA","shortspine thornyhead","shortspine_thornyhead",NA,NA,NA,"total_catch_wt_kg ~ 0 + factor(year) + pass + depth_m + (depth_m^2)","delta_gamma","TRUE","iid, iid","02_7","2016","1426768.41536196","1053924.1241669","1931512.96606254","14.1709225955257","0.154539359334758","index"
"372","372","372","372","372","372","372","372","372","372",NA,NA,NA,NA,NA,NA,NA,NA,NA,NA,NA,NA,NA,NA,NA,NA,NA,"CA","shortspine thornyhead","shortspine_thornyhead",NA,NA,NA,"total_catch_wt_kg ~ 0 + factor(year) + pass + depth_m + (depth_m^2)","delta_gamma","TRUE","iid, iid","02_7","2017","1410300.2346987","1055479.22257893","1884401.61534536","14.1593131720979","0.147863794036895","index"
"373","373","373","373","373","373","373","373","373","373",NA,NA,NA,NA,NA,NA,NA,NA,NA,NA,NA,NA,NA,NA,NA,NA,NA,"CA","shortspine thornyhead","shortspine_thornyhead",NA,NA,NA,"total_catch_wt_kg ~ 0 + factor(year) + pass + depth_m + (depth_m^2)","delta_gamma","TRUE","iid, iid","02_7","2018","1193166.72702714","886543.010080682","1605840.68939318","13.9921214457387","0.151552032605059","index"
"374","374","374","374","374","374","374","374","374","374",NA,NA,NA,NA,NA,NA,NA,NA,NA,NA,NA,NA,NA,NA,NA,NA,NA,"CA","shortspine thornyhead","shortspine_thornyhead",NA,NA,NA,"total_catch_wt_kg ~ 0 + factor(year) + pass + depth_m + (depth_m^2)","delta_gamma","TRUE","iid, iid","02_7","2019","1483776.14774903","997294.75277862","2207563.66209183","14.2101008474965","0.202707399565227","index"
"375","375","375","375","375","375","375","375","375","375",NA,NA,NA,NA,NA,NA,NA,NA,NA,NA,NA,NA,NA,NA,NA,NA,NA,"CA","shortspine thornyhead","shortspine_thornyhead",NA,NA,NA,"total_catch_wt_kg ~ 0 + factor(year) + pass + depth_m + (depth_m^2)","delta_gamma","TRUE","iid, iid","02_7","2021","1590368.61614375","1185877.62137795","2132827.44325343","14.2794763813797","0.149738830152432","index"
"376","376","376","376","376","376","376","376","376","376",NA,NA,NA,NA,NA,NA,NA,NA,NA,NA,NA,NA,NA,NA,NA,NA,NA,"CA","shortspine thornyhead","shortspine_thornyhead",NA,NA,NA,"total_catch_wt_kg ~ 0 + factor(year) + pass + depth_m + (depth_m^2)","delta_gamma","TRUE","iid, iid","02_7","2022","1953203.36607018","1418735.74579016","2689016.18962389","14.4849813345299","0.163117600073507","index"
"377","377","377","377","377","377","377","377","377","377",NA,NA,NA,NA,NA,NA,NA,NA,NA,NA,NA,NA,NA,NA,NA,NA,NA,"CA","shortspine thornyhead","shortspine_thornyhead",NA,NA,NA,"total_catch_wt_kg ~ 0 + factor(year) + pass + depth_m + (depth_m^2)","delta_gamma","TRUE","iid, iid","02_7","2023","1909954.29941026","1416839.30948688","2574692.41671228","14.4625898727262","0.152375637896563","index"
"378","378","378","378","378","378","378","378","378","378",NA,NA,NA,NA,NA,NA,NA,NA,NA,NA,NA,NA,NA,NA,NA,NA,NA,"CA","shortspine thornyhead","shortspine_thornyhead",NA,NA,NA,"total_catch_wt_kg ~ 0 + factor(year) + pass + depth_m + (depth_m^2)","delta_gamma","TRUE","iid, iid","02_7","2024","1510630.87749368","1126752.90968454","2025293.76975492","14.2280379212018","0.149588156004726","index"
"379","379","379","379","379","379","379","379","379",NA,NA,NA,NA,NA,NA,NA,NA,NA,NA,NA,NA,NA,NA,NA,NA,NA,NA,"CA","shortspine thornyhead","shortspine_thornyhead",NA,NA,NA,"total_catch_wt_kg ~ 0 + factor(year) + pass + depth_m + (depth_m^2)","delta_gamma","TRUE","iid, iid","02_8","2003","1091352.45825433","NaN","NaN","13.9029282724541","NaN","index"
"380","380","380","380","380","380","380","380","380",NA,NA,NA,NA,NA,NA,NA,NA,NA,NA,NA,NA,NA,NA,NA,NA,NA,NA,"CA","shortspine thornyhead","shortspine_thornyhead",NA,NA,NA,"total_catch_wt_kg ~ 0 + factor(year) + pass + depth_m + (depth_m^2)","delta_gamma","TRUE","iid, iid","02_8","2004","896060.109190189","NaN","NaN","13.7057627758567","NaN","index"
"381","381","381","381","381","381","381","381","381",NA,NA,NA,NA,NA,NA,NA,NA,NA,NA,NA,NA,NA,NA,NA,NA,NA,NA,"CA","shortspine thornyhead","shortspine_thornyhead",NA,NA,NA,"total_catch_wt_kg ~ 0 + factor(year) + pass + depth_m + (depth_m^2)","delta_gamma","TRUE","iid, iid","02_8","2005","1043754.49527852","NaN","NaN","13.8583348619916","NaN","index"
"382","382","382","382","382","382","382","382","382",NA,NA,NA,NA,NA,NA,NA,NA,NA,NA,NA,NA,NA,NA,NA,NA,NA,NA,"CA","shortspine thornyhead","shortspine_thornyhead",NA,NA,NA,"total_catch_wt_kg ~ 0 + factor(year) + pass + depth_m + (depth_m^2)","delta_gamma","TRUE","iid, iid","02_8","2006","968234.587995082","NaN","NaN","13.7832296798685","NaN","index"
"383","383","383","383","383","383","383","383","383",NA,NA,NA,NA,NA,NA,NA,NA,NA,NA,NA,NA,NA,NA,NA,NA,NA,NA,"CA","shortspine thornyhead","shortspine_thornyhead",NA,NA,NA,"total_catch_wt_kg ~ 0 + factor(year) + pass + depth_m + (depth_m^2)","delta_gamma","TRUE","iid, iid","02_8","2007","963576.032348053","NaN","NaN","13.7784066763833","NaN","index"
"384","384","384","384","384","384","384","384","384",NA,NA,NA,NA,NA,NA,NA,NA,NA,NA,NA,NA,NA,NA,NA,NA,NA,NA,"CA","shortspine thornyhead","shortspine_thornyhead",NA,NA,NA,"total_catch_wt_kg ~ 0 + factor(year) + pass + depth_m + (depth_m^2)","delta_gamma","TRUE","iid, iid","02_8","2008","970569.876465652","NaN","NaN","13.7856386794791","NaN","index"
"385","385","385","385","385","385","385","385","385",NA,NA,NA,NA,NA,NA,NA,NA,NA,NA,NA,NA,NA,NA,NA,NA,NA,NA,"CA","shortspine thornyhead","shortspine_thornyhead",NA,NA,NA,"total_catch_wt_kg ~ 0 + factor(year) + pass + depth_m + (depth_m^2)","delta_gamma","TRUE","iid, iid","02_8","2009","773898.725550705","NaN","NaN","13.5591962984691","NaN","index"
"386","386","386","386","386","386","386","386","386",NA,NA,NA,NA,NA,NA,NA,NA,NA,NA,NA,NA,NA,NA,NA,NA,NA,NA,"CA","shortspine thornyhead","shortspine_thornyhead",NA,NA,NA,"total_catch_wt_kg ~ 0 + factor(year) + pass + depth_m + (depth_m^2)","delta_gamma","TRUE","iid, iid","02_8","2010","833980.762255115","NaN","NaN","13.6339656142344","NaN","index"
"387","387","387","387","387","387","387","387","387",NA,NA,NA,NA,NA,NA,NA,NA,NA,NA,NA,NA,NA,NA,NA,NA,NA,NA,"CA","shortspine thornyhead","shortspine_thornyhead",NA,NA,NA,"total_catch_wt_kg ~ 0 + factor(year) + pass + depth_m + (depth_m^2)","delta_gamma","TRUE","iid, iid","02_8","2011","908750.381515956","NaN","NaN","13.7198257276548","NaN","index"
"388","388","388","388","388","388","388","388","388",NA,NA,NA,NA,NA,NA,NA,NA,NA,NA,NA,NA,NA,NA,NA,NA,NA,NA,"CA","shortspine thornyhead","shortspine_thornyhead",NA,NA,NA,"total_catch_wt_kg ~ 0 + factor(year) + pass + depth_m + (depth_m^2)","delta_gamma","TRUE","iid, iid","02_8","2012","834593.387810294","NaN","NaN","13.6346999245229","NaN","index"
"389","389","389","389","389","389","389","389","389",NA,NA,NA,NA,NA,NA,NA,NA,NA,NA,NA,NA,NA,NA,NA,NA,NA,NA,"CA","shortspine thornyhead","shortspine_thornyhead",NA,NA,NA,"total_catch_wt_kg ~ 0 + factor(year) + pass + depth_m + (depth_m^2)","delta_gamma","TRUE","iid, iid","02_8","2013","1096589.10174759","NaN","NaN","13.9077151036824","NaN","index"
"390","390","390","390","390","390","390","390","390",NA,NA,NA,NA,NA,NA,NA,NA,NA,NA,NA,NA,NA,NA,NA,NA,NA,NA,"CA","shortspine thornyhead","shortspine_thornyhead",NA,NA,NA,"total_catch_wt_kg ~ 0 + factor(year) + pass + depth_m + (depth_m^2)","delta_gamma","TRUE","iid, iid","02_8","2014","907195.805919912","NaN","NaN","13.7181135888408","NaN","index"
"391","391","391","391","391","391","391","391","391",NA,NA,NA,NA,NA,NA,NA,NA,NA,NA,NA,NA,NA,NA,NA,NA,NA,NA,"CA","shortspine thornyhead","shortspine_thornyhead",NA,NA,NA,"total_catch_wt_kg ~ 0 + factor(year) + pass + depth_m + (depth_m^2)","delta_gamma","TRUE","iid, iid","02_8","2015","1198313.18683514","NaN","NaN","13.9964254482292","NaN","index"
"392","392","392","392","392","392","392","392","392",NA,NA,NA,NA,NA,NA,NA,NA,NA,NA,NA,NA,NA,NA,NA,NA,NA,NA,"CA","shortspine thornyhead","shortspine_thornyhead",NA,NA,NA,"total_catch_wt_kg ~ 0 + factor(year) + pass + depth_m + (depth_m^2)","delta_gamma","TRUE","iid, iid","02_8","2016","1258082.03326374","NaN","NaN","14.0450989233881","NaN","index"
"393","393","393","393","393","393","393","393","393",NA,NA,NA,NA,NA,NA,NA,NA,NA,NA,NA,NA,NA,NA,NA,NA,NA,NA,"CA","shortspine thornyhead","shortspine_thornyhead",NA,NA,NA,"total_catch_wt_kg ~ 0 + factor(year) + pass + depth_m + (depth_m^2)","delta_gamma","TRUE","iid, iid","02_8","2017","1227013.75403351","NaN","NaN","14.0200939331115","NaN","index"
"394","394","394","394","394","394","394","394","394",NA,NA,NA,NA,NA,NA,NA,NA,NA,NA,NA,NA,NA,NA,NA,NA,NA,NA,"CA","shortspine thornyhead","shortspine_thornyhead",NA,NA,NA,"total_catch_wt_kg ~ 0 + factor(year) + pass + depth_m + (depth_m^2)","delta_gamma","TRUE","iid, iid","02_8","2018","1228553.69432974","NaN","NaN","14.0213481772164","NaN","index"
"395","395","395","395","395","395","395","395","395",NA,NA,NA,NA,NA,NA,NA,NA,NA,NA,NA,NA,NA,NA,NA,NA,NA,NA,"CA","shortspine thornyhead","shortspine_thornyhead",NA,NA,NA,"total_catch_wt_kg ~ 0 + factor(year) + pass + depth_m + (depth_m^2)","delta_gamma","TRUE","iid, iid","02_8","2019","1390558.11664334","NaN","NaN","14.1452157472832","NaN","index"
"396","396","396","396","396","396","396","396","396",NA,NA,NA,NA,NA,NA,NA,NA,NA,NA,NA,NA,NA,NA,NA,NA,NA,NA,"CA","shortspine thornyhead","shortspine_thornyhead",NA,NA,NA,"total_catch_wt_kg ~ 0 + factor(year) + pass + depth_m + (depth_m^2)","delta_gamma","TRUE","iid, iid","02_8","2021","1389533.63554793","NaN","NaN","14.1444787348152","NaN","index"
"397","397","397","397","397","397","397","397","397",NA,NA,NA,NA,NA,NA,NA,NA,NA,NA,NA,NA,NA,NA,NA,NA,NA,NA,"CA","shortspine thornyhead","shortspine_thornyhead",NA,NA,NA,"total_catch_wt_kg ~ 0 + factor(year) + pass + depth_m + (depth_m^2)","delta_gamma","TRUE","iid, iid","02_8","2022","1306609.8683512","NaN","NaN","14.0829464540552","NaN","index"
"398","398","398","398","398","398","398","398","398",NA,NA,NA,NA,NA,NA,NA,NA,NA,NA,NA,NA,NA,NA,NA,NA,NA,NA,"CA","shortspine thornyhead","shortspine_thornyhead",NA,NA,NA,"total_catch_wt_kg ~ 0 + factor(year) + pass + depth_m + (depth_m^2)","delta_gamma","TRUE","iid, iid","02_8","2023","1728473.08535528","NaN","NaN","14.3627489671235","NaN","index"
"399","399","399","399","399","399","399","399","399",NA,NA,NA,NA,NA,NA,NA,NA,NA,NA,NA,NA,NA,NA,NA,NA,NA,NA,"CA","shortspine thornyhead","shortspine_thornyhead",NA,NA,NA,"total_catch_wt_kg ~ 0 + factor(year) + pass + depth_m + (depth_m^2)","delta_gamma","TRUE","iid, iid","02_8","2024","1371176.72384802","NaN","NaN","14.1311798516583","NaN","index"
"400","400","400","400","400","400","400","400",NA,NA,NA,NA,NA,NA,NA,NA,NA,NA,NA,NA,NA,NA,NA,NA,NA,NA,NA,"CA","shortspine thornyhead","shortspine_thornyhead",NA,NA,NA,"total_catch_wt_kg ~ 0 + factor(year) + pass + depth_m + (depth_m^2)","delta_gamma","TRUE","iid, iid","02_9","2003","856222.295152861","625543.858872095","1171966.77470178","13.6602853120092","0.160160385575196","index"
"401","401","401","401","401","401","401","401",NA,NA,NA,NA,NA,NA,NA,NA,NA,NA,NA,NA,NA,NA,NA,NA,NA,NA,NA,"CA","shortspine thornyhead","shortspine_thornyhead",NA,NA,NA,"total_catch_wt_kg ~ 0 + factor(year) + pass + depth_m + (depth_m^2)","delta_gamma","TRUE","iid, iid","02_9","2004","882057.84081739","603534.974164156","1289115.07676077","13.6900129119967","0.193602354395432","index"
"402","402","402","402","402","402","402","402",NA,NA,NA,NA,NA,NA,NA,NA,NA,NA,NA,NA,NA,NA,NA,NA,NA,NA,NA,"CA","shortspine thornyhead","shortspine_thornyhead",NA,NA,NA,"total_catch_wt_kg ~ 0 + factor(year) + pass + depth_m + (depth_m^2)","delta_gamma","TRUE","iid, iid","02_9","2005","785815.374506656","571918.547020569","1079709.35027017","13.5744771513346","0.162107719290983","index"
"403","403","403","403","403","403","403","403",NA,NA,NA,NA,NA,NA,NA,NA,NA,NA,NA,NA,NA,NA,NA,NA,NA,NA,NA,"CA","shortspine thornyhead","shortspine_thornyhead",NA,NA,NA,"total_catch_wt_kg ~ 0 + factor(year) + pass + depth_m + (depth_m^2)","delta_gamma","TRUE","iid, iid","02_9","2006","755269.560650657","551849.592888042","1033673.15405661","13.5348299984841","0.160104567982198","index"
"404","404","404","404","404","404","404","404",NA,NA,NA,NA,NA,NA,NA,NA,NA,NA,NA,NA,NA,NA,NA,NA,NA,NA,NA,"CA","shortspine thornyhead","shortspine_thornyhead",NA,NA,NA,"total_catch_wt_kg ~ 0 + factor(year) + pass + depth_m + (depth_m^2)","delta_gamma","TRUE","iid, iid","02_9","2007","914768.052580874","684331.662505304","1222799.75612866","13.7264258176754","0.148078155606878","index"
"405","405","405","405","405","405","405","405",NA,NA,NA,NA,NA,NA,NA,NA,NA,NA,NA,NA,NA,NA,NA,NA,NA,NA,NA,"CA","shortspine thornyhead","shortspine_thornyhead",NA,NA,NA,"total_catch_wt_kg ~ 0 + factor(year) + pass + depth_m + (depth_m^2)","delta_gamma","TRUE","iid, iid","02_9","2008","602264.44361115","443261.078299879","818304.330778296","13.3084519029395","0.156399652436952","index"
"406","406","406","406","406","406","406","406",NA,NA,NA,NA,NA,NA,NA,NA,NA,NA,NA,NA,NA,NA,NA,NA,NA,NA,NA,"CA","shortspine thornyhead","shortspine_thornyhead",NA,NA,NA,"total_catch_wt_kg ~ 0 + factor(year) + pass + depth_m + (depth_m^2)","delta_gamma","TRUE","iid, iid","02_9","2009","681663.767829797","498780.168414779","931603.784185554","13.4322918062095","0.15937592489803","index"
"407","407","407","407","407","407","407","407",NA,NA,NA,NA,NA,NA,NA,NA,NA,NA,NA,NA,NA,NA,NA,NA,NA,NA,NA,"CA","shortspine thornyhead","shortspine_thornyhead",NA,NA,NA,"total_catch_wt_kg ~ 0 + factor(year) + pass + depth_m + (depth_m^2)","delta_gamma","TRUE","iid, iid","02_9","2010","552609.762913187","410257.583175986","744355.650181783","13.2224073585488","0.151975683143443","index"
"408","408","408","408","408","408","408","408",NA,NA,NA,NA,NA,NA,NA,NA,NA,NA,NA,NA,NA,NA,NA,NA,NA,NA,NA,"CA","shortspine thornyhead","shortspine_thornyhead",NA,NA,NA,"total_catch_wt_kg ~ 0 + factor(year) + pass + depth_m + (depth_m^2)","delta_gamma","TRUE","iid, iid","02_9","2011","734063.924990127","540155.613338611","997582.608910368","13.5063513950716","0.156502286580382","index"
"409","409","409","409","409","409","409","409",NA,NA,NA,NA,NA,NA,NA,NA,NA,NA,NA,NA,NA,NA,NA,NA,NA,NA,NA,"CA","shortspine thornyhead","shortspine_thornyhead",NA,NA,NA,"total_catch_wt_kg ~ 0 + factor(year) + pass + depth_m + (depth_m^2)","delta_gamma","TRUE","iid, iid","02_9","2012","789180.256972466","585110.951683725","1064422.86920614","13.5787500363104","0.152652431086475","index"
"410","410","410","410","410","410","410","410",NA,NA,NA,NA,NA,NA,NA,NA,NA,NA,NA,NA,NA,NA,NA,NA,NA,NA,NA,"CA","shortspine thornyhead","shortspine_thornyhead",NA,NA,NA,"total_catch_wt_kg ~ 0 + factor(year) + pass + depth_m + (depth_m^2)","delta_gamma","TRUE","iid, iid","02_9","2013","929222.374343347","643329.388020711","1342165.05115182","13.7421033587354","0.18760100800417","index"
"411","411","411","411","411","411","411","411",NA,NA,NA,NA,NA,NA,NA,NA,NA,NA,NA,NA,NA,NA,NA,NA,NA,NA,NA,"CA","shortspine thornyhead","shortspine_thornyhead",NA,NA,NA,"total_catch_wt_kg ~ 0 + factor(year) + pass + depth_m + (depth_m^2)","delta_gamma","TRUE","iid, iid","02_9","2014","699124.313691267","513726.017556478","951430.897580632","13.4575838504553","0.157216403126854","index"
"412","412","412","412","412","412","412","412",NA,NA,NA,NA,NA,NA,NA,NA,NA,NA,NA,NA,NA,NA,NA,NA,NA,NA,NA,"CA","shortspine thornyhead","shortspine_thornyhead",NA,NA,NA,"total_catch_wt_kg ~ 0 + factor(year) + pass + depth_m + (depth_m^2)","delta_gamma","TRUE","iid, iid","02_9","2015","819919.906398924","610175.586231997","1101762.62059363","13.6169619393466","0.150747616112099","index"
"413","413","413","413","413","413","413","413",NA,NA,NA,NA,NA,NA,NA,NA,NA,NA,NA,NA,NA,NA,NA,NA,NA,NA,NA,"CA","shortspine thornyhead","shortspine_thornyhead",NA,NA,NA,"total_catch_wt_kg ~ 0 + factor(year) + pass + depth_m + (depth_m^2)","delta_gamma","TRUE","iid, iid","02_9","2016","1084096.01170339","782736.348440331","1501481.52048007","13.8962570287416","0.166179497574825","index"
"414","414","414","414","414","414","414","414",NA,NA,NA,NA,NA,NA,NA,NA,NA,NA,NA,NA,NA,NA,NA,NA,NA,NA,NA,"CA","shortspine thornyhead","shortspine_thornyhead",NA,NA,NA,"total_catch_wt_kg ~ 0 + factor(year) + pass + depth_m + (depth_m^2)","delta_gamma","TRUE","iid, iid","02_9","2017","1120548.12844946","829329.116915487","1514028.72823473","13.9293285239553","0.153551884766308","index"
"415","415","415","415","415","415","415","415",NA,NA,NA,NA,NA,NA,NA,NA,NA,NA,NA,NA,NA,NA,NA,NA,NA,NA,NA,"CA","shortspine thornyhead","shortspine_thornyhead",NA,NA,NA,"total_catch_wt_kg ~ 0 + factor(year) + pass + depth_m + (depth_m^2)","delta_gamma","TRUE","iid, iid","02_9","2018","898635.684661434","670707.105717383","1204021.97451476","13.7086329862268","0.149260482347226","index"
"416","416","416","416","416","416","416","416",NA,NA,NA,NA,NA,NA,NA,NA,NA,NA,NA,NA,NA,NA,NA,NA,NA,NA,NA,"CA","shortspine thornyhead","shortspine_thornyhead",NA,NA,NA,"total_catch_wt_kg ~ 0 + factor(year) + pass + depth_m + (depth_m^2)","delta_gamma","TRUE","iid, iid","02_9","2019","1049556.77059371","693343.93117378","1588777.75541242","13.8638785097705","0.211532999994613","index"
"417","417","417","417","417","417","417","417",NA,NA,NA,NA,NA,NA,NA,NA,NA,NA,NA,NA,NA,NA,NA,NA,NA,NA,NA,"CA","shortspine thornyhead","shortspine_thornyhead",NA,NA,NA,"total_catch_wt_kg ~ 0 + factor(year) + pass + depth_m + (depth_m^2)","delta_gamma","TRUE","iid, iid","02_9","2021","1056243.71251076","778319.097696285","1433410.51699833","13.8702295049833","0.155787370094386","index"
"418","418","418","418","418","418","418","418",NA,NA,NA,NA,NA,NA,NA,NA,NA,NA,NA,NA,NA,NA,NA,NA,NA,NA,NA,"CA","shortspine thornyhead","shortspine_thornyhead",NA,NA,NA,"total_catch_wt_kg ~ 0 + factor(year) + pass + depth_m + (depth_m^2)","delta_gamma","TRUE","iid, iid","02_9","2022","1086305.21140908","779592.099896628","1513687.75092897","13.8982927818043","0.169271818967791","index"
"419","419","419","419","419","419","419","419",NA,NA,NA,NA,NA,NA,NA,NA,NA,NA,NA,NA,NA,NA,NA,NA,NA,NA,NA,"CA","shortspine thornyhead","shortspine_thornyhead",NA,NA,NA,"total_catch_wt_kg ~ 0 + factor(year) + pass + depth_m + (depth_m^2)","delta_gamma","TRUE","iid, iid","02_9","2023","1425495.24991381","1021498.7846276","1989269.82401418","14.1700298551047","0.170027793513598","index"
"420","420","420","420","420","420","420","420",NA,NA,NA,NA,NA,NA,NA,NA,NA,NA,NA,NA,NA,NA,NA,NA,NA,NA,NA,"CA","shortspine thornyhead","shortspine_thornyhead",NA,NA,NA,"total_catch_wt_kg ~ 0 + factor(year) + pass + depth_m + (depth_m^2)","delta_gamma","TRUE","iid, iid","02_9","2024","1303261.14780023","956435.016257796","1775854.70052234","14.0803802564401","0.157866232450677","index"
"421","421","421","421","421","421","421",NA,NA,NA,NA,NA,NA,NA,NA,NA,NA,NA,NA,NA,NA,NA,NA,NA,NA,NA,NA,"CA","shortspine thornyhead","shortspine_thornyhead",NA,NA,NA,"total_catch_wt_kg ~ 0 + factor(year) + pass + depth_m + (depth_m^2)","delta_gamma","TRUE","iid, iid","03_1","2003","1245557.41720708","922099.789294265","1682478.7268924","14.0350937123465","0.153413525298129","index"
"422","422","422","422","422","422","422",NA,NA,NA,NA,NA,NA,NA,NA,NA,NA,NA,NA,NA,NA,NA,NA,NA,NA,NA,NA,"CA","shortspine thornyhead","shortspine_thornyhead",NA,NA,NA,"total_catch_wt_kg ~ 0 + factor(year) + pass + depth_m + (depth_m^2)","delta_gamma","TRUE","iid, iid","03_1","2004","1605773.12185168","1181186.13290063","2182981.36681411","14.2891158944258","0.15667951447341","index"
"423","423","423","423","423","423","423",NA,NA,NA,NA,NA,NA,NA,NA,NA,NA,NA,NA,NA,NA,NA,NA,NA,NA,NA,NA,"CA","shortspine thornyhead","shortspine_thornyhead",NA,NA,NA,"total_catch_wt_kg ~ 0 + factor(year) + pass + depth_m + (depth_m^2)","delta_gamma","TRUE","iid, iid","03_1","2005","1236752.28887987","933345.377215564","1638789.09285725","14.0279993798098","0.143609163982798","index"
"424","424","424","424","424","424","424",NA,NA,NA,NA,NA,NA,NA,NA,NA,NA,NA,NA,NA,NA,NA,NA,NA,NA,NA,NA,"CA","shortspine thornyhead","shortspine_thornyhead",NA,NA,NA,"total_catch_wt_kg ~ 0 + factor(year) + pass + depth_m + (depth_m^2)","delta_gamma","TRUE","iid, iid","03_1","2006","946085.058121361","720834.830794352","1241722.65124055","13.7600877574396","0.138738493698857","index"
"425","425","425","425","425","425","425",NA,NA,NA,NA,NA,NA,NA,NA,NA,NA,NA,NA,NA,NA,NA,NA,NA,NA,NA,NA,"CA","shortspine thornyhead","shortspine_thornyhead",NA,NA,NA,"total_catch_wt_kg ~ 0 + factor(year) + pass + depth_m + (depth_m^2)","delta_gamma","TRUE","iid, iid","03_1","2007","969754.51022684","749611.344951538","1254548.52896616","13.7847982362085","0.131373889405016","index"
"426","426","426","426","426","426","426",NA,NA,NA,NA,NA,NA,NA,NA,NA,NA,NA,NA,NA,NA,NA,NA,NA,NA,NA,NA,"CA","shortspine thornyhead","shortspine_thornyhead",NA,NA,NA,"total_catch_wt_kg ~ 0 + factor(year) + pass + depth_m + (depth_m^2)","delta_gamma","TRUE","iid, iid","03_1","2008","1124075.77352668","856666.769954018","1474956.64469095","13.9324717213332","0.138608379900798","index"
"427","427","427","427","427","427","427",NA,NA,NA,NA,NA,NA,NA,NA,NA,NA,NA,NA,NA,NA,NA,NA,NA,NA,NA,NA,"CA","shortspine thornyhead","shortspine_thornyhead",NA,NA,NA,"total_catch_wt_kg ~ 0 + factor(year) + pass + depth_m + (depth_m^2)","delta_gamma","TRUE","iid, iid","03_1","2009","1011641.06124145","780653.708846058","1310975.18040684","13.8270843833471","0.13224602567267","index"
"428","428","428","428","428","428","428",NA,NA,NA,NA,NA,NA,NA,NA,NA,NA,NA,NA,NA,NA,NA,NA,NA,NA,NA,NA,"CA","shortspine thornyhead","shortspine_thornyhead",NA,NA,NA,"total_catch_wt_kg ~ 0 + factor(year) + pass + depth_m + (depth_m^2)","delta_gamma","TRUE","iid, iid","03_1","2010","905844.967719819","701925.586395097","1169005.83401935","13.7166234530758","0.130125236986212","index"
"429","429","429","429","429","429","429",NA,NA,NA,NA,NA,NA,NA,NA,NA,NA,NA,NA,NA,NA,NA,NA,NA,NA,NA,NA,"CA","shortspine thornyhead","shortspine_thornyhead",NA,NA,NA,"total_catch_wt_kg ~ 0 + factor(year) + pass + depth_m + (depth_m^2)","delta_gamma","TRUE","iid, iid","03_1","2011","842591.920584449","650668.983169394","1091124.92373001","13.6442380398085","0.13188085310125","index"
"430","430","430","430","430","430","430",NA,NA,NA,NA,NA,NA,NA,NA,NA,NA,NA,NA,NA,NA,NA,NA,NA,NA,NA,NA,"CA","shortspine thornyhead","shortspine_thornyhead",NA,NA,NA,"total_catch_wt_kg ~ 0 + factor(year) + pass + depth_m + (depth_m^2)","delta_gamma","TRUE","iid, iid","03_1","2012","1367489.98235564","1051028.8554527","1779236.45211202","14.1284874877345","0.134291948777021","index"
"431","431","431","431","431","431","431",NA,NA,NA,NA,NA,NA,NA,NA,NA,NA,NA,NA,NA,NA,NA,NA,NA,NA,NA,NA,"CA","shortspine thornyhead","shortspine_thornyhead",NA,NA,NA,"total_catch_wt_kg ~ 0 + factor(year) + pass + depth_m + (depth_m^2)","delta_gamma","TRUE","iid, iid","03_1","2013","1140003.5618034","854435.626394982","1521013.49800653","13.9465419447547","0.14711775479078","index"
"432","432","432","432","432","432","432",NA,NA,NA,NA,NA,NA,NA,NA,NA,NA,NA,NA,NA,NA,NA,NA,NA,NA,NA,NA,"CA","shortspine thornyhead","shortspine_thornyhead",NA,NA,NA,"total_catch_wt_kg ~ 0 + factor(year) + pass + depth_m + (depth_m^2)","delta_gamma","TRUE","iid, iid","03_1","2014","1000925.79505993","766384.472115844","1307245.2322141","13.8164359247403","0.136225299149351","index"
"433","433","433","433","433","433","433",NA,NA,NA,NA,NA,NA,NA,NA,NA,NA,NA,NA,NA,NA,NA,NA,NA,NA,NA,NA,"CA","shortspine thornyhead","shortspine_thornyhead",NA,NA,NA,"total_catch_wt_kg ~ 0 + factor(year) + pass + depth_m + (depth_m^2)","delta_gamma","TRUE","iid, iid","03_1","2015","1065632.2720744","815693.373087924","1392155.65156252","13.8790788636648","0.13637243884073","index"
"434","434","434","434","434","434","434",NA,NA,NA,NA,NA,NA,NA,NA,NA,NA,NA,NA,NA,NA,NA,NA,NA,NA,NA,NA,"CA","shortspine thornyhead","shortspine_thornyhead",NA,NA,NA,"total_catch_wt_kg ~ 0 + factor(year) + pass + depth_m + (depth_m^2)","delta_gamma","TRUE","iid, iid","03_1","2016","1287402.92588375","997273.783233733","1661937.09434513","14.0681375113057","0.130286523129316","index"
"435","435","435","435","435","435","435",NA,NA,NA,NA,NA,NA,NA,NA,NA,NA,NA,NA,NA,NA,NA,NA,NA,NA,NA,NA,"CA","shortspine thornyhead","shortspine_thornyhead",NA,NA,NA,"total_catch_wt_kg ~ 0 + factor(year) + pass + depth_m + (depth_m^2)","delta_gamma","TRUE","iid, iid","03_1","2017","1326156.32102863","1025060.5280473","1715694.38065715","14.0977953319414","0.131396859028122","index"
"436","436","436","436","436","436","436",NA,NA,NA,NA,NA,NA,NA,NA,NA,NA,NA,NA,NA,NA,NA,NA,NA,NA,NA,NA,"CA","shortspine thornyhead","shortspine_thornyhead",NA,NA,NA,"total_catch_wt_kg ~ 0 + factor(year) + pass + depth_m + (depth_m^2)","delta_gamma","TRUE","iid, iid","03_1","2018","1301192.3113026","1013846.61112091","1669977.89647993","14.0787915646357","0.12731324962968","index"
"437","437","437","437","437","437","437",NA,NA,NA,NA,NA,NA,NA,NA,NA,NA,NA,NA,NA,NA,NA,NA,NA,NA,NA,NA,"CA","shortspine thornyhead","shortspine_thornyhead",NA,NA,NA,"total_catch_wt_kg ~ 0 + factor(year) + pass + depth_m + (depth_m^2)","delta_gamma","TRUE","iid, iid","03_1","2019","1236750.85982499","852378.460370921","1794452.53533537","14.0279982243191","0.189907731855791","index"
"438","438","438","438","438","438","438",NA,NA,NA,NA,NA,NA,NA,NA,NA,NA,NA,NA,NA,NA,NA,NA,NA,NA,NA,NA,"CA","shortspine thornyhead","shortspine_thornyhead",NA,NA,NA,"total_catch_wt_kg ~ 0 + factor(year) + pass + depth_m + (depth_m^2)","delta_gamma","TRUE","iid, iid","03_1","2021","1451102.83433372","1109653.38774335","1897619.07553278","14.1878344007084","0.136878096533737","index"
"439","439","439","439","439","439","439",NA,NA,NA,NA,NA,NA,NA,NA,NA,NA,NA,NA,NA,NA,NA,NA,NA,NA,NA,NA,"CA","shortspine thornyhead","shortspine_thornyhead",NA,NA,NA,"total_catch_wt_kg ~ 0 + factor(year) + pass + depth_m + (depth_m^2)","delta_gamma","TRUE","iid, iid","03_1","2022","1604287.58874971","1207971.1951001","2130629.17216591","14.288190346069","0.144766708077425","index"
"440","440","440","440","440","440","440",NA,NA,NA,NA,NA,NA,NA,NA,NA,NA,NA,NA,NA,NA,NA,NA,NA,NA,NA,NA,"CA","shortspine thornyhead","shortspine_thornyhead",NA,NA,NA,"total_catch_wt_kg ~ 0 + factor(year) + pass + depth_m + (depth_m^2)","delta_gamma","TRUE","iid, iid","03_1","2023","1791491.28385653","1362285.18028107","2355924.49113463","14.3985589504385","0.139739722443178","index"
"441","441","441","441","441","441","441",NA,NA,NA,NA,NA,NA,NA,NA,NA,NA,NA,NA,NA,NA,NA,NA,NA,NA,NA,NA,"CA","shortspine thornyhead","shortspine_thornyhead",NA,NA,NA,"total_catch_wt_kg ~ 0 + factor(year) + pass + depth_m + (depth_m^2)","delta_gamma","TRUE","iid, iid","03_1","2024","1786894.12628958","1356306.71346697","2354180.35379794","14.3959895457661","0.140672806318451","index"
"442","442","442","442","442","442",NA,NA,NA,NA,NA,NA,NA,NA,NA,NA,NA,NA,NA,NA,NA,NA,NA,NA,NA,NA,NA,"CA","shortspine thornyhead","shortspine_thornyhead",NA,NA,NA,"total_catch_wt_kg ~ 0 + factor(year) + pass + depth_m + (depth_m^2)","delta_gamma","TRUE","iid, iid","03_10","2003","1256690.49936879","955914.039267884","1652105.67721477","14.0439922355912","0.139578567178849","index"
"443","443","443","443","443","443",NA,NA,NA,NA,NA,NA,NA,NA,NA,NA,NA,NA,NA,NA,NA,NA,NA,NA,NA,NA,NA,"CA","shortspine thornyhead","shortspine_thornyhead",NA,NA,NA,"total_catch_wt_kg ~ 0 + factor(year) + pass + depth_m + (depth_m^2)","delta_gamma","TRUE","iid, iid","03_10","2004","1080157.8592799","797448.927482774","1463091.81786359","13.8926177544191","0.154821561006299","index"
"444","444","444","444","444","444",NA,NA,NA,NA,NA,NA,NA,NA,NA,NA,NA,NA,NA,NA,NA,NA,NA,NA,NA,NA,NA,"CA","shortspine thornyhead","shortspine_thornyhead",NA,NA,NA,"total_catch_wt_kg ~ 0 + factor(year) + pass + depth_m + (depth_m^2)","delta_gamma","TRUE","iid, iid","03_10","2005","1427216.33648984","1098293.79149113","1854646.25851883","14.1712364872739","0.13365962559262","index"
"445","445","445","445","445","445",NA,NA,NA,NA,NA,NA,NA,NA,NA,NA,NA,NA,NA,NA,NA,NA,NA,NA,NA,NA,NA,"CA","shortspine thornyhead","shortspine_thornyhead",NA,NA,NA,"total_catch_wt_kg ~ 0 + factor(year) + pass + depth_m + (depth_m^2)","delta_gamma","TRUE","iid, iid","03_10","2006","1206340.27529104","935245.407938054","1556016.04395758","14.0031017684545","0.129868471179722","index"
"446","446","446","446","446","446",NA,NA,NA,NA,NA,NA,NA,NA,NA,NA,NA,NA,NA,NA,NA,NA,NA,NA,NA,NA,NA,"CA","shortspine thornyhead","shortspine_thornyhead",NA,NA,NA,"total_catch_wt_kg ~ 0 + factor(year) + pass + depth_m + (depth_m^2)","delta_gamma","TRUE","iid, iid","03_10","2007","1369986.47897347","1071209.74458586","1752096.60111499","14.1303114283932","0.125518764695934","index"
"447","447","447","447","447","447",NA,NA,NA,NA,NA,NA,NA,NA,NA,NA,NA,NA,NA,NA,NA,NA,NA,NA,NA,NA,NA,"CA","shortspine thornyhead","shortspine_thornyhead",NA,NA,NA,"total_catch_wt_kg ~ 0 + factor(year) + pass + depth_m + (depth_m^2)","delta_gamma","TRUE","iid, iid","03_10","2008","1014327.40476316","784021.562285226","1312285.44410782","13.8297362953991","0.131402666355832","index"
"448","448","448","448","448","448",NA,NA,NA,NA,NA,NA,NA,NA,NA,NA,NA,NA,NA,NA,NA,NA,NA,NA,NA,NA,NA,"CA","shortspine thornyhead","shortspine_thornyhead",NA,NA,NA,"total_catch_wt_kg ~ 0 + factor(year) + pass + depth_m + (depth_m^2)","delta_gamma","TRUE","iid, iid","03_10","2009","1069898.99869116","834950.170902401","1370960.69596967","13.8830748082361","0.126506141799324","index"
"449","449","449","449","449","449",NA,NA,NA,NA,NA,NA,NA,NA,NA,NA,NA,NA,NA,NA,NA,NA,NA,NA,NA,NA,NA,"CA","shortspine thornyhead","shortspine_thornyhead",NA,NA,NA,"total_catch_wt_kg ~ 0 + factor(year) + pass + depth_m + (depth_m^2)","delta_gamma","TRUE","iid, iid","03_10","2010","1049591.90793539","825206.951224143","1334990.17618457","13.863911987477","0.122717818055","index"
"450","450","450","450","450","450",NA,NA,NA,NA,NA,NA,NA,NA,NA,NA,NA,NA,NA,NA,NA,NA,NA,NA,NA,NA,NA,"CA","shortspine thornyhead","shortspine_thornyhead",NA,NA,NA,"total_catch_wt_kg ~ 0 + factor(year) + pass + depth_m + (depth_m^2)","delta_gamma","TRUE","iid, iid","03_10","2011","1019899.18882082","794965.797747732","1308476.865677","13.8352143458866","0.127124772109034","index"
"451","451","451","451","451","451",NA,NA,NA,NA,NA,NA,NA,NA,NA,NA,NA,NA,NA,NA,NA,NA,NA,NA,NA,NA,NA,"CA","shortspine thornyhead","shortspine_thornyhead",NA,NA,NA,"total_catch_wt_kg ~ 0 + factor(year) + pass + depth_m + (depth_m^2)","delta_gamma","TRUE","iid, iid","03_10","2012","1057719.99785932","821463.221559575","1361925.36014881","13.8716262040669","0.128973675263474","index"
"452","452","452","452","452","452",NA,NA,NA,NA,NA,NA,NA,NA,NA,NA,NA,NA,NA,NA,NA,NA,NA,NA,NA,NA,NA,"CA","shortspine thornyhead","shortspine_thornyhead",NA,NA,NA,"total_catch_wt_kg ~ 0 + factor(year) + pass + depth_m + (depth_m^2)","delta_gamma","TRUE","iid, iid","03_10","2013","1060022.37834047","811763.083567199","1384206.13763914","13.8738005775074","0.136143710826876","index"
"453","453","453","453","453","453",NA,NA,NA,NA,NA,NA,NA,NA,NA,NA,NA,NA,NA,NA,NA,NA,NA,NA,NA,NA,NA,"CA","shortspine thornyhead","shortspine_thornyhead",NA,NA,NA,"total_catch_wt_kg ~ 0 + factor(year) + pass + depth_m + (depth_m^2)","delta_gamma","TRUE","iid, iid","03_10","2014","1061798.66506704","832327.73267424","1354534.23078407","13.8754748818951","0.124233573734092","index"
"454","454","454","454","454","454",NA,NA,NA,NA,NA,NA,NA,NA,NA,NA,NA,NA,NA,NA,NA,NA,NA,NA,NA,NA,NA,"CA","shortspine thornyhead","shortspine_thornyhead",NA,NA,NA,"total_catch_wt_kg ~ 0 + factor(year) + pass + depth_m + (depth_m^2)","delta_gamma","TRUE","iid, iid","03_10","2015","1270517.88976963","992347.783158095","1626663.28843656","14.0549351625323","0.126076933961572","index"
"455","455","455","455","455","455",NA,NA,NA,NA,NA,NA,NA,NA,NA,NA,NA,NA,NA,NA,NA,NA,NA,NA,NA,NA,NA,"CA","shortspine thornyhead","shortspine_thornyhead",NA,NA,NA,"total_catch_wt_kg ~ 0 + factor(year) + pass + depth_m + (depth_m^2)","delta_gamma","TRUE","iid, iid","03_10","2016","1466256.88123327","1141602.81818795","1883237.50389512","14.198223372022","0.127695998612492","index"
"456","456","456","456","456","456",NA,NA,NA,NA,NA,NA,NA,NA,NA,NA,NA,NA,NA,NA,NA,NA,NA,NA,NA,NA,NA,"CA","shortspine thornyhead","shortspine_thornyhead",NA,NA,NA,"total_catch_wt_kg ~ 0 + factor(year) + pass + depth_m + (depth_m^2)","delta_gamma","TRUE","iid, iid","03_10","2017","1456538.25764858","1143118.54675961","1855891.23893385","14.191573121874","0.12362598034257","index"
"457","457","457","457","457","457",NA,NA,NA,NA,NA,NA,NA,NA,NA,NA,NA,NA,NA,NA,NA,NA,NA,NA,NA,NA,NA,"CA","shortspine thornyhead","shortspine_thornyhead",NA,NA,NA,"total_catch_wt_kg ~ 0 + factor(year) + pass + depth_m + (depth_m^2)","delta_gamma","TRUE","iid, iid","03_10","2018","1505697.00925162","1180486.43009098","1920499.40251711","14.2247664780248","0.124149902526076","index"
"458","458","458","458","458","458",NA,NA,NA,NA,NA,NA,NA,NA,NA,NA,NA,NA,NA,NA,NA,NA,NA,NA,NA,NA,NA,"CA","shortspine thornyhead","shortspine_thornyhead",NA,NA,NA,"total_catch_wt_kg ~ 0 + factor(year) + pass + depth_m + (depth_m^2)","delta_gamma","TRUE","iid, iid","03_10","2019","1434253.58429322","1041770.75103824","1974602.70602512","14.1761551215324","0.163126800066173","index"
"459","459","459","459","459","459",NA,NA,NA,NA,NA,NA,NA,NA,NA,NA,NA,NA,NA,NA,NA,NA,NA,NA,NA,NA,NA,"CA","shortspine thornyhead","shortspine_thornyhead",NA,NA,NA,"total_catch_wt_kg ~ 0 + factor(year) + pass + depth_m + (depth_m^2)","delta_gamma","TRUE","iid, iid","03_10","2021","1960940.07812636","1532798.04116142","2508670.99692311","14.4889345479173","0.125680441890936","index"
"460","460","460","460","460","460",NA,NA,NA,NA,NA,NA,NA,NA,NA,NA,NA,NA,NA,NA,NA,NA,NA,NA,NA,NA,NA,"CA","shortspine thornyhead","shortspine_thornyhead",NA,NA,NA,"total_catch_wt_kg ~ 0 + factor(year) + pass + depth_m + (depth_m^2)","delta_gamma","TRUE","iid, iid","03_10","2022","1735108.28023212","1333641.19857304","2257429.3200835","14.3665803787714","0.134266179457569","index"
"461","461","461","461","461","461",NA,NA,NA,NA,NA,NA,NA,NA,NA,NA,NA,NA,NA,NA,NA,NA,NA,NA,NA,NA,NA,"CA","shortspine thornyhead","shortspine_thornyhead",NA,NA,NA,"total_catch_wt_kg ~ 0 + factor(year) + pass + depth_m + (depth_m^2)","delta_gamma","TRUE","iid, iid","03_10","2023","2085880.85257257","1613169.93997155","2697111.33546511","14.550701795257","0.131119800805216","index"
"462","462","462","462","462","462",NA,NA,NA,NA,NA,NA,NA,NA,NA,NA,NA,NA,NA,NA,NA,NA,NA,NA,NA,NA,NA,"CA","shortspine thornyhead","shortspine_thornyhead",NA,NA,NA,"total_catch_wt_kg ~ 0 + factor(year) + pass + depth_m + (depth_m^2)","delta_gamma","TRUE","iid, iid","03_10","2024","1975680.9453697","1542721.95377234","2530148.21520646","14.4964236793592","0.12620883070572","index"
"463","463","463","463","463",NA,NA,NA,NA,NA,NA,NA,NA,NA,NA,NA,NA,NA,NA,NA,NA,NA,NA,NA,NA,NA,NA,"CA","shortspine thornyhead","shortspine_thornyhead",NA,NA,NA,"total_catch_wt_kg ~ 0 + factor(year) + pass + depth_m + (depth_m^2)","delta_gamma","TRUE","iid, iid","03_2","2003","995223.072159612","758608.872301573","1305638.51745339","13.8107221841384","0.138513045385383","index"
"464","464","464","464","464",NA,NA,NA,NA,NA,NA,NA,NA,NA,NA,NA,NA,NA,NA,NA,NA,NA,NA,NA,NA,NA,NA,"CA","shortspine thornyhead","shortspine_thornyhead",NA,NA,NA,"total_catch_wt_kg ~ 0 + factor(year) + pass + depth_m + (depth_m^2)","delta_gamma","TRUE","iid, iid","03_2","2004","997731.653983444","748422.329559794","1330089.19435375","13.8132396353538","0.14669500474871","index"
"465","465","465","465","465",NA,NA,NA,NA,NA,NA,NA,NA,NA,NA,NA,NA,NA,NA,NA,NA,NA,NA,NA,NA,NA,NA,"CA","shortspine thornyhead","shortspine_thornyhead",NA,NA,NA,"total_catch_wt_kg ~ 0 + factor(year) + pass + depth_m + (depth_m^2)","delta_gamma","TRUE","iid, iid","03_2","2005","1096739.53544872","848375.569939144","1417812.64246276","13.9078522775639","0.131009331693105","index"
"466","466","466","466","466",NA,NA,NA,NA,NA,NA,NA,NA,NA,NA,NA,NA,NA,NA,NA,NA,NA,NA,NA,NA,NA,NA,"CA","shortspine thornyhead","shortspine_thornyhead",NA,NA,NA,"total_catch_wt_kg ~ 0 + factor(year) + pass + depth_m + (depth_m^2)","delta_gamma","TRUE","iid, iid","03_2","2006","1316317.14054902","1023817.0676509","1692383.20912029","14.0903483500935","0.128216604144374","index"
"467","467","467","467","467",NA,NA,NA,NA,NA,NA,NA,NA,NA,NA,NA,NA,NA,NA,NA,NA,NA,NA,NA,NA,NA,NA,"CA","shortspine thornyhead","shortspine_thornyhead",NA,NA,NA,"total_catch_wt_kg ~ 0 + factor(year) + pass + depth_m + (depth_m^2)","delta_gamma","TRUE","iid, iid","03_2","2007","981414.335747269","759756.796380219","1267740.02285889","13.796750009977","0.130612784576189","index"
"468","468","468","468","468",NA,NA,NA,NA,NA,NA,NA,NA,NA,NA,NA,NA,NA,NA,NA,NA,NA,NA,NA,NA,NA,NA,"CA","shortspine thornyhead","shortspine_thornyhead",NA,NA,NA,"total_catch_wt_kg ~ 0 + factor(year) + pass + depth_m + (depth_m^2)","delta_gamma","TRUE","iid, iid","03_2","2008","922605.965996904","719553.335441505","1182958.54743109","13.7349575165893","0.126824567955131","index"
"469","469","469","469","469",NA,NA,NA,NA,NA,NA,NA,NA,NA,NA,NA,NA,NA,NA,NA,NA,NA,NA,NA,NA,NA,NA,"CA","shortspine thornyhead","shortspine_thornyhead",NA,NA,NA,"total_catch_wt_kg ~ 0 + factor(year) + pass + depth_m + (depth_m^2)","delta_gamma","TRUE","iid, iid","03_2","2009","927018.538301882","721422.973392155","1191205.99433451","13.7397288425162","0.127934978388569","index"
"470","470","470","470","470",NA,NA,NA,NA,NA,NA,NA,NA,NA,NA,NA,NA,NA,NA,NA,NA,NA,NA,NA,NA,NA,NA,"CA","shortspine thornyhead","shortspine_thornyhead",NA,NA,NA,"total_catch_wt_kg ~ 0 + factor(year) + pass + depth_m + (depth_m^2)","delta_gamma","TRUE","iid, iid","03_2","2010","1048490.71065336","815076.479605931","1348747.99829569","13.8628622696314","0.128484525118934","index"
"471","471","471","471","471",NA,NA,NA,NA,NA,NA,NA,NA,NA,NA,NA,NA,NA,NA,NA,NA,NA,NA,NA,NA,NA,NA,"CA","shortspine thornyhead","shortspine_thornyhead",NA,NA,NA,"total_catch_wt_kg ~ 0 + factor(year) + pass + depth_m + (depth_m^2)","delta_gamma","TRUE","iid, iid","03_2","2011","888868.433023133","691707.851020434","1142226.5773902","13.6977045091941","0.127954159526453","index"
"472","472","472","472","472",NA,NA,NA,NA,NA,NA,NA,NA,NA,NA,NA,NA,NA,NA,NA,NA,NA,NA,NA,NA,NA,NA,"CA","shortspine thornyhead","shortspine_thornyhead",NA,NA,NA,"total_catch_wt_kg ~ 0 + factor(year) + pass + depth_m + (depth_m^2)","delta_gamma","TRUE","iid, iid","03_2","2012","1112828.39263787","854815.553727034","1448718.41189783","13.9224154338578","0.134581266761478","index"
"473","473","473","473","473",NA,NA,NA,NA,NA,NA,NA,NA,NA,NA,NA,NA,NA,NA,NA,NA,NA,NA,NA,NA,NA,NA,"CA","shortspine thornyhead","shortspine_thornyhead",NA,NA,NA,"total_catch_wt_kg ~ 0 + factor(year) + pass + depth_m + (depth_m^2)","delta_gamma","TRUE","iid, iid","03_2","2013","1171896.88504353","893114.51300432","1537700.13719179","13.9741342632037","0.138606719134527","index"
"474","474","474","474","474",NA,NA,NA,NA,NA,NA,NA,NA,NA,NA,NA,NA,NA,NA,NA,NA,NA,NA,NA,NA,NA,NA,"CA","shortspine thornyhead","shortspine_thornyhead",NA,NA,NA,"total_catch_wt_kg ~ 0 + factor(year) + pass + depth_m + (depth_m^2)","delta_gamma","TRUE","iid, iid","03_2","2014","953521.841398773","733257.211786978","1239952.21241498","13.7679176103138","0.134015619787756","index"
"475","475","475","475","475",NA,NA,NA,NA,NA,NA,NA,NA,NA,NA,NA,NA,NA,NA,NA,NA,NA,NA,NA,NA,NA,NA,"CA","shortspine thornyhead","shortspine_thornyhead",NA,NA,NA,"total_catch_wt_kg ~ 0 + factor(year) + pass + depth_m + (depth_m^2)","delta_gamma","TRUE","iid, iid","03_2","2015","1084128.30030769","837276.663670666","1403758.42600857","13.8962868121954","0.131827409768176","index"
"476","476","476","476","476",NA,NA,NA,NA,NA,NA,NA,NA,NA,NA,NA,NA,NA,NA,NA,NA,NA,NA,NA,NA,NA,NA,"CA","shortspine thornyhead","shortspine_thornyhead",NA,NA,NA,"total_catch_wt_kg ~ 0 + factor(year) + pass + depth_m + (depth_m^2)","delta_gamma","TRUE","iid, iid","03_2","2016","1278040.96414165","998359.621639069","1636072.48392365","14.0608389667249","0.12600748583308","index"
"477","477","477","477","477",NA,NA,NA,NA,NA,NA,NA,NA,NA,NA,NA,NA,NA,NA,NA,NA,NA,NA,NA,NA,NA,NA,"CA","shortspine thornyhead","shortspine_thornyhead",NA,NA,NA,"total_catch_wt_kg ~ 0 + factor(year) + pass + depth_m + (depth_m^2)","delta_gamma","TRUE","iid, iid","03_2","2017","1231304.88020758","945733.440941619","1603106.79773942","14.0235850432325","0.134629519669256","index"
"478","478","478","478","478",NA,NA,NA,NA,NA,NA,NA,NA,NA,NA,NA,NA,NA,NA,NA,NA,NA,NA,NA,NA,NA,NA,"CA","shortspine thornyhead","shortspine_thornyhead",NA,NA,NA,"total_catch_wt_kg ~ 0 + factor(year) + pass + depth_m + (depth_m^2)","delta_gamma","TRUE","iid, iid","03_2","2018","1277535.92200494","991162.493591586","1646650.31472179","14.0604437196509","0.129497252228558","index"
"479","479","479","479","479",NA,NA,NA,NA,NA,NA,NA,NA,NA,NA,NA,NA,NA,NA,NA,NA,NA,NA,NA,NA,NA,NA,"CA","shortspine thornyhead","shortspine_thornyhead",NA,NA,NA,"total_catch_wt_kg ~ 0 + factor(year) + pass + depth_m + (depth_m^2)","delta_gamma","TRUE","iid, iid","03_2","2019","1370393.85350217","998238.894087369","1881292.46900709","14.1306087407968","0.1616666652115","index"
"480","480","480","480","480",NA,NA,NA,NA,NA,NA,NA,NA,NA,NA,NA,NA,NA,NA,NA,NA,NA,NA,NA,NA,NA,NA,"CA","shortspine thornyhead","shortspine_thornyhead",NA,NA,NA,"total_catch_wt_kg ~ 0 + factor(year) + pass + depth_m + (depth_m^2)","delta_gamma","TRUE","iid, iid","03_2","2021","1355854.51944278","1043273.14446722","1762090.29020126","14.1199424551802","0.133711065138091","index"
"481","481","481","481","481",NA,NA,NA,NA,NA,NA,NA,NA,NA,NA,NA,NA,NA,NA,NA,NA,NA,NA,NA,NA,NA,NA,"CA","shortspine thornyhead","shortspine_thornyhead",NA,NA,NA,"total_catch_wt_kg ~ 0 + factor(year) + pass + depth_m + (depth_m^2)","delta_gamma","TRUE","iid, iid","03_2","2022","1525306.79410798","1170959.1853535","1986884.63718707","14.2377061242546","0.134886323876661","index"
"482","482","482","482","482",NA,NA,NA,NA,NA,NA,NA,NA,NA,NA,NA,NA,NA,NA,NA,NA,NA,NA,NA,NA,NA,NA,"CA","shortspine thornyhead","shortspine_thornyhead",NA,NA,NA,"total_catch_wt_kg ~ 0 + factor(year) + pass + depth_m + (depth_m^2)","delta_gamma","TRUE","iid, iid","03_2","2023","1634114.56769755","1257774.59933878","2123059.58616526","14.3066116668141","0.133552015499477","index"
"483","483","483","483","483",NA,NA,NA,NA,NA,NA,NA,NA,NA,NA,NA,NA,NA,NA,NA,NA,NA,NA,NA,NA,NA,NA,"CA","shortspine thornyhead","shortspine_thornyhead",NA,NA,NA,"total_catch_wt_kg ~ 0 + factor(year) + pass + depth_m + (depth_m^2)","delta_gamma","TRUE","iid, iid","03_2","2024","1536603.38288123","1185051.70091617","1992444.67938117","14.2450849429499","0.132547324305102","index"
"484","484","484","484",NA,NA,NA,NA,NA,NA,NA,NA,NA,NA,NA,NA,NA,NA,NA,NA,NA,NA,NA,NA,NA,NA,NA,"CA","shortspine thornyhead","shortspine_thornyhead",NA,NA,NA,"total_catch_wt_kg ~ 0 + factor(year) + pass + depth_m + (depth_m^2)","delta_gamma","TRUE","iid, iid","03_3","2003","1127515.39493701","863225.260338681","1472722.15518946","13.9355270043119","0.136275998090671","index"
"485","485","485","485",NA,NA,NA,NA,NA,NA,NA,NA,NA,NA,NA,NA,NA,NA,NA,NA,NA,NA,NA,NA,NA,NA,NA,"CA","shortspine thornyhead","shortspine_thornyhead",NA,NA,NA,"total_catch_wt_kg ~ 0 + factor(year) + pass + depth_m + (depth_m^2)","delta_gamma","TRUE","iid, iid","03_3","2004","1512110.4232403","1105990.97404406","2067356.77390877","14.2290168642985","0.159576689487646","index"
"486","486","486","486",NA,NA,NA,NA,NA,NA,NA,NA,NA,NA,NA,NA,NA,NA,NA,NA,NA,NA,NA,NA,NA,NA,NA,"CA","shortspine thornyhead","shortspine_thornyhead",NA,NA,NA,"total_catch_wt_kg ~ 0 + factor(year) + pass + depth_m + (depth_m^2)","delta_gamma","TRUE","iid, iid","03_3","2005","1133722.07384983","877388.491617117","1464944.83688219","13.9410166484431","0.130773575074676","index"
"487","487","487","487",NA,NA,NA,NA,NA,NA,NA,NA,NA,NA,NA,NA,NA,NA,NA,NA,NA,NA,NA,NA,NA,NA,NA,"CA","shortspine thornyhead","shortspine_thornyhead",NA,NA,NA,"total_catch_wt_kg ~ 0 + factor(year) + pass + depth_m + (depth_m^2)","delta_gamma","TRUE","iid, iid","03_3","2006","1359068.41732725","1044944.7893116","1767621.58333096","14.1223100357419","0.134102171787048","index"
"488","488","488","488",NA,NA,NA,NA,NA,NA,NA,NA,NA,NA,NA,NA,NA,NA,NA,NA,NA,NA,NA,NA,NA,NA,NA,"CA","shortspine thornyhead","shortspine_thornyhead",NA,NA,NA,"total_catch_wt_kg ~ 0 + factor(year) + pass + depth_m + (depth_m^2)","delta_gamma","TRUE","iid, iid","03_3","2007","1219675.87447284","954639.440493751","1558294.34199961","14.0140957047495","0.125005718334676","index"
"489","489","489","489",NA,NA,NA,NA,NA,NA,NA,NA,NA,NA,NA,NA,NA,NA,NA,NA,NA,NA,NA,NA,NA,NA,NA,"CA","shortspine thornyhead","shortspine_thornyhead",NA,NA,NA,"total_catch_wt_kg ~ 0 + factor(year) + pass + depth_m + (depth_m^2)","delta_gamma","TRUE","iid, iid","03_3","2008","1006351.98326361","779954.958596947","1298465.12680735","13.8218424524066","0.130028410117162","index"
"490","490","490","490",NA,NA,NA,NA,NA,NA,NA,NA,NA,NA,NA,NA,NA,NA,NA,NA,NA,NA,NA,NA,NA,NA,NA,"CA","shortspine thornyhead","shortspine_thornyhead",NA,NA,NA,"total_catch_wt_kg ~ 0 + factor(year) + pass + depth_m + (depth_m^2)","delta_gamma","TRUE","iid, iid","03_3","2009","987001.977719237","771850.352922777","1262126.65490502","13.8024273221818","0.125451976295857","index"
"491","491","491","491",NA,NA,NA,NA,NA,NA,NA,NA,NA,NA,NA,NA,NA,NA,NA,NA,NA,NA,NA,NA,NA,NA,NA,"CA","shortspine thornyhead","shortspine_thornyhead",NA,NA,NA,"total_catch_wt_kg ~ 0 + factor(year) + pass + depth_m + (depth_m^2)","delta_gamma","TRUE","iid, iid","03_3","2010","954612.26849744","749616.938006755","1215667.01199275","13.7690605354486","0.123340495868337","index"
"492","492","492","492",NA,NA,NA,NA,NA,NA,NA,NA,NA,NA,NA,NA,NA,NA,NA,NA,NA,NA,NA,NA,NA,NA,NA,"CA","shortspine thornyhead","shortspine_thornyhead",NA,NA,NA,"total_catch_wt_kg ~ 0 + factor(year) + pass + depth_m + (depth_m^2)","delta_gamma","TRUE","iid, iid","03_3","2011","1197223.99216924","941848.469626952","1521842.77370367","13.9955160949948","0.122408583288646","index"
"493","493","493","493",NA,NA,NA,NA,NA,NA,NA,NA,NA,NA,NA,NA,NA,NA,NA,NA,NA,NA,NA,NA,NA,NA,NA,"CA","shortspine thornyhead","shortspine_thornyhead",NA,NA,NA,"total_catch_wt_kg ~ 0 + factor(year) + pass + depth_m + (depth_m^2)","delta_gamma","TRUE","iid, iid","03_3","2012","1129822.76997195","880198.077975367","1450241.17126375","13.9375713376549","0.127384528435309","index"
"494","494","494","494",NA,NA,NA,NA,NA,NA,NA,NA,NA,NA,NA,NA,NA,NA,NA,NA,NA,NA,NA,NA,NA,NA,NA,"CA","shortspine thornyhead","shortspine_thornyhead",NA,NA,NA,"total_catch_wt_kg ~ 0 + factor(year) + pass + depth_m + (depth_m^2)","delta_gamma","TRUE","iid, iid","03_3","2013","1268427.04086419","955465.678785524","1683898.43164282","14.0532881402966","0.144560828746094","index"
"495","495","495","495",NA,NA,NA,NA,NA,NA,NA,NA,NA,NA,NA,NA,NA,NA,NA,NA,NA,NA,NA,NA,NA,NA,NA,"CA","shortspine thornyhead","shortspine_thornyhead",NA,NA,NA,"total_catch_wt_kg ~ 0 + factor(year) + pass + depth_m + (depth_m^2)","delta_gamma","TRUE","iid, iid","03_3","2014","1013644.00755979","782525.455898525","1313023.32252193","13.829062324134","0.132033340310425","index"
"496","496","496","496",NA,NA,NA,NA,NA,NA,NA,NA,NA,NA,NA,NA,NA,NA,NA,NA,NA,NA,NA,NA,NA,NA,NA,"CA","shortspine thornyhead","shortspine_thornyhead",NA,NA,NA,"total_catch_wt_kg ~ 0 + factor(year) + pass + depth_m + (depth_m^2)","delta_gamma","TRUE","iid, iid","03_3","2015","1225307.60827525","954233.629905843","1573386.94408136","14.0187024792346","0.127573090974532","index"
"497","497","497","497",NA,NA,NA,NA,NA,NA,NA,NA,NA,NA,NA,NA,NA,NA,NA,NA,NA,NA,NA,NA,NA,NA,NA,"CA","shortspine thornyhead","shortspine_thornyhead",NA,NA,NA,"total_catch_wt_kg ~ 0 + factor(year) + pass + depth_m + (depth_m^2)","delta_gamma","TRUE","iid, iid","03_3","2016","1123614.00115426","878761.49122688","1436690.65633184","13.932060835112","0.125406404526797","index"
"498","498","498","498",NA,NA,NA,NA,NA,NA,NA,NA,NA,NA,NA,NA,NA,NA,NA,NA,NA,NA,NA,NA,NA,NA,NA,"CA","shortspine thornyhead","shortspine_thornyhead",NA,NA,NA,"total_catch_wt_kg ~ 0 + factor(year) + pass + depth_m + (depth_m^2)","delta_gamma","TRUE","iid, iid","03_3","2017","1349438.24006858","1051571.20975722","1731678.79346926","14.1151989453456","0.127248742023016","index"
"499","499","499","499",NA,NA,NA,NA,NA,NA,NA,NA,NA,NA,NA,NA,NA,NA,NA,NA,NA,NA,NA,NA,NA,NA,NA,"CA","shortspine thornyhead","shortspine_thornyhead",NA,NA,NA,"total_catch_wt_kg ~ 0 + factor(year) + pass + depth_m + (depth_m^2)","delta_gamma","TRUE","iid, iid","03_3","2018","1435250.58683438","1120609.95826415","1838234.82186375","14.1768500169024","0.126260644702612","index"
"500","500","500","500",NA,NA,NA,NA,NA,NA,NA,NA,NA,NA,NA,NA,NA,NA,NA,NA,NA,NA,NA,NA,NA,NA,NA,"CA","shortspine thornyhead","shortspine_thornyhead",NA,NA,NA,"total_catch_wt_kg ~ 0 + factor(year) + pass + depth_m + (depth_m^2)","delta_gamma","TRUE","iid, iid","03_3","2019","1487639.37114514","1084071.83066932","2041443.0446133","14.2127011069003","0.161465407607044","index"
"501","501","501","501",NA,NA,NA,NA,NA,NA,NA,NA,NA,NA,NA,NA,NA,NA,NA,NA,NA,NA,NA,NA,NA,NA,NA,"CA","shortspine thornyhead","shortspine_thornyhead",NA,NA,NA,"total_catch_wt_kg ~ 0 + factor(year) + pass + depth_m + (depth_m^2)","delta_gamma","TRUE","iid, iid","03_3","2021","1624210.66986241","1253897.95849031","2103887.5470147","14.3005325141122","0.132025329089699","index"
"502","502","502","502",NA,NA,NA,NA,NA,NA,NA,NA,NA,NA,NA,NA,NA,NA,NA,NA,NA,NA,NA,NA,NA,NA,NA,"CA","shortspine thornyhead","shortspine_thornyhead",NA,NA,NA,"total_catch_wt_kg ~ 0 + factor(year) + pass + depth_m + (depth_m^2)","delta_gamma","TRUE","iid, iid","03_3","2022","1903041.86635072","1463520.33767142","2474559.62986195","14.4589641462206","0.133986576629121","index"
"503","503","503","503",NA,NA,NA,NA,NA,NA,NA,NA,NA,NA,NA,NA,NA,NA,NA,NA,NA,NA,NA,NA,NA,NA,NA,"CA","shortspine thornyhead","shortspine_thornyhead",NA,NA,NA,"total_catch_wt_kg ~ 0 + factor(year) + pass + depth_m + (depth_m^2)","delta_gamma","TRUE","iid, iid","03_3","2023","1818883.9401751","1403550.60482396","2357121.13012258","14.4137336512729","0.132256471558184","index"
"504","504","504","504",NA,NA,NA,NA,NA,NA,NA,NA,NA,NA,NA,NA,NA,NA,NA,NA,NA,NA,NA,NA,NA,NA,NA,"CA","shortspine thornyhead","shortspine_thornyhead",NA,NA,NA,"total_catch_wt_kg ~ 0 + factor(year) + pass + depth_m + (depth_m^2)","delta_gamma","TRUE","iid, iid","03_3","2024","1656356.4452969","1290702.98575758","2125598.76606024","14.32013083551","0.127264204532035","index"
"505","505","505",NA,NA,NA,NA,NA,NA,NA,NA,NA,NA,NA,NA,NA,NA,NA,NA,NA,NA,NA,NA,NA,NA,NA,NA,"CA","shortspine thornyhead","shortspine_thornyhead",NA,NA,NA,"total_catch_wt_kg ~ 0 + factor(year) + pass + depth_m + (depth_m^2)","delta_gamma","TRUE","iid, iid","03_4","2003","1024378.84450046","778340.905699296","1348190.75982818","13.8395969814938","0.140143948736222","index"
"506","506","506",NA,NA,NA,NA,NA,NA,NA,NA,NA,NA,NA,NA,NA,NA,NA,NA,NA,NA,NA,NA,NA,NA,NA,NA,"CA","shortspine thornyhead","shortspine_thornyhead",NA,NA,NA,"total_catch_wt_kg ~ 0 + factor(year) + pass + depth_m + (depth_m^2)","delta_gamma","TRUE","iid, iid","03_4","2004","829402.943879778","610219.626171205","1127314.18953647","13.6284613761971","0.156577959781166","index"
"507","507","507",NA,NA,NA,NA,NA,NA,NA,NA,NA,NA,NA,NA,NA,NA,NA,NA,NA,NA,NA,NA,NA,NA,NA,NA,"CA","shortspine thornyhead","shortspine_thornyhead",NA,NA,NA,"total_catch_wt_kg ~ 0 + factor(year) + pass + depth_m + (depth_m^2)","delta_gamma","TRUE","iid, iid","03_4","2005","1015086.84828788","777758.789379947","1324834.02776906","13.8304847316132","0.135876484457295","index"
"508","508","508",NA,NA,NA,NA,NA,NA,NA,NA,NA,NA,NA,NA,NA,NA,NA,NA,NA,NA,NA,NA,NA,NA,NA,NA,"CA","shortspine thornyhead","shortspine_thornyhead",NA,NA,NA,"total_catch_wt_kg ~ 0 + factor(year) + pass + depth_m + (depth_m^2)","delta_gamma","TRUE","iid, iid","03_4","2006","1114651.63662252","862431.152046348","1440634.73133735","13.9240524805364","0.130891119210765","index"
"509","509","509",NA,NA,NA,NA,NA,NA,NA,NA,NA,NA,NA,NA,NA,NA,NA,NA,NA,NA,NA,NA,NA,NA,NA,NA,"CA","shortspine thornyhead","shortspine_thornyhead",NA,NA,NA,"total_catch_wt_kg ~ 0 + factor(year) + pass + depth_m + (depth_m^2)","delta_gamma","TRUE","iid, iid","03_4","2007","884094.955988105","692945.500821331","1127973.10939629","13.6923197521272","0.124294691822242","index"
"510","510","510",NA,NA,NA,NA,NA,NA,NA,NA,NA,NA,NA,NA,NA,NA,NA,NA,NA,NA,NA,NA,NA,NA,NA,NA,"CA","shortspine thornyhead","shortspine_thornyhead",NA,NA,NA,"total_catch_wt_kg ~ 0 + factor(year) + pass + depth_m + (depth_m^2)","delta_gamma","TRUE","iid, iid","03_4","2008","856607.961449404","662924.2557172","1106879.39578353","13.6607356383642","0.130777719649388","index"
"511","511","511",NA,NA,NA,NA,NA,NA,NA,NA,NA,NA,NA,NA,NA,NA,NA,NA,NA,NA,NA,NA,NA,NA,NA,NA,"CA","shortspine thornyhead","shortspine_thornyhead",NA,NA,NA,"total_catch_wt_kg ~ 0 + factor(year) + pass + depth_m + (depth_m^2)","delta_gamma","TRUE","iid, iid","03_4","2009","1012494.97386686","791420.405752957","1295324.28612367","13.8279281138684","0.125687779896602","index"
"512","512","512",NA,NA,NA,NA,NA,NA,NA,NA,NA,NA,NA,NA,NA,NA,NA,NA,NA,NA,NA,NA,NA,NA,NA,NA,"CA","shortspine thornyhead","shortspine_thornyhead",NA,NA,NA,"total_catch_wt_kg ~ 0 + factor(year) + pass + depth_m + (depth_m^2)","delta_gamma","TRUE","iid, iid","03_4","2010","916795.839738956","707810.947362195","1187484.61703652","13.7286400871258","0.131996187505185","index"
"513","513","513",NA,NA,NA,NA,NA,NA,NA,NA,NA,NA,NA,NA,NA,NA,NA,NA,NA,NA,NA,NA,NA,NA,NA,NA,"CA","shortspine thornyhead","shortspine_thornyhead",NA,NA,NA,"total_catch_wt_kg ~ 0 + factor(year) + pass + depth_m + (depth_m^2)","delta_gamma","TRUE","iid, iid","03_4","2011","849327.341099651","659380.053219837","1093992.65084973","13.652199951761","0.129157777637565","index"
"514","514","514",NA,NA,NA,NA,NA,NA,NA,NA,NA,NA,NA,NA,NA,NA,NA,NA,NA,NA,NA,NA,NA,NA,NA,NA,"CA","shortspine thornyhead","shortspine_thornyhead",NA,NA,NA,"total_catch_wt_kg ~ 0 + factor(year) + pass + depth_m + (depth_m^2)","delta_gamma","TRUE","iid, iid","03_4","2012","852452.660868502","655213.521915379","1109066.76177486","13.655872956825","0.134265991492026","index"
"515","515","515",NA,NA,NA,NA,NA,NA,NA,NA,NA,NA,NA,NA,NA,NA,NA,NA,NA,NA,NA,NA,NA,NA,NA,NA,"CA","shortspine thornyhead","shortspine_thornyhead",NA,NA,NA,"total_catch_wt_kg ~ 0 + factor(year) + pass + depth_m + (depth_m^2)","delta_gamma","TRUE","iid, iid","03_4","2013","764470.73392413","584350.799966073","1000110.72640001","13.5469390222897","0.137085302619947","index"
"516","516","516",NA,NA,NA,NA,NA,NA,NA,NA,NA,NA,NA,NA,NA,NA,NA,NA,NA,NA,NA,NA,NA,NA,NA,NA,"CA","shortspine thornyhead","shortspine_thornyhead",NA,NA,NA,"total_catch_wt_kg ~ 0 + factor(year) + pass + depth_m + (depth_m^2)","delta_gamma","TRUE","iid, iid","03_4","2014","1024943.82377783","797287.58855591","1317604.659823","13.8401483629823","0.128154207647369","index"
"517","517","517",NA,NA,NA,NA,NA,NA,NA,NA,NA,NA,NA,NA,NA,NA,NA,NA,NA,NA,NA,NA,NA,NA,NA,NA,"CA","shortspine thornyhead","shortspine_thornyhead",NA,NA,NA,"total_catch_wt_kg ~ 0 + factor(year) + pass + depth_m + (depth_m^2)","delta_gamma","TRUE","iid, iid","03_4","2015","956225.309121424","738923.261296662","1237431.39470238","13.7707488432629","0.131532768986801","index"
"518","518","518",NA,NA,NA,NA,NA,NA,NA,NA,NA,NA,NA,NA,NA,NA,NA,NA,NA,NA,NA,NA,NA,NA,NA,NA,"CA","shortspine thornyhead","shortspine_thornyhead",NA,NA,NA,"total_catch_wt_kg ~ 0 + factor(year) + pass + depth_m + (depth_m^2)","delta_gamma","TRUE","iid, iid","03_4","2016","931504.419993351","719726.713414276","1205597.16388865","13.7445562140403","0.131599030307627","index"
"519","519","519",NA,NA,NA,NA,NA,NA,NA,NA,NA,NA,NA,NA,NA,NA,NA,NA,NA,NA,NA,NA,NA,NA,NA,NA,"CA","shortspine thornyhead","shortspine_thornyhead",NA,NA,NA,"total_catch_wt_kg ~ 0 + factor(year) + pass + depth_m + (depth_m^2)","delta_gamma","TRUE","iid, iid","03_4","2017","1251501.59162437","975046.249609419","1606340.45253312","14.0398546616265","0.127356665348777","index"
"520","520","520",NA,NA,NA,NA,NA,NA,NA,NA,NA,NA,NA,NA,NA,NA,NA,NA,NA,NA,NA,NA,NA,NA,NA,NA,"CA","shortspine thornyhead","shortspine_thornyhead",NA,NA,NA,"total_catch_wt_kg ~ 0 + factor(year) + pass + depth_m + (depth_m^2)","delta_gamma","TRUE","iid, iid","03_4","2018","1258367.28554092","979422.942559317","1616756.31283645","14.04532563352","0.127862956872685","index"
"521","521","521",NA,NA,NA,NA,NA,NA,NA,NA,NA,NA,NA,NA,NA,NA,NA,NA,NA,NA,NA,NA,NA,NA,NA,NA,"CA","shortspine thornyhead","shortspine_thornyhead",NA,NA,NA,"total_catch_wt_kg ~ 0 + factor(year) + pass + depth_m + (depth_m^2)","delta_gamma","TRUE","iid, iid","03_4","2019","1022649.46575324","726620.071366735","1439283.01875597","13.8379073329921","0.174364587114297","index"
"522","522","522",NA,NA,NA,NA,NA,NA,NA,NA,NA,NA,NA,NA,NA,NA,NA,NA,NA,NA,NA,NA,NA,NA,NA,NA,"CA","shortspine thornyhead","shortspine_thornyhead",NA,NA,NA,"total_catch_wt_kg ~ 0 + factor(year) + pass + depth_m + (depth_m^2)","delta_gamma","TRUE","iid, iid","03_4","2021","1241207.79944157","947128.381342845","1626597.65216868","14.0315954953278","0.137964558594364","index"
"523","523","523",NA,NA,NA,NA,NA,NA,NA,NA,NA,NA,NA,NA,NA,NA,NA,NA,NA,NA,NA,NA,NA,NA,NA,NA,"CA","shortspine thornyhead","shortspine_thornyhead",NA,NA,NA,"total_catch_wt_kg ~ 0 + factor(year) + pass + depth_m + (depth_m^2)","delta_gamma","TRUE","iid, iid","03_4","2022","1329130.78451762","1014050.89613682","1742110.42964658","14.1000357410685","0.138049519226028","index"
"524","524","524",NA,NA,NA,NA,NA,NA,NA,NA,NA,NA,NA,NA,NA,NA,NA,NA,NA,NA,NA,NA,NA,NA,NA,NA,"CA","shortspine thornyhead","shortspine_thornyhead",NA,NA,NA,"total_catch_wt_kg ~ 0 + factor(year) + pass + depth_m + (depth_m^2)","delta_gamma","TRUE","iid, iid","03_4","2023","1570665.45961649","1212317.81139877","2034936.68313416","14.2670099471497","0.132127588735698","index"
"525","525","525",NA,NA,NA,NA,NA,NA,NA,NA,NA,NA,NA,NA,NA,NA,NA,NA,NA,NA,NA,NA,NA,NA,NA,NA,"CA","shortspine thornyhead","shortspine_thornyhead",NA,NA,NA,"total_catch_wt_kg ~ 0 + factor(year) + pass + depth_m + (depth_m^2)","delta_gamma","TRUE","iid, iid","03_4","2024","1502743.18038073","1159420.14125892","1947729.71921011","14.2228027827981","0.132335198486956","index"
"526","526",NA,NA,NA,NA,NA,NA,NA,NA,NA,NA,NA,NA,NA,NA,NA,NA,NA,NA,NA,NA,NA,NA,NA,NA,NA,"CA","shortspine thornyhead","shortspine_thornyhead",NA,NA,NA,"total_catch_wt_kg ~ 0 + factor(year) + pass + depth_m + (depth_m^2)","delta_gamma","TRUE","iid, iid","03_5","2003","1010992.66656335","765771.148191099","1334741.0309977","13.8264432443298","0.141739646539039","index"
"527","527",NA,NA,NA,NA,NA,NA,NA,NA,NA,NA,NA,NA,NA,NA,NA,NA,NA,NA,NA,NA,NA,NA,NA,NA,NA,"CA","shortspine thornyhead","shortspine_thornyhead",NA,NA,NA,"total_catch_wt_kg ~ 0 + factor(year) + pass + depth_m + (depth_m^2)","delta_gamma","TRUE","iid, iid","03_5","2004","1034905.11004812","748821.127493942","1430286.28263747","13.8498202993657","0.165087156210179","index"
"528","528",NA,NA,NA,NA,NA,NA,NA,NA,NA,NA,NA,NA,NA,NA,NA,NA,NA,NA,NA,NA,NA,NA,NA,NA,NA,"CA","shortspine thornyhead","shortspine_thornyhead",NA,NA,NA,"total_catch_wt_kg ~ 0 + factor(year) + pass + depth_m + (depth_m^2)","delta_gamma","TRUE","iid, iid","03_5","2005","1066475.39278139","800123.584033713","1421492.61202166","13.8798697437548","0.146608953664429","index"
"529","529",NA,NA,NA,NA,NA,NA,NA,NA,NA,NA,NA,NA,NA,NA,NA,NA,NA,NA,NA,NA,NA,NA,NA,NA,NA,"CA","shortspine thornyhead","shortspine_thornyhead",NA,NA,NA,"total_catch_wt_kg ~ 0 + factor(year) + pass + depth_m + (depth_m^2)","delta_gamma","TRUE","iid, iid","03_5","2006","1084226.60838329","846622.251389363","1388514.57825162","13.8963774874582","0.126210277049885","index"
"530","530",NA,NA,NA,NA,NA,NA,NA,NA,NA,NA,NA,NA,NA,NA,NA,NA,NA,NA,NA,NA,NA,NA,NA,NA,NA,"CA","shortspine thornyhead","shortspine_thornyhead",NA,NA,NA,"total_catch_wt_kg ~ 0 + factor(year) + pass + depth_m + (depth_m^2)","delta_gamma","TRUE","iid, iid","03_5","2007","1029641.86847923","790066.480811088","1341864.77097095","13.8447215992384","0.135129638860459","index"
"531","531",NA,NA,NA,NA,NA,NA,NA,NA,NA,NA,NA,NA,NA,NA,NA,NA,NA,NA,NA,NA,NA,NA,NA,NA,NA,"CA","shortspine thornyhead","shortspine_thornyhead",NA,NA,NA,"total_catch_wt_kg ~ 0 + factor(year) + pass + depth_m + (depth_m^2)","delta_gamma","TRUE","iid, iid","03_5","2008","857284.268081218","671404.710418822","1094624.9034224","13.6615248439575","0.124694875296622","index"
"532","532",NA,NA,NA,NA,NA,NA,NA,NA,NA,NA,NA,NA,NA,NA,NA,NA,NA,NA,NA,NA,NA,NA,NA,NA,NA,"CA","shortspine thornyhead","shortspine_thornyhead",NA,NA,NA,"total_catch_wt_kg ~ 0 + factor(year) + pass + depth_m + (depth_m^2)","delta_gamma","TRUE","iid, iid","03_5","2009","909849.866691948","694138.718432824","1192595.59787756","13.7210348832249","0.138067731538045","index"
"533","533",NA,NA,NA,NA,NA,NA,NA,NA,NA,NA,NA,NA,NA,NA,NA,NA,NA,NA,NA,NA,NA,NA,NA,NA,NA,"CA","shortspine thornyhead","shortspine_thornyhead",NA,NA,NA,"total_catch_wt_kg ~ 0 + factor(year) + pass + depth_m + (depth_m^2)","delta_gamma","TRUE","iid, iid","03_5","2010","1070736.79543815","836779.017922109","1370107.59178939","13.8838575633335","0.125789181579182","index"
"534","534",NA,NA,NA,NA,NA,NA,NA,NA,NA,NA,NA,NA,NA,NA,NA,NA,NA,NA,NA,NA,NA,NA,NA,NA,NA,"CA","shortspine thornyhead","shortspine_thornyhead",NA,NA,NA,"total_catch_wt_kg ~ 0 + factor(year) + pass + depth_m + (depth_m^2)","delta_gamma","TRUE","iid, iid","03_5","2011","795999.078274606","613588.896960161","1032636.89377867","13.5873533068794","0.132794722237703","index"
"535","535",NA,NA,NA,NA,NA,NA,NA,NA,NA,NA,NA,NA,NA,NA,NA,NA,NA,NA,NA,NA,NA,NA,NA,NA,NA,"CA","shortspine thornyhead","shortspine_thornyhead",NA,NA,NA,"total_catch_wt_kg ~ 0 + factor(year) + pass + depth_m + (depth_m^2)","delta_gamma","TRUE","iid, iid","03_5","2012","1015457.86933065","772576.95032951","1334695.11864901","13.8308501715306","0.139473622381175","index"
"536","536",NA,NA,NA,NA,NA,NA,NA,NA,NA,NA,NA,NA,NA,NA,NA,NA,NA,NA,NA,NA,NA,NA,NA,NA,NA,"CA","shortspine thornyhead","shortspine_thornyhead",NA,NA,NA,"total_catch_wt_kg ~ 0 + factor(year) + pass + depth_m + (depth_m^2)","delta_gamma","TRUE","iid, iid","03_5","2013","1365326.15924563","1018897.92783845","1829540.98756003","14.1269039025608","0.149325072620321","index"
"537","537",NA,NA,NA,NA,NA,NA,NA,NA,NA,NA,NA,NA,NA,NA,NA,NA,NA,NA,NA,NA,NA,NA,NA,NA,NA,"CA","shortspine thornyhead","shortspine_thornyhead",NA,NA,NA,"total_catch_wt_kg ~ 0 + factor(year) + pass + depth_m + (depth_m^2)","delta_gamma","TRUE","iid, iid","03_5","2014","1168512.98572355","901523.347982124","1514572.64069841","13.971242546056","0.132350047130785","index"
"538","538",NA,NA,NA,NA,NA,NA,NA,NA,NA,NA,NA,NA,NA,NA,NA,NA,NA,NA,NA,NA,NA,NA,NA,NA,NA,"CA","shortspine thornyhead","shortspine_thornyhead",NA,NA,NA,"total_catch_wt_kg ~ 0 + factor(year) + pass + depth_m + (depth_m^2)","delta_gamma","TRUE","iid, iid","03_5","2015","1234355.79456927","951167.12333537","1601857.53923449","14.0260597681206","0.13296913094902","index"
"539","539",NA,NA,NA,NA,NA,NA,NA,NA,NA,NA,NA,NA,NA,NA,NA,NA,NA,NA,NA,NA,NA,NA,NA,NA,NA,"CA","shortspine thornyhead","shortspine_thornyhead",NA,NA,NA,"total_catch_wt_kg ~ 0 + factor(year) + pass + depth_m + (depth_m^2)","delta_gamma","TRUE","iid, iid","03_5","2016","1212074.52687393","930433.45155934","1578968.01349362","14.007843934541","0.134919877677345","index"
"540","540",NA,NA,NA,NA,NA,NA,NA,NA,NA,NA,NA,NA,NA,NA,NA,NA,NA,NA,NA,NA,NA,NA,NA,NA,NA,"CA","shortspine thornyhead","shortspine_thornyhead",NA,NA,NA,"total_catch_wt_kg ~ 0 + factor(year) + pass + depth_m + (depth_m^2)","delta_gamma","TRUE","iid, iid","03_5","2017","1115168.81481922","877699.325916332","1416887.82117609","13.9245163548413","0.122174180832755","index"
"541","541",NA,NA,NA,NA,NA,NA,NA,NA,NA,NA,NA,NA,NA,NA,NA,NA,NA,NA,NA,NA,NA,NA,NA,NA,NA,"CA","shortspine thornyhead","shortspine_thornyhead",NA,NA,NA,"total_catch_wt_kg ~ 0 + factor(year) + pass + depth_m + (depth_m^2)","delta_gamma","TRUE","iid, iid","03_5","2018","1233391.68985109","970759.983199005","1567076.40088401","14.0252784039224","0.12216748586399","index"
"542","542",NA,NA,NA,NA,NA,NA,NA,NA,NA,NA,NA,NA,NA,NA,NA,NA,NA,NA,NA,NA,NA,NA,NA,NA,NA,"CA","shortspine thornyhead","shortspine_thornyhead",NA,NA,NA,"total_catch_wt_kg ~ 0 + factor(year) + pass + depth_m + (depth_m^2)","delta_gamma","TRUE","iid, iid","03_5","2019","1116455.62474379","809265.767849533","1540251.93149379","13.925669604505","0.164180031328339","index"
"543","543",NA,NA,NA,NA,NA,NA,NA,NA,NA,NA,NA,NA,NA,NA,NA,NA,NA,NA,NA,NA,NA,NA,NA,NA,NA,"CA","shortspine thornyhead","shortspine_thornyhead",NA,NA,NA,"total_catch_wt_kg ~ 0 + factor(year) + pass + depth_m + (depth_m^2)","delta_gamma","TRUE","iid, iid","03_5","2021","1538172.33736132","1199032.1630377","1973236.59227746","14.246105475671","0.127084078636316","index"
"544","544",NA,NA,NA,NA,NA,NA,NA,NA,NA,NA,NA,NA,NA,NA,NA,NA,NA,NA,NA,NA,NA,NA,NA,NA,NA,"CA","shortspine thornyhead","shortspine_thornyhead",NA,NA,NA,"total_catch_wt_kg ~ 0 + factor(year) + pass + depth_m + (depth_m^2)","delta_gamma","TRUE","iid, iid","03_5","2022","1587731.92581932","1211518.17449191","2080771.64779071","14.2778170940824","0.137978185030549","index"
"545","545",NA,NA,NA,NA,NA,NA,NA,NA,NA,NA,NA,NA,NA,NA,NA,NA,NA,NA,NA,NA,NA,NA,NA,NA,NA,"CA","shortspine thornyhead","shortspine_thornyhead",NA,NA,NA,"total_catch_wt_kg ~ 0 + factor(year) + pass + depth_m + (depth_m^2)","delta_gamma","TRUE","iid, iid","03_5","2023","1778046.94333528","1350835.39152321","2340367.26646542","14.3910260970333","0.140202744353217","index"
"546","546",NA,NA,NA,NA,NA,NA,NA,NA,NA,NA,NA,NA,NA,NA,NA,NA,NA,NA,NA,NA,NA,NA,NA,NA,NA,"CA","shortspine thornyhead","shortspine_thornyhead",NA,NA,NA,"total_catch_wt_kg ~ 0 + factor(year) + pass + depth_m + (depth_m^2)","delta_gamma","TRUE","iid, iid","03_5","2024","1581530.63601307","1215969.0997715","2056992.3636365","14.2739036930313","0.134110506770198","index"
"547",NA,NA,NA,NA,NA,NA,NA,NA,NA,NA,NA,NA,NA,NA,NA,NA,NA,NA,NA,NA,NA,NA,NA,NA,NA,NA,"CA","shortspine thornyhead","shortspine_thornyhead",NA,NA,NA,"total_catch_wt_kg ~ 0 + factor(year) + pass + depth_m + (depth_m^2)","delta_gamma","TRUE","iid, iid","03_6","2003","1015521.26656169","778468.393028241","1324759.55616819","13.8309126017446","0.13562949842175","index"
"548",NA,NA,NA,NA,NA,NA,NA,NA,NA,NA,NA,NA,NA,NA,NA,NA,NA,NA,NA,NA,NA,NA,NA,NA,NA,NA,"CA","shortspine thornyhead","shortspine_thornyhead",NA,NA,NA,"total_catch_wt_kg ~ 0 + factor(year) + pass + depth_m + (depth_m^2)","delta_gamma","TRUE","iid, iid","03_6","2004","987180.304060695","721130.518077575","1351384.98273975","13.8026079806181","0.16022363651827","index"
"549",NA,NA,NA,NA,NA,NA,NA,NA,NA,NA,NA,NA,NA,NA,NA,NA,NA,NA,NA,NA,NA,NA,NA,NA,NA,NA,"CA","shortspine thornyhead","shortspine_thornyhead",NA,NA,NA,"total_catch_wt_kg ~ 0 + factor(year) + pass + depth_m + (depth_m^2)","delta_gamma","TRUE","iid, iid","03_6","2005","900683.33839324","701443.566083896","1156515.67037421","13.7109090190921","0.127560145629318","index"
"550",NA,NA,NA,NA,NA,NA,NA,NA,NA,NA,NA,NA,NA,NA,NA,NA,NA,NA,NA,NA,NA,NA,NA,NA,NA,NA,"CA","shortspine thornyhead","shortspine_thornyhead",NA,NA,NA,"total_catch_wt_kg ~ 0 + factor(year) + pass + depth_m + (depth_m^2)","delta_gamma","TRUE","iid, iid","03_6","2006","1059485.83670645","835212.420127239","1343981.73582064","13.8732942886978","0.121355761499725","index"
"551",NA,NA,NA,NA,NA,NA,NA,NA,NA,NA,NA,NA,NA,NA,NA,NA,NA,NA,NA,NA,NA,NA,NA,NA,NA,NA,"CA","shortspine thornyhead","shortspine_thornyhead",NA,NA,NA,"total_catch_wt_kg ~ 0 + factor(year) + pass + depth_m + (depth_m^2)","delta_gamma","TRUE","iid, iid","03_6","2007","1166137.05321199","914035.523274526","1487771.09012373","13.9692071803333","0.124279051475735","index"
"552",NA,NA,NA,NA,NA,NA,NA,NA,NA,NA,NA,NA,NA,NA,NA,NA,NA,NA,NA,NA,NA,NA,NA,NA,NA,NA,"CA","shortspine thornyhead","shortspine_thornyhead",NA,NA,NA,"total_catch_wt_kg ~ 0 + factor(year) + pass + depth_m + (depth_m^2)","delta_gamma","TRUE","iid, iid","03_6","2008","934242.298579121","738327.423093435","1182143.10501636","13.7474911038876","0.120077939096009","index"
"553",NA,NA,NA,NA,NA,NA,NA,NA,NA,NA,NA,NA,NA,NA,NA,NA,NA,NA,NA,NA,NA,NA,NA,NA,NA,NA,"CA","shortspine thornyhead","shortspine_thornyhead",NA,NA,NA,"total_catch_wt_kg ~ 0 + factor(year) + pass + depth_m + (depth_m^2)","delta_gamma","TRUE","iid, iid","03_6","2009","866909.584396202","680928.228228918","1103687.87246891","13.6726899647377","0.12320521131982","index"
"554",NA,NA,NA,NA,NA,NA,NA,NA,NA,NA,NA,NA,NA,NA,NA,NA,NA,NA,NA,NA,NA,NA,NA,NA,NA,NA,"CA","shortspine thornyhead","shortspine_thornyhead",NA,NA,NA,"total_catch_wt_kg ~ 0 + factor(year) + pass + depth_m + (depth_m^2)","delta_gamma","TRUE","iid, iid","03_6","2010","800440.470364206","629782.65848388","1017342.94834235","13.5929174430874","0.122342753574123","index"
"555",NA,NA,NA,NA,NA,NA,NA,NA,NA,NA,NA,NA,NA,NA,NA,NA,NA,NA,NA,NA,NA,NA,NA,NA,NA,NA,"CA","shortspine thornyhead","shortspine_thornyhead",NA,NA,NA,"total_catch_wt_kg ~ 0 + factor(year) + pass + depth_m + (depth_m^2)","delta_gamma","TRUE","iid, iid","03_6","2011","784514.378222809","613384.31942412","1003388.56105117","13.5728201788685","0.125549864105481","index"
"556",NA,NA,NA,NA,NA,NA,NA,NA,NA,NA,NA,NA,NA,NA,NA,NA,NA,NA,NA,NA,NA,NA,NA,NA,NA,NA,"CA","shortspine thornyhead","shortspine_thornyhead",NA,NA,NA,"total_catch_wt_kg ~ 0 + factor(year) + pass + depth_m + (depth_m^2)","delta_gamma","TRUE","iid, iid","03_6","2012","881685.770446562","688582.253656558","1128942.53907925","13.689591002175","0.126125248320364","index"
"557",NA,NA,NA,NA,NA,NA,NA,NA,NA,NA,NA,NA,NA,NA,NA,NA,NA,NA,NA,NA,NA,NA,NA,NA,NA,NA,"CA","shortspine thornyhead","shortspine_thornyhead",NA,NA,NA,"total_catch_wt_kg ~ 0 + factor(year) + pass + depth_m + (depth_m^2)","delta_gamma","TRUE","iid, iid","03_6","2013","1143410.71935836","872818.409475772","1497892.41261403","13.9495262127535","0.13777978022644","index"
"558",NA,NA,NA,NA,NA,NA,NA,NA,NA,NA,NA,NA,NA,NA,NA,NA,NA,NA,NA,NA,NA,NA,NA,NA,NA,NA,"CA","shortspine thornyhead","shortspine_thornyhead",NA,NA,NA,"total_catch_wt_kg ~ 0 + factor(year) + pass + depth_m + (depth_m^2)","delta_gamma","TRUE","iid, iid","03_6","2014","883740.815251359","688346.414572106","1134599.98048602","13.6919191032126","0.127487854590176","index"
"559",NA,NA,NA,NA,NA,NA,NA,NA,NA,NA,NA,NA,NA,NA,NA,NA,NA,NA,NA,NA,NA,NA,NA,NA,NA,NA,"CA","shortspine thornyhead","shortspine_thornyhead",NA,NA,NA,"total_catch_wt_kg ~ 0 + factor(year) + pass + depth_m + (depth_m^2)","delta_gamma","TRUE","iid, iid","03_6","2015","1032950.80584705","805101.958633672","1325282.28984916","13.8479301243609","0.127148213568391","index"
"560",NA,NA,NA,NA,NA,NA,NA,NA,NA,NA,NA,NA,NA,NA,NA,NA,NA,NA,NA,NA,NA,NA,NA,NA,NA,NA,"CA","shortspine thornyhead","shortspine_thornyhead",NA,NA,NA,"total_catch_wt_kg ~ 0 + factor(year) + pass + depth_m + (depth_m^2)","delta_gamma","TRUE","iid, iid","03_6","2016","1063252.65408437","835818.198308329","1352574.29032481","13.8768433093125","0.122796596739349","index"
"561",NA,NA,NA,NA,NA,NA,NA,NA,NA,NA,NA,NA,NA,NA,NA,NA,NA,NA,NA,NA,NA,NA,NA,NA,NA,NA,"CA","shortspine thornyhead","shortspine_thornyhead",NA,NA,NA,"total_catch_wt_kg ~ 0 + factor(year) + pass + depth_m + (depth_m^2)","delta_gamma","TRUE","iid, iid","03_6","2017","1126120.22845439","877941.266500775","1444455.13307358","13.934288856808","0.127019620277759","index"
"562",NA,NA,NA,NA,NA,NA,NA,NA,NA,NA,NA,NA,NA,NA,NA,NA,NA,NA,NA,NA,NA,NA,NA,NA,NA,NA,"CA","shortspine thornyhead","shortspine_thornyhead",NA,NA,NA,"total_catch_wt_kg ~ 0 + factor(year) + pass + depth_m + (depth_m^2)","delta_gamma","TRUE","iid, iid","03_6","2018","1266139.57566254","995457.989470585","1610423.98776817","14.0514831249477","0.122719052839952","index"
"563",NA,NA,NA,NA,NA,NA,NA,NA,NA,NA,NA,NA,NA,NA,NA,NA,NA,NA,NA,NA,NA,NA,NA,NA,NA,NA,"CA","shortspine thornyhead","shortspine_thornyhead",NA,NA,NA,"total_catch_wt_kg ~ 0 + factor(year) + pass + depth_m + (depth_m^2)","delta_gamma","TRUE","iid, iid","03_6","2019","1108879.75674312","785567.028232408","1565257.03183014","13.9188608355155","0.175870461531663","index"
"564",NA,NA,NA,NA,NA,NA,NA,NA,NA,NA,NA,NA,NA,NA,NA,NA,NA,NA,NA,NA,NA,NA,NA,NA,NA,NA,"CA","shortspine thornyhead","shortspine_thornyhead",NA,NA,NA,"total_catch_wt_kg ~ 0 + factor(year) + pass + depth_m + (depth_m^2)","delta_gamma","TRUE","iid, iid","03_6","2021","1449326.57308966","1128743.87590871","1860960.27654878","14.1866095741627","0.127550107036416","index"
"565",NA,NA,NA,NA,NA,NA,NA,NA,NA,NA,NA,NA,NA,NA,NA,NA,NA,NA,NA,NA,NA,NA,NA,NA,NA,NA,"CA","shortspine thornyhead","shortspine_thornyhead",NA,NA,NA,"total_catch_wt_kg ~ 0 + factor(year) + pass + depth_m + (depth_m^2)","delta_gamma","TRUE","iid, iid","03_6","2022","1453870.74603232","1131978.41128137","1867297.22502029","14.1897400376856","0.127687331707339","index"
"566",NA,NA,NA,NA,NA,NA,NA,NA,NA,NA,NA,NA,NA,NA,NA,NA,NA,NA,NA,NA,NA,NA,NA,NA,NA,NA,"CA","shortspine thornyhead","shortspine_thornyhead",NA,NA,NA,"total_catch_wt_kg ~ 0 + factor(year) + pass + depth_m + (depth_m^2)","delta_gamma","TRUE","iid, iid","03_6","2023","1500747.81719619","1156647.03639473","1947218.07081215","14.2214740866377","0.132879071757329","index"
"567",NA,NA,NA,NA,NA,NA,NA,NA,NA,NA,NA,NA,NA,NA,NA,NA,NA,NA,NA,NA,NA,NA,NA,NA,NA,NA,"CA","shortspine thornyhead","shortspine_thornyhead",NA,NA,NA,"total_catch_wt_kg ~ 0 + factor(year) + pass + depth_m + (depth_m^2)","delta_gamma","TRUE","iid, iid","03_6","2024","1400149.70871644","1089484.44125762","1799400.82903413","14.1520897236658","0.127999582138336","index"
