"","X.89","X.88","X.87","X.86","X.85","X.84","X.83","X.82","X.81","X.80","X.79","X.78","X.77","X.76","X.75","X.74","X.73","X.72","X.71","X.70","X.69","X.68","X.67","X.66","X.65","X.64","X.63","X.62","X.61","X.60","X.59","X.58","X.57","X.56","X.55","X.54","X.53","X.52","X.51","X.50","X.49","X.48","X.47","X.46","X.45","X.44","X.43","X.42","X.41","X.40","X.39","X.38","X.37","X.36","X.35","X.34","X.33","X.32","X.31","X.30","X.29","X.28","X.27","X.26","X.25","X.24","X.23","X.22","X.21","X.20","X.19","X.18","X.17","X.16","X.15","X.14","X.13","X.12","X.11","X.10","X.9","X.8","X.7","X.6","X.5","X.4","X.3","X.2","X.1","X","srvy","common_name","file_name","filter_lat_gt","filter_lat_lt","filter_depth","model_fn","model_family","model_anisotropy","model_spatiotemporal","effort","term","estimate","std.error","conf.low","conf.high"
"1","1","1","1","1","1","1","1","1","1","1","1","1","1","1","1","1","1","1","1","1","1","1","1","1","1","1","1","1","1","1","1","1","1","1","1","1","1","1","1","1","1","1","1","1","1","1","1","1","1","1","1","1","1","1","1","1","1","1","1","1","1","1","1","1","1","1","1","1","1","1","1","1","1","1","1","1","1","1","1","1","1","1","1","1","1","1","1","1","1","1","CA","Pacific spiny dogfish","pacific_spiny_dogfish",NA,NA,"700","total_catch_wt_kg ~ 0 + factor(year) + pass","delta_gamma","TRUE","iid, iid","01_1","range","0.393960905483218","0.102799857404038","0.236233370959969","0.656999451087111"
"2","2","2","2","2","2","2","2","2","2","2","2","2","2","2","2","2","2","2","2","2","2","2","2","2","2","2","2","2","2","2","2","2","2","2","2","2","2","2","2","2","2","2","2","2","2","2","2","2","2","2","2","2","2","2","2","2","2","2","2","2","2","2","2","2","2","2","2","2","2","2","2","2","2","2","2","2","2","2","2","2","2","2","2","2","2","2","2","2","2","2","CA","Pacific spiny dogfish","pacific_spiny_dogfish",NA,NA,"700","total_catch_wt_kg ~ 0 + factor(year) + pass","delta_gamma","TRUE","iid, iid","01_1","sigma_O","1.68244127048605","0.221838267601675","1.29928596395302","2.17858786069137"
"3","3","3","3","3","3","3","3","3","3","3","3","3","3","3","3","3","3","3","3","3","3","3","3","3","3","3","3","3","3","3","3","3","3","3","3","3","3","3","3","3","3","3","3","3","3","3","3","3","3","3","3","3","3","3","3","3","3","3","3","3","3","3","3","3","3","3","3","3","3","3","3","3","3","3","3","3","3","3","3","3","3","3","3","3","3","3","3","3","3","3","CA","Pacific spiny dogfish","pacific_spiny_dogfish",NA,NA,"700","total_catch_wt_kg ~ 0 + factor(year) + pass","delta_gamma","TRUE","iid, iid","01_1","sigma_E","0.000145681787966678","NaN","NaN","NaN"
"4","4","4","4","4","4","4","4","4","4","4","4","4","4","4","4","4","4","4","4","4","4","4","4","4","4","4","4","4","4","4","4","4","4","4","4","4","4","4","4","4","4","4","4","4","4","4","4","4","4","4","4","4","4","4","4","4","4","4","4","4","4","4","4","4","4","4","4","4","4","4","4","4","4","4","4","4","4","4","4","4","4","4","4","4","4","4","4","4","4",NA,"CA","Pacific spiny dogfish","pacific_spiny_dogfish",NA,NA,"700","total_catch_wt_kg ~ 0 + factor(year) + pass","delta_gamma","TRUE","iid, iid","01_10","range","1.83992261791342","0.827800770004352","0.76178939705028","4.44389913146289"
"5","5","5","5","5","5","5","5","5","5","5","5","5","5","5","5","5","5","5","5","5","5","5","5","5","5","5","5","5","5","5","5","5","5","5","5","5","5","5","5","5","5","5","5","5","5","5","5","5","5","5","5","5","5","5","5","5","5","5","5","5","5","5","5","5","5","5","5","5","5","5","5","5","5","5","5","5","5","5","5","5","5","5","5","5","5","5","5","5","5",NA,"CA","Pacific spiny dogfish","pacific_spiny_dogfish",NA,NA,"700","total_catch_wt_kg ~ 0 + factor(year) + pass","delta_gamma","TRUE","iid, iid","01_10","sigma_O","1.95935988774655","0.553927299593824","1.12582910815874","3.41001235612828"
"6","6","6","6","6","6","6","6","6","6","6","6","6","6","6","6","6","6","6","6","6","6","6","6","6","6","6","6","6","6","6","6","6","6","6","6","6","6","6","6","6","6","6","6","6","6","6","6","6","6","6","6","6","6","6","6","6","6","6","6","6","6","6","6","6","6","6","6","6","6","6","6","6","6","6","6","6","6","6","6","6","6","6","6","6","6","6","6","6","6",NA,"CA","Pacific spiny dogfish","pacific_spiny_dogfish",NA,NA,"700","total_catch_wt_kg ~ 0 + factor(year) + pass","delta_gamma","TRUE","iid, iid","01_10","sigma_E","0.000168746726073467","NaN","NaN","NaN"
"7","7","7","7","7","7","7","7","7","7","7","7","7","7","7","7","7","7","7","7","7","7","7","7","7","7","7","7","7","7","7","7","7","7","7","7","7","7","7","7","7","7","7","7","7","7","7","7","7","7","7","7","7","7","7","7","7","7","7","7","7","7","7","7","7","7","7","7","7","7","7","7","7","7","7","7","7","7","7","7","7","7","7","7","7","7","7","7","7",NA,NA,"CA","Pacific spiny dogfish","pacific_spiny_dogfish",NA,NA,"700","total_catch_wt_kg ~ 0 + factor(year) + pass","delta_gamma","TRUE","iid, iid","01_2","range","0.724619245984751","0.197246943232972","0.425016944422623","1.23541674877177"
"8","8","8","8","8","8","8","8","8","8","8","8","8","8","8","8","8","8","8","8","8","8","8","8","8","8","8","8","8","8","8","8","8","8","8","8","8","8","8","8","8","8","8","8","8","8","8","8","8","8","8","8","8","8","8","8","8","8","8","8","8","8","8","8","8","8","8","8","8","8","8","8","8","8","8","8","8","8","8","8","8","8","8","8","8","8","8","8","8",NA,NA,"CA","Pacific spiny dogfish","pacific_spiny_dogfish",NA,NA,"700","total_catch_wt_kg ~ 0 + factor(year) + pass","delta_gamma","TRUE","iid, iid","01_2","sigma_O","1.63927758251096","0.231974857442561","1.24222027366138","2.16324837832707"
"9","9","9","9","9","9","9","9","9","9","9","9","9","9","9","9","9","9","9","9","9","9","9","9","9","9","9","9","9","9","9","9","9","9","9","9","9","9","9","9","9","9","9","9","9","9","9","9","9","9","9","9","9","9","9","9","9","9","9","9","9","9","9","9","9","9","9","9","9","9","9","9","9","9","9","9","9","9","9","9","9","9","9","9","9","9","9","9","9",NA,NA,"CA","Pacific spiny dogfish","pacific_spiny_dogfish",NA,NA,"700","total_catch_wt_kg ~ 0 + factor(year) + pass","delta_gamma","TRUE","iid, iid","01_2","sigma_E","0.588673618599343","0.262972450277986","0.245259349559118","1.41293952649628"
"10","10","10","10","10","10","10","10","10","10","10","10","10","10","10","10","10","10","10","10","10","10","10","10","10","10","10","10","10","10","10","10","10","10","10","10","10","10","10","10","10","10","10","10","10","10","10","10","10","10","10","10","10","10","10","10","10","10","10","10","10","10","10","10","10","10","10","10","10","10","10","10","10","10","10","10","10","10","10","10","10","10","10","10","10","10","10","10",NA,NA,NA,"CA","Pacific spiny dogfish","pacific_spiny_dogfish",NA,NA,"700","total_catch_wt_kg ~ 0 + factor(year) + pass","delta_gamma","TRUE","iid, iid","01_3","range","0.75710413304146","0.258525939813227","0.387702439683071","1.47847062488704"
"11","11","11","11","11","11","11","11","11","11","11","11","11","11","11","11","11","11","11","11","11","11","11","11","11","11","11","11","11","11","11","11","11","11","11","11","11","11","11","11","11","11","11","11","11","11","11","11","11","11","11","11","11","11","11","11","11","11","11","11","11","11","11","11","11","11","11","11","11","11","11","11","11","11","11","11","11","11","11","11","11","11","11","11","11","11","11","11",NA,NA,NA,"CA","Pacific spiny dogfish","pacific_spiny_dogfish",NA,NA,"700","total_catch_wt_kg ~ 0 + factor(year) + pass","delta_gamma","TRUE","iid, iid","01_3","sigma_O","1.68784639775325","0.270237052481003","1.23324418575739","2.31002545587436"
"12","12","12","12","12","12","12","12","12","12","12","12","12","12","12","12","12","12","12","12","12","12","12","12","12","12","12","12","12","12","12","12","12","12","12","12","12","12","12","12","12","12","12","12","12","12","12","12","12","12","12","12","12","12","12","12","12","12","12","12","12","12","12","12","12","12","12","12","12","12","12","12","12","12","12","12","12","12","12","12","12","12","12","12","12","12","12","12",NA,NA,NA,"CA","Pacific spiny dogfish","pacific_spiny_dogfish",NA,NA,"700","total_catch_wt_kg ~ 0 + factor(year) + pass","delta_gamma","TRUE","iid, iid","01_3","sigma_E","0.000265104380766122","NaN","NaN","NaN"
"13","13","13","13","13","13","13","13","13","13","13","13","13","13","13","13","13","13","13","13","13","13","13","13","13","13","13","13","13","13","13","13","13","13","13","13","13","13","13","13","13","13","13","13","13","13","13","13","13","13","13","13","13","13","13","13","13","13","13","13","13","13","13","13","13","13","13","13","13","13","13","13","13","13","13","13","13","13","13","13","13","13","13","13","13","13","13",NA,NA,NA,NA,"CA","Pacific spiny dogfish","pacific_spiny_dogfish",NA,NA,"700","total_catch_wt_kg ~ 0 + factor(year) + pass","delta_gamma","TRUE","iid, iid","01_4","range","0.344995340191126","0.119049618207677","0.175421972538075","0.678488464310008"
"14","14","14","14","14","14","14","14","14","14","14","14","14","14","14","14","14","14","14","14","14","14","14","14","14","14","14","14","14","14","14","14","14","14","14","14","14","14","14","14","14","14","14","14","14","14","14","14","14","14","14","14","14","14","14","14","14","14","14","14","14","14","14","14","14","14","14","14","14","14","14","14","14","14","14","14","14","14","14","14","14","14","14","14","14","14","14",NA,NA,NA,NA,"CA","Pacific spiny dogfish","pacific_spiny_dogfish",NA,NA,"700","total_catch_wt_kg ~ 0 + factor(year) + pass","delta_gamma","TRUE","iid, iid","01_4","sigma_O","1.87618151016351","0.369338739837182","1.27558733270528","2.75955786705254"
"15","15","15","15","15","15","15","15","15","15","15","15","15","15","15","15","15","15","15","15","15","15","15","15","15","15","15","15","15","15","15","15","15","15","15","15","15","15","15","15","15","15","15","15","15","15","15","15","15","15","15","15","15","15","15","15","15","15","15","15","15","15","15","15","15","15","15","15","15","15","15","15","15","15","15","15","15","15","15","15","15","15","15","15","15","15","15",NA,NA,NA,NA,"CA","Pacific spiny dogfish","pacific_spiny_dogfish",NA,NA,"700","total_catch_wt_kg ~ 0 + factor(year) + pass","delta_gamma","TRUE","iid, iid","01_4","sigma_E","0.000122738288576781","NaN","NaN","NaN"
"16","16","16","16","16","16","16","16","16","16","16","16","16","16","16","16","16","16","16","16","16","16","16","16","16","16","16","16","16","16","16","16","16","16","16","16","16","16","16","16","16","16","16","16","16","16","16","16","16","16","16","16","16","16","16","16","16","16","16","16","16","16","16","16","16","16","16","16","16","16","16","16","16","16","16","16","16","16","16","16","16","16","16","16","16","16",NA,NA,NA,NA,NA,"CA","Pacific spiny dogfish","pacific_spiny_dogfish",NA,NA,"700","total_catch_wt_kg ~ 0 + factor(year) + pass","delta_gamma","TRUE","iid, iid","01_5","range","0.885655042872351","0.306264698933923","0.449690924394696","1.74427548436972"
"17","17","17","17","17","17","17","17","17","17","17","17","17","17","17","17","17","17","17","17","17","17","17","17","17","17","17","17","17","17","17","17","17","17","17","17","17","17","17","17","17","17","17","17","17","17","17","17","17","17","17","17","17","17","17","17","17","17","17","17","17","17","17","17","17","17","17","17","17","17","17","17","17","17","17","17","17","17","17","17","17","17","17","17","17","17",NA,NA,NA,NA,NA,"CA","Pacific spiny dogfish","pacific_spiny_dogfish",NA,NA,"700","total_catch_wt_kg ~ 0 + factor(year) + pass","delta_gamma","TRUE","iid, iid","01_5","sigma_O","1.56640278663986","0.261693762313101","1.1290053619135","2.17325601167614"
"18","18","18","18","18","18","18","18","18","18","18","18","18","18","18","18","18","18","18","18","18","18","18","18","18","18","18","18","18","18","18","18","18","18","18","18","18","18","18","18","18","18","18","18","18","18","18","18","18","18","18","18","18","18","18","18","18","18","18","18","18","18","18","18","18","18","18","18","18","18","18","18","18","18","18","18","18","18","18","18","18","18","18","18","18","18",NA,NA,NA,NA,NA,"CA","Pacific spiny dogfish","pacific_spiny_dogfish",NA,NA,"700","total_catch_wt_kg ~ 0 + factor(year) + pass","delta_gamma","TRUE","iid, iid","01_5","sigma_E","0.000140923174360106","0.354136638042599","0","Inf"
"19","19","19","19","19","19","19","19","19","19","19","19","19","19","19","19","19","19","19","19","19","19","19","19","19","19","19","19","19","19","19","19","19","19","19","19","19","19","19","19","19","19","19","19","19","19","19","19","19","19","19","19","19","19","19","19","19","19","19","19","19","19","19","19","19","19","19","19","19","19","19","19","19","19","19","19","19","19","19","19","19","19","19","19","19",NA,NA,NA,NA,NA,NA,"CA","Pacific spiny dogfish","pacific_spiny_dogfish",NA,NA,"700","total_catch_wt_kg ~ 0 + factor(year) + pass","delta_gamma","TRUE","iid, iid","01_6","range","0.474055490262338","0.122884132005944","0.285221114300524","0.787910139117821"
"20","20","20","20","20","20","20","20","20","20","20","20","20","20","20","20","20","20","20","20","20","20","20","20","20","20","20","20","20","20","20","20","20","20","20","20","20","20","20","20","20","20","20","20","20","20","20","20","20","20","20","20","20","20","20","20","20","20","20","20","20","20","20","20","20","20","20","20","20","20","20","20","20","20","20","20","20","20","20","20","20","20","20","20","20",NA,NA,NA,NA,NA,NA,"CA","Pacific spiny dogfish","pacific_spiny_dogfish",NA,NA,"700","total_catch_wt_kg ~ 0 + factor(year) + pass","delta_gamma","TRUE","iid, iid","01_6","sigma_O","1.70751950755725","0.214494331482719","1.33487274004103","2.18419537775484"
"21","21","21","21","21","21","21","21","21","21","21","21","21","21","21","21","21","21","21","21","21","21","21","21","21","21","21","21","21","21","21","21","21","21","21","21","21","21","21","21","21","21","21","21","21","21","21","21","21","21","21","21","21","21","21","21","21","21","21","21","21","21","21","21","21","21","21","21","21","21","21","21","21","21","21","21","21","21","21","21","21","21","21","21","21",NA,NA,NA,NA,NA,NA,"CA","Pacific spiny dogfish","pacific_spiny_dogfish",NA,NA,"700","total_catch_wt_kg ~ 0 + factor(year) + pass","delta_gamma","TRUE","iid, iid","01_6","sigma_E","0.000138100226252245","0.447287084533488","0","Inf"
"22","22","22","22","22","22","22","22","22","22","22","22","22","22","22","22","22","22","22","22","22","22","22","22","22","22","22","22","22","22","22","22","22","22","22","22","22","22","22","22","22","22","22","22","22","22","22","22","22","22","22","22","22","22","22","22","22","22","22","22","22","22","22","22","22","22","22","22","22","22","22","22","22","22","22","22","22","22","22","22","22","22","22","22",NA,NA,NA,NA,NA,NA,NA,"CA","Pacific spiny dogfish","pacific_spiny_dogfish",NA,NA,"700","total_catch_wt_kg ~ 0 + factor(year) + pass","delta_gamma","TRUE","iid, iid","01_7","range","0.857239914640634","0.323891255929196","0.408782794683319","1.79767906284405"
"23","23","23","23","23","23","23","23","23","23","23","23","23","23","23","23","23","23","23","23","23","23","23","23","23","23","23","23","23","23","23","23","23","23","23","23","23","23","23","23","23","23","23","23","23","23","23","23","23","23","23","23","23","23","23","23","23","23","23","23","23","23","23","23","23","23","23","23","23","23","23","23","23","23","23","23","23","23","23","23","23","23","23","23",NA,NA,NA,NA,NA,NA,NA,"CA","Pacific spiny dogfish","pacific_spiny_dogfish",NA,NA,"700","total_catch_wt_kg ~ 0 + factor(year) + pass","delta_gamma","TRUE","iid, iid","01_7","sigma_O","1.42997902587467","0.24973346158727","1.01548773980769","2.01365307948346"
"24","24","24","24","24","24","24","24","24","24","24","24","24","24","24","24","24","24","24","24","24","24","24","24","24","24","24","24","24","24","24","24","24","24","24","24","24","24","24","24","24","24","24","24","24","24","24","24","24","24","24","24","24","24","24","24","24","24","24","24","24","24","24","24","24","24","24","24","24","24","24","24","24","24","24","24","24","24","24","24","24","24","24","24",NA,NA,NA,NA,NA,NA,NA,"CA","Pacific spiny dogfish","pacific_spiny_dogfish",NA,NA,"700","total_catch_wt_kg ~ 0 + factor(year) + pass","delta_gamma","TRUE","iid, iid","01_7","sigma_E","0.504426102849221","0.237224762662115","0.200673025150442","1.26796161589182"
"25","25","25","25","25","25","25","25","25","25","25","25","25","25","25","25","25","25","25","25","25","25","25","25","25","25","25","25","25","25","25","25","25","25","25","25","25","25","25","25","25","25","25","25","25","25","25","25","25","25","25","25","25","25","25","25","25","25","25","25","25","25","25","25","25","25","25","25","25","25","25","25","25","25","25","25","25","25","25","25","25","25","25",NA,NA,NA,NA,NA,NA,NA,NA,"CA","Pacific spiny dogfish","pacific_spiny_dogfish",NA,NA,"700","total_catch_wt_kg ~ 0 + factor(year) + pass","delta_gamma","TRUE","iid, iid","01_8","range","0.555339025797561","0.295324606741642","0.195837744082186","1.5747803622797"
"26","26","26","26","26","26","26","26","26","26","26","26","26","26","26","26","26","26","26","26","26","26","26","26","26","26","26","26","26","26","26","26","26","26","26","26","26","26","26","26","26","26","26","26","26","26","26","26","26","26","26","26","26","26","26","26","26","26","26","26","26","26","26","26","26","26","26","26","26","26","26","26","26","26","26","26","26","26","26","26","26","26","26",NA,NA,NA,NA,NA,NA,NA,NA,"CA","Pacific spiny dogfish","pacific_spiny_dogfish",NA,NA,"700","total_catch_wt_kg ~ 0 + factor(year) + pass","delta_gamma","TRUE","iid, iid","01_8","sigma_O","1.75638850558143","0.667542841318374","0.833888847945905","3.69941460440144"
"27","27","27","27","27","27","27","27","27","27","27","27","27","27","27","27","27","27","27","27","27","27","27","27","27","27","27","27","27","27","27","27","27","27","27","27","27","27","27","27","27","27","27","27","27","27","27","27","27","27","27","27","27","27","27","27","27","27","27","27","27","27","27","27","27","27","27","27","27","27","27","27","27","27","27","27","27","27","27","27","27","27","27",NA,NA,NA,NA,NA,NA,NA,NA,"CA","Pacific spiny dogfish","pacific_spiny_dogfish",NA,NA,"700","total_catch_wt_kg ~ 0 + factor(year) + pass","delta_gamma","TRUE","iid, iid","01_8","sigma_E","0.000192013616164933","0.46393275521254","0","Inf"
"28","28","28","28","28","28","28","28","28","28","28","28","28","28","28","28","28","28","28","28","28","28","28","28","28","28","28","28","28","28","28","28","28","28","28","28","28","28","28","28","28","28","28","28","28","28","28","28","28","28","28","28","28","28","28","28","28","28","28","28","28","28","28","28","28","28","28","28","28","28","28","28","28","28","28","28","28","28","28","28","28","28",NA,NA,NA,NA,NA,NA,NA,NA,NA,"CA","Pacific spiny dogfish","pacific_spiny_dogfish",NA,NA,"700","total_catch_wt_kg ~ 0 + factor(year) + pass","delta_gamma","TRUE","iid, iid","01_9","range","0.439775523692581","0.151243980668427","0.224126299882776","0.862917521684152"
"29","29","29","29","29","29","29","29","29","29","29","29","29","29","29","29","29","29","29","29","29","29","29","29","29","29","29","29","29","29","29","29","29","29","29","29","29","29","29","29","29","29","29","29","29","29","29","29","29","29","29","29","29","29","29","29","29","29","29","29","29","29","29","29","29","29","29","29","29","29","29","29","29","29","29","29","29","29","29","29","29","29",NA,NA,NA,NA,NA,NA,NA,NA,NA,"CA","Pacific spiny dogfish","pacific_spiny_dogfish",NA,NA,"700","total_catch_wt_kg ~ 0 + factor(year) + pass","delta_gamma","TRUE","iid, iid","01_9","sigma_O","1.85901847944932","0.392359323071593","1.22922519202142","2.81148623487848"
"30","30","30","30","30","30","30","30","30","30","30","30","30","30","30","30","30","30","30","30","30","30","30","30","30","30","30","30","30","30","30","30","30","30","30","30","30","30","30","30","30","30","30","30","30","30","30","30","30","30","30","30","30","30","30","30","30","30","30","30","30","30","30","30","30","30","30","30","30","30","30","30","30","30","30","30","30","30","30","30","30","30",NA,NA,NA,NA,NA,NA,NA,NA,NA,"CA","Pacific spiny dogfish","pacific_spiny_dogfish",NA,NA,"700","total_catch_wt_kg ~ 0 + factor(year) + pass","delta_gamma","TRUE","iid, iid","01_9","sigma_E","0.000149652764397967","0.535136404626116","0","Inf"
"31","31","31","31","31","31","31","31","31","31","31","31","31","31","31","31","31","31","31","31","31","31","31","31","31","31","31","31","31","31","31","31","31","31","31","31","31","31","31","31","31","31","31","31","31","31","31","31","31","31","31","31","31","31","31","31","31","31","31","31","31","31","31","31","31","31","31","31","31","31","31","31","31","31","31","31","31","31","31","31","31",NA,NA,NA,NA,NA,NA,NA,NA,NA,NA,"CA","Pacific spiny dogfish","pacific_spiny_dogfish",NA,NA,"700","total_catch_wt_kg ~ 0 + factor(year) + pass","delta_gamma","TRUE","iid, iid","02_1","range","0.46818381018072","0.10129019188875","0.306380724284405","0.715436914731826"
"32","32","32","32","32","32","32","32","32","32","32","32","32","32","32","32","32","32","32","32","32","32","32","32","32","32","32","32","32","32","32","32","32","32","32","32","32","32","32","32","32","32","32","32","32","32","32","32","32","32","32","32","32","32","32","32","32","32","32","32","32","32","32","32","32","32","32","32","32","32","32","32","32","32","32","32","32","32","32","32","32",NA,NA,NA,NA,NA,NA,NA,NA,NA,NA,"CA","Pacific spiny dogfish","pacific_spiny_dogfish",NA,NA,"700","total_catch_wt_kg ~ 0 + factor(year) + pass","delta_gamma","TRUE","iid, iid","02_1","sigma_O","1.64624871304877","0.174585744736355","1.33728807601036","2.02659013703322"
"33","33","33","33","33","33","33","33","33","33","33","33","33","33","33","33","33","33","33","33","33","33","33","33","33","33","33","33","33","33","33","33","33","33","33","33","33","33","33","33","33","33","33","33","33","33","33","33","33","33","33","33","33","33","33","33","33","33","33","33","33","33","33","33","33","33","33","33","33","33","33","33","33","33","33","33","33","33","33","33","33",NA,NA,NA,NA,NA,NA,NA,NA,NA,NA,"CA","Pacific spiny dogfish","pacific_spiny_dogfish",NA,NA,"700","total_catch_wt_kg ~ 0 + factor(year) + pass","delta_gamma","TRUE","iid, iid","02_1","sigma_E","0.000121419297930575","0.168932060002133","0","Inf"
"34","34","34","34","34","34","34","34","34","34","34","34","34","34","34","34","34","34","34","34","34","34","34","34","34","34","34","34","34","34","34","34","34","34","34","34","34","34","34","34","34","34","34","34","34","34","34","34","34","34","34","34","34","34","34","34","34","34","34","34","34","34","34","34","34","34","34","34","34","34","34","34","34","34","34","34","34","34","34","34",NA,NA,NA,NA,NA,NA,NA,NA,NA,NA,NA,"CA","Pacific spiny dogfish","pacific_spiny_dogfish",NA,NA,"700","total_catch_wt_kg ~ 0 + factor(year) + pass","delta_gamma","TRUE","iid, iid","02_10","range","0.663839171731166","0.163768187209009","0.409329133072956","1.07659682714589"
"35","35","35","35","35","35","35","35","35","35","35","35","35","35","35","35","35","35","35","35","35","35","35","35","35","35","35","35","35","35","35","35","35","35","35","35","35","35","35","35","35","35","35","35","35","35","35","35","35","35","35","35","35","35","35","35","35","35","35","35","35","35","35","35","35","35","35","35","35","35","35","35","35","35","35","35","35","35","35","35",NA,NA,NA,NA,NA,NA,NA,NA,NA,NA,NA,"CA","Pacific spiny dogfish","pacific_spiny_dogfish",NA,NA,"700","total_catch_wt_kg ~ 0 + factor(year) + pass","delta_gamma","TRUE","iid, iid","02_10","sigma_O","1.80653464784767","0.223712665640578","1.41722087749249","2.30279378867773"
"36","36","36","36","36","36","36","36","36","36","36","36","36","36","36","36","36","36","36","36","36","36","36","36","36","36","36","36","36","36","36","36","36","36","36","36","36","36","36","36","36","36","36","36","36","36","36","36","36","36","36","36","36","36","36","36","36","36","36","36","36","36","36","36","36","36","36","36","36","36","36","36","36","36","36","36","36","36","36","36",NA,NA,NA,NA,NA,NA,NA,NA,NA,NA,NA,"CA","Pacific spiny dogfish","pacific_spiny_dogfish",NA,NA,"700","total_catch_wt_kg ~ 0 + factor(year) + pass","delta_gamma","TRUE","iid, iid","02_10","sigma_E","0.000117830235984637","0.245767064434099","0","Inf"
"37","37","37","37","37","37","37","37","37","37","37","37","37","37","37","37","37","37","37","37","37","37","37","37","37","37","37","37","37","37","37","37","37","37","37","37","37","37","37","37","37","37","37","37","37","37","37","37","37","37","37","37","37","37","37","37","37","37","37","37","37","37","37","37","37","37","37","37","37","37","37","37","37","37","37","37","37","37","37",NA,NA,NA,NA,NA,NA,NA,NA,NA,NA,NA,NA,"CA","Pacific spiny dogfish","pacific_spiny_dogfish",NA,NA,"700","total_catch_wt_kg ~ 0 + factor(year) + pass","delta_gamma","TRUE","iid, iid","02_2","range","0.817707369830542","0.222618283049797","0.479579868873265","1.39423146398141"
"38","38","38","38","38","38","38","38","38","38","38","38","38","38","38","38","38","38","38","38","38","38","38","38","38","38","38","38","38","38","38","38","38","38","38","38","38","38","38","38","38","38","38","38","38","38","38","38","38","38","38","38","38","38","38","38","38","38","38","38","38","38","38","38","38","38","38","38","38","38","38","38","38","38","38","38","38","38","38",NA,NA,NA,NA,NA,NA,NA,NA,NA,NA,NA,NA,"CA","Pacific spiny dogfish","pacific_spiny_dogfish",NA,NA,"700","total_catch_wt_kg ~ 0 + factor(year) + pass","delta_gamma","TRUE","iid, iid","02_2","sigma_O","1.78194131952352","0.251325134264412","1.35157412941588","2.34934569781795"
"39","39","39","39","39","39","39","39","39","39","39","39","39","39","39","39","39","39","39","39","39","39","39","39","39","39","39","39","39","39","39","39","39","39","39","39","39","39","39","39","39","39","39","39","39","39","39","39","39","39","39","39","39","39","39","39","39","39","39","39","39","39","39","39","39","39","39","39","39","39","39","39","39","39","39","39","39","39","39",NA,NA,NA,NA,NA,NA,NA,NA,NA,NA,NA,NA,"CA","Pacific spiny dogfish","pacific_spiny_dogfish",NA,NA,"700","total_catch_wt_kg ~ 0 + factor(year) + pass","delta_gamma","TRUE","iid, iid","02_2","sigma_E","0.387131606015391","0.204638676679532","0.137376198145307","1.09095230760086"
"40","40","40","40","40","40","40","40","40","40","40","40","40","40","40","40","40","40","40","40","40","40","40","40","40","40","40","40","40","40","40","40","40","40","40","40","40","40","40","40","40","40","40","40","40","40","40","40","40","40","40","40","40","40","40","40","40","40","40","40","40","40","40","40","40","40","40","40","40","40","40","40","40","40","40","40","40","40",NA,NA,NA,NA,NA,NA,NA,NA,NA,NA,NA,NA,NA,"CA","Pacific spiny dogfish","pacific_spiny_dogfish",NA,NA,"700","total_catch_wt_kg ~ 0 + factor(year) + pass","delta_gamma","TRUE","iid, iid","02_3","range","1.04164888714297","0.293292051461345","0.599863783664547","1.80879798653249"
"41","41","41","41","41","41","41","41","41","41","41","41","41","41","41","41","41","41","41","41","41","41","41","41","41","41","41","41","41","41","41","41","41","41","41","41","41","41","41","41","41","41","41","41","41","41","41","41","41","41","41","41","41","41","41","41","41","41","41","41","41","41","41","41","41","41","41","41","41","41","41","41","41","41","41","41","41","41",NA,NA,NA,NA,NA,NA,NA,NA,NA,NA,NA,NA,NA,"CA","Pacific spiny dogfish","pacific_spiny_dogfish",NA,NA,"700","total_catch_wt_kg ~ 0 + factor(year) + pass","delta_gamma","TRUE","iid, iid","02_3","sigma_O","2.29175964777288","0.42715810349251","1.59043058345087","3.30235241815086"
"42","42","42","42","42","42","42","42","42","42","42","42","42","42","42","42","42","42","42","42","42","42","42","42","42","42","42","42","42","42","42","42","42","42","42","42","42","42","42","42","42","42","42","42","42","42","42","42","42","42","42","42","42","42","42","42","42","42","42","42","42","42","42","42","42","42","42","42","42","42","42","42","42","42","42","42","42","42",NA,NA,NA,NA,NA,NA,NA,NA,NA,NA,NA,NA,NA,"CA","Pacific spiny dogfish","pacific_spiny_dogfish",NA,NA,"700","total_catch_wt_kg ~ 0 + factor(year) + pass","delta_gamma","TRUE","iid, iid","02_3","sigma_E","0.231169155380351","0.236894522103062","0.0310203457039584","1.72271382496056"
"43","43","43","43","43","43","43","43","43","43","43","43","43","43","43","43","43","43","43","43","43","43","43","43","43","43","43","43","43","43","43","43","43","43","43","43","43","43","43","43","43","43","43","43","43","43","43","43","43","43","43","43","43","43","43","43","43","43","43","43","43","43","43","43","43","43","43","43","43","43","43","43","43","43","43","43","43",NA,NA,NA,NA,NA,NA,NA,NA,NA,NA,NA,NA,NA,NA,"CA","Pacific spiny dogfish","pacific_spiny_dogfish",NA,NA,"700","total_catch_wt_kg ~ 0 + factor(year) + pass","delta_gamma","TRUE","iid, iid","02_4","range","0.696874647822852","0.181829224898904","0.417886473348181","1.16212011096515"
"44","44","44","44","44","44","44","44","44","44","44","44","44","44","44","44","44","44","44","44","44","44","44","44","44","44","44","44","44","44","44","44","44","44","44","44","44","44","44","44","44","44","44","44","44","44","44","44","44","44","44","44","44","44","44","44","44","44","44","44","44","44","44","44","44","44","44","44","44","44","44","44","44","44","44","44","44",NA,NA,NA,NA,NA,NA,NA,NA,NA,NA,NA,NA,NA,NA,"CA","Pacific spiny dogfish","pacific_spiny_dogfish",NA,NA,"700","total_catch_wt_kg ~ 0 + factor(year) + pass","delta_gamma","TRUE","iid, iid","02_4","sigma_O","1.68849773590157","0.217955482632477","1.31106816686795","2.17458151772202"
"45","45","45","45","45","45","45","45","45","45","45","45","45","45","45","45","45","45","45","45","45","45","45","45","45","45","45","45","45","45","45","45","45","45","45","45","45","45","45","45","45","45","45","45","45","45","45","45","45","45","45","45","45","45","45","45","45","45","45","45","45","45","45","45","45","45","45","45","45","45","45","45","45","45","45","45","45",NA,NA,NA,NA,NA,NA,NA,NA,NA,NA,NA,NA,NA,NA,"CA","Pacific spiny dogfish","pacific_spiny_dogfish",NA,NA,"700","total_catch_wt_kg ~ 0 + factor(year) + pass","delta_gamma","TRUE","iid, iid","02_4","sigma_E","0.000135356419943183","0.205876344413604","0","Inf"
"46","46","46","46","46","46","46","46","46","46","46","46","46","46","46","46","46","46","46","46","46","46","46","46","46","46","46","46","46","46","46","46","46","46","46","46","46","46","46","46","46","46","46","46","46","46","46","46","46","46","46","46","46","46","46","46","46","46","46","46","46","46","46","46","46","46","46","46","46","46","46","46","46","46","46","46",NA,NA,NA,NA,NA,NA,NA,NA,NA,NA,NA,NA,NA,NA,NA,"CA","Pacific spiny dogfish","pacific_spiny_dogfish",NA,NA,"700","total_catch_wt_kg ~ 0 + factor(year) + pass","delta_gamma","TRUE","iid, iid","02_5","range","0.410258373859379","0.0997063720498969","0.254792880495042","0.660583345165396"
"47","47","47","47","47","47","47","47","47","47","47","47","47","47","47","47","47","47","47","47","47","47","47","47","47","47","47","47","47","47","47","47","47","47","47","47","47","47","47","47","47","47","47","47","47","47","47","47","47","47","47","47","47","47","47","47","47","47","47","47","47","47","47","47","47","47","47","47","47","47","47","47","47","47","47","47",NA,NA,NA,NA,NA,NA,NA,NA,NA,NA,NA,NA,NA,NA,NA,"CA","Pacific spiny dogfish","pacific_spiny_dogfish",NA,NA,"700","total_catch_wt_kg ~ 0 + factor(year) + pass","delta_gamma","TRUE","iid, iid","02_5","sigma_O","1.65570381482411","0.177358436506634","1.34215361672343","2.04250473885063"
"48","48","48","48","48","48","48","48","48","48","48","48","48","48","48","48","48","48","48","48","48","48","48","48","48","48","48","48","48","48","48","48","48","48","48","48","48","48","48","48","48","48","48","48","48","48","48","48","48","48","48","48","48","48","48","48","48","48","48","48","48","48","48","48","48","48","48","48","48","48","48","48","48","48","48","48",NA,NA,NA,NA,NA,NA,NA,NA,NA,NA,NA,NA,NA,NA,NA,"CA","Pacific spiny dogfish","pacific_spiny_dogfish",NA,NA,"700","total_catch_wt_kg ~ 0 + factor(year) + pass","delta_gamma","TRUE","iid, iid","02_5","sigma_E","0.110953637634675","0.895199997997948","1.50469213349168e-08","818154.71951724"
"49","49","49","49","49","49","49","49","49","49","49","49","49","49","49","49","49","49","49","49","49","49","49","49","49","49","49","49","49","49","49","49","49","49","49","49","49","49","49","49","49","49","49","49","49","49","49","49","49","49","49","49","49","49","49","49","49","49","49","49","49","49","49","49","49","49","49","49","49","49","49","49","49","49","49",NA,NA,NA,NA,NA,NA,NA,NA,NA,NA,NA,NA,NA,NA,NA,NA,"CA","Pacific spiny dogfish","pacific_spiny_dogfish",NA,NA,"700","total_catch_wt_kg ~ 0 + factor(year) + pass","delta_gamma","TRUE","iid, iid","02_6","range","0.374257649922363","0.0918479301250983","0.231352513256991","0.605434479848587"
"50","50","50","50","50","50","50","50","50","50","50","50","50","50","50","50","50","50","50","50","50","50","50","50","50","50","50","50","50","50","50","50","50","50","50","50","50","50","50","50","50","50","50","50","50","50","50","50","50","50","50","50","50","50","50","50","50","50","50","50","50","50","50","50","50","50","50","50","50","50","50","50","50","50","50",NA,NA,NA,NA,NA,NA,NA,NA,NA,NA,NA,NA,NA,NA,NA,NA,"CA","Pacific spiny dogfish","pacific_spiny_dogfish",NA,NA,"700","total_catch_wt_kg ~ 0 + factor(year) + pass","delta_gamma","TRUE","iid, iid","02_6","sigma_O","2.19344790905805","0.31068870064738","1.66172727102274","2.89530888350289"
"51","51","51","51","51","51","51","51","51","51","51","51","51","51","51","51","51","51","51","51","51","51","51","51","51","51","51","51","51","51","51","51","51","51","51","51","51","51","51","51","51","51","51","51","51","51","51","51","51","51","51","51","51","51","51","51","51","51","51","51","51","51","51","51","51","51","51","51","51","51","51","51","51","51","51",NA,NA,NA,NA,NA,NA,NA,NA,NA,NA,NA,NA,NA,NA,NA,NA,"CA","Pacific spiny dogfish","pacific_spiny_dogfish",NA,NA,"700","total_catch_wt_kg ~ 0 + factor(year) + pass","delta_gamma","TRUE","iid, iid","02_6","sigma_E","0.59465407473132","0.264558984559849","0.248638612318006","1.42219852861105"
"52","52","52","52","52","52","52","52","52","52","52","52","52","52","52","52","52","52","52","52","52","52","52","52","52","52","52","52","52","52","52","52","52","52","52","52","52","52","52","52","52","52","52","52","52","52","52","52","52","52","52","52","52","52","52","52","52","52","52","52","52","52","52","52","52","52","52","52","52","52","52","52","52","52",NA,NA,NA,NA,NA,NA,NA,NA,NA,NA,NA,NA,NA,NA,NA,NA,NA,"CA","Pacific spiny dogfish","pacific_spiny_dogfish",NA,NA,"700","total_catch_wt_kg ~ 0 + factor(year) + pass","delta_gamma","TRUE","iid, iid","02_7","range","0.559308112234163","0.140432552660539","0.341923692569743","0.914898766037208"
"53","53","53","53","53","53","53","53","53","53","53","53","53","53","53","53","53","53","53","53","53","53","53","53","53","53","53","53","53","53","53","53","53","53","53","53","53","53","53","53","53","53","53","53","53","53","53","53","53","53","53","53","53","53","53","53","53","53","53","53","53","53","53","53","53","53","53","53","53","53","53","53","53","53",NA,NA,NA,NA,NA,NA,NA,NA,NA,NA,NA,NA,NA,NA,NA,NA,NA,"CA","Pacific spiny dogfish","pacific_spiny_dogfish",NA,NA,"700","total_catch_wt_kg ~ 0 + factor(year) + pass","delta_gamma","TRUE","iid, iid","02_7","sigma_O","1.83877144198103","0.2374928953776","1.42753861932016","2.36846861449896"
"54","54","54","54","54","54","54","54","54","54","54","54","54","54","54","54","54","54","54","54","54","54","54","54","54","54","54","54","54","54","54","54","54","54","54","54","54","54","54","54","54","54","54","54","54","54","54","54","54","54","54","54","54","54","54","54","54","54","54","54","54","54","54","54","54","54","54","54","54","54","54","54","54","54",NA,NA,NA,NA,NA,NA,NA,NA,NA,NA,NA,NA,NA,NA,NA,NA,NA,"CA","Pacific spiny dogfish","pacific_spiny_dogfish",NA,NA,"700","total_catch_wt_kg ~ 0 + factor(year) + pass","delta_gamma","TRUE","iid, iid","02_7","sigma_E","0.470682014104992","0.201129806688832","0.203702253607086","1.08757539241198"
"55","55","55","55","55","55","55","55","55","55","55","55","55","55","55","55","55","55","55","55","55","55","55","55","55","55","55","55","55","55","55","55","55","55","55","55","55","55","55","55","55","55","55","55","55","55","55","55","55","55","55","55","55","55","55","55","55","55","55","55","55","55","55","55","55","55","55","55","55","55","55","55","55",NA,NA,NA,NA,NA,NA,NA,NA,NA,NA,NA,NA,NA,NA,NA,NA,NA,NA,"CA","Pacific spiny dogfish","pacific_spiny_dogfish",NA,NA,"700","total_catch_wt_kg ~ 0 + factor(year) + pass","delta_gamma","TRUE","iid, iid","02_8","range","0.575306361891335","0.142801432630311","0.353684131920527","0.935799432774707"
"56","56","56","56","56","56","56","56","56","56","56","56","56","56","56","56","56","56","56","56","56","56","56","56","56","56","56","56","56","56","56","56","56","56","56","56","56","56","56","56","56","56","56","56","56","56","56","56","56","56","56","56","56","56","56","56","56","56","56","56","56","56","56","56","56","56","56","56","56","56","56","56","56",NA,NA,NA,NA,NA,NA,NA,NA,NA,NA,NA,NA,NA,NA,NA,NA,NA,NA,"CA","Pacific spiny dogfish","pacific_spiny_dogfish",NA,NA,"700","total_catch_wt_kg ~ 0 + factor(year) + pass","delta_gamma","TRUE","iid, iid","02_8","sigma_O","1.70271495733983","0.205143150803282","1.34458778875804","2.15622828809618"
"57","57","57","57","57","57","57","57","57","57","57","57","57","57","57","57","57","57","57","57","57","57","57","57","57","57","57","57","57","57","57","57","57","57","57","57","57","57","57","57","57","57","57","57","57","57","57","57","57","57","57","57","57","57","57","57","57","57","57","57","57","57","57","57","57","57","57","57","57","57","57","57","57",NA,NA,NA,NA,NA,NA,NA,NA,NA,NA,NA,NA,NA,NA,NA,NA,NA,NA,"CA","Pacific spiny dogfish","pacific_spiny_dogfish",NA,NA,"700","total_catch_wt_kg ~ 0 + factor(year) + pass","delta_gamma","TRUE","iid, iid","02_8","sigma_E","0.000306629854490394","0.3399816081974","0","Inf"
"58","58","58","58","58","58","58","58","58","58","58","58","58","58","58","58","58","58","58","58","58","58","58","58","58","58","58","58","58","58","58","58","58","58","58","58","58","58","58","58","58","58","58","58","58","58","58","58","58","58","58","58","58","58","58","58","58","58","58","58","58","58","58","58","58","58","58","58","58","58","58","58",NA,NA,NA,NA,NA,NA,NA,NA,NA,NA,NA,NA,NA,NA,NA,NA,NA,NA,NA,"CA","Pacific spiny dogfish","pacific_spiny_dogfish",NA,NA,"700","total_catch_wt_kg ~ 0 + factor(year) + pass","delta_gamma","TRUE","iid, iid","02_9","range","0.384363721388203","0.0818535644393329","0.253204657981686","0.583462687839155"
"59","59","59","59","59","59","59","59","59","59","59","59","59","59","59","59","59","59","59","59","59","59","59","59","59","59","59","59","59","59","59","59","59","59","59","59","59","59","59","59","59","59","59","59","59","59","59","59","59","59","59","59","59","59","59","59","59","59","59","59","59","59","59","59","59","59","59","59","59","59","59","59",NA,NA,NA,NA,NA,NA,NA,NA,NA,NA,NA,NA,NA,NA,NA,NA,NA,NA,NA,"CA","Pacific spiny dogfish","pacific_spiny_dogfish",NA,NA,"700","total_catch_wt_kg ~ 0 + factor(year) + pass","delta_gamma","TRUE","iid, iid","02_9","sigma_O","1.8158164830938","0.164629413037928","1.52019223817584","2.16892930872453"
"60","60","60","60","60","60","60","60","60","60","60","60","60","60","60","60","60","60","60","60","60","60","60","60","60","60","60","60","60","60","60","60","60","60","60","60","60","60","60","60","60","60","60","60","60","60","60","60","60","60","60","60","60","60","60","60","60","60","60","60","60","60","60","60","60","60","60","60","60","60","60","60",NA,NA,NA,NA,NA,NA,NA,NA,NA,NA,NA,NA,NA,NA,NA,NA,NA,NA,NA,"CA","Pacific spiny dogfish","pacific_spiny_dogfish",NA,NA,"700","total_catch_wt_kg ~ 0 + factor(year) + pass","delta_gamma","TRUE","iid, iid","02_9","sigma_E","0.177886669833591","0.555065759059372","0.000392744941073658","80.5705280836458"
"61","61","61","61","61","61","61","61","61","61","61","61","61","61","61","61","61","61","61","61","61","61","61","61","61","61","61","61","61","61","61","61","61","61","61","61","61","61","61","61","61","61","61","61","61","61","61","61","61","61","61","61","61","61","61","61","61","61","61","61","61","61","61","61","61","61","61","61","61","61","61",NA,NA,NA,NA,NA,NA,NA,NA,NA,NA,NA,NA,NA,NA,NA,NA,NA,NA,NA,NA,"CA","Pacific spiny dogfish","pacific_spiny_dogfish",NA,NA,"700","total_catch_wt_kg ~ 0 + factor(year) + pass","delta_gamma","TRUE","iid, iid","03_1","range","0.50584258456274","0.104693070302138","0.337166309431589","0.758903583185647"
"62","62","62","62","62","62","62","62","62","62","62","62","62","62","62","62","62","62","62","62","62","62","62","62","62","62","62","62","62","62","62","62","62","62","62","62","62","62","62","62","62","62","62","62","62","62","62","62","62","62","62","62","62","62","62","62","62","62","62","62","62","62","62","62","62","62","62","62","62","62","62",NA,NA,NA,NA,NA,NA,NA,NA,NA,NA,NA,NA,NA,NA,NA,NA,NA,NA,NA,NA,"CA","Pacific spiny dogfish","pacific_spiny_dogfish",NA,NA,"700","total_catch_wt_kg ~ 0 + factor(year) + pass","delta_gamma","TRUE","iid, iid","03_1","sigma_O","1.91122961578813","0.191613425726874","1.57026978769531","2.32622360366932"
"63","63","63","63","63","63","63","63","63","63","63","63","63","63","63","63","63","63","63","63","63","63","63","63","63","63","63","63","63","63","63","63","63","63","63","63","63","63","63","63","63","63","63","63","63","63","63","63","63","63","63","63","63","63","63","63","63","63","63","63","63","63","63","63","63","63","63","63","63","63","63",NA,NA,NA,NA,NA,NA,NA,NA,NA,NA,NA,NA,NA,NA,NA,NA,NA,NA,NA,NA,"CA","Pacific spiny dogfish","pacific_spiny_dogfish",NA,NA,"700","total_catch_wt_kg ~ 0 + factor(year) + pass","delta_gamma","TRUE","iid, iid","03_1","sigma_E","0.376291800892711","0.190287619411705","0.139662318612376","1.01384196414546"
"64","64","64","64","64","64","64","64","64","64","64","64","64","64","64","64","64","64","64","64","64","64","64","64","64","64","64","64","64","64","64","64","64","64","64","64","64","64","64","64","64","64","64","64","64","64","64","64","64","64","64","64","64","64","64","64","64","64","64","64","64","64","64","64","64","64","64","64","64","64",NA,NA,NA,NA,NA,NA,NA,NA,NA,NA,NA,NA,NA,NA,NA,NA,NA,NA,NA,NA,NA,"CA","Pacific spiny dogfish","pacific_spiny_dogfish",NA,NA,"700","total_catch_wt_kg ~ 0 + factor(year) + pass","delta_gamma","TRUE","iid, iid","03_10","range","0.674387647846287","0.154711959674756","0.430164524022803","1.05726686923057"
"65","65","65","65","65","65","65","65","65","65","65","65","65","65","65","65","65","65","65","65","65","65","65","65","65","65","65","65","65","65","65","65","65","65","65","65","65","65","65","65","65","65","65","65","65","65","65","65","65","65","65","65","65","65","65","65","65","65","65","65","65","65","65","65","65","65","65","65","65","65",NA,NA,NA,NA,NA,NA,NA,NA,NA,NA,NA,NA,NA,NA,NA,NA,NA,NA,NA,NA,NA,"CA","Pacific spiny dogfish","pacific_spiny_dogfish",NA,NA,"700","total_catch_wt_kg ~ 0 + factor(year) + pass","delta_gamma","TRUE","iid, iid","03_10","sigma_O","1.94801043619054","0.234942584645472","1.53790992516158","2.46746873625162"
"66","66","66","66","66","66","66","66","66","66","66","66","66","66","66","66","66","66","66","66","66","66","66","66","66","66","66","66","66","66","66","66","66","66","66","66","66","66","66","66","66","66","66","66","66","66","66","66","66","66","66","66","66","66","66","66","66","66","66","66","66","66","66","66","66","66","66","66","66","66",NA,NA,NA,NA,NA,NA,NA,NA,NA,NA,NA,NA,NA,NA,NA,NA,NA,NA,NA,NA,NA,"CA","Pacific spiny dogfish","pacific_spiny_dogfish",NA,NA,"700","total_catch_wt_kg ~ 0 + factor(year) + pass","delta_gamma","TRUE","iid, iid","03_10","sigma_E","0.397251622135463","0.147672253014867","0.191709856597553","0.823165037468766"
"67","67","67","67","67","67","67","67","67","67","67","67","67","67","67","67","67","67","67","67","67","67","67","67","67","67","67","67","67","67","67","67","67","67","67","67","67","67","67","67","67","67","67","67","67","67","67","67","67","67","67","67","67","67","67","67","67","67","67","67","67","67","67","67","67","67","67","67","67",NA,NA,NA,NA,NA,NA,NA,NA,NA,NA,NA,NA,NA,NA,NA,NA,NA,NA,NA,NA,NA,NA,"CA","Pacific spiny dogfish","pacific_spiny_dogfish",NA,NA,"700","total_catch_wt_kg ~ 0 + factor(year) + pass","delta_gamma","TRUE","iid, iid","03_2","range","0.737984973575431","0.140832379308693","0.507702856050073","1.07271766296587"
"68","68","68","68","68","68","68","68","68","68","68","68","68","68","68","68","68","68","68","68","68","68","68","68","68","68","68","68","68","68","68","68","68","68","68","68","68","68","68","68","68","68","68","68","68","68","68","68","68","68","68","68","68","68","68","68","68","68","68","68","68","68","68","68","68","68","68","68","68",NA,NA,NA,NA,NA,NA,NA,NA,NA,NA,NA,NA,NA,NA,NA,NA,NA,NA,NA,NA,NA,NA,"CA","Pacific spiny dogfish","pacific_spiny_dogfish",NA,NA,"700","total_catch_wt_kg ~ 0 + factor(year) + pass","delta_gamma","TRUE","iid, iid","03_2","sigma_O","2.00860927424087","0.235376000291302","1.5964254042482","2.52721561923927"
"69","69","69","69","69","69","69","69","69","69","69","69","69","69","69","69","69","69","69","69","69","69","69","69","69","69","69","69","69","69","69","69","69","69","69","69","69","69","69","69","69","69","69","69","69","69","69","69","69","69","69","69","69","69","69","69","69","69","69","69","69","69","69","69","69","69","69","69","69",NA,NA,NA,NA,NA,NA,NA,NA,NA,NA,NA,NA,NA,NA,NA,NA,NA,NA,NA,NA,NA,NA,"CA","Pacific spiny dogfish","pacific_spiny_dogfish",NA,NA,"700","total_catch_wt_kg ~ 0 + factor(year) + pass","delta_gamma","TRUE","iid, iid","03_2","sigma_E","0.672978010765628","0.126082338630956","0.466152889875505","0.971568369113871"
"70","70","70","70","70","70","70","70","70","70","70","70","70","70","70","70","70","70","70","70","70","70","70","70","70","70","70","70","70","70","70","70","70","70","70","70","70","70","70","70","70","70","70","70","70","70","70","70","70","70","70","70","70","70","70","70","70","70","70","70","70","70","70","70","70","70","70","70",NA,NA,NA,NA,NA,NA,NA,NA,NA,NA,NA,NA,NA,NA,NA,NA,NA,NA,NA,NA,NA,NA,NA,"CA","Pacific spiny dogfish","pacific_spiny_dogfish",NA,NA,"700","total_catch_wt_kg ~ 0 + factor(year) + pass","delta_gamma","TRUE","iid, iid","03_3","range","0.890669862310444","0.208272983612671","0.563213413886624","1.40851191407845"
"71","71","71","71","71","71","71","71","71","71","71","71","71","71","71","71","71","71","71","71","71","71","71","71","71","71","71","71","71","71","71","71","71","71","71","71","71","71","71","71","71","71","71","71","71","71","71","71","71","71","71","71","71","71","71","71","71","71","71","71","71","71","71","71","71","71","71","71",NA,NA,NA,NA,NA,NA,NA,NA,NA,NA,NA,NA,NA,NA,NA,NA,NA,NA,NA,NA,NA,NA,NA,"CA","Pacific spiny dogfish","pacific_spiny_dogfish",NA,NA,"700","total_catch_wt_kg ~ 0 + factor(year) + pass","delta_gamma","TRUE","iid, iid","03_3","sigma_O","2.12790404676309","0.314319332143515","1.5930096632789","2.84240311694706"
"72","72","72","72","72","72","72","72","72","72","72","72","72","72","72","72","72","72","72","72","72","72","72","72","72","72","72","72","72","72","72","72","72","72","72","72","72","72","72","72","72","72","72","72","72","72","72","72","72","72","72","72","72","72","72","72","72","72","72","72","72","72","72","72","72","72","72","72",NA,NA,NA,NA,NA,NA,NA,NA,NA,NA,NA,NA,NA,NA,NA,NA,NA,NA,NA,NA,NA,NA,NA,"CA","Pacific spiny dogfish","pacific_spiny_dogfish",NA,NA,"700","total_catch_wt_kg ~ 0 + factor(year) + pass","delta_gamma","TRUE","iid, iid","03_3","sigma_E","0.440496500941994","0.118171632654245","0.260370230574701","0.74523560897823"
"73","73","73","73","73","73","73","73","73","73","73","73","73","73","73","73","73","73","73","73","73","73","73","73","73","73","73","73","73","73","73","73","73","73","73","73","73","73","73","73","73","73","73","73","73","73","73","73","73","73","73","73","73","73","73","73","73","73","73","73","73","73","73","73","73","73","73",NA,NA,NA,NA,NA,NA,NA,NA,NA,NA,NA,NA,NA,NA,NA,NA,NA,NA,NA,NA,NA,NA,NA,NA,"CA","Pacific spiny dogfish","pacific_spiny_dogfish",NA,NA,"700","total_catch_wt_kg ~ 0 + factor(year) + pass","delta_gamma","TRUE","iid, iid","03_4","range","0.603305420689557","0.137885578881063","0.385473865053541","0.944233743532388"
"74","74","74","74","74","74","74","74","74","74","74","74","74","74","74","74","74","74","74","74","74","74","74","74","74","74","74","74","74","74","74","74","74","74","74","74","74","74","74","74","74","74","74","74","74","74","74","74","74","74","74","74","74","74","74","74","74","74","74","74","74","74","74","74","74","74","74",NA,NA,NA,NA,NA,NA,NA,NA,NA,NA,NA,NA,NA,NA,NA,NA,NA,NA,NA,NA,NA,NA,NA,NA,"CA","Pacific spiny dogfish","pacific_spiny_dogfish",NA,NA,"700","total_catch_wt_kg ~ 0 + factor(year) + pass","delta_gamma","TRUE","iid, iid","03_4","sigma_O","1.99258796966709","0.23422928209049","1.58255393679395","2.50886034564203"
"75","75","75","75","75","75","75","75","75","75","75","75","75","75","75","75","75","75","75","75","75","75","75","75","75","75","75","75","75","75","75","75","75","75","75","75","75","75","75","75","75","75","75","75","75","75","75","75","75","75","75","75","75","75","75","75","75","75","75","75","75","75","75","75","75","75","75",NA,NA,NA,NA,NA,NA,NA,NA,NA,NA,NA,NA,NA,NA,NA,NA,NA,NA,NA,NA,NA,NA,NA,NA,"CA","Pacific spiny dogfish","pacific_spiny_dogfish",NA,NA,"700","total_catch_wt_kg ~ 0 + factor(year) + pass","delta_gamma","TRUE","iid, iid","03_4","sigma_E","0.294034357941254","0.211857250016384","0.0716294243543592","1.20699285844064"
"76","76","76","76","76","76","76","76","76","76","76","76","76","76","76","76","76","76","76","76","76","76","76","76","76","76","76","76","76","76","76","76","76","76","76","76","76","76","76","76","76","76","76","76","76","76","76","76","76","76","76","76","76","76","76","76","76","76","76","76","76","76","76","76","76","76",NA,NA,NA,NA,NA,NA,NA,NA,NA,NA,NA,NA,NA,NA,NA,NA,NA,NA,NA,NA,NA,NA,NA,NA,NA,"CA","Pacific spiny dogfish","pacific_spiny_dogfish",NA,NA,"700","total_catch_wt_kg ~ 0 + factor(year) + pass","delta_gamma","TRUE","iid, iid","03_5","range","0.612695104214999","0.126946212875229","0.408207803787324","0.919618114220592"
"77","77","77","77","77","77","77","77","77","77","77","77","77","77","77","77","77","77","77","77","77","77","77","77","77","77","77","77","77","77","77","77","77","77","77","77","77","77","77","77","77","77","77","77","77","77","77","77","77","77","77","77","77","77","77","77","77","77","77","77","77","77","77","77","77","77",NA,NA,NA,NA,NA,NA,NA,NA,NA,NA,NA,NA,NA,NA,NA,NA,NA,NA,NA,NA,NA,NA,NA,NA,NA,"CA","Pacific spiny dogfish","pacific_spiny_dogfish",NA,NA,"700","total_catch_wt_kg ~ 0 + factor(year) + pass","delta_gamma","TRUE","iid, iid","03_5","sigma_O","1.92594391662281","0.222527850246423","1.53565590459342","2.41542389729454"
"78","78","78","78","78","78","78","78","78","78","78","78","78","78","78","78","78","78","78","78","78","78","78","78","78","78","78","78","78","78","78","78","78","78","78","78","78","78","78","78","78","78","78","78","78","78","78","78","78","78","78","78","78","78","78","78","78","78","78","78","78","78","78","78","78","78",NA,NA,NA,NA,NA,NA,NA,NA,NA,NA,NA,NA,NA,NA,NA,NA,NA,NA,NA,NA,NA,NA,NA,NA,NA,"CA","Pacific spiny dogfish","pacific_spiny_dogfish",NA,NA,"700","total_catch_wt_kg ~ 0 + factor(year) + pass","delta_gamma","TRUE","iid, iid","03_5","sigma_E","0.414128793760832","0.151733419847576","0.20195848728003","0.849197575856276"
"79","79","79","79","79","79","79","79","79","79","79","79","79","79","79","79","79","79","79","79","79","79","79","79","79","79","79","79","79","79","79","79","79","79","79","79","79","79","79","79","79","79","79","79","79","79","79","79","79","79","79","79","79","79","79","79","79","79","79","79","79","79","79","79","79",NA,NA,NA,NA,NA,NA,NA,NA,NA,NA,NA,NA,NA,NA,NA,NA,NA,NA,NA,NA,NA,NA,NA,NA,NA,NA,"CA","Pacific spiny dogfish","pacific_spiny_dogfish",NA,NA,"700","total_catch_wt_kg ~ 0 + factor(year) + pass","delta_gamma","TRUE","iid, iid","03_6","range","0.593870164651392","0.116750542298088","0.403972212770679","0.873034731879631"
"80","80","80","80","80","80","80","80","80","80","80","80","80","80","80","80","80","80","80","80","80","80","80","80","80","80","80","80","80","80","80","80","80","80","80","80","80","80","80","80","80","80","80","80","80","80","80","80","80","80","80","80","80","80","80","80","80","80","80","80","80","80","80","80","80",NA,NA,NA,NA,NA,NA,NA,NA,NA,NA,NA,NA,NA,NA,NA,NA,NA,NA,NA,NA,NA,NA,NA,NA,NA,NA,"CA","Pacific spiny dogfish","pacific_spiny_dogfish",NA,NA,"700","total_catch_wt_kg ~ 0 + factor(year) + pass","delta_gamma","TRUE","iid, iid","03_6","sigma_O","2.13099717735602","0.231275170051374","1.72267262074583","2.63610677688326"
"81","81","81","81","81","81","81","81","81","81","81","81","81","81","81","81","81","81","81","81","81","81","81","81","81","81","81","81","81","81","81","81","81","81","81","81","81","81","81","81","81","81","81","81","81","81","81","81","81","81","81","81","81","81","81","81","81","81","81","81","81","81","81","81","81",NA,NA,NA,NA,NA,NA,NA,NA,NA,NA,NA,NA,NA,NA,NA,NA,NA,NA,NA,NA,NA,NA,NA,NA,NA,NA,"CA","Pacific spiny dogfish","pacific_spiny_dogfish",NA,NA,"700","total_catch_wt_kg ~ 0 + factor(year) + pass","delta_gamma","TRUE","iid, iid","03_6","sigma_E","0.598704629726382","0.142702520205593","0.375255374171113","0.955208794671"
"82","82","82","82","82","82","82","82","82","82","82","82","82","82","82","82","82","82","82","82","82","82","82","82","82","82","82","82","82","82","82","82","82","82","82","82","82","82","82","82","82","82","82","82","82","82","82","82","82","82","82","82","82","82","82","82","82","82","82","82","82","82","82","82",NA,NA,NA,NA,NA,NA,NA,NA,NA,NA,NA,NA,NA,NA,NA,NA,NA,NA,NA,NA,NA,NA,NA,NA,NA,NA,NA,"CA","Pacific spiny dogfish","pacific_spiny_dogfish",NA,NA,"700","total_catch_wt_kg ~ 0 + factor(year) + pass","delta_gamma","TRUE","iid, iid","03_7","range","0.726155731857632","0.148321638663069","0.486594032409053","1.08365929664016"
"83","83","83","83","83","83","83","83","83","83","83","83","83","83","83","83","83","83","83","83","83","83","83","83","83","83","83","83","83","83","83","83","83","83","83","83","83","83","83","83","83","83","83","83","83","83","83","83","83","83","83","83","83","83","83","83","83","83","83","83","83","83","83","83",NA,NA,NA,NA,NA,NA,NA,NA,NA,NA,NA,NA,NA,NA,NA,NA,NA,NA,NA,NA,NA,NA,NA,NA,NA,NA,NA,"CA","Pacific spiny dogfish","pacific_spiny_dogfish",NA,NA,"700","total_catch_wt_kg ~ 0 + factor(year) + pass","delta_gamma","TRUE","iid, iid","03_7","sigma_O","1.97454580764903","0.245059797243971","1.54819284753581","2.51831104420225"
"84","84","84","84","84","84","84","84","84","84","84","84","84","84","84","84","84","84","84","84","84","84","84","84","84","84","84","84","84","84","84","84","84","84","84","84","84","84","84","84","84","84","84","84","84","84","84","84","84","84","84","84","84","84","84","84","84","84","84","84","84","84","84","84",NA,NA,NA,NA,NA,NA,NA,NA,NA,NA,NA,NA,NA,NA,NA,NA,NA,NA,NA,NA,NA,NA,NA,NA,NA,NA,NA,"CA","Pacific spiny dogfish","pacific_spiny_dogfish",NA,NA,"700","total_catch_wt_kg ~ 0 + factor(year) + pass","delta_gamma","TRUE","iid, iid","03_7","sigma_E","0.636218395716522","0.112904589834638","0.449314353761259","0.900870056030258"
"85","85","85","85","85","85","85","85","85","85","85","85","85","85","85","85","85","85","85","85","85","85","85","85","85","85","85","85","85","85","85","85","85","85","85","85","85","85","85","85","85","85","85","85","85","85","85","85","85","85","85","85","85","85","85","85","85","85","85","85","85","85","85",NA,NA,NA,NA,NA,NA,NA,NA,NA,NA,NA,NA,NA,NA,NA,NA,NA,NA,NA,NA,NA,NA,NA,NA,NA,NA,NA,NA,"CA","Pacific spiny dogfish","pacific_spiny_dogfish",NA,NA,"700","total_catch_wt_kg ~ 0 + factor(year) + pass","delta_gamma","TRUE","iid, iid","03_8","range","0.722579769695883","0.156169452142787","0.473061524766888","1.10370743812032"
"86","86","86","86","86","86","86","86","86","86","86","86","86","86","86","86","86","86","86","86","86","86","86","86","86","86","86","86","86","86","86","86","86","86","86","86","86","86","86","86","86","86","86","86","86","86","86","86","86","86","86","86","86","86","86","86","86","86","86","86","86","86","86",NA,NA,NA,NA,NA,NA,NA,NA,NA,NA,NA,NA,NA,NA,NA,NA,NA,NA,NA,NA,NA,NA,NA,NA,NA,NA,NA,NA,"CA","Pacific spiny dogfish","pacific_spiny_dogfish",NA,NA,"700","total_catch_wt_kg ~ 0 + factor(year) + pass","delta_gamma","TRUE","iid, iid","03_8","sigma_O","1.95074442461088","0.241806143504326","1.52999136903072","2.48720606349645"
"87","87","87","87","87","87","87","87","87","87","87","87","87","87","87","87","87","87","87","87","87","87","87","87","87","87","87","87","87","87","87","87","87","87","87","87","87","87","87","87","87","87","87","87","87","87","87","87","87","87","87","87","87","87","87","87","87","87","87","87","87","87","87",NA,NA,NA,NA,NA,NA,NA,NA,NA,NA,NA,NA,NA,NA,NA,NA,NA,NA,NA,NA,NA,NA,NA,NA,NA,NA,NA,NA,"CA","Pacific spiny dogfish","pacific_spiny_dogfish",NA,NA,"700","total_catch_wt_kg ~ 0 + factor(year) + pass","delta_gamma","TRUE","iid, iid","03_8","sigma_E","0.453911232039735","0.136784667738096","0.251457227978499","0.819365616284642"
"88","88","88","88","88","88","88","88","88","88","88","88","88","88","88","88","88","88","88","88","88","88","88","88","88","88","88","88","88","88","88","88","88","88","88","88","88","88","88","88","88","88","88","88","88","88","88","88","88","88","88","88","88","88","88","88","88","88","88","88","88","88",NA,NA,NA,NA,NA,NA,NA,NA,NA,NA,NA,NA,NA,NA,NA,NA,NA,NA,NA,NA,NA,NA,NA,NA,NA,NA,NA,NA,NA,"CA","Pacific spiny dogfish","pacific_spiny_dogfish",NA,NA,"700","total_catch_wt_kg ~ 0 + factor(year) + pass","delta_gamma","TRUE","iid, iid","03_9","range","0.636247552637549","0.15084485568642","0.399777977839322","1.01258941381702"
"89","89","89","89","89","89","89","89","89","89","89","89","89","89","89","89","89","89","89","89","89","89","89","89","89","89","89","89","89","89","89","89","89","89","89","89","89","89","89","89","89","89","89","89","89","89","89","89","89","89","89","89","89","89","89","89","89","89","89","89","89","89",NA,NA,NA,NA,NA,NA,NA,NA,NA,NA,NA,NA,NA,NA,NA,NA,NA,NA,NA,NA,NA,NA,NA,NA,NA,NA,NA,NA,NA,"CA","Pacific spiny dogfish","pacific_spiny_dogfish",NA,NA,"700","total_catch_wt_kg ~ 0 + factor(year) + pass","delta_gamma","TRUE","iid, iid","03_9","sigma_O","2.08561081151039","0.247101924091693","1.6534208836388","2.63077145095456"
"90","90","90","90","90","90","90","90","90","90","90","90","90","90","90","90","90","90","90","90","90","90","90","90","90","90","90","90","90","90","90","90","90","90","90","90","90","90","90","90","90","90","90","90","90","90","90","90","90","90","90","90","90","90","90","90","90","90","90","90","90","90",NA,NA,NA,NA,NA,NA,NA,NA,NA,NA,NA,NA,NA,NA,NA,NA,NA,NA,NA,NA,NA,NA,NA,NA,NA,NA,NA,NA,NA,"CA","Pacific spiny dogfish","pacific_spiny_dogfish",NA,NA,"700","total_catch_wt_kg ~ 0 + factor(year) + pass","delta_gamma","TRUE","iid, iid","03_9","sigma_E","0.663092078342954","0.127811669046073","0.454468598357251","0.967484015288431"
"91","91","91","91","91","91","91","91","91","91","91","91","91","91","91","91","91","91","91","91","91","91","91","91","91","91","91","91","91","91","91","91","91","91","91","91","91","91","91","91","91","91","91","91","91","91","91","91","91","91","91","91","91","91","91","91","91","91","91","91","91",NA,NA,NA,NA,NA,NA,NA,NA,NA,NA,NA,NA,NA,NA,NA,NA,NA,NA,NA,NA,NA,NA,NA,NA,NA,NA,NA,NA,NA,NA,"CA","Pacific spiny dogfish","pacific_spiny_dogfish",NA,NA,"700","total_catch_wt_kg ~ 0 + factor(year) + pass","delta_gamma","TRUE","iid, iid","04_1","range","0.525341538653497","0.103988348946034","0.356411140976986","0.774340924019108"
"92","92","92","92","92","92","92","92","92","92","92","92","92","92","92","92","92","92","92","92","92","92","92","92","92","92","92","92","92","92","92","92","92","92","92","92","92","92","92","92","92","92","92","92","92","92","92","92","92","92","92","92","92","92","92","92","92","92","92","92","92",NA,NA,NA,NA,NA,NA,NA,NA,NA,NA,NA,NA,NA,NA,NA,NA,NA,NA,NA,NA,NA,NA,NA,NA,NA,NA,NA,NA,NA,NA,"CA","Pacific spiny dogfish","pacific_spiny_dogfish",NA,NA,"700","total_catch_wt_kg ~ 0 + factor(year) + pass","delta_gamma","TRUE","iid, iid","04_1","sigma_O","2.04883162250745","0.203386950759476","1.68658302859612","2.48888489105726"
"93","93","93","93","93","93","93","93","93","93","93","93","93","93","93","93","93","93","93","93","93","93","93","93","93","93","93","93","93","93","93","93","93","93","93","93","93","93","93","93","93","93","93","93","93","93","93","93","93","93","93","93","93","93","93","93","93","93","93","93","93",NA,NA,NA,NA,NA,NA,NA,NA,NA,NA,NA,NA,NA,NA,NA,NA,NA,NA,NA,NA,NA,NA,NA,NA,NA,NA,NA,NA,NA,NA,"CA","Pacific spiny dogfish","pacific_spiny_dogfish",NA,NA,"700","total_catch_wt_kg ~ 0 + factor(year) + pass","delta_gamma","TRUE","iid, iid","04_1","sigma_E","0.381756414631481","0.152071770299171","0.174868751587601","0.833413395985018"
"94","94","94","94","94","94","94","94","94","94","94","94","94","94","94","94","94","94","94","94","94","94","94","94","94","94","94","94","94","94","94","94","94","94","94","94","94","94","94","94","94","94","94","94","94","94","94","94","94","94","94","94","94","94","94","94","94","94","94","94",NA,NA,NA,NA,NA,NA,NA,NA,NA,NA,NA,NA,NA,NA,NA,NA,NA,NA,NA,NA,NA,NA,NA,NA,NA,NA,NA,NA,NA,NA,NA,"CA","Pacific spiny dogfish","pacific_spiny_dogfish",NA,NA,"700","total_catch_wt_kg ~ 0 + factor(year) + pass","delta_gamma","TRUE","iid, iid","04_10","range","0.817808351066348","0.172577976788185","0.540787652607407","1.2367340412622"
"95","95","95","95","95","95","95","95","95","95","95","95","95","95","95","95","95","95","95","95","95","95","95","95","95","95","95","95","95","95","95","95","95","95","95","95","95","95","95","95","95","95","95","95","95","95","95","95","95","95","95","95","95","95","95","95","95","95","95","95",NA,NA,NA,NA,NA,NA,NA,NA,NA,NA,NA,NA,NA,NA,NA,NA,NA,NA,NA,NA,NA,NA,NA,NA,NA,NA,NA,NA,NA,NA,NA,"CA","Pacific spiny dogfish","pacific_spiny_dogfish",NA,NA,"700","total_catch_wt_kg ~ 0 + factor(year) + pass","delta_gamma","TRUE","iid, iid","04_10","sigma_O","2.32949110708092","0.311184647945275","1.79288920671601","3.02669501140493"
"96","96","96","96","96","96","96","96","96","96","96","96","96","96","96","96","96","96","96","96","96","96","96","96","96","96","96","96","96","96","96","96","96","96","96","96","96","96","96","96","96","96","96","96","96","96","96","96","96","96","96","96","96","96","96","96","96","96","96","96",NA,NA,NA,NA,NA,NA,NA,NA,NA,NA,NA,NA,NA,NA,NA,NA,NA,NA,NA,NA,NA,NA,NA,NA,NA,NA,NA,NA,NA,NA,NA,"CA","Pacific spiny dogfish","pacific_spiny_dogfish",NA,NA,"700","total_catch_wt_kg ~ 0 + factor(year) + pass","delta_gamma","TRUE","iid, iid","04_10","sigma_E","0.459694944647645","0.105214427250408","0.293526786557385","0.719932393949635"
"97","97","97","97","97","97","97","97","97","97","97","97","97","97","97","97","97","97","97","97","97","97","97","97","97","97","97","97","97","97","97","97","97","97","97","97","97","97","97","97","97","97","97","97","97","97","97","97","97","97","97","97","97","97","97","97","97","97","97",NA,NA,NA,NA,NA,NA,NA,NA,NA,NA,NA,NA,NA,NA,NA,NA,NA,NA,NA,NA,NA,NA,NA,NA,NA,NA,NA,NA,NA,NA,NA,NA,"CA","Pacific spiny dogfish","pacific_spiny_dogfish",NA,NA,"700","total_catch_wt_kg ~ 0 + factor(year) + pass","delta_gamma","TRUE","iid, iid","04_2","range","0.722526627645798","0.12962252931805","0.508331268424226","1.02697740643713"
"98","98","98","98","98","98","98","98","98","98","98","98","98","98","98","98","98","98","98","98","98","98","98","98","98","98","98","98","98","98","98","98","98","98","98","98","98","98","98","98","98","98","98","98","98","98","98","98","98","98","98","98","98","98","98","98","98","98","98",NA,NA,NA,NA,NA,NA,NA,NA,NA,NA,NA,NA,NA,NA,NA,NA,NA,NA,NA,NA,NA,NA,NA,NA,NA,NA,NA,NA,NA,NA,NA,NA,"CA","Pacific spiny dogfish","pacific_spiny_dogfish",NA,NA,"700","total_catch_wt_kg ~ 0 + factor(year) + pass","delta_gamma","TRUE","iid, iid","04_2","sigma_O","2.24646324167539","0.259693840200229","1.79101572639379","2.81772908067091"
"99","99","99","99","99","99","99","99","99","99","99","99","99","99","99","99","99","99","99","99","99","99","99","99","99","99","99","99","99","99","99","99","99","99","99","99","99","99","99","99","99","99","99","99","99","99","99","99","99","99","99","99","99","99","99","99","99","99","99",NA,NA,NA,NA,NA,NA,NA,NA,NA,NA,NA,NA,NA,NA,NA,NA,NA,NA,NA,NA,NA,NA,NA,NA,NA,NA,NA,NA,NA,NA,NA,NA,"CA","Pacific spiny dogfish","pacific_spiny_dogfish",NA,NA,"700","total_catch_wt_kg ~ 0 + factor(year) + pass","delta_gamma","TRUE","iid, iid","04_2","sigma_E","0.709336069870194","0.108126042169807","0.526139683353886","0.956319540110539"
"100","100","100","100","100","100","100","100","100","100","100","100","100","100","100","100","100","100","100","100","100","100","100","100","100","100","100","100","100","100","100","100","100","100","100","100","100","100","100","100","100","100","100","100","100","100","100","100","100","100","100","100","100","100","100","100","100","100",NA,NA,NA,NA,NA,NA,NA,NA,NA,NA,NA,NA,NA,NA,NA,NA,NA,NA,NA,NA,NA,NA,NA,NA,NA,NA,NA,NA,NA,NA,NA,NA,NA,"CA","Pacific spiny dogfish","pacific_spiny_dogfish",NA,NA,"700","total_catch_wt_kg ~ 0 + factor(year) + pass","delta_gamma","TRUE","iid, iid","04_3","range","0.923479311565795","0.233141633815151","0.56303162017583","1.51468231681856"
"101","101","101","101","101","101","101","101","101","101","101","101","101","101","101","101","101","101","101","101","101","101","101","101","101","101","101","101","101","101","101","101","101","101","101","101","101","101","101","101","101","101","101","101","101","101","101","101","101","101","101","101","101","101","101","101","101","101",NA,NA,NA,NA,NA,NA,NA,NA,NA,NA,NA,NA,NA,NA,NA,NA,NA,NA,NA,NA,NA,NA,NA,NA,NA,NA,NA,NA,NA,NA,NA,NA,NA,"CA","Pacific spiny dogfish","pacific_spiny_dogfish",NA,NA,"700","total_catch_wt_kg ~ 0 + factor(year) + pass","delta_gamma","TRUE","iid, iid","04_3","sigma_O","2.29805253666586","0.367746922482506","1.67936861080389","3.14466128954764"
"102","102","102","102","102","102","102","102","102","102","102","102","102","102","102","102","102","102","102","102","102","102","102","102","102","102","102","102","102","102","102","102","102","102","102","102","102","102","102","102","102","102","102","102","102","102","102","102","102","102","102","102","102","102","102","102","102","102",NA,NA,NA,NA,NA,NA,NA,NA,NA,NA,NA,NA,NA,NA,NA,NA,NA,NA,NA,NA,NA,NA,NA,NA,NA,NA,NA,NA,NA,NA,NA,NA,NA,"CA","Pacific spiny dogfish","pacific_spiny_dogfish",NA,NA,"700","total_catch_wt_kg ~ 0 + factor(year) + pass","delta_gamma","TRUE","iid, iid","04_3","sigma_E","0.437893483478166","0.0947031471032068","0.286602037382917","0.669048638396289"
"103","103","103","103","103","103","103","103","103","103","103","103","103","103","103","103","103","103","103","103","103","103","103","103","103","103","103","103","103","103","103","103","103","103","103","103","103","103","103","103","103","103","103","103","103","103","103","103","103","103","103","103","103","103","103","103","103",NA,NA,NA,NA,NA,NA,NA,NA,NA,NA,NA,NA,NA,NA,NA,NA,NA,NA,NA,NA,NA,NA,NA,NA,NA,NA,NA,NA,NA,NA,NA,NA,NA,NA,"CA","Pacific spiny dogfish","pacific_spiny_dogfish",NA,NA,"700","total_catch_wt_kg ~ 0 + factor(year) + pass","delta_gamma","TRUE","iid, iid","04_4","range","0.627032735832121","0.133075814982293","0.413655514980361","0.950476997324163"
"104","104","104","104","104","104","104","104","104","104","104","104","104","104","104","104","104","104","104","104","104","104","104","104","104","104","104","104","104","104","104","104","104","104","104","104","104","104","104","104","104","104","104","104","104","104","104","104","104","104","104","104","104","104","104","104","104",NA,NA,NA,NA,NA,NA,NA,NA,NA,NA,NA,NA,NA,NA,NA,NA,NA,NA,NA,NA,NA,NA,NA,NA,NA,NA,NA,NA,NA,NA,NA,NA,NA,NA,"CA","Pacific spiny dogfish","pacific_spiny_dogfish",NA,NA,"700","total_catch_wt_kg ~ 0 + factor(year) + pass","delta_gamma","TRUE","iid, iid","04_4","sigma_O","2.05312462013134","0.237997100749006","1.63585379634616","2.57683218097167"
"105","105","105","105","105","105","105","105","105","105","105","105","105","105","105","105","105","105","105","105","105","105","105","105","105","105","105","105","105","105","105","105","105","105","105","105","105","105","105","105","105","105","105","105","105","105","105","105","105","105","105","105","105","105","105","105","105",NA,NA,NA,NA,NA,NA,NA,NA,NA,NA,NA,NA,NA,NA,NA,NA,NA,NA,NA,NA,NA,NA,NA,NA,NA,NA,NA,NA,NA,NA,NA,NA,NA,NA,"CA","Pacific spiny dogfish","pacific_spiny_dogfish",NA,NA,"700","total_catch_wt_kg ~ 0 + factor(year) + pass","delta_gamma","TRUE","iid, iid","04_4","sigma_E","0.569050940545434","0.108057018616374","0.392208120143402","0.825630465828311"
"106","106","106","106","106","106","106","106","106","106","106","106","106","106","106","106","106","106","106","106","106","106","106","106","106","106","106","106","106","106","106","106","106","106","106","106","106","106","106","106","106","106","106","106","106","106","106","106","106","106","106","106","106","106","106","106",NA,NA,NA,NA,NA,NA,NA,NA,NA,NA,NA,NA,NA,NA,NA,NA,NA,NA,NA,NA,NA,NA,NA,NA,NA,NA,NA,NA,NA,NA,NA,NA,NA,NA,NA,"CA","Pacific spiny dogfish","pacific_spiny_dogfish",NA,NA,"700","total_catch_wt_kg ~ 0 + factor(year) + pass","delta_gamma","TRUE","iid, iid","04_5","range","0.66261319164668","0.129549621119812","0.451688408740939","0.97203344882825"
"107","107","107","107","107","107","107","107","107","107","107","107","107","107","107","107","107","107","107","107","107","107","107","107","107","107","107","107","107","107","107","107","107","107","107","107","107","107","107","107","107","107","107","107","107","107","107","107","107","107","107","107","107","107","107","107",NA,NA,NA,NA,NA,NA,NA,NA,NA,NA,NA,NA,NA,NA,NA,NA,NA,NA,NA,NA,NA,NA,NA,NA,NA,NA,NA,NA,NA,NA,NA,NA,NA,NA,NA,"CA","Pacific spiny dogfish","pacific_spiny_dogfish",NA,NA,"700","total_catch_wt_kg ~ 0 + factor(year) + pass","delta_gamma","TRUE","iid, iid","04_5","sigma_O","2.02101912420847","0.233779103950595","1.61104861633311","2.53531660001243"
"108","108","108","108","108","108","108","108","108","108","108","108","108","108","108","108","108","108","108","108","108","108","108","108","108","108","108","108","108","108","108","108","108","108","108","108","108","108","108","108","108","108","108","108","108","108","108","108","108","108","108","108","108","108","108","108",NA,NA,NA,NA,NA,NA,NA,NA,NA,NA,NA,NA,NA,NA,NA,NA,NA,NA,NA,NA,NA,NA,NA,NA,NA,NA,NA,NA,NA,NA,NA,NA,NA,NA,NA,"CA","Pacific spiny dogfish","pacific_spiny_dogfish",NA,NA,"700","total_catch_wt_kg ~ 0 + factor(year) + pass","delta_gamma","TRUE","iid, iid","04_5","sigma_E","0.616337208299124","0.100575587154481","0.447627744529292","0.848632728816701"
"109","109","109","109","109","109","109","109","109","109","109","109","109","109","109","109","109","109","109","109","109","109","109","109","109","109","109","109","109","109","109","109","109","109","109","109","109","109","109","109","109","109","109","109","109","109","109","109","109","109","109","109","109","109","109",NA,NA,NA,NA,NA,NA,NA,NA,NA,NA,NA,NA,NA,NA,NA,NA,NA,NA,NA,NA,NA,NA,NA,NA,NA,NA,NA,NA,NA,NA,NA,NA,NA,NA,NA,NA,"CA","Pacific spiny dogfish","pacific_spiny_dogfish",NA,NA,"700","total_catch_wt_kg ~ 0 + factor(year) + pass","delta_gamma","TRUE","iid, iid","04_6","range","0.664514943477731","0.123442543308287","0.461724239087821","0.956371948281498"
"110","110","110","110","110","110","110","110","110","110","110","110","110","110","110","110","110","110","110","110","110","110","110","110","110","110","110","110","110","110","110","110","110","110","110","110","110","110","110","110","110","110","110","110","110","110","110","110","110","110","110","110","110","110","110",NA,NA,NA,NA,NA,NA,NA,NA,NA,NA,NA,NA,NA,NA,NA,NA,NA,NA,NA,NA,NA,NA,NA,NA,NA,NA,NA,NA,NA,NA,NA,NA,NA,NA,NA,NA,"CA","Pacific spiny dogfish","pacific_spiny_dogfish",NA,NA,"700","total_catch_wt_kg ~ 0 + factor(year) + pass","delta_gamma","TRUE","iid, iid","04_6","sigma_O","2.41313745585349","0.272472703881552","1.93406473374463","3.01087770188976"
"111","111","111","111","111","111","111","111","111","111","111","111","111","111","111","111","111","111","111","111","111","111","111","111","111","111","111","111","111","111","111","111","111","111","111","111","111","111","111","111","111","111","111","111","111","111","111","111","111","111","111","111","111","111","111",NA,NA,NA,NA,NA,NA,NA,NA,NA,NA,NA,NA,NA,NA,NA,NA,NA,NA,NA,NA,NA,NA,NA,NA,NA,NA,NA,NA,NA,NA,NA,NA,NA,NA,NA,NA,"CA","Pacific spiny dogfish","pacific_spiny_dogfish",NA,NA,"700","total_catch_wt_kg ~ 0 + factor(year) + pass","delta_gamma","TRUE","iid, iid","04_6","sigma_E","0.670609221168774","0.104633897464793","0.493921740503014","0.910501989765815"
"112","112","112","112","112","112","112","112","112","112","112","112","112","112","112","112","112","112","112","112","112","112","112","112","112","112","112","112","112","112","112","112","112","112","112","112","112","112","112","112","112","112","112","112","112","112","112","112","112","112","112","112","112","112",NA,NA,NA,NA,NA,NA,NA,NA,NA,NA,NA,NA,NA,NA,NA,NA,NA,NA,NA,NA,NA,NA,NA,NA,NA,NA,NA,NA,NA,NA,NA,NA,NA,NA,NA,NA,NA,"CA","Pacific spiny dogfish","pacific_spiny_dogfish",NA,NA,"700","total_catch_wt_kg ~ 0 + factor(year) + pass","delta_gamma","TRUE","iid, iid","04_7","range","0.854997623843568","0.159523739478375","0.593129375260322","1.23248142356346"
"113","113","113","113","113","113","113","113","113","113","113","113","113","113","113","113","113","113","113","113","113","113","113","113","113","113","113","113","113","113","113","113","113","113","113","113","113","113","113","113","113","113","113","113","113","113","113","113","113","113","113","113","113","113",NA,NA,NA,NA,NA,NA,NA,NA,NA,NA,NA,NA,NA,NA,NA,NA,NA,NA,NA,NA,NA,NA,NA,NA,NA,NA,NA,NA,NA,NA,NA,NA,NA,NA,NA,NA,NA,"CA","Pacific spiny dogfish","pacific_spiny_dogfish",NA,NA,"700","total_catch_wt_kg ~ 0 + factor(year) + pass","delta_gamma","TRUE","iid, iid","04_7","sigma_O","2.34074804014636","0.316284845178508","1.79613607593912","3.05049347922275"
"114","114","114","114","114","114","114","114","114","114","114","114","114","114","114","114","114","114","114","114","114","114","114","114","114","114","114","114","114","114","114","114","114","114","114","114","114","114","114","114","114","114","114","114","114","114","114","114","114","114","114","114","114","114",NA,NA,NA,NA,NA,NA,NA,NA,NA,NA,NA,NA,NA,NA,NA,NA,NA,NA,NA,NA,NA,NA,NA,NA,NA,NA,NA,NA,NA,NA,NA,NA,NA,NA,NA,NA,NA,"CA","Pacific spiny dogfish","pacific_spiny_dogfish",NA,NA,"700","total_catch_wt_kg ~ 0 + factor(year) + pass","delta_gamma","TRUE","iid, iid","04_7","sigma_E","0.681641097468967","0.0982335375353563","0.513909110292932","0.904118211669478"
"115","115","115","115","115","115","115","115","115","115","115","115","115","115","115","115","115","115","115","115","115","115","115","115","115","115","115","115","115","115","115","115","115","115","115","115","115","115","115","115","115","115","115","115","115","115","115","115","115","115","115","115","115",NA,NA,NA,NA,NA,NA,NA,NA,NA,NA,NA,NA,NA,NA,NA,NA,NA,NA,NA,NA,NA,NA,NA,NA,NA,NA,NA,NA,NA,NA,NA,NA,NA,NA,NA,NA,NA,NA,"CA","Pacific spiny dogfish","pacific_spiny_dogfish",NA,NA,"700","total_catch_wt_kg ~ 0 + factor(year) + pass","delta_gamma","TRUE","iid, iid","04_8","range","0.565297497260051","0.11317946486796","0.381817750919789","0.836947102743817"
"116","116","116","116","116","116","116","116","116","116","116","116","116","116","116","116","116","116","116","116","116","116","116","116","116","116","116","116","116","116","116","116","116","116","116","116","116","116","116","116","116","116","116","116","116","116","116","116","116","116","116","116","116",NA,NA,NA,NA,NA,NA,NA,NA,NA,NA,NA,NA,NA,NA,NA,NA,NA,NA,NA,NA,NA,NA,NA,NA,NA,NA,NA,NA,NA,NA,NA,NA,NA,NA,NA,NA,NA,NA,"CA","Pacific spiny dogfish","pacific_spiny_dogfish",NA,NA,"700","total_catch_wt_kg ~ 0 + factor(year) + pass","delta_gamma","TRUE","iid, iid","04_8","sigma_O","2.16542645384441","0.224008185376319","1.76802611297102","2.65215071915967"
"117","117","117","117","117","117","117","117","117","117","117","117","117","117","117","117","117","117","117","117","117","117","117","117","117","117","117","117","117","117","117","117","117","117","117","117","117","117","117","117","117","117","117","117","117","117","117","117","117","117","117","117","117",NA,NA,NA,NA,NA,NA,NA,NA,NA,NA,NA,NA,NA,NA,NA,NA,NA,NA,NA,NA,NA,NA,NA,NA,NA,NA,NA,NA,NA,NA,NA,NA,NA,NA,NA,NA,NA,NA,"CA","Pacific spiny dogfish","pacific_spiny_dogfish",NA,NA,"700","total_catch_wt_kg ~ 0 + factor(year) + pass","delta_gamma","TRUE","iid, iid","04_8","sigma_E","0.654964958376374","0.108925400166686","0.472777831706279","0.907358737935657"
"118","118","118","118","118","118","118","118","118","118","118","118","118","118","118","118","118","118","118","118","118","118","118","118","118","118","118","118","118","118","118","118","118","118","118","118","118","118","118","118","118","118","118","118","118","118","118","118","118","118","118","118",NA,NA,NA,NA,NA,NA,NA,NA,NA,NA,NA,NA,NA,NA,NA,NA,NA,NA,NA,NA,NA,NA,NA,NA,NA,NA,NA,NA,NA,NA,NA,NA,NA,NA,NA,NA,NA,NA,NA,"CA","Pacific spiny dogfish","pacific_spiny_dogfish",NA,NA,"700","total_catch_wt_kg ~ 0 + factor(year) + pass","delta_gamma","TRUE","iid, iid","04_9","range","0.665349904911144","0.125034806363359","0.460351352887615","0.961636135504833"
"119","119","119","119","119","119","119","119","119","119","119","119","119","119","119","119","119","119","119","119","119","119","119","119","119","119","119","119","119","119","119","119","119","119","119","119","119","119","119","119","119","119","119","119","119","119","119","119","119","119","119","119",NA,NA,NA,NA,NA,NA,NA,NA,NA,NA,NA,NA,NA,NA,NA,NA,NA,NA,NA,NA,NA,NA,NA,NA,NA,NA,NA,NA,NA,NA,NA,NA,NA,NA,NA,NA,NA,NA,NA,"CA","Pacific spiny dogfish","pacific_spiny_dogfish",NA,NA,"700","total_catch_wt_kg ~ 0 + factor(year) + pass","delta_gamma","TRUE","iid, iid","04_9","sigma_O","2.36292427287729","0.269139083045682","1.89015415068901","2.95394485011573"
"120","120","120","120","120","120","120","120","120","120","120","120","120","120","120","120","120","120","120","120","120","120","120","120","120","120","120","120","120","120","120","120","120","120","120","120","120","120","120","120","120","120","120","120","120","120","120","120","120","120","120","120",NA,NA,NA,NA,NA,NA,NA,NA,NA,NA,NA,NA,NA,NA,NA,NA,NA,NA,NA,NA,NA,NA,NA,NA,NA,NA,NA,NA,NA,NA,NA,NA,NA,NA,NA,NA,NA,NA,NA,"CA","Pacific spiny dogfish","pacific_spiny_dogfish",NA,NA,"700","total_catch_wt_kg ~ 0 + factor(year) + pass","delta_gamma","TRUE","iid, iid","04_9","sigma_E","0.732092476492604","0.107254217008623","0.549366046250911","0.975596139941067"
"121","121","121","121","121","121","121","121","121","121","121","121","121","121","121","121","121","121","121","121","121","121","121","121","121","121","121","121","121","121","121","121","121","121","121","121","121","121","121","121","121","121","121","121","121","121","121","121","121","121","121",NA,NA,NA,NA,NA,NA,NA,NA,NA,NA,NA,NA,NA,NA,NA,NA,NA,NA,NA,NA,NA,NA,NA,NA,NA,NA,NA,NA,NA,NA,NA,NA,NA,NA,NA,NA,NA,NA,NA,NA,"CA","Pacific spiny dogfish","pacific_spiny_dogfish",NA,NA,"700","total_catch_wt_kg ~ 0 + factor(year) + pass","delta_gamma","TRUE","iid, iid","05_1","range","0.61903970885139","0.106320556103067","0.442103521945662","0.866788302088923"
"122","122","122","122","122","122","122","122","122","122","122","122","122","122","122","122","122","122","122","122","122","122","122","122","122","122","122","122","122","122","122","122","122","122","122","122","122","122","122","122","122","122","122","122","122","122","122","122","122","122","122",NA,NA,NA,NA,NA,NA,NA,NA,NA,NA,NA,NA,NA,NA,NA,NA,NA,NA,NA,NA,NA,NA,NA,NA,NA,NA,NA,NA,NA,NA,NA,NA,NA,NA,NA,NA,NA,NA,NA,NA,"CA","Pacific spiny dogfish","pacific_spiny_dogfish",NA,NA,"700","total_catch_wt_kg ~ 0 + factor(year) + pass","delta_gamma","TRUE","iid, iid","05_1","sigma_O","2.19045248899274","0.227115218457268","1.78763036813996","2.68404598179148"
"123","123","123","123","123","123","123","123","123","123","123","123","123","123","123","123","123","123","123","123","123","123","123","123","123","123","123","123","123","123","123","123","123","123","123","123","123","123","123","123","123","123","123","123","123","123","123","123","123","123","123",NA,NA,NA,NA,NA,NA,NA,NA,NA,NA,NA,NA,NA,NA,NA,NA,NA,NA,NA,NA,NA,NA,NA,NA,NA,NA,NA,NA,NA,NA,NA,NA,NA,NA,NA,NA,NA,NA,NA,NA,"CA","Pacific spiny dogfish","pacific_spiny_dogfish",NA,NA,"700","total_catch_wt_kg ~ 0 + factor(year) + pass","delta_gamma","TRUE","iid, iid","05_1","sigma_E","0.592348112307245","0.0971803370985634","0.429466513342345","0.817004993994161"
"124","124","124","124","124","124","124","124","124","124","124","124","124","124","124","124","124","124","124","124","124","124","124","124","124","124","124","124","124","124","124","124","124","124","124","124","124","124","124","124","124","124","124","124","124","124","124","124","124","124",NA,NA,NA,NA,NA,NA,NA,NA,NA,NA,NA,NA,NA,NA,NA,NA,NA,NA,NA,NA,NA,NA,NA,NA,NA,NA,NA,NA,NA,NA,NA,NA,NA,NA,NA,NA,NA,NA,NA,NA,NA,"CA","Pacific spiny dogfish","pacific_spiny_dogfish",NA,NA,"700","total_catch_wt_kg ~ 0 + factor(year) + pass","delta_gamma","TRUE","iid, iid","05_10","range","0.741425748536681","0.150042182810627","0.498666479194723","1.10236433273174"
"125","125","125","125","125","125","125","125","125","125","125","125","125","125","125","125","125","125","125","125","125","125","125","125","125","125","125","125","125","125","125","125","125","125","125","125","125","125","125","125","125","125","125","125","125","125","125","125","125","125",NA,NA,NA,NA,NA,NA,NA,NA,NA,NA,NA,NA,NA,NA,NA,NA,NA,NA,NA,NA,NA,NA,NA,NA,NA,NA,NA,NA,NA,NA,NA,NA,NA,NA,NA,NA,NA,NA,NA,NA,NA,"CA","Pacific spiny dogfish","pacific_spiny_dogfish",NA,NA,"700","total_catch_wt_kg ~ 0 + factor(year) + pass","delta_gamma","TRUE","iid, iid","05_10","sigma_O","2.4203882861444","0.302332628288442","1.89478867279163","3.09178513668964"
"126","126","126","126","126","126","126","126","126","126","126","126","126","126","126","126","126","126","126","126","126","126","126","126","126","126","126","126","126","126","126","126","126","126","126","126","126","126","126","126","126","126","126","126","126","126","126","126","126","126",NA,NA,NA,NA,NA,NA,NA,NA,NA,NA,NA,NA,NA,NA,NA,NA,NA,NA,NA,NA,NA,NA,NA,NA,NA,NA,NA,NA,NA,NA,NA,NA,NA,NA,NA,NA,NA,NA,NA,NA,NA,"CA","Pacific spiny dogfish","pacific_spiny_dogfish",NA,NA,"700","total_catch_wt_kg ~ 0 + factor(year) + pass","delta_gamma","TRUE","iid, iid","05_10","sigma_E","0.556657426467488","0.0858678107743064","0.411419589162565","0.753166593433568"
"127","127","127","127","127","127","127","127","127","127","127","127","127","127","127","127","127","127","127","127","127","127","127","127","127","127","127","127","127","127","127","127","127","127","127","127","127","127","127","127","127","127","127","127","127","127","127","127","127",NA,NA,NA,NA,NA,NA,NA,NA,NA,NA,NA,NA,NA,NA,NA,NA,NA,NA,NA,NA,NA,NA,NA,NA,NA,NA,NA,NA,NA,NA,NA,NA,NA,NA,NA,NA,NA,NA,NA,NA,NA,NA,"CA","Pacific spiny dogfish","pacific_spiny_dogfish",NA,NA,"700","total_catch_wt_kg ~ 0 + factor(year) + pass","delta_gamma","TRUE","iid, iid","05_2","range","0.647743145317022","0.105363902289653","0.470916330891789","0.890967577001702"
"128","128","128","128","128","128","128","128","128","128","128","128","128","128","128","128","128","128","128","128","128","128","128","128","128","128","128","128","128","128","128","128","128","128","128","128","128","128","128","128","128","128","128","128","128","128","128","128","128",NA,NA,NA,NA,NA,NA,NA,NA,NA,NA,NA,NA,NA,NA,NA,NA,NA,NA,NA,NA,NA,NA,NA,NA,NA,NA,NA,NA,NA,NA,NA,NA,NA,NA,NA,NA,NA,NA,NA,NA,NA,NA,"CA","Pacific spiny dogfish","pacific_spiny_dogfish",NA,NA,"700","total_catch_wt_kg ~ 0 + factor(year) + pass","delta_gamma","TRUE","iid, iid","05_2","sigma_O","2.45724070239572","0.258304355941758","1.99972219447205","3.01943534266984"
"129","129","129","129","129","129","129","129","129","129","129","129","129","129","129","129","129","129","129","129","129","129","129","129","129","129","129","129","129","129","129","129","129","129","129","129","129","129","129","129","129","129","129","129","129","129","129","129","129",NA,NA,NA,NA,NA,NA,NA,NA,NA,NA,NA,NA,NA,NA,NA,NA,NA,NA,NA,NA,NA,NA,NA,NA,NA,NA,NA,NA,NA,NA,NA,NA,NA,NA,NA,NA,NA,NA,NA,NA,NA,NA,"CA","Pacific spiny dogfish","pacific_spiny_dogfish",NA,NA,"700","total_catch_wt_kg ~ 0 + factor(year) + pass","delta_gamma","TRUE","iid, iid","05_2","sigma_E","0.748279951569764","0.0942254367578403","0.584626513620169","0.957744599118591"
"130","130","130","130","130","130","130","130","130","130","130","130","130","130","130","130","130","130","130","130","130","130","130","130","130","130","130","130","130","130","130","130","130","130","130","130","130","130","130","130","130","130","130","130","130","130","130","130",NA,NA,NA,NA,NA,NA,NA,NA,NA,NA,NA,NA,NA,NA,NA,NA,NA,NA,NA,NA,NA,NA,NA,NA,NA,NA,NA,NA,NA,NA,NA,NA,NA,NA,NA,NA,NA,NA,NA,NA,NA,NA,NA,"CA","Pacific spiny dogfish","pacific_spiny_dogfish",NA,NA,"700","total_catch_wt_kg ~ 0 + factor(year) + pass","delta_gamma","TRUE","iid, iid","05_3","range","0.909468395652547","0.178251742724646","0.61937819462405","1.3354244141463"
"131","131","131","131","131","131","131","131","131","131","131","131","131","131","131","131","131","131","131","131","131","131","131","131","131","131","131","131","131","131","131","131","131","131","131","131","131","131","131","131","131","131","131","131","131","131","131","131",NA,NA,NA,NA,NA,NA,NA,NA,NA,NA,NA,NA,NA,NA,NA,NA,NA,NA,NA,NA,NA,NA,NA,NA,NA,NA,NA,NA,NA,NA,NA,NA,NA,NA,NA,NA,NA,NA,NA,NA,NA,NA,NA,"CA","Pacific spiny dogfish","pacific_spiny_dogfish",NA,NA,"700","total_catch_wt_kg ~ 0 + factor(year) + pass","delta_gamma","TRUE","iid, iid","05_3","sigma_O","2.39472332900811","0.323053632009524","1.83834203565701","3.1194955624491"
"132","132","132","132","132","132","132","132","132","132","132","132","132","132","132","132","132","132","132","132","132","132","132","132","132","132","132","132","132","132","132","132","132","132","132","132","132","132","132","132","132","132","132","132","132","132","132","132",NA,NA,NA,NA,NA,NA,NA,NA,NA,NA,NA,NA,NA,NA,NA,NA,NA,NA,NA,NA,NA,NA,NA,NA,NA,NA,NA,NA,NA,NA,NA,NA,NA,NA,NA,NA,NA,NA,NA,NA,NA,NA,NA,"CA","Pacific spiny dogfish","pacific_spiny_dogfish",NA,NA,"700","total_catch_wt_kg ~ 0 + factor(year) + pass","delta_gamma","TRUE","iid, iid","05_3","sigma_E","0.53266571847392","0.0862421129256939","0.387828366850569","0.731593642676116"
"133","133","133","133","133","133","133","133","133","133","133","133","133","133","133","133","133","133","133","133","133","133","133","133","133","133","133","133","133","133","133","133","133","133","133","133","133","133","133","133","133","133","133","133","133","133","133",NA,NA,NA,NA,NA,NA,NA,NA,NA,NA,NA,NA,NA,NA,NA,NA,NA,NA,NA,NA,NA,NA,NA,NA,NA,NA,NA,NA,NA,NA,NA,NA,NA,NA,NA,NA,NA,NA,NA,NA,NA,NA,NA,NA,"CA","Pacific spiny dogfish","pacific_spiny_dogfish",NA,NA,"700","total_catch_wt_kg ~ 0 + factor(year) + pass","delta_gamma","TRUE","iid, iid","05_4","range","0.681961276862682","0.13840533777463","0.458149000693616","1.01510902007007"
"134","134","134","134","134","134","134","134","134","134","134","134","134","134","134","134","134","134","134","134","134","134","134","134","134","134","134","134","134","134","134","134","134","134","134","134","134","134","134","134","134","134","134","134","134","134","134",NA,NA,NA,NA,NA,NA,NA,NA,NA,NA,NA,NA,NA,NA,NA,NA,NA,NA,NA,NA,NA,NA,NA,NA,NA,NA,NA,NA,NA,NA,NA,NA,NA,NA,NA,NA,NA,NA,NA,NA,NA,NA,NA,NA,"CA","Pacific spiny dogfish","pacific_spiny_dogfish",NA,NA,"700","total_catch_wt_kg ~ 0 + factor(year) + pass","delta_gamma","TRUE","iid, iid","05_4","sigma_O","2.39358507351966","0.292533571172344","1.88373025222045","3.04143838929313"
"135","135","135","135","135","135","135","135","135","135","135","135","135","135","135","135","135","135","135","135","135","135","135","135","135","135","135","135","135","135","135","135","135","135","135","135","135","135","135","135","135","135","135","135","135","135","135",NA,NA,NA,NA,NA,NA,NA,NA,NA,NA,NA,NA,NA,NA,NA,NA,NA,NA,NA,NA,NA,NA,NA,NA,NA,NA,NA,NA,NA,NA,NA,NA,NA,NA,NA,NA,NA,NA,NA,NA,NA,NA,NA,NA,"CA","Pacific spiny dogfish","pacific_spiny_dogfish",NA,NA,"700","total_catch_wt_kg ~ 0 + factor(year) + pass","delta_gamma","TRUE","iid, iid","05_4","sigma_E","0.630652917940601","0.0961705197475605","0.467721830636617","0.850341114858061"
"136","136","136","136","136","136","136","136","136","136","136","136","136","136","136","136","136","136","136","136","136","136","136","136","136","136","136","136","136","136","136","136","136","136","136","136","136","136","136","136","136","136","136","136","136","136",NA,NA,NA,NA,NA,NA,NA,NA,NA,NA,NA,NA,NA,NA,NA,NA,NA,NA,NA,NA,NA,NA,NA,NA,NA,NA,NA,NA,NA,NA,NA,NA,NA,NA,NA,NA,NA,NA,NA,NA,NA,NA,NA,NA,NA,"CA","Pacific spiny dogfish","pacific_spiny_dogfish",NA,NA,"700","total_catch_wt_kg ~ 0 + factor(year) + pass","delta_gamma","TRUE","iid, iid","05_5","range","0.761115849785387","0.132059935821194","0.541701717332508","1.06940280648759"
"137","137","137","137","137","137","137","137","137","137","137","137","137","137","137","137","137","137","137","137","137","137","137","137","137","137","137","137","137","137","137","137","137","137","137","137","137","137","137","137","137","137","137","137","137","137",NA,NA,NA,NA,NA,NA,NA,NA,NA,NA,NA,NA,NA,NA,NA,NA,NA,NA,NA,NA,NA,NA,NA,NA,NA,NA,NA,NA,NA,NA,NA,NA,NA,NA,NA,NA,NA,NA,NA,NA,NA,NA,NA,NA,NA,"CA","Pacific spiny dogfish","pacific_spiny_dogfish",NA,NA,"700","total_catch_wt_kg ~ 0 + factor(year) + pass","delta_gamma","TRUE","iid, iid","05_5","sigma_O","2.27968509392398","0.266815599331593","1.81238209062229","2.86747709235792"
"138","138","138","138","138","138","138","138","138","138","138","138","138","138","138","138","138","138","138","138","138","138","138","138","138","138","138","138","138","138","138","138","138","138","138","138","138","138","138","138","138","138","138","138","138","138",NA,NA,NA,NA,NA,NA,NA,NA,NA,NA,NA,NA,NA,NA,NA,NA,NA,NA,NA,NA,NA,NA,NA,NA,NA,NA,NA,NA,NA,NA,NA,NA,NA,NA,NA,NA,NA,NA,NA,NA,NA,NA,NA,NA,NA,"CA","Pacific spiny dogfish","pacific_spiny_dogfish",NA,NA,"700","total_catch_wt_kg ~ 0 + factor(year) + pass","delta_gamma","TRUE","iid, iid","05_5","sigma_E","0.69655536087723","0.0841825512062785","0.549646219308495","0.882730297639855"
"139","139","139","139","139","139","139","139","139","139","139","139","139","139","139","139","139","139","139","139","139","139","139","139","139","139","139","139","139","139","139","139","139","139","139","139","139","139","139","139","139","139","139","139","139",NA,NA,NA,NA,NA,NA,NA,NA,NA,NA,NA,NA,NA,NA,NA,NA,NA,NA,NA,NA,NA,NA,NA,NA,NA,NA,NA,NA,NA,NA,NA,NA,NA,NA,NA,NA,NA,NA,NA,NA,NA,NA,NA,NA,NA,NA,"CA","Pacific spiny dogfish","pacific_spiny_dogfish",NA,NA,"700","total_catch_wt_kg ~ 0 + factor(year) + pass","delta_gamma","TRUE","iid, iid","05_6","range","0.665215845118566","0.123439081230731","0.462393310572133","0.957003724922566"
"140","140","140","140","140","140","140","140","140","140","140","140","140","140","140","140","140","140","140","140","140","140","140","140","140","140","140","140","140","140","140","140","140","140","140","140","140","140","140","140","140","140","140","140","140",NA,NA,NA,NA,NA,NA,NA,NA,NA,NA,NA,NA,NA,NA,NA,NA,NA,NA,NA,NA,NA,NA,NA,NA,NA,NA,NA,NA,NA,NA,NA,NA,NA,NA,NA,NA,NA,NA,NA,NA,NA,NA,NA,NA,NA,NA,"CA","Pacific spiny dogfish","pacific_spiny_dogfish",NA,NA,"700","total_catch_wt_kg ~ 0 + factor(year) + pass","delta_gamma","TRUE","iid, iid","05_6","sigma_O","2.44817623732677","0.271333864950647","1.9701674724277","3.04216112228572"
"141","141","141","141","141","141","141","141","141","141","141","141","141","141","141","141","141","141","141","141","141","141","141","141","141","141","141","141","141","141","141","141","141","141","141","141","141","141","141","141","141","141","141","141","141",NA,NA,NA,NA,NA,NA,NA,NA,NA,NA,NA,NA,NA,NA,NA,NA,NA,NA,NA,NA,NA,NA,NA,NA,NA,NA,NA,NA,NA,NA,NA,NA,NA,NA,NA,NA,NA,NA,NA,NA,NA,NA,NA,NA,NA,NA,"CA","Pacific spiny dogfish","pacific_spiny_dogfish",NA,NA,"700","total_catch_wt_kg ~ 0 + factor(year) + pass","delta_gamma","TRUE","iid, iid","05_6","sigma_E","0.699670401617039","0.0936829358182829","0.538172102533557","0.909632194969497"
"142","142","142","142","142","142","142","142","142","142","142","142","142","142","142","142","142","142","142","142","142","142","142","142","142","142","142","142","142","142","142","142","142","142","142","142","142","142","142","142","142","142","142","142",NA,NA,NA,NA,NA,NA,NA,NA,NA,NA,NA,NA,NA,NA,NA,NA,NA,NA,NA,NA,NA,NA,NA,NA,NA,NA,NA,NA,NA,NA,NA,NA,NA,NA,NA,NA,NA,NA,NA,NA,NA,NA,NA,NA,NA,NA,NA,"CA","Pacific spiny dogfish","pacific_spiny_dogfish",NA,NA,"700","total_catch_wt_kg ~ 0 + factor(year) + pass","delta_gamma","TRUE","iid, iid","05_7","range","0.632574818217244","0.124835579886408","0.429666399950158","0.931306010172074"
"143","143","143","143","143","143","143","143","143","143","143","143","143","143","143","143","143","143","143","143","143","143","143","143","143","143","143","143","143","143","143","143","143","143","143","143","143","143","143","143","143","143","143","143",NA,NA,NA,NA,NA,NA,NA,NA,NA,NA,NA,NA,NA,NA,NA,NA,NA,NA,NA,NA,NA,NA,NA,NA,NA,NA,NA,NA,NA,NA,NA,NA,NA,NA,NA,NA,NA,NA,NA,NA,NA,NA,NA,NA,NA,NA,NA,"CA","Pacific spiny dogfish","pacific_spiny_dogfish",NA,NA,"700","total_catch_wt_kg ~ 0 + factor(year) + pass","delta_gamma","TRUE","iid, iid","05_7","sigma_O","2.28358990297337","0.264683214152675","1.81952576706339","2.86601208917106"
"144","144","144","144","144","144","144","144","144","144","144","144","144","144","144","144","144","144","144","144","144","144","144","144","144","144","144","144","144","144","144","144","144","144","144","144","144","144","144","144","144","144","144","144",NA,NA,NA,NA,NA,NA,NA,NA,NA,NA,NA,NA,NA,NA,NA,NA,NA,NA,NA,NA,NA,NA,NA,NA,NA,NA,NA,NA,NA,NA,NA,NA,NA,NA,NA,NA,NA,NA,NA,NA,NA,NA,NA,NA,NA,NA,NA,"CA","Pacific spiny dogfish","pacific_spiny_dogfish",NA,NA,"700","total_catch_wt_kg ~ 0 + factor(year) + pass","delta_gamma","TRUE","iid, iid","05_7","sigma_E","0.686413430674467","0.0912108430128204","0.529026991534869","0.890622605934156"
"145","145","145","145","145","145","145","145","145","145","145","145","145","145","145","145","145","145","145","145","145","145","145","145","145","145","145","145","145","145","145","145","145","145","145","145","145","145","145","145","145","145","145",NA,NA,NA,NA,NA,NA,NA,NA,NA,NA,NA,NA,NA,NA,NA,NA,NA,NA,NA,NA,NA,NA,NA,NA,NA,NA,NA,NA,NA,NA,NA,NA,NA,NA,NA,NA,NA,NA,NA,NA,NA,NA,NA,NA,NA,NA,NA,NA,"CA","Pacific spiny dogfish","pacific_spiny_dogfish",NA,NA,"700","total_catch_wt_kg ~ 0 + factor(year) + pass","delta_gamma","TRUE","iid, iid","05_8","range","0.761285663599387","0.149981041222186","0.517430785877472","1.12006451378639"
"146","146","146","146","146","146","146","146","146","146","146","146","146","146","146","146","146","146","146","146","146","146","146","146","146","146","146","146","146","146","146","146","146","146","146","146","146","146","146","146","146","146","146",NA,NA,NA,NA,NA,NA,NA,NA,NA,NA,NA,NA,NA,NA,NA,NA,NA,NA,NA,NA,NA,NA,NA,NA,NA,NA,NA,NA,NA,NA,NA,NA,NA,NA,NA,NA,NA,NA,NA,NA,NA,NA,NA,NA,NA,NA,NA,NA,"CA","Pacific spiny dogfish","pacific_spiny_dogfish",NA,NA,"700","total_catch_wt_kg ~ 0 + factor(year) + pass","delta_gamma","TRUE","iid, iid","05_8","sigma_O","2.25944056582393","0.282007725764041","1.76913037582728","2.88563903499963"
"147","147","147","147","147","147","147","147","147","147","147","147","147","147","147","147","147","147","147","147","147","147","147","147","147","147","147","147","147","147","147","147","147","147","147","147","147","147","147","147","147","147","147",NA,NA,NA,NA,NA,NA,NA,NA,NA,NA,NA,NA,NA,NA,NA,NA,NA,NA,NA,NA,NA,NA,NA,NA,NA,NA,NA,NA,NA,NA,NA,NA,NA,NA,NA,NA,NA,NA,NA,NA,NA,NA,NA,NA,NA,NA,NA,NA,"CA","Pacific spiny dogfish","pacific_spiny_dogfish",NA,NA,"700","total_catch_wt_kg ~ 0 + factor(year) + pass","delta_gamma","TRUE","iid, iid","05_8","sigma_E","0.564295361141621","0.0873145893032192","0.416675824420374","0.764213414706528"
"148","148","148","148","148","148","148","148","148","148","148","148","148","148","148","148","148","148","148","148","148","148","148","148","148","148","148","148","148","148","148","148","148","148","148","148","148","148","148","148","148","148",NA,NA,NA,NA,NA,NA,NA,NA,NA,NA,NA,NA,NA,NA,NA,NA,NA,NA,NA,NA,NA,NA,NA,NA,NA,NA,NA,NA,NA,NA,NA,NA,NA,NA,NA,NA,NA,NA,NA,NA,NA,NA,NA,NA,NA,NA,NA,NA,NA,"CA","Pacific spiny dogfish","pacific_spiny_dogfish",NA,NA,"700","total_catch_wt_kg ~ 0 + factor(year) + pass","delta_gamma","TRUE","iid, iid","05_9","range","0.728272090013714","0.120126461240902","0.527096743388903","1.00622939478421"
"149","149","149","149","149","149","149","149","149","149","149","149","149","149","149","149","149","149","149","149","149","149","149","149","149","149","149","149","149","149","149","149","149","149","149","149","149","149","149","149","149","149",NA,NA,NA,NA,NA,NA,NA,NA,NA,NA,NA,NA,NA,NA,NA,NA,NA,NA,NA,NA,NA,NA,NA,NA,NA,NA,NA,NA,NA,NA,NA,NA,NA,NA,NA,NA,NA,NA,NA,NA,NA,NA,NA,NA,NA,NA,NA,NA,NA,"CA","Pacific spiny dogfish","pacific_spiny_dogfish",NA,NA,"700","total_catch_wt_kg ~ 0 + factor(year) + pass","delta_gamma","TRUE","iid, iid","05_9","sigma_O","2.53362544443177","0.283264890041063","2.03505527414387","3.15434080549612"
"150","150","150","150","150","150","150","150","150","150","150","150","150","150","150","150","150","150","150","150","150","150","150","150","150","150","150","150","150","150","150","150","150","150","150","150","150","150","150","150","150","150",NA,NA,NA,NA,NA,NA,NA,NA,NA,NA,NA,NA,NA,NA,NA,NA,NA,NA,NA,NA,NA,NA,NA,NA,NA,NA,NA,NA,NA,NA,NA,NA,NA,NA,NA,NA,NA,NA,NA,NA,NA,NA,NA,NA,NA,NA,NA,NA,NA,"CA","Pacific spiny dogfish","pacific_spiny_dogfish",NA,NA,"700","total_catch_wt_kg ~ 0 + factor(year) + pass","delta_gamma","TRUE","iid, iid","05_9","sigma_E","0.73175267008447","0.0849170400050114","0.582888786455998","0.918634879616392"
"151","151","151","151","151","151","151","151","151","151","151","151","151","151","151","151","151","151","151","151","151","151","151","151","151","151","151","151","151","151","151","151","151","151","151","151","151","151","151","151","151",NA,NA,NA,NA,NA,NA,NA,NA,NA,NA,NA,NA,NA,NA,NA,NA,NA,NA,NA,NA,NA,NA,NA,NA,NA,NA,NA,NA,NA,NA,NA,NA,NA,NA,NA,NA,NA,NA,NA,NA,NA,NA,NA,NA,NA,NA,NA,NA,NA,NA,"CA","Pacific spiny dogfish","pacific_spiny_dogfish",NA,NA,"700","total_catch_wt_kg ~ 0 + factor(year) + pass","delta_gamma","TRUE","iid, iid","06_1","range","1.07202703713356","0.19367319295459","0.752362328412886","1.52751131329195"
"152","152","152","152","152","152","152","152","152","152","152","152","152","152","152","152","152","152","152","152","152","152","152","152","152","152","152","152","152","152","152","152","152","152","152","152","152","152","152","152","152",NA,NA,NA,NA,NA,NA,NA,NA,NA,NA,NA,NA,NA,NA,NA,NA,NA,NA,NA,NA,NA,NA,NA,NA,NA,NA,NA,NA,NA,NA,NA,NA,NA,NA,NA,NA,NA,NA,NA,NA,NA,NA,NA,NA,NA,NA,NA,NA,NA,NA,"CA","Pacific spiny dogfish","pacific_spiny_dogfish",NA,NA,"700","total_catch_wt_kg ~ 0 + factor(year) + pass","delta_gamma","TRUE","iid, iid","06_1","sigma_O","3.25353176899083","0.469387568919014","2.45217840585114","4.31676135250789"
"153","153","153","153","153","153","153","153","153","153","153","153","153","153","153","153","153","153","153","153","153","153","153","153","153","153","153","153","153","153","153","153","153","153","153","153","153","153","153","153","153",NA,NA,NA,NA,NA,NA,NA,NA,NA,NA,NA,NA,NA,NA,NA,NA,NA,NA,NA,NA,NA,NA,NA,NA,NA,NA,NA,NA,NA,NA,NA,NA,NA,NA,NA,NA,NA,NA,NA,NA,NA,NA,NA,NA,NA,NA,NA,NA,NA,NA,"CA","Pacific spiny dogfish","pacific_spiny_dogfish",NA,NA,"700","total_catch_wt_kg ~ 0 + factor(year) + pass","delta_gamma","TRUE","iid, iid","06_1","sigma_E","0.682406701228744","0.0704261716154935","0.557438600162502","0.835390490981685"
"154","154","154","154","154","154","154","154","154","154","154","154","154","154","154","154","154","154","154","154","154","154","154","154","154","154","154","154","154","154","154","154","154","154","154","154","154","154","154","154",NA,NA,NA,NA,NA,NA,NA,NA,NA,NA,NA,NA,NA,NA,NA,NA,NA,NA,NA,NA,NA,NA,NA,NA,NA,NA,NA,NA,NA,NA,NA,NA,NA,NA,NA,NA,NA,NA,NA,NA,NA,NA,NA,NA,NA,NA,NA,NA,NA,NA,NA,"CA","Pacific spiny dogfish","pacific_spiny_dogfish",NA,NA,"700","total_catch_wt_kg ~ 0 + factor(year) + pass","delta_gamma","TRUE","iid, iid","06_10","range","0.863004535929604","0.178836374560096","0.574940076621055","1.29539904995344"
"155","155","155","155","155","155","155","155","155","155","155","155","155","155","155","155","155","155","155","155","155","155","155","155","155","155","155","155","155","155","155","155","155","155","155","155","155","155","155","155",NA,NA,NA,NA,NA,NA,NA,NA,NA,NA,NA,NA,NA,NA,NA,NA,NA,NA,NA,NA,NA,NA,NA,NA,NA,NA,NA,NA,NA,NA,NA,NA,NA,NA,NA,NA,NA,NA,NA,NA,NA,NA,NA,NA,NA,NA,NA,NA,NA,NA,NA,"CA","Pacific spiny dogfish","pacific_spiny_dogfish",NA,NA,"700","total_catch_wt_kg ~ 0 + factor(year) + pass","delta_gamma","TRUE","iid, iid","06_10","sigma_O","2.72875165753753","0.398370857825161","2.04973149086961","3.63271269514173"
"156","156","156","156","156","156","156","156","156","156","156","156","156","156","156","156","156","156","156","156","156","156","156","156","156","156","156","156","156","156","156","156","156","156","156","156","156","156","156","156",NA,NA,NA,NA,NA,NA,NA,NA,NA,NA,NA,NA,NA,NA,NA,NA,NA,NA,NA,NA,NA,NA,NA,NA,NA,NA,NA,NA,NA,NA,NA,NA,NA,NA,NA,NA,NA,NA,NA,NA,NA,NA,NA,NA,NA,NA,NA,NA,NA,NA,NA,"CA","Pacific spiny dogfish","pacific_spiny_dogfish",NA,NA,"700","total_catch_wt_kg ~ 0 + factor(year) + pass","delta_gamma","TRUE","iid, iid","06_10","sigma_E","0.718073504314063","0.0769445259542717","0.582048480854192","0.885887644343923"
"157","157","157","157","157","157","157","157","157","157","157","157","157","157","157","157","157","157","157","157","157","157","157","157","157","157","157","157","157","157","157","157","157","157","157","157","157","157","157",NA,NA,NA,NA,NA,NA,NA,NA,NA,NA,NA,NA,NA,NA,NA,NA,NA,NA,NA,NA,NA,NA,NA,NA,NA,NA,NA,NA,NA,NA,NA,NA,NA,NA,NA,NA,NA,NA,NA,NA,NA,NA,NA,NA,NA,NA,NA,NA,NA,NA,NA,NA,"CA","Pacific spiny dogfish","pacific_spiny_dogfish",NA,NA,"700","total_catch_wt_kg ~ 0 + factor(year) + pass","delta_gamma","TRUE","iid, iid","06_2","range","1.00362735936072","0.200206486779917","0.678847694690623","1.48379067106712"
"158","158","158","158","158","158","158","158","158","158","158","158","158","158","158","158","158","158","158","158","158","158","158","158","158","158","158","158","158","158","158","158","158","158","158","158","158","158","158",NA,NA,NA,NA,NA,NA,NA,NA,NA,NA,NA,NA,NA,NA,NA,NA,NA,NA,NA,NA,NA,NA,NA,NA,NA,NA,NA,NA,NA,NA,NA,NA,NA,NA,NA,NA,NA,NA,NA,NA,NA,NA,NA,NA,NA,NA,NA,NA,NA,NA,NA,NA,"CA","Pacific spiny dogfish","pacific_spiny_dogfish",NA,NA,"700","total_catch_wt_kg ~ 0 + factor(year) + pass","delta_gamma","TRUE","iid, iid","06_2","sigma_O","2.81044649069126","0.41930182709191","2.09788238178937","3.76503923461226"
"159","159","159","159","159","159","159","159","159","159","159","159","159","159","159","159","159","159","159","159","159","159","159","159","159","159","159","159","159","159","159","159","159","159","159","159","159","159","159",NA,NA,NA,NA,NA,NA,NA,NA,NA,NA,NA,NA,NA,NA,NA,NA,NA,NA,NA,NA,NA,NA,NA,NA,NA,NA,NA,NA,NA,NA,NA,NA,NA,NA,NA,NA,NA,NA,NA,NA,NA,NA,NA,NA,NA,NA,NA,NA,NA,NA,NA,NA,"CA","Pacific spiny dogfish","pacific_spiny_dogfish",NA,NA,"700","total_catch_wt_kg ~ 0 + factor(year) + pass","delta_gamma","TRUE","iid, iid","06_2","sigma_E","0.592156776721787","0.0711027838658394","0.46798217608587","0.749279921620766"
"160","160","160","160","160","160","160","160","160","160","160","160","160","160","160","160","160","160","160","160","160","160","160","160","160","160","160","160","160","160","160","160","160","160","160","160","160","160",NA,NA,NA,NA,NA,NA,NA,NA,NA,NA,NA,NA,NA,NA,NA,NA,NA,NA,NA,NA,NA,NA,NA,NA,NA,NA,NA,NA,NA,NA,NA,NA,NA,NA,NA,NA,NA,NA,NA,NA,NA,NA,NA,NA,NA,NA,NA,NA,NA,NA,NA,NA,NA,"CA","Pacific spiny dogfish","pacific_spiny_dogfish",NA,NA,"700","total_catch_wt_kg ~ 0 + factor(year) + pass","delta_gamma","TRUE","iid, iid","06_3","range","1.02315490902338","0.171674554611026","0.736408496821495","1.421556068917"
"161","161","161","161","161","161","161","161","161","161","161","161","161","161","161","161","161","161","161","161","161","161","161","161","161","161","161","161","161","161","161","161","161","161","161","161","161","161",NA,NA,NA,NA,NA,NA,NA,NA,NA,NA,NA,NA,NA,NA,NA,NA,NA,NA,NA,NA,NA,NA,NA,NA,NA,NA,NA,NA,NA,NA,NA,NA,NA,NA,NA,NA,NA,NA,NA,NA,NA,NA,NA,NA,NA,NA,NA,NA,NA,NA,NA,NA,NA,"CA","Pacific spiny dogfish","pacific_spiny_dogfish",NA,NA,"700","total_catch_wt_kg ~ 0 + factor(year) + pass","delta_gamma","TRUE","iid, iid","06_3","sigma_O","3.1907248895589","0.436882941584865","2.43972273500168","4.17290259044278"
"162","162","162","162","162","162","162","162","162","162","162","162","162","162","162","162","162","162","162","162","162","162","162","162","162","162","162","162","162","162","162","162","162","162","162","162","162","162",NA,NA,NA,NA,NA,NA,NA,NA,NA,NA,NA,NA,NA,NA,NA,NA,NA,NA,NA,NA,NA,NA,NA,NA,NA,NA,NA,NA,NA,NA,NA,NA,NA,NA,NA,NA,NA,NA,NA,NA,NA,NA,NA,NA,NA,NA,NA,NA,NA,NA,NA,NA,NA,"CA","Pacific spiny dogfish","pacific_spiny_dogfish",NA,NA,"700","total_catch_wt_kg ~ 0 + factor(year) + pass","delta_gamma","TRUE","iid, iid","06_3","sigma_E","0.753629892782472","0.0711063891866814","0.626391217075554","0.906714525703214"
"163","163","163","163","163","163","163","163","163","163","163","163","163","163","163","163","163","163","163","163","163","163","163","163","163","163","163","163","163","163","163","163","163","163","163","163","163",NA,NA,NA,NA,NA,NA,NA,NA,NA,NA,NA,NA,NA,NA,NA,NA,NA,NA,NA,NA,NA,NA,NA,NA,NA,NA,NA,NA,NA,NA,NA,NA,NA,NA,NA,NA,NA,NA,NA,NA,NA,NA,NA,NA,NA,NA,NA,NA,NA,NA,NA,NA,NA,NA,"CA","Pacific spiny dogfish","pacific_spiny_dogfish",NA,NA,"700","total_catch_wt_kg ~ 0 + factor(year) + pass","delta_gamma","TRUE","iid, iid","06_4","range","0.845819337819008","0.148588969745614","0.599436416897478","1.19347162111264"
"164","164","164","164","164","164","164","164","164","164","164","164","164","164","164","164","164","164","164","164","164","164","164","164","164","164","164","164","164","164","164","164","164","164","164","164","164",NA,NA,NA,NA,NA,NA,NA,NA,NA,NA,NA,NA,NA,NA,NA,NA,NA,NA,NA,NA,NA,NA,NA,NA,NA,NA,NA,NA,NA,NA,NA,NA,NA,NA,NA,NA,NA,NA,NA,NA,NA,NA,NA,NA,NA,NA,NA,NA,NA,NA,NA,NA,NA,NA,"CA","Pacific spiny dogfish","pacific_spiny_dogfish",NA,NA,"700","total_catch_wt_kg ~ 0 + factor(year) + pass","delta_gamma","TRUE","iid, iid","06_4","sigma_O","2.92000400242627","0.374666893686753","2.27072966004461","3.75492667586768"
"165","165","165","165","165","165","165","165","165","165","165","165","165","165","165","165","165","165","165","165","165","165","165","165","165","165","165","165","165","165","165","165","165","165","165","165","165",NA,NA,NA,NA,NA,NA,NA,NA,NA,NA,NA,NA,NA,NA,NA,NA,NA,NA,NA,NA,NA,NA,NA,NA,NA,NA,NA,NA,NA,NA,NA,NA,NA,NA,NA,NA,NA,NA,NA,NA,NA,NA,NA,NA,NA,NA,NA,NA,NA,NA,NA,NA,NA,NA,"CA","Pacific spiny dogfish","pacific_spiny_dogfish",NA,NA,"700","total_catch_wt_kg ~ 0 + factor(year) + pass","delta_gamma","TRUE","iid, iid","06_4","sigma_E","0.753077431123127","0.076179362608284","0.617638399379956","0.918216253776228"
"166","166","166","166","166","166","166","166","166","166","166","166","166","166","166","166","166","166","166","166","166","166","166","166","166","166","166","166","166","166","166","166","166","166","166","166",NA,NA,NA,NA,NA,NA,NA,NA,NA,NA,NA,NA,NA,NA,NA,NA,NA,NA,NA,NA,NA,NA,NA,NA,NA,NA,NA,NA,NA,NA,NA,NA,NA,NA,NA,NA,NA,NA,NA,NA,NA,NA,NA,NA,NA,NA,NA,NA,NA,NA,NA,NA,NA,NA,NA,"CA","Pacific spiny dogfish","pacific_spiny_dogfish",NA,NA,"700","total_catch_wt_kg ~ 0 + factor(year) + pass","delta_gamma","TRUE","iid, iid","06_5","range","1.1810022404412","0.268050053818087","0.756928689716035","1.84266538034169"
"167","167","167","167","167","167","167","167","167","167","167","167","167","167","167","167","167","167","167","167","167","167","167","167","167","167","167","167","167","167","167","167","167","167","167","167",NA,NA,NA,NA,NA,NA,NA,NA,NA,NA,NA,NA,NA,NA,NA,NA,NA,NA,NA,NA,NA,NA,NA,NA,NA,NA,NA,NA,NA,NA,NA,NA,NA,NA,NA,NA,NA,NA,NA,NA,NA,NA,NA,NA,NA,NA,NA,NA,NA,NA,NA,NA,NA,NA,NA,"CA","Pacific spiny dogfish","pacific_spiny_dogfish",NA,NA,"700","total_catch_wt_kg ~ 0 + factor(year) + pass","delta_gamma","TRUE","iid, iid","06_5","sigma_O","3.40882135487773","0.602924787988536","2.41018615915407","4.82123050343501"
"168","168","168","168","168","168","168","168","168","168","168","168","168","168","168","168","168","168","168","168","168","168","168","168","168","168","168","168","168","168","168","168","168","168","168","168",NA,NA,NA,NA,NA,NA,NA,NA,NA,NA,NA,NA,NA,NA,NA,NA,NA,NA,NA,NA,NA,NA,NA,NA,NA,NA,NA,NA,NA,NA,NA,NA,NA,NA,NA,NA,NA,NA,NA,NA,NA,NA,NA,NA,NA,NA,NA,NA,NA,NA,NA,NA,NA,NA,NA,"CA","Pacific spiny dogfish","pacific_spiny_dogfish",NA,NA,"700","total_catch_wt_kg ~ 0 + factor(year) + pass","delta_gamma","TRUE","iid, iid","06_5","sigma_E","0.547005276979687","0.0718835851946936","0.422797681984529","0.707702018703528"
"169","169","169","169","169","169","169","169","169","169","169","169","169","169","169","169","169","169","169","169","169","169","169","169","169","169","169","169","169","169","169","169","169","169","169",NA,NA,NA,NA,NA,NA,NA,NA,NA,NA,NA,NA,NA,NA,NA,NA,NA,NA,NA,NA,NA,NA,NA,NA,NA,NA,NA,NA,NA,NA,NA,NA,NA,NA,NA,NA,NA,NA,NA,NA,NA,NA,NA,NA,NA,NA,NA,NA,NA,NA,NA,NA,NA,NA,NA,NA,"CA","Pacific spiny dogfish","pacific_spiny_dogfish",NA,NA,"700","total_catch_wt_kg ~ 0 + factor(year) + pass","delta_gamma","TRUE","iid, iid","06_6","range","0.967645926335283","0.173345201728983","0.681131948467815","1.37468025227642"
"170","170","170","170","170","170","170","170","170","170","170","170","170","170","170","170","170","170","170","170","170","170","170","170","170","170","170","170","170","170","170","170","170","170","170",NA,NA,NA,NA,NA,NA,NA,NA,NA,NA,NA,NA,NA,NA,NA,NA,NA,NA,NA,NA,NA,NA,NA,NA,NA,NA,NA,NA,NA,NA,NA,NA,NA,NA,NA,NA,NA,NA,NA,NA,NA,NA,NA,NA,NA,NA,NA,NA,NA,NA,NA,NA,NA,NA,NA,NA,"CA","Pacific spiny dogfish","pacific_spiny_dogfish",NA,NA,"700","total_catch_wt_kg ~ 0 + factor(year) + pass","delta_gamma","TRUE","iid, iid","06_6","sigma_O","2.67842158910425","0.370597093004718","2.04222362852535","3.51280932644968"
"171","171","171","171","171","171","171","171","171","171","171","171","171","171","171","171","171","171","171","171","171","171","171","171","171","171","171","171","171","171","171","171","171","171","171",NA,NA,NA,NA,NA,NA,NA,NA,NA,NA,NA,NA,NA,NA,NA,NA,NA,NA,NA,NA,NA,NA,NA,NA,NA,NA,NA,NA,NA,NA,NA,NA,NA,NA,NA,NA,NA,NA,NA,NA,NA,NA,NA,NA,NA,NA,NA,NA,NA,NA,NA,NA,NA,NA,NA,NA,"CA","Pacific spiny dogfish","pacific_spiny_dogfish",NA,NA,"700","total_catch_wt_kg ~ 0 + factor(year) + pass","delta_gamma","TRUE","iid, iid","06_6","sigma_E","0.685469656206839","0.0728435404450985","0.556586522174491","0.844196959251947"
"172","172","172","172","172","172","172","172","172","172","172","172","172","172","172","172","172","172","172","172","172","172","172","172","172","172","172","172","172","172","172","172","172","172",NA,NA,NA,NA,NA,NA,NA,NA,NA,NA,NA,NA,NA,NA,NA,NA,NA,NA,NA,NA,NA,NA,NA,NA,NA,NA,NA,NA,NA,NA,NA,NA,NA,NA,NA,NA,NA,NA,NA,NA,NA,NA,NA,NA,NA,NA,NA,NA,NA,NA,NA,NA,NA,NA,NA,NA,NA,"CA","Pacific spiny dogfish","pacific_spiny_dogfish",NA,NA,"700","total_catch_wt_kg ~ 0 + factor(year) + pass","delta_gamma","TRUE","iid, iid","06_7","range","0.830813046016583","0.137705020816686","0.600369952344089","1.1497083002511"
"173","173","173","173","173","173","173","173","173","173","173","173","173","173","173","173","173","173","173","173","173","173","173","173","173","173","173","173","173","173","173","173","173","173",NA,NA,NA,NA,NA,NA,NA,NA,NA,NA,NA,NA,NA,NA,NA,NA,NA,NA,NA,NA,NA,NA,NA,NA,NA,NA,NA,NA,NA,NA,NA,NA,NA,NA,NA,NA,NA,NA,NA,NA,NA,NA,NA,NA,NA,NA,NA,NA,NA,NA,NA,NA,NA,NA,NA,NA,NA,"CA","Pacific spiny dogfish","pacific_spiny_dogfish",NA,NA,"700","total_catch_wt_kg ~ 0 + factor(year) + pass","delta_gamma","TRUE","iid, iid","06_7","sigma_O","2.77614515713323","0.331615533786198","2.19666896700909","3.50848582523012"
"174","174","174","174","174","174","174","174","174","174","174","174","174","174","174","174","174","174","174","174","174","174","174","174","174","174","174","174","174","174","174","174","174","174",NA,NA,NA,NA,NA,NA,NA,NA,NA,NA,NA,NA,NA,NA,NA,NA,NA,NA,NA,NA,NA,NA,NA,NA,NA,NA,NA,NA,NA,NA,NA,NA,NA,NA,NA,NA,NA,NA,NA,NA,NA,NA,NA,NA,NA,NA,NA,NA,NA,NA,NA,NA,NA,NA,NA,NA,NA,"CA","Pacific spiny dogfish","pacific_spiny_dogfish",NA,NA,"700","total_catch_wt_kg ~ 0 + factor(year) + pass","delta_gamma","TRUE","iid, iid","06_7","sigma_E","0.714211654870847","0.0758789147344843","0.579954613455313","0.879548633839186"
"175","175","175","175","175","175","175","175","175","175","175","175","175","175","175","175","175","175","175","175","175","175","175","175","175","175","175","175","175","175","175","175","175",NA,NA,NA,NA,NA,NA,NA,NA,NA,NA,NA,NA,NA,NA,NA,NA,NA,NA,NA,NA,NA,NA,NA,NA,NA,NA,NA,NA,NA,NA,NA,NA,NA,NA,NA,NA,NA,NA,NA,NA,NA,NA,NA,NA,NA,NA,NA,NA,NA,NA,NA,NA,NA,NA,NA,NA,NA,NA,"CA","Pacific spiny dogfish","pacific_spiny_dogfish",NA,NA,"700","total_catch_wt_kg ~ 0 + factor(year) + pass","delta_gamma","TRUE","iid, iid","06_8","range","0.708884973622123","0.113763546835164","0.517574560673799","0.970909206150008"
"176","176","176","176","176","176","176","176","176","176","176","176","176","176","176","176","176","176","176","176","176","176","176","176","176","176","176","176","176","176","176","176","176",NA,NA,NA,NA,NA,NA,NA,NA,NA,NA,NA,NA,NA,NA,NA,NA,NA,NA,NA,NA,NA,NA,NA,NA,NA,NA,NA,NA,NA,NA,NA,NA,NA,NA,NA,NA,NA,NA,NA,NA,NA,NA,NA,NA,NA,NA,NA,NA,NA,NA,NA,NA,NA,NA,NA,NA,NA,NA,"CA","Pacific spiny dogfish","pacific_spiny_dogfish",NA,NA,"700","total_catch_wt_kg ~ 0 + factor(year) + pass","delta_gamma","TRUE","iid, iid","06_8","sigma_O","2.56116941624934","0.27491728947384","2.07524740777715","3.16087072517157"
"177","177","177","177","177","177","177","177","177","177","177","177","177","177","177","177","177","177","177","177","177","177","177","177","177","177","177","177","177","177","177","177","177",NA,NA,NA,NA,NA,NA,NA,NA,NA,NA,NA,NA,NA,NA,NA,NA,NA,NA,NA,NA,NA,NA,NA,NA,NA,NA,NA,NA,NA,NA,NA,NA,NA,NA,NA,NA,NA,NA,NA,NA,NA,NA,NA,NA,NA,NA,NA,NA,NA,NA,NA,NA,NA,NA,NA,NA,NA,NA,"CA","Pacific spiny dogfish","pacific_spiny_dogfish",NA,NA,"700","total_catch_wt_kg ~ 0 + factor(year) + pass","delta_gamma","TRUE","iid, iid","06_8","sigma_E","0.754182235014841","0.0805151813811173","0.611791592696398","0.929713403064439"
"178","178","178","178","178","178","178","178","178","178","178","178","178","178","178","178","178","178","178","178","178","178","178","178","178","178","178","178","178","178","178","178",NA,NA,NA,NA,NA,NA,NA,NA,NA,NA,NA,NA,NA,NA,NA,NA,NA,NA,NA,NA,NA,NA,NA,NA,NA,NA,NA,NA,NA,NA,NA,NA,NA,NA,NA,NA,NA,NA,NA,NA,NA,NA,NA,NA,NA,NA,NA,NA,NA,NA,NA,NA,NA,NA,NA,NA,NA,NA,NA,"CA","Pacific spiny dogfish","pacific_spiny_dogfish",NA,NA,"700","total_catch_wt_kg ~ 0 + factor(year) + pass","delta_gamma","TRUE","iid, iid","06_9","range","0.964602577642704","0.171495700428056","0.680791572517845","1.36672980447413"
"179","179","179","179","179","179","179","179","179","179","179","179","179","179","179","179","179","179","179","179","179","179","179","179","179","179","179","179","179","179","179","179",NA,NA,NA,NA,NA,NA,NA,NA,NA,NA,NA,NA,NA,NA,NA,NA,NA,NA,NA,NA,NA,NA,NA,NA,NA,NA,NA,NA,NA,NA,NA,NA,NA,NA,NA,NA,NA,NA,NA,NA,NA,NA,NA,NA,NA,NA,NA,NA,NA,NA,NA,NA,NA,NA,NA,NA,NA,NA,NA,"CA","Pacific spiny dogfish","pacific_spiny_dogfish",NA,NA,"700","total_catch_wt_kg ~ 0 + factor(year) + pass","delta_gamma","TRUE","iid, iid","06_9","sigma_O","2.98746832490188","0.416484238822229","2.27319628469531","3.92617525040884"
"180","180","180","180","180","180","180","180","180","180","180","180","180","180","180","180","180","180","180","180","180","180","180","180","180","180","180","180","180","180","180","180",NA,NA,NA,NA,NA,NA,NA,NA,NA,NA,NA,NA,NA,NA,NA,NA,NA,NA,NA,NA,NA,NA,NA,NA,NA,NA,NA,NA,NA,NA,NA,NA,NA,NA,NA,NA,NA,NA,NA,NA,NA,NA,NA,NA,NA,NA,NA,NA,NA,NA,NA,NA,NA,NA,NA,NA,NA,NA,NA,"CA","Pacific spiny dogfish","pacific_spiny_dogfish",NA,NA,"700","total_catch_wt_kg ~ 0 + factor(year) + pass","delta_gamma","TRUE","iid, iid","06_9","sigma_E","0.650717059913486","0.0704641156542376","0.526281664248228","0.804574281848311"
"181","181","181","181","181","181","181","181","181","181","181","181","181","181","181","181","181","181","181","181","181","181","181","181","181","181","181","181","181","181","181",NA,NA,NA,NA,NA,NA,NA,NA,NA,NA,NA,NA,NA,NA,NA,NA,NA,NA,NA,NA,NA,NA,NA,NA,NA,NA,NA,NA,NA,NA,NA,NA,NA,NA,NA,NA,NA,NA,NA,NA,NA,NA,NA,NA,NA,NA,NA,NA,NA,NA,NA,NA,NA,NA,NA,NA,NA,NA,NA,NA,"CA","Pacific spiny dogfish","pacific_spiny_dogfish",NA,NA,"700","total_catch_wt_kg ~ 0 + factor(year) + pass","delta_gamma","TRUE","iid, iid","07_1","range","1.07826112058867","0.175249607115256","0.784112352423847","1.48275567981956"
"182","182","182","182","182","182","182","182","182","182","182","182","182","182","182","182","182","182","182","182","182","182","182","182","182","182","182","182","182","182","182",NA,NA,NA,NA,NA,NA,NA,NA,NA,NA,NA,NA,NA,NA,NA,NA,NA,NA,NA,NA,NA,NA,NA,NA,NA,NA,NA,NA,NA,NA,NA,NA,NA,NA,NA,NA,NA,NA,NA,NA,NA,NA,NA,NA,NA,NA,NA,NA,NA,NA,NA,NA,NA,NA,NA,NA,NA,NA,NA,NA,"CA","Pacific spiny dogfish","pacific_spiny_dogfish",NA,NA,"700","total_catch_wt_kg ~ 0 + factor(year) + pass","delta_gamma","TRUE","iid, iid","07_1","sigma_O","3.22991600641958","0.43049834795546","2.48736257937417","4.19414422932672"
"183","183","183","183","183","183","183","183","183","183","183","183","183","183","183","183","183","183","183","183","183","183","183","183","183","183","183","183","183","183","183",NA,NA,NA,NA,NA,NA,NA,NA,NA,NA,NA,NA,NA,NA,NA,NA,NA,NA,NA,NA,NA,NA,NA,NA,NA,NA,NA,NA,NA,NA,NA,NA,NA,NA,NA,NA,NA,NA,NA,NA,NA,NA,NA,NA,NA,NA,NA,NA,NA,NA,NA,NA,NA,NA,NA,NA,NA,NA,NA,NA,"CA","Pacific spiny dogfish","pacific_spiny_dogfish",NA,NA,"700","total_catch_wt_kg ~ 0 + factor(year) + pass","delta_gamma","TRUE","iid, iid","07_1","sigma_E","0.693985683841371","0.0636754584778484","0.579762316069389","0.830713062970333"
"184","184","184","184","184","184","184","184","184","184","184","184","184","184","184","184","184","184","184","184","184","184","184","184","184","184","184","184","184","184",NA,NA,NA,NA,NA,NA,NA,NA,NA,NA,NA,NA,NA,NA,NA,NA,NA,NA,NA,NA,NA,NA,NA,NA,NA,NA,NA,NA,NA,NA,NA,NA,NA,NA,NA,NA,NA,NA,NA,NA,NA,NA,NA,NA,NA,NA,NA,NA,NA,NA,NA,NA,NA,NA,NA,NA,NA,NA,NA,NA,NA,"CA","Pacific spiny dogfish","pacific_spiny_dogfish",NA,NA,"700","total_catch_wt_kg ~ 0 + factor(year) + pass","delta_gamma","TRUE","iid, iid","07_10","range","0.83791362613949","0.15059959943026","0.589130346705279","1.19175535396662"
"185","185","185","185","185","185","185","185","185","185","185","185","185","185","185","185","185","185","185","185","185","185","185","185","185","185","185","185","185","185",NA,NA,NA,NA,NA,NA,NA,NA,NA,NA,NA,NA,NA,NA,NA,NA,NA,NA,NA,NA,NA,NA,NA,NA,NA,NA,NA,NA,NA,NA,NA,NA,NA,NA,NA,NA,NA,NA,NA,NA,NA,NA,NA,NA,NA,NA,NA,NA,NA,NA,NA,NA,NA,NA,NA,NA,NA,NA,NA,NA,NA,"CA","Pacific spiny dogfish","pacific_spiny_dogfish",NA,NA,"700","total_catch_wt_kg ~ 0 + factor(year) + pass","delta_gamma","TRUE","iid, iid","07_10","sigma_O","2.83372202604762","0.3651610350712","2.20124877694167","3.6479204917783"
"186","186","186","186","186","186","186","186","186","186","186","186","186","186","186","186","186","186","186","186","186","186","186","186","186","186","186","186","186","186",NA,NA,NA,NA,NA,NA,NA,NA,NA,NA,NA,NA,NA,NA,NA,NA,NA,NA,NA,NA,NA,NA,NA,NA,NA,NA,NA,NA,NA,NA,NA,NA,NA,NA,NA,NA,NA,NA,NA,NA,NA,NA,NA,NA,NA,NA,NA,NA,NA,NA,NA,NA,NA,NA,NA,NA,NA,NA,NA,NA,NA,"CA","Pacific spiny dogfish","pacific_spiny_dogfish",NA,NA,"700","total_catch_wt_kg ~ 0 + factor(year) + pass","delta_gamma","TRUE","iid, iid","07_10","sigma_E","0.707830001558242","0.070453472715201","0.582378167494988","0.860305792816747"
"187","187","187","187","187","187","187","187","187","187","187","187","187","187","187","187","187","187","187","187","187","187","187","187","187","187","187","187","187",NA,NA,NA,NA,NA,NA,NA,NA,NA,NA,NA,NA,NA,NA,NA,NA,NA,NA,NA,NA,NA,NA,NA,NA,NA,NA,NA,NA,NA,NA,NA,NA,NA,NA,NA,NA,NA,NA,NA,NA,NA,NA,NA,NA,NA,NA,NA,NA,NA,NA,NA,NA,NA,NA,NA,NA,NA,NA,NA,NA,NA,NA,"CA","Pacific spiny dogfish","pacific_spiny_dogfish",NA,NA,"700","total_catch_wt_kg ~ 0 + factor(year) + pass","delta_gamma","TRUE","iid, iid","07_2","range","0.959355027206022","0.187578798447442","0.653954254286289","1.40737989269591"
"188","188","188","188","188","188","188","188","188","188","188","188","188","188","188","188","188","188","188","188","188","188","188","188","188","188","188","188","188",NA,NA,NA,NA,NA,NA,NA,NA,NA,NA,NA,NA,NA,NA,NA,NA,NA,NA,NA,NA,NA,NA,NA,NA,NA,NA,NA,NA,NA,NA,NA,NA,NA,NA,NA,NA,NA,NA,NA,NA,NA,NA,NA,NA,NA,NA,NA,NA,NA,NA,NA,NA,NA,NA,NA,NA,NA,NA,NA,NA,NA,NA,"CA","Pacific spiny dogfish","pacific_spiny_dogfish",NA,NA,"700","total_catch_wt_kg ~ 0 + factor(year) + pass","delta_gamma","TRUE","iid, iid","07_2","sigma_O","3.13290325946926","0.46642876102","2.3400197439539","4.19444445225437"
"189","189","189","189","189","189","189","189","189","189","189","189","189","189","189","189","189","189","189","189","189","189","189","189","189","189","189","189","189",NA,NA,NA,NA,NA,NA,NA,NA,NA,NA,NA,NA,NA,NA,NA,NA,NA,NA,NA,NA,NA,NA,NA,NA,NA,NA,NA,NA,NA,NA,NA,NA,NA,NA,NA,NA,NA,NA,NA,NA,NA,NA,NA,NA,NA,NA,NA,NA,NA,NA,NA,NA,NA,NA,NA,NA,NA,NA,NA,NA,NA,NA,"CA","Pacific spiny dogfish","pacific_spiny_dogfish",NA,NA,"700","total_catch_wt_kg ~ 0 + factor(year) + pass","delta_gamma","TRUE","iid, iid","07_2","sigma_E","0.63455237771768","0.0674837060390318","0.515161562434544","0.781612506500468"
"190","190","190","190","190","190","190","190","190","190","190","190","190","190","190","190","190","190","190","190","190","190","190","190","190","190","190","190",NA,NA,NA,NA,NA,NA,NA,NA,NA,NA,NA,NA,NA,NA,NA,NA,NA,NA,NA,NA,NA,NA,NA,NA,NA,NA,NA,NA,NA,NA,NA,NA,NA,NA,NA,NA,NA,NA,NA,NA,NA,NA,NA,NA,NA,NA,NA,NA,NA,NA,NA,NA,NA,NA,NA,NA,NA,NA,NA,NA,NA,NA,NA,"CA","Pacific spiny dogfish","pacific_spiny_dogfish",NA,NA,"700","total_catch_wt_kg ~ 0 + factor(year) + pass","delta_gamma","TRUE","iid, iid","07_3","range","0.842925630012684","0.154463361237919","0.588585235814839","1.207172002452"
"191","191","191","191","191","191","191","191","191","191","191","191","191","191","191","191","191","191","191","191","191","191","191","191","191","191","191","191",NA,NA,NA,NA,NA,NA,NA,NA,NA,NA,NA,NA,NA,NA,NA,NA,NA,NA,NA,NA,NA,NA,NA,NA,NA,NA,NA,NA,NA,NA,NA,NA,NA,NA,NA,NA,NA,NA,NA,NA,NA,NA,NA,NA,NA,NA,NA,NA,NA,NA,NA,NA,NA,NA,NA,NA,NA,NA,NA,NA,NA,NA,NA,"CA","Pacific spiny dogfish","pacific_spiny_dogfish",NA,NA,"700","total_catch_wt_kg ~ 0 + factor(year) + pass","delta_gamma","TRUE","iid, iid","07_3","sigma_O","3.16495818703732","0.429703591225371","2.42549895286679","4.12985555563943"
"192","192","192","192","192","192","192","192","192","192","192","192","192","192","192","192","192","192","192","192","192","192","192","192","192","192","192","192",NA,NA,NA,NA,NA,NA,NA,NA,NA,NA,NA,NA,NA,NA,NA,NA,NA,NA,NA,NA,NA,NA,NA,NA,NA,NA,NA,NA,NA,NA,NA,NA,NA,NA,NA,NA,NA,NA,NA,NA,NA,NA,NA,NA,NA,NA,NA,NA,NA,NA,NA,NA,NA,NA,NA,NA,NA,NA,NA,NA,NA,NA,NA,"CA","Pacific spiny dogfish","pacific_spiny_dogfish",NA,NA,"700","total_catch_wt_kg ~ 0 + factor(year) + pass","delta_gamma","TRUE","iid, iid","07_3","sigma_E","0.770771831727209","0.0706689217179837","0.643995216098271","0.922505636273951"
"193","193","193","193","193","193","193","193","193","193","193","193","193","193","193","193","193","193","193","193","193","193","193","193","193","193","193",NA,NA,NA,NA,NA,NA,NA,NA,NA,NA,NA,NA,NA,NA,NA,NA,NA,NA,NA,NA,NA,NA,NA,NA,NA,NA,NA,NA,NA,NA,NA,NA,NA,NA,NA,NA,NA,NA,NA,NA,NA,NA,NA,NA,NA,NA,NA,NA,NA,NA,NA,NA,NA,NA,NA,NA,NA,NA,NA,NA,NA,NA,NA,NA,"CA","Pacific spiny dogfish","pacific_spiny_dogfish",NA,NA,"700","total_catch_wt_kg ~ 0 + factor(year) + pass","delta_gamma","TRUE","iid, iid","07_4","range","0.823817169574594","0.12837478492395","0.607000108376997","1.11808007860253"
"194","194","194","194","194","194","194","194","194","194","194","194","194","194","194","194","194","194","194","194","194","194","194","194","194","194","194",NA,NA,NA,NA,NA,NA,NA,NA,NA,NA,NA,NA,NA,NA,NA,NA,NA,NA,NA,NA,NA,NA,NA,NA,NA,NA,NA,NA,NA,NA,NA,NA,NA,NA,NA,NA,NA,NA,NA,NA,NA,NA,NA,NA,NA,NA,NA,NA,NA,NA,NA,NA,NA,NA,NA,NA,NA,NA,NA,NA,NA,NA,NA,NA,"CA","Pacific spiny dogfish","pacific_spiny_dogfish",NA,NA,"700","total_catch_wt_kg ~ 0 + factor(year) + pass","delta_gamma","TRUE","iid, iid","07_4","sigma_O","2.90903058740031","0.336037938873869","2.31964416899614","3.64817115984337"
"195","195","195","195","195","195","195","195","195","195","195","195","195","195","195","195","195","195","195","195","195","195","195","195","195","195","195",NA,NA,NA,NA,NA,NA,NA,NA,NA,NA,NA,NA,NA,NA,NA,NA,NA,NA,NA,NA,NA,NA,NA,NA,NA,NA,NA,NA,NA,NA,NA,NA,NA,NA,NA,NA,NA,NA,NA,NA,NA,NA,NA,NA,NA,NA,NA,NA,NA,NA,NA,NA,NA,NA,NA,NA,NA,NA,NA,NA,NA,NA,NA,NA,"CA","Pacific spiny dogfish","pacific_spiny_dogfish",NA,NA,"700","total_catch_wt_kg ~ 0 + factor(year) + pass","delta_gamma","TRUE","iid, iid","07_4","sigma_E","0.790172107719146","0.0698015160238355","0.66455207106746","0.939538054278273"
"196","196","196","196","196","196","196","196","196","196","196","196","196","196","196","196","196","196","196","196","196","196","196","196","196","196",NA,NA,NA,NA,NA,NA,NA,NA,NA,NA,NA,NA,NA,NA,NA,NA,NA,NA,NA,NA,NA,NA,NA,NA,NA,NA,NA,NA,NA,NA,NA,NA,NA,NA,NA,NA,NA,NA,NA,NA,NA,NA,NA,NA,NA,NA,NA,NA,NA,NA,NA,NA,NA,NA,NA,NA,NA,NA,NA,NA,NA,NA,NA,NA,NA,"CA","Pacific spiny dogfish","pacific_spiny_dogfish",NA,NA,"700","total_catch_wt_kg ~ 0 + factor(year) + pass","delta_gamma","TRUE","iid, iid","07_5","range","1.176008816264","0.233315395617545","0.797141890005535","1.73494424677776"
"197","197","197","197","197","197","197","197","197","197","197","197","197","197","197","197","197","197","197","197","197","197","197","197","197","197",NA,NA,NA,NA,NA,NA,NA,NA,NA,NA,NA,NA,NA,NA,NA,NA,NA,NA,NA,NA,NA,NA,NA,NA,NA,NA,NA,NA,NA,NA,NA,NA,NA,NA,NA,NA,NA,NA,NA,NA,NA,NA,NA,NA,NA,NA,NA,NA,NA,NA,NA,NA,NA,NA,NA,NA,NA,NA,NA,NA,NA,NA,NA,NA,NA,"CA","Pacific spiny dogfish","pacific_spiny_dogfish",NA,NA,"700","total_catch_wt_kg ~ 0 + factor(year) + pass","delta_gamma","TRUE","iid, iid","07_5","sigma_O","3.63851842715872","0.574670604056182","2.66983919385322","4.95865682669327"
"198","198","198","198","198","198","198","198","198","198","198","198","198","198","198","198","198","198","198","198","198","198","198","198","198","198",NA,NA,NA,NA,NA,NA,NA,NA,NA,NA,NA,NA,NA,NA,NA,NA,NA,NA,NA,NA,NA,NA,NA,NA,NA,NA,NA,NA,NA,NA,NA,NA,NA,NA,NA,NA,NA,NA,NA,NA,NA,NA,NA,NA,NA,NA,NA,NA,NA,NA,NA,NA,NA,NA,NA,NA,NA,NA,NA,NA,NA,NA,NA,NA,NA,"CA","Pacific spiny dogfish","pacific_spiny_dogfish",NA,NA,"700","total_catch_wt_kg ~ 0 + factor(year) + pass","delta_gamma","TRUE","iid, iid","07_5","sigma_E","0.595853616292995","0.0669580924743948","0.478065247367526","0.742663337283941"
"199","199","199","199","199","199","199","199","199","199","199","199","199","199","199","199","199","199","199","199","199","199","199","199","199",NA,NA,NA,NA,NA,NA,NA,NA,NA,NA,NA,NA,NA,NA,NA,NA,NA,NA,NA,NA,NA,NA,NA,NA,NA,NA,NA,NA,NA,NA,NA,NA,NA,NA,NA,NA,NA,NA,NA,NA,NA,NA,NA,NA,NA,NA,NA,NA,NA,NA,NA,NA,NA,NA,NA,NA,NA,NA,NA,NA,NA,NA,NA,NA,NA,NA,"CA","Pacific spiny dogfish","pacific_spiny_dogfish",NA,NA,"700","total_catch_wt_kg ~ 0 + factor(year) + pass","delta_gamma","TRUE","iid, iid","07_6","range","0.928801759400316","0.164527079489511","0.656359809068199","1.31432896461137"
"200","200","200","200","200","200","200","200","200","200","200","200","200","200","200","200","200","200","200","200","200","200","200","200","200",NA,NA,NA,NA,NA,NA,NA,NA,NA,NA,NA,NA,NA,NA,NA,NA,NA,NA,NA,NA,NA,NA,NA,NA,NA,NA,NA,NA,NA,NA,NA,NA,NA,NA,NA,NA,NA,NA,NA,NA,NA,NA,NA,NA,NA,NA,NA,NA,NA,NA,NA,NA,NA,NA,NA,NA,NA,NA,NA,NA,NA,NA,NA,NA,NA,NA,"CA","Pacific spiny dogfish","pacific_spiny_dogfish",NA,NA,"700","total_catch_wt_kg ~ 0 + factor(year) + pass","delta_gamma","TRUE","iid, iid","07_6","sigma_O","3.01857880411104","0.406421515094768","2.31844460725376","3.93014263447146"
"201","201","201","201","201","201","201","201","201","201","201","201","201","201","201","201","201","201","201","201","201","201","201","201","201",NA,NA,NA,NA,NA,NA,NA,NA,NA,NA,NA,NA,NA,NA,NA,NA,NA,NA,NA,NA,NA,NA,NA,NA,NA,NA,NA,NA,NA,NA,NA,NA,NA,NA,NA,NA,NA,NA,NA,NA,NA,NA,NA,NA,NA,NA,NA,NA,NA,NA,NA,NA,NA,NA,NA,NA,NA,NA,NA,NA,NA,NA,NA,NA,NA,NA,"CA","Pacific spiny dogfish","pacific_spiny_dogfish",NA,NA,"700","total_catch_wt_kg ~ 0 + factor(year) + pass","delta_gamma","TRUE","iid, iid","07_6","sigma_E","0.679731831196701","0.0668114704073329","0.560624690969597","0.824143798488314"
"202","202","202","202","202","202","202","202","202","202","202","202","202","202","202","202","202","202","202","202","202","202","202","202",NA,NA,NA,NA,NA,NA,NA,NA,NA,NA,NA,NA,NA,NA,NA,NA,NA,NA,NA,NA,NA,NA,NA,NA,NA,NA,NA,NA,NA,NA,NA,NA,NA,NA,NA,NA,NA,NA,NA,NA,NA,NA,NA,NA,NA,NA,NA,NA,NA,NA,NA,NA,NA,NA,NA,NA,NA,NA,NA,NA,NA,NA,NA,NA,NA,NA,NA,"CA","Pacific spiny dogfish","pacific_spiny_dogfish",NA,NA,"700","total_catch_wt_kg ~ 0 + factor(year) + pass","delta_gamma","TRUE","iid, iid","07_7","range","0.865795734839687","0.142549438207884","0.627001923158143","1.1955342189238"
"203","203","203","203","203","203","203","203","203","203","203","203","203","203","203","203","203","203","203","203","203","203","203","203",NA,NA,NA,NA,NA,NA,NA,NA,NA,NA,NA,NA,NA,NA,NA,NA,NA,NA,NA,NA,NA,NA,NA,NA,NA,NA,NA,NA,NA,NA,NA,NA,NA,NA,NA,NA,NA,NA,NA,NA,NA,NA,NA,NA,NA,NA,NA,NA,NA,NA,NA,NA,NA,NA,NA,NA,NA,NA,NA,NA,NA,NA,NA,NA,NA,NA,NA,"CA","Pacific spiny dogfish","pacific_spiny_dogfish",NA,NA,"700","total_catch_wt_kg ~ 0 + factor(year) + pass","delta_gamma","TRUE","iid, iid","07_7","sigma_O","2.84066667502153","0.345325155377408","2.23843303906129","3.60492675803333"
"204","204","204","204","204","204","204","204","204","204","204","204","204","204","204","204","204","204","204","204","204","204","204","204",NA,NA,NA,NA,NA,NA,NA,NA,NA,NA,NA,NA,NA,NA,NA,NA,NA,NA,NA,NA,NA,NA,NA,NA,NA,NA,NA,NA,NA,NA,NA,NA,NA,NA,NA,NA,NA,NA,NA,NA,NA,NA,NA,NA,NA,NA,NA,NA,NA,NA,NA,NA,NA,NA,NA,NA,NA,NA,NA,NA,NA,NA,NA,NA,NA,NA,NA,"CA","Pacific spiny dogfish","pacific_spiny_dogfish",NA,NA,"700","total_catch_wt_kg ~ 0 + factor(year) + pass","delta_gamma","TRUE","iid, iid","07_7","sigma_E","0.704990920223545","0.0719083847441773","0.577247151158844","0.861004158443867"
"205","205","205","205","205","205","205","205","205","205","205","205","205","205","205","205","205","205","205","205","205","205","205",NA,NA,NA,NA,NA,NA,NA,NA,NA,NA,NA,NA,NA,NA,NA,NA,NA,NA,NA,NA,NA,NA,NA,NA,NA,NA,NA,NA,NA,NA,NA,NA,NA,NA,NA,NA,NA,NA,NA,NA,NA,NA,NA,NA,NA,NA,NA,NA,NA,NA,NA,NA,NA,NA,NA,NA,NA,NA,NA,NA,NA,NA,NA,NA,NA,NA,NA,NA,"CA","Pacific spiny dogfish","pacific_spiny_dogfish",NA,NA,"700","total_catch_wt_kg ~ 0 + factor(year) + pass","delta_gamma","TRUE","iid, iid","07_8","range","0.840258804831326","0.142293629535386","0.602929237567807","1.17100783160672"
"206","206","206","206","206","206","206","206","206","206","206","206","206","206","206","206","206","206","206","206","206","206","206",NA,NA,NA,NA,NA,NA,NA,NA,NA,NA,NA,NA,NA,NA,NA,NA,NA,NA,NA,NA,NA,NA,NA,NA,NA,NA,NA,NA,NA,NA,NA,NA,NA,NA,NA,NA,NA,NA,NA,NA,NA,NA,NA,NA,NA,NA,NA,NA,NA,NA,NA,NA,NA,NA,NA,NA,NA,NA,NA,NA,NA,NA,NA,NA,NA,NA,NA,NA,"CA","Pacific spiny dogfish","pacific_spiny_dogfish",NA,NA,"700","total_catch_wt_kg ~ 0 + factor(year) + pass","delta_gamma","TRUE","iid, iid","07_8","sigma_O","2.90132262086303","0.352347725485612","2.28677191746954","3.68102865267218"
"207","207","207","207","207","207","207","207","207","207","207","207","207","207","207","207","207","207","207","207","207","207","207",NA,NA,NA,NA,NA,NA,NA,NA,NA,NA,NA,NA,NA,NA,NA,NA,NA,NA,NA,NA,NA,NA,NA,NA,NA,NA,NA,NA,NA,NA,NA,NA,NA,NA,NA,NA,NA,NA,NA,NA,NA,NA,NA,NA,NA,NA,NA,NA,NA,NA,NA,NA,NA,NA,NA,NA,NA,NA,NA,NA,NA,NA,NA,NA,NA,NA,NA,NA,"CA","Pacific spiny dogfish","pacific_spiny_dogfish",NA,NA,"700","total_catch_wt_kg ~ 0 + factor(year) + pass","delta_gamma","TRUE","iid, iid","07_8","sigma_E","0.75041185290249","0.0712812441346072","0.622937505033114","0.903971818082481"
"208","208","208","208","208","208","208","208","208","208","208","208","208","208","208","208","208","208","208","208","208","208",NA,NA,NA,NA,NA,NA,NA,NA,NA,NA,NA,NA,NA,NA,NA,NA,NA,NA,NA,NA,NA,NA,NA,NA,NA,NA,NA,NA,NA,NA,NA,NA,NA,NA,NA,NA,NA,NA,NA,NA,NA,NA,NA,NA,NA,NA,NA,NA,NA,NA,NA,NA,NA,NA,NA,NA,NA,NA,NA,NA,NA,NA,NA,NA,NA,NA,NA,NA,NA,"CA","Pacific spiny dogfish","pacific_spiny_dogfish",NA,NA,"700","total_catch_wt_kg ~ 0 + factor(year) + pass","delta_gamma","TRUE","iid, iid","07_9","range","0.807350775428148","0.137997614472142","0.577523147232324","1.12863922027739"
"209","209","209","209","209","209","209","209","209","209","209","209","209","209","209","209","209","209","209","209","209","209",NA,NA,NA,NA,NA,NA,NA,NA,NA,NA,NA,NA,NA,NA,NA,NA,NA,NA,NA,NA,NA,NA,NA,NA,NA,NA,NA,NA,NA,NA,NA,NA,NA,NA,NA,NA,NA,NA,NA,NA,NA,NA,NA,NA,NA,NA,NA,NA,NA,NA,NA,NA,NA,NA,NA,NA,NA,NA,NA,NA,NA,NA,NA,NA,NA,NA,NA,NA,NA,"CA","Pacific spiny dogfish","pacific_spiny_dogfish",NA,NA,"700","total_catch_wt_kg ~ 0 + factor(year) + pass","delta_gamma","TRUE","iid, iid","07_9","sigma_O","2.78234661797605","0.346629063399894","2.17955193502777","3.55185512129772"
"210","210","210","210","210","210","210","210","210","210","210","210","210","210","210","210","210","210","210","210","210","210",NA,NA,NA,NA,NA,NA,NA,NA,NA,NA,NA,NA,NA,NA,NA,NA,NA,NA,NA,NA,NA,NA,NA,NA,NA,NA,NA,NA,NA,NA,NA,NA,NA,NA,NA,NA,NA,NA,NA,NA,NA,NA,NA,NA,NA,NA,NA,NA,NA,NA,NA,NA,NA,NA,NA,NA,NA,NA,NA,NA,NA,NA,NA,NA,NA,NA,NA,NA,NA,"CA","Pacific spiny dogfish","pacific_spiny_dogfish",NA,NA,"700","total_catch_wt_kg ~ 0 + factor(year) + pass","delta_gamma","TRUE","iid, iid","07_9","sigma_E","0.650108814773068","0.0683706847649524","0.529013600041097","0.798923640172597"
"211","211","211","211","211","211","211","211","211","211","211","211","211","211","211","211","211","211","211","211","211",NA,NA,NA,NA,NA,NA,NA,NA,NA,NA,NA,NA,NA,NA,NA,NA,NA,NA,NA,NA,NA,NA,NA,NA,NA,NA,NA,NA,NA,NA,NA,NA,NA,NA,NA,NA,NA,NA,NA,NA,NA,NA,NA,NA,NA,NA,NA,NA,NA,NA,NA,NA,NA,NA,NA,NA,NA,NA,NA,NA,NA,NA,NA,NA,NA,NA,NA,NA,NA,NA,"CA","Pacific spiny dogfish","pacific_spiny_dogfish",NA,NA,"700","total_catch_wt_kg ~ 0 + factor(year) + pass","delta_gamma","TRUE","iid, iid","08_1","range","0.892008724112379","0.130309479062702","0.669916936403767","1.18772868792353"
"212","212","212","212","212","212","212","212","212","212","212","212","212","212","212","212","212","212","212","212","212",NA,NA,NA,NA,NA,NA,NA,NA,NA,NA,NA,NA,NA,NA,NA,NA,NA,NA,NA,NA,NA,NA,NA,NA,NA,NA,NA,NA,NA,NA,NA,NA,NA,NA,NA,NA,NA,NA,NA,NA,NA,NA,NA,NA,NA,NA,NA,NA,NA,NA,NA,NA,NA,NA,NA,NA,NA,NA,NA,NA,NA,NA,NA,NA,NA,NA,NA,NA,NA,NA,"CA","Pacific spiny dogfish","pacific_spiny_dogfish",NA,NA,"700","total_catch_wt_kg ~ 0 + factor(year) + pass","delta_gamma","TRUE","iid, iid","08_1","sigma_O","3.08752992355712","0.356416687575418","2.46235468643172","3.87143293425164"
"213","213","213","213","213","213","213","213","213","213","213","213","213","213","213","213","213","213","213","213","213",NA,NA,NA,NA,NA,NA,NA,NA,NA,NA,NA,NA,NA,NA,NA,NA,NA,NA,NA,NA,NA,NA,NA,NA,NA,NA,NA,NA,NA,NA,NA,NA,NA,NA,NA,NA,NA,NA,NA,NA,NA,NA,NA,NA,NA,NA,NA,NA,NA,NA,NA,NA,NA,NA,NA,NA,NA,NA,NA,NA,NA,NA,NA,NA,NA,NA,NA,NA,NA,NA,"CA","Pacific spiny dogfish","pacific_spiny_dogfish",NA,NA,"700","total_catch_wt_kg ~ 0 + factor(year) + pass","delta_gamma","TRUE","iid, iid","08_1","sigma_E","0.707721841985322","0.0622081727221776","0.59572068159392","0.840780286967646"
"214","214","214","214","214","214","214","214","214","214","214","214","214","214","214","214","214","214","214","214",NA,NA,NA,NA,NA,NA,NA,NA,NA,NA,NA,NA,NA,NA,NA,NA,NA,NA,NA,NA,NA,NA,NA,NA,NA,NA,NA,NA,NA,NA,NA,NA,NA,NA,NA,NA,NA,NA,NA,NA,NA,NA,NA,NA,NA,NA,NA,NA,NA,NA,NA,NA,NA,NA,NA,NA,NA,NA,NA,NA,NA,NA,NA,NA,NA,NA,NA,NA,NA,NA,NA,"CA","Pacific spiny dogfish","pacific_spiny_dogfish",NA,NA,"700","total_catch_wt_kg ~ 0 + factor(year) + pass","delta_gamma","TRUE","iid, iid","08_10","range","1.05331966041777","0.201436098228864","0.724064101988583","1.53229845807228"
"215","215","215","215","215","215","215","215","215","215","215","215","215","215","215","215","215","215","215","215",NA,NA,NA,NA,NA,NA,NA,NA,NA,NA,NA,NA,NA,NA,NA,NA,NA,NA,NA,NA,NA,NA,NA,NA,NA,NA,NA,NA,NA,NA,NA,NA,NA,NA,NA,NA,NA,NA,NA,NA,NA,NA,NA,NA,NA,NA,NA,NA,NA,NA,NA,NA,NA,NA,NA,NA,NA,NA,NA,NA,NA,NA,NA,NA,NA,NA,NA,NA,NA,NA,NA,"CA","Pacific spiny dogfish","pacific_spiny_dogfish",NA,NA,"700","total_catch_wt_kg ~ 0 + factor(year) + pass","delta_gamma","TRUE","iid, iid","08_10","sigma_O","3.55745022543219","0.551869338853249","2.62477111402095","4.82154502494518"
"216","216","216","216","216","216","216","216","216","216","216","216","216","216","216","216","216","216","216","216",NA,NA,NA,NA,NA,NA,NA,NA,NA,NA,NA,NA,NA,NA,NA,NA,NA,NA,NA,NA,NA,NA,NA,NA,NA,NA,NA,NA,NA,NA,NA,NA,NA,NA,NA,NA,NA,NA,NA,NA,NA,NA,NA,NA,NA,NA,NA,NA,NA,NA,NA,NA,NA,NA,NA,NA,NA,NA,NA,NA,NA,NA,NA,NA,NA,NA,NA,NA,NA,NA,NA,"CA","Pacific spiny dogfish","pacific_spiny_dogfish",NA,NA,"700","total_catch_wt_kg ~ 0 + factor(year) + pass","delta_gamma","TRUE","iid, iid","08_10","sigma_E","0.705998151974143","0.0623760295925007","0.593743119983423","0.839476490447286"
"217","217","217","217","217","217","217","217","217","217","217","217","217","217","217","217","217","217","217",NA,NA,NA,NA,NA,NA,NA,NA,NA,NA,NA,NA,NA,NA,NA,NA,NA,NA,NA,NA,NA,NA,NA,NA,NA,NA,NA,NA,NA,NA,NA,NA,NA,NA,NA,NA,NA,NA,NA,NA,NA,NA,NA,NA,NA,NA,NA,NA,NA,NA,NA,NA,NA,NA,NA,NA,NA,NA,NA,NA,NA,NA,NA,NA,NA,NA,NA,NA,NA,NA,NA,NA,"CA","Pacific spiny dogfish","pacific_spiny_dogfish",NA,NA,"700","total_catch_wt_kg ~ 0 + factor(year) + pass","delta_gamma","TRUE","iid, iid","08_2","range","0.879468588908596","0.153958824291173","0.624036377467858","1.2394549850048"
"218","218","218","218","218","218","218","218","218","218","218","218","218","218","218","218","218","218","218",NA,NA,NA,NA,NA,NA,NA,NA,NA,NA,NA,NA,NA,NA,NA,NA,NA,NA,NA,NA,NA,NA,NA,NA,NA,NA,NA,NA,NA,NA,NA,NA,NA,NA,NA,NA,NA,NA,NA,NA,NA,NA,NA,NA,NA,NA,NA,NA,NA,NA,NA,NA,NA,NA,NA,NA,NA,NA,NA,NA,NA,NA,NA,NA,NA,NA,NA,NA,NA,NA,NA,NA,"CA","Pacific spiny dogfish","pacific_spiny_dogfish",NA,NA,"700","total_catch_wt_kg ~ 0 + factor(year) + pass","delta_gamma","TRUE","iid, iid","08_2","sigma_O","3.07269021707955","0.398031748697946","2.38372081067979","3.96079319685255"
"219","219","219","219","219","219","219","219","219","219","219","219","219","219","219","219","219","219","219",NA,NA,NA,NA,NA,NA,NA,NA,NA,NA,NA,NA,NA,NA,NA,NA,NA,NA,NA,NA,NA,NA,NA,NA,NA,NA,NA,NA,NA,NA,NA,NA,NA,NA,NA,NA,NA,NA,NA,NA,NA,NA,NA,NA,NA,NA,NA,NA,NA,NA,NA,NA,NA,NA,NA,NA,NA,NA,NA,NA,NA,NA,NA,NA,NA,NA,NA,NA,NA,NA,NA,NA,"CA","Pacific spiny dogfish","pacific_spiny_dogfish",NA,NA,"700","total_catch_wt_kg ~ 0 + factor(year) + pass","delta_gamma","TRUE","iid, iid","08_2","sigma_E","0.675312677059283","0.0649406908245091","0.559306742538063","0.815379427981668"
"220","220","220","220","220","220","220","220","220","220","220","220","220","220","220","220","220","220",NA,NA,NA,NA,NA,NA,NA,NA,NA,NA,NA,NA,NA,NA,NA,NA,NA,NA,NA,NA,NA,NA,NA,NA,NA,NA,NA,NA,NA,NA,NA,NA,NA,NA,NA,NA,NA,NA,NA,NA,NA,NA,NA,NA,NA,NA,NA,NA,NA,NA,NA,NA,NA,NA,NA,NA,NA,NA,NA,NA,NA,NA,NA,NA,NA,NA,NA,NA,NA,NA,NA,NA,NA,"CA","Pacific spiny dogfish","pacific_spiny_dogfish",NA,NA,"700","total_catch_wt_kg ~ 0 + factor(year) + pass","delta_gamma","TRUE","iid, iid","08_3","range","0.835558929682907","0.133955499078558","0.610258428778478","1.1440378240581"
"221","221","221","221","221","221","221","221","221","221","221","221","221","221","221","221","221","221",NA,NA,NA,NA,NA,NA,NA,NA,NA,NA,NA,NA,NA,NA,NA,NA,NA,NA,NA,NA,NA,NA,NA,NA,NA,NA,NA,NA,NA,NA,NA,NA,NA,NA,NA,NA,NA,NA,NA,NA,NA,NA,NA,NA,NA,NA,NA,NA,NA,NA,NA,NA,NA,NA,NA,NA,NA,NA,NA,NA,NA,NA,NA,NA,NA,NA,NA,NA,NA,NA,NA,NA,NA,"CA","Pacific spiny dogfish","pacific_spiny_dogfish",NA,NA,"700","total_catch_wt_kg ~ 0 + factor(year) + pass","delta_gamma","TRUE","iid, iid","08_3","sigma_O","3.11392274461271","0.384405624484929","2.44472057609415","3.96630803300562"
"222","222","222","222","222","222","222","222","222","222","222","222","222","222","222","222","222","222",NA,NA,NA,NA,NA,NA,NA,NA,NA,NA,NA,NA,NA,NA,NA,NA,NA,NA,NA,NA,NA,NA,NA,NA,NA,NA,NA,NA,NA,NA,NA,NA,NA,NA,NA,NA,NA,NA,NA,NA,NA,NA,NA,NA,NA,NA,NA,NA,NA,NA,NA,NA,NA,NA,NA,NA,NA,NA,NA,NA,NA,NA,NA,NA,NA,NA,NA,NA,NA,NA,NA,NA,NA,"CA","Pacific spiny dogfish","pacific_spiny_dogfish",NA,NA,"700","total_catch_wt_kg ~ 0 + factor(year) + pass","delta_gamma","TRUE","iid, iid","08_3","sigma_E","0.784365046838312","0.0668079405136869","0.663769852038034","0.92687024698798"
"223","223","223","223","223","223","223","223","223","223","223","223","223","223","223","223","223",NA,NA,NA,NA,NA,NA,NA,NA,NA,NA,NA,NA,NA,NA,NA,NA,NA,NA,NA,NA,NA,NA,NA,NA,NA,NA,NA,NA,NA,NA,NA,NA,NA,NA,NA,NA,NA,NA,NA,NA,NA,NA,NA,NA,NA,NA,NA,NA,NA,NA,NA,NA,NA,NA,NA,NA,NA,NA,NA,NA,NA,NA,NA,NA,NA,NA,NA,NA,NA,NA,NA,NA,NA,NA,"CA","Pacific spiny dogfish","pacific_spiny_dogfish",NA,NA,"700","total_catch_wt_kg ~ 0 + factor(year) + pass","delta_gamma","TRUE","iid, iid","08_4","range","0.823184239523873","0.128592240327932","0.606077461631822","1.11806218692907"
"224","224","224","224","224","224","224","224","224","224","224","224","224","224","224","224","224",NA,NA,NA,NA,NA,NA,NA,NA,NA,NA,NA,NA,NA,NA,NA,NA,NA,NA,NA,NA,NA,NA,NA,NA,NA,NA,NA,NA,NA,NA,NA,NA,NA,NA,NA,NA,NA,NA,NA,NA,NA,NA,NA,NA,NA,NA,NA,NA,NA,NA,NA,NA,NA,NA,NA,NA,NA,NA,NA,NA,NA,NA,NA,NA,NA,NA,NA,NA,NA,NA,NA,NA,NA,NA,"CA","Pacific spiny dogfish","pacific_spiny_dogfish",NA,NA,"700","total_catch_wt_kg ~ 0 + factor(year) + pass","delta_gamma","TRUE","iid, iid","08_4","sigma_O","3.00411752117236","0.345707514381281","2.39752110147074","3.7641888012909"
"225","225","225","225","225","225","225","225","225","225","225","225","225","225","225","225","225",NA,NA,NA,NA,NA,NA,NA,NA,NA,NA,NA,NA,NA,NA,NA,NA,NA,NA,NA,NA,NA,NA,NA,NA,NA,NA,NA,NA,NA,NA,NA,NA,NA,NA,NA,NA,NA,NA,NA,NA,NA,NA,NA,NA,NA,NA,NA,NA,NA,NA,NA,NA,NA,NA,NA,NA,NA,NA,NA,NA,NA,NA,NA,NA,NA,NA,NA,NA,NA,NA,NA,NA,NA,NA,"CA","Pacific spiny dogfish","pacific_spiny_dogfish",NA,NA,"700","total_catch_wt_kg ~ 0 + factor(year) + pass","delta_gamma","TRUE","iid, iid","08_4","sigma_E","0.751869408406672","0.0644176035332151","0.635644616611754","0.889345386595295"
"226","226","226","226","226","226","226","226","226","226","226","226","226","226","226","226",NA,NA,NA,NA,NA,NA,NA,NA,NA,NA,NA,NA,NA,NA,NA,NA,NA,NA,NA,NA,NA,NA,NA,NA,NA,NA,NA,NA,NA,NA,NA,NA,NA,NA,NA,NA,NA,NA,NA,NA,NA,NA,NA,NA,NA,NA,NA,NA,NA,NA,NA,NA,NA,NA,NA,NA,NA,NA,NA,NA,NA,NA,NA,NA,NA,NA,NA,NA,NA,NA,NA,NA,NA,NA,NA,"CA","Pacific spiny dogfish","pacific_spiny_dogfish",NA,NA,"700","total_catch_wt_kg ~ 0 + factor(year) + pass","delta_gamma","TRUE","iid, iid","08_5","range","0.832601049984915","0.135992729149875","0.604513657568798","1.14674747171794"
"227","227","227","227","227","227","227","227","227","227","227","227","227","227","227","227",NA,NA,NA,NA,NA,NA,NA,NA,NA,NA,NA,NA,NA,NA,NA,NA,NA,NA,NA,NA,NA,NA,NA,NA,NA,NA,NA,NA,NA,NA,NA,NA,NA,NA,NA,NA,NA,NA,NA,NA,NA,NA,NA,NA,NA,NA,NA,NA,NA,NA,NA,NA,NA,NA,NA,NA,NA,NA,NA,NA,NA,NA,NA,NA,NA,NA,NA,NA,NA,NA,NA,NA,NA,NA,NA,"CA","Pacific spiny dogfish","pacific_spiny_dogfish",NA,NA,"700","total_catch_wt_kg ~ 0 + factor(year) + pass","delta_gamma","TRUE","iid, iid","08_5","sigma_O","3.0298672398329","0.359382184046647","2.4013744121777","3.82285054944332"
"228","228","228","228","228","228","228","228","228","228","228","228","228","228","228","228",NA,NA,NA,NA,NA,NA,NA,NA,NA,NA,NA,NA,NA,NA,NA,NA,NA,NA,NA,NA,NA,NA,NA,NA,NA,NA,NA,NA,NA,NA,NA,NA,NA,NA,NA,NA,NA,NA,NA,NA,NA,NA,NA,NA,NA,NA,NA,NA,NA,NA,NA,NA,NA,NA,NA,NA,NA,NA,NA,NA,NA,NA,NA,NA,NA,NA,NA,NA,NA,NA,NA,NA,NA,NA,NA,"CA","Pacific spiny dogfish","pacific_spiny_dogfish",NA,NA,"700","total_catch_wt_kg ~ 0 + factor(year) + pass","delta_gamma","TRUE","iid, iid","08_5","sigma_E","0.704468720659474","0.066354841288494","0.585714417677839","0.847300601469166"
"229","229","229","229","229","229","229","229","229","229","229","229","229","229","229",NA,NA,NA,NA,NA,NA,NA,NA,NA,NA,NA,NA,NA,NA,NA,NA,NA,NA,NA,NA,NA,NA,NA,NA,NA,NA,NA,NA,NA,NA,NA,NA,NA,NA,NA,NA,NA,NA,NA,NA,NA,NA,NA,NA,NA,NA,NA,NA,NA,NA,NA,NA,NA,NA,NA,NA,NA,NA,NA,NA,NA,NA,NA,NA,NA,NA,NA,NA,NA,NA,NA,NA,NA,NA,NA,NA,"CA","Pacific spiny dogfish","pacific_spiny_dogfish",NA,NA,"700","total_catch_wt_kg ~ 0 + factor(year) + pass","delta_gamma","TRUE","iid, iid","08_6","range","0.928834691248207","0.165684372720219","0.654790181967542","1.31757302938442"
"230","230","230","230","230","230","230","230","230","230","230","230","230","230","230",NA,NA,NA,NA,NA,NA,NA,NA,NA,NA,NA,NA,NA,NA,NA,NA,NA,NA,NA,NA,NA,NA,NA,NA,NA,NA,NA,NA,NA,NA,NA,NA,NA,NA,NA,NA,NA,NA,NA,NA,NA,NA,NA,NA,NA,NA,NA,NA,NA,NA,NA,NA,NA,NA,NA,NA,NA,NA,NA,NA,NA,NA,NA,NA,NA,NA,NA,NA,NA,NA,NA,NA,NA,NA,NA,NA,"CA","Pacific spiny dogfish","pacific_spiny_dogfish",NA,NA,"700","total_catch_wt_kg ~ 0 + factor(year) + pass","delta_gamma","TRUE","iid, iid","08_6","sigma_O","3.01477605416869","0.415387665132508","2.30129964811358","3.94945293814269"
"231","231","231","231","231","231","231","231","231","231","231","231","231","231","231",NA,NA,NA,NA,NA,NA,NA,NA,NA,NA,NA,NA,NA,NA,NA,NA,NA,NA,NA,NA,NA,NA,NA,NA,NA,NA,NA,NA,NA,NA,NA,NA,NA,NA,NA,NA,NA,NA,NA,NA,NA,NA,NA,NA,NA,NA,NA,NA,NA,NA,NA,NA,NA,NA,NA,NA,NA,NA,NA,NA,NA,NA,NA,NA,NA,NA,NA,NA,NA,NA,NA,NA,NA,NA,NA,NA,"CA","Pacific spiny dogfish","pacific_spiny_dogfish",NA,NA,"700","total_catch_wt_kg ~ 0 + factor(year) + pass","delta_gamma","TRUE","iid, iid","08_6","sigma_E","0.66187237850841","0.0633337747835756","0.548685902160429","0.798407693194733"
"232","232","232","232","232","232","232","232","232","232","232","232","232","232",NA,NA,NA,NA,NA,NA,NA,NA,NA,NA,NA,NA,NA,NA,NA,NA,NA,NA,NA,NA,NA,NA,NA,NA,NA,NA,NA,NA,NA,NA,NA,NA,NA,NA,NA,NA,NA,NA,NA,NA,NA,NA,NA,NA,NA,NA,NA,NA,NA,NA,NA,NA,NA,NA,NA,NA,NA,NA,NA,NA,NA,NA,NA,NA,NA,NA,NA,NA,NA,NA,NA,NA,NA,NA,NA,NA,NA,"CA","Pacific spiny dogfish","pacific_spiny_dogfish",NA,NA,"700","total_catch_wt_kg ~ 0 + factor(year) + pass","delta_gamma","TRUE","iid, iid","08_7","range","0.831907935154162","0.134721689581997","0.605660306443064","1.14267156888136"
"233","233","233","233","233","233","233","233","233","233","233","233","233","233",NA,NA,NA,NA,NA,NA,NA,NA,NA,NA,NA,NA,NA,NA,NA,NA,NA,NA,NA,NA,NA,NA,NA,NA,NA,NA,NA,NA,NA,NA,NA,NA,NA,NA,NA,NA,NA,NA,NA,NA,NA,NA,NA,NA,NA,NA,NA,NA,NA,NA,NA,NA,NA,NA,NA,NA,NA,NA,NA,NA,NA,NA,NA,NA,NA,NA,NA,NA,NA,NA,NA,NA,NA,NA,NA,NA,NA,"CA","Pacific spiny dogfish","pacific_spiny_dogfish",NA,NA,"700","total_catch_wt_kg ~ 0 + factor(year) + pass","delta_gamma","TRUE","iid, iid","08_7","sigma_O","3.07194538752681","0.377785659350454","2.41397812402621","3.90925185693389"
"234","234","234","234","234","234","234","234","234","234","234","234","234","234",NA,NA,NA,NA,NA,NA,NA,NA,NA,NA,NA,NA,NA,NA,NA,NA,NA,NA,NA,NA,NA,NA,NA,NA,NA,NA,NA,NA,NA,NA,NA,NA,NA,NA,NA,NA,NA,NA,NA,NA,NA,NA,NA,NA,NA,NA,NA,NA,NA,NA,NA,NA,NA,NA,NA,NA,NA,NA,NA,NA,NA,NA,NA,NA,NA,NA,NA,NA,NA,NA,NA,NA,NA,NA,NA,NA,NA,"CA","Pacific spiny dogfish","pacific_spiny_dogfish",NA,NA,"700","total_catch_wt_kg ~ 0 + factor(year) + pass","delta_gamma","TRUE","iid, iid","08_7","sigma_E","0.715103382101142","0.0673332978363047","0.594594230189778","0.860036679012636"
"235","235","235","235","235","235","235","235","235","235","235","235","235",NA,NA,NA,NA,NA,NA,NA,NA,NA,NA,NA,NA,NA,NA,NA,NA,NA,NA,NA,NA,NA,NA,NA,NA,NA,NA,NA,NA,NA,NA,NA,NA,NA,NA,NA,NA,NA,NA,NA,NA,NA,NA,NA,NA,NA,NA,NA,NA,NA,NA,NA,NA,NA,NA,NA,NA,NA,NA,NA,NA,NA,NA,NA,NA,NA,NA,NA,NA,NA,NA,NA,NA,NA,NA,NA,NA,NA,NA,"CA","Pacific spiny dogfish","pacific_spiny_dogfish",NA,NA,"700","total_catch_wt_kg ~ 0 + factor(year) + pass","delta_gamma","TRUE","iid, iid","08_8","range","1.02484822248405","0.159411997196143","0.755540524471364","1.3901489663491"
"236","236","236","236","236","236","236","236","236","236","236","236","236",NA,NA,NA,NA,NA,NA,NA,NA,NA,NA,NA,NA,NA,NA,NA,NA,NA,NA,NA,NA,NA,NA,NA,NA,NA,NA,NA,NA,NA,NA,NA,NA,NA,NA,NA,NA,NA,NA,NA,NA,NA,NA,NA,NA,NA,NA,NA,NA,NA,NA,NA,NA,NA,NA,NA,NA,NA,NA,NA,NA,NA,NA,NA,NA,NA,NA,NA,NA,NA,NA,NA,NA,NA,NA,NA,NA,NA,NA,"CA","Pacific spiny dogfish","pacific_spiny_dogfish",NA,NA,"700","total_catch_wt_kg ~ 0 + factor(year) + pass","delta_gamma","TRUE","iid, iid","08_8","sigma_O","3.51403017204519","0.442369946044453","2.7456834376616","4.49738956817275"
"237","237","237","237","237","237","237","237","237","237","237","237","237",NA,NA,NA,NA,NA,NA,NA,NA,NA,NA,NA,NA,NA,NA,NA,NA,NA,NA,NA,NA,NA,NA,NA,NA,NA,NA,NA,NA,NA,NA,NA,NA,NA,NA,NA,NA,NA,NA,NA,NA,NA,NA,NA,NA,NA,NA,NA,NA,NA,NA,NA,NA,NA,NA,NA,NA,NA,NA,NA,NA,NA,NA,NA,NA,NA,NA,NA,NA,NA,NA,NA,NA,NA,NA,NA,NA,NA,NA,"CA","Pacific spiny dogfish","pacific_spiny_dogfish",NA,NA,"700","total_catch_wt_kg ~ 0 + factor(year) + pass","delta_gamma","TRUE","iid, iid","08_8","sigma_E","0.720310450796586","0.0640500088535856","0.605105179615102","0.857449519531152"
"238","238","238","238","238","238","238","238","238","238","238","238",NA,NA,NA,NA,NA,NA,NA,NA,NA,NA,NA,NA,NA,NA,NA,NA,NA,NA,NA,NA,NA,NA,NA,NA,NA,NA,NA,NA,NA,NA,NA,NA,NA,NA,NA,NA,NA,NA,NA,NA,NA,NA,NA,NA,NA,NA,NA,NA,NA,NA,NA,NA,NA,NA,NA,NA,NA,NA,NA,NA,NA,NA,NA,NA,NA,NA,NA,NA,NA,NA,NA,NA,NA,NA,NA,NA,NA,NA,NA,"CA","Pacific spiny dogfish","pacific_spiny_dogfish",NA,NA,"700","total_catch_wt_kg ~ 0 + factor(year) + pass","delta_gamma","TRUE","iid, iid","08_9","range","0.842319314139957","0.141739971878883","0.605678480862649","1.1714166003763"
"239","239","239","239","239","239","239","239","239","239","239","239",NA,NA,NA,NA,NA,NA,NA,NA,NA,NA,NA,NA,NA,NA,NA,NA,NA,NA,NA,NA,NA,NA,NA,NA,NA,NA,NA,NA,NA,NA,NA,NA,NA,NA,NA,NA,NA,NA,NA,NA,NA,NA,NA,NA,NA,NA,NA,NA,NA,NA,NA,NA,NA,NA,NA,NA,NA,NA,NA,NA,NA,NA,NA,NA,NA,NA,NA,NA,NA,NA,NA,NA,NA,NA,NA,NA,NA,NA,NA,"CA","Pacific spiny dogfish","pacific_spiny_dogfish",NA,NA,"700","total_catch_wt_kg ~ 0 + factor(year) + pass","delta_gamma","TRUE","iid, iid","08_9","sigma_O","3.02309254868032","0.365937832862422","2.38460040539341","3.83254508269645"
"240","240","240","240","240","240","240","240","240","240","240","240",NA,NA,NA,NA,NA,NA,NA,NA,NA,NA,NA,NA,NA,NA,NA,NA,NA,NA,NA,NA,NA,NA,NA,NA,NA,NA,NA,NA,NA,NA,NA,NA,NA,NA,NA,NA,NA,NA,NA,NA,NA,NA,NA,NA,NA,NA,NA,NA,NA,NA,NA,NA,NA,NA,NA,NA,NA,NA,NA,NA,NA,NA,NA,NA,NA,NA,NA,NA,NA,NA,NA,NA,NA,NA,NA,NA,NA,NA,NA,"CA","Pacific spiny dogfish","pacific_spiny_dogfish",NA,NA,"700","total_catch_wt_kg ~ 0 + factor(year) + pass","delta_gamma","TRUE","iid, iid","08_9","sigma_E","0.690286934233457","0.0647259394279498","0.574401121450197","0.829552787728565"
"241","241","241","241","241","241","241","241","241","241","241",NA,NA,NA,NA,NA,NA,NA,NA,NA,NA,NA,NA,NA,NA,NA,NA,NA,NA,NA,NA,NA,NA,NA,NA,NA,NA,NA,NA,NA,NA,NA,NA,NA,NA,NA,NA,NA,NA,NA,NA,NA,NA,NA,NA,NA,NA,NA,NA,NA,NA,NA,NA,NA,NA,NA,NA,NA,NA,NA,NA,NA,NA,NA,NA,NA,NA,NA,NA,NA,NA,NA,NA,NA,NA,NA,NA,NA,NA,NA,NA,"CA","Pacific spiny dogfish","pacific_spiny_dogfish",NA,NA,"700","total_catch_wt_kg ~ 0 + factor(year) + pass","delta_gamma","TRUE","iid, iid","09_1","range","0.948052484864662","0.142950227850994","0.70548150320097","1.27402846138408"
"242","242","242","242","242","242","242","242","242","242","242",NA,NA,NA,NA,NA,NA,NA,NA,NA,NA,NA,NA,NA,NA,NA,NA,NA,NA,NA,NA,NA,NA,NA,NA,NA,NA,NA,NA,NA,NA,NA,NA,NA,NA,NA,NA,NA,NA,NA,NA,NA,NA,NA,NA,NA,NA,NA,NA,NA,NA,NA,NA,NA,NA,NA,NA,NA,NA,NA,NA,NA,NA,NA,NA,NA,NA,NA,NA,NA,NA,NA,NA,NA,NA,NA,NA,NA,NA,NA,NA,"CA","Pacific spiny dogfish","pacific_spiny_dogfish",NA,NA,"700","total_catch_wt_kg ~ 0 + factor(year) + pass","delta_gamma","TRUE","iid, iid","09_1","sigma_O","3.30622818280698","0.402701573766052","2.60408831079712","4.19768590468466"
"243","243","243","243","243","243","243","243","243","243","243",NA,NA,NA,NA,NA,NA,NA,NA,NA,NA,NA,NA,NA,NA,NA,NA,NA,NA,NA,NA,NA,NA,NA,NA,NA,NA,NA,NA,NA,NA,NA,NA,NA,NA,NA,NA,NA,NA,NA,NA,NA,NA,NA,NA,NA,NA,NA,NA,NA,NA,NA,NA,NA,NA,NA,NA,NA,NA,NA,NA,NA,NA,NA,NA,NA,NA,NA,NA,NA,NA,NA,NA,NA,NA,NA,NA,NA,NA,NA,NA,"CA","Pacific spiny dogfish","pacific_spiny_dogfish",NA,NA,"700","total_catch_wt_kg ~ 0 + factor(year) + pass","delta_gamma","TRUE","iid, iid","09_1","sigma_E","0.692864628822524","0.0593056381585201","0.585854715162087","0.819420551630375"
"244","244","244","244","244","244","244","244","244","244",NA,NA,NA,NA,NA,NA,NA,NA,NA,NA,NA,NA,NA,NA,NA,NA,NA,NA,NA,NA,NA,NA,NA,NA,NA,NA,NA,NA,NA,NA,NA,NA,NA,NA,NA,NA,NA,NA,NA,NA,NA,NA,NA,NA,NA,NA,NA,NA,NA,NA,NA,NA,NA,NA,NA,NA,NA,NA,NA,NA,NA,NA,NA,NA,NA,NA,NA,NA,NA,NA,NA,NA,NA,NA,NA,NA,NA,NA,NA,NA,NA,"CA","Pacific spiny dogfish","pacific_spiny_dogfish",NA,NA,"700","total_catch_wt_kg ~ 0 + factor(year) + pass","delta_gamma","TRUE","iid, iid","09_10","range","0.852474345441745","0.139595006866286","0.618435962359159","1.17508125960872"
"245","245","245","245","245","245","245","245","245","245",NA,NA,NA,NA,NA,NA,NA,NA,NA,NA,NA,NA,NA,NA,NA,NA,NA,NA,NA,NA,NA,NA,NA,NA,NA,NA,NA,NA,NA,NA,NA,NA,NA,NA,NA,NA,NA,NA,NA,NA,NA,NA,NA,NA,NA,NA,NA,NA,NA,NA,NA,NA,NA,NA,NA,NA,NA,NA,NA,NA,NA,NA,NA,NA,NA,NA,NA,NA,NA,NA,NA,NA,NA,NA,NA,NA,NA,NA,NA,NA,NA,"CA","Pacific spiny dogfish","pacific_spiny_dogfish",NA,NA,"700","total_catch_wt_kg ~ 0 + factor(year) + pass","delta_gamma","TRUE","iid, iid","09_10","sigma_O","3.20323755728888","0.395626734149868","2.51454035688532","4.08055922440461"
"246","246","246","246","246","246","246","246","246","246",NA,NA,NA,NA,NA,NA,NA,NA,NA,NA,NA,NA,NA,NA,NA,NA,NA,NA,NA,NA,NA,NA,NA,NA,NA,NA,NA,NA,NA,NA,NA,NA,NA,NA,NA,NA,NA,NA,NA,NA,NA,NA,NA,NA,NA,NA,NA,NA,NA,NA,NA,NA,NA,NA,NA,NA,NA,NA,NA,NA,NA,NA,NA,NA,NA,NA,NA,NA,NA,NA,NA,NA,NA,NA,NA,NA,NA,NA,NA,NA,NA,"CA","Pacific spiny dogfish","pacific_spiny_dogfish",NA,NA,"700","total_catch_wt_kg ~ 0 + factor(year) + pass","delta_gamma","TRUE","iid, iid","09_10","sigma_E","0.741696279519531","0.0624110075930644","0.628927563598114","0.874684785487695"
"247","247","247","247","247","247","247","247","247",NA,NA,NA,NA,NA,NA,NA,NA,NA,NA,NA,NA,NA,NA,NA,NA,NA,NA,NA,NA,NA,NA,NA,NA,NA,NA,NA,NA,NA,NA,NA,NA,NA,NA,NA,NA,NA,NA,NA,NA,NA,NA,NA,NA,NA,NA,NA,NA,NA,NA,NA,NA,NA,NA,NA,NA,NA,NA,NA,NA,NA,NA,NA,NA,NA,NA,NA,NA,NA,NA,NA,NA,NA,NA,NA,NA,NA,NA,NA,NA,NA,NA,"CA","Pacific spiny dogfish","pacific_spiny_dogfish",NA,NA,"700","total_catch_wt_kg ~ 0 + factor(year) + pass","delta_gamma","TRUE","iid, iid","09_2","range","0.818462926727221","0.133372372780713","0.59469149628401","1.12643541502226"
"248","248","248","248","248","248","248","248","248",NA,NA,NA,NA,NA,NA,NA,NA,NA,NA,NA,NA,NA,NA,NA,NA,NA,NA,NA,NA,NA,NA,NA,NA,NA,NA,NA,NA,NA,NA,NA,NA,NA,NA,NA,NA,NA,NA,NA,NA,NA,NA,NA,NA,NA,NA,NA,NA,NA,NA,NA,NA,NA,NA,NA,NA,NA,NA,NA,NA,NA,NA,NA,NA,NA,NA,NA,NA,NA,NA,NA,NA,NA,NA,NA,NA,NA,NA,NA,NA,NA,NA,"CA","Pacific spiny dogfish","pacific_spiny_dogfish",NA,NA,"700","total_catch_wt_kg ~ 0 + factor(year) + pass","delta_gamma","TRUE","iid, iid","09_2","sigma_O","3.12837769219448","0.373304949929512","2.47597631846646","3.95268198327586"
"249","249","249","249","249","249","249","249","249",NA,NA,NA,NA,NA,NA,NA,NA,NA,NA,NA,NA,NA,NA,NA,NA,NA,NA,NA,NA,NA,NA,NA,NA,NA,NA,NA,NA,NA,NA,NA,NA,NA,NA,NA,NA,NA,NA,NA,NA,NA,NA,NA,NA,NA,NA,NA,NA,NA,NA,NA,NA,NA,NA,NA,NA,NA,NA,NA,NA,NA,NA,NA,NA,NA,NA,NA,NA,NA,NA,NA,NA,NA,NA,NA,NA,NA,NA,NA,NA,NA,NA,"CA","Pacific spiny dogfish","pacific_spiny_dogfish",NA,NA,"700","total_catch_wt_kg ~ 0 + factor(year) + pass","delta_gamma","TRUE","iid, iid","09_2","sigma_E","0.710390054747066","0.0627019268987939","0.597539128004865","0.844553948405922"
"250","250","250","250","250","250","250","250",NA,NA,NA,NA,NA,NA,NA,NA,NA,NA,NA,NA,NA,NA,NA,NA,NA,NA,NA,NA,NA,NA,NA,NA,NA,NA,NA,NA,NA,NA,NA,NA,NA,NA,NA,NA,NA,NA,NA,NA,NA,NA,NA,NA,NA,NA,NA,NA,NA,NA,NA,NA,NA,NA,NA,NA,NA,NA,NA,NA,NA,NA,NA,NA,NA,NA,NA,NA,NA,NA,NA,NA,NA,NA,NA,NA,NA,NA,NA,NA,NA,NA,NA,"CA","Pacific spiny dogfish","pacific_spiny_dogfish",NA,NA,"700","total_catch_wt_kg ~ 0 + factor(year) + pass","delta_gamma","TRUE","iid, iid","09_3","range","0.756727252908286","0.113803337633195","0.563544425239608","1.01613308489503"
"251","251","251","251","251","251","251","251",NA,NA,NA,NA,NA,NA,NA,NA,NA,NA,NA,NA,NA,NA,NA,NA,NA,NA,NA,NA,NA,NA,NA,NA,NA,NA,NA,NA,NA,NA,NA,NA,NA,NA,NA,NA,NA,NA,NA,NA,NA,NA,NA,NA,NA,NA,NA,NA,NA,NA,NA,NA,NA,NA,NA,NA,NA,NA,NA,NA,NA,NA,NA,NA,NA,NA,NA,NA,NA,NA,NA,NA,NA,NA,NA,NA,NA,NA,NA,NA,NA,NA,NA,"CA","Pacific spiny dogfish","pacific_spiny_dogfish",NA,NA,"700","total_catch_wt_kg ~ 0 + factor(year) + pass","delta_gamma","TRUE","iid, iid","09_3","sigma_O","3.05321231535023","0.34148220814621","2.4521982273287","3.80153012864762"
"252","252","252","252","252","252","252","252",NA,NA,NA,NA,NA,NA,NA,NA,NA,NA,NA,NA,NA,NA,NA,NA,NA,NA,NA,NA,NA,NA,NA,NA,NA,NA,NA,NA,NA,NA,NA,NA,NA,NA,NA,NA,NA,NA,NA,NA,NA,NA,NA,NA,NA,NA,NA,NA,NA,NA,NA,NA,NA,NA,NA,NA,NA,NA,NA,NA,NA,NA,NA,NA,NA,NA,NA,NA,NA,NA,NA,NA,NA,NA,NA,NA,NA,NA,NA,NA,NA,NA,NA,"CA","Pacific spiny dogfish","pacific_spiny_dogfish",NA,NA,"700","total_catch_wt_kg ~ 0 + factor(year) + pass","delta_gamma","TRUE","iid, iid","09_3","sigma_E","0.768221539768712","0.0621260035418566","0.65561652470618","0.900166960296033"
"253","253","253","253","253","253","253",NA,NA,NA,NA,NA,NA,NA,NA,NA,NA,NA,NA,NA,NA,NA,NA,NA,NA,NA,NA,NA,NA,NA,NA,NA,NA,NA,NA,NA,NA,NA,NA,NA,NA,NA,NA,NA,NA,NA,NA,NA,NA,NA,NA,NA,NA,NA,NA,NA,NA,NA,NA,NA,NA,NA,NA,NA,NA,NA,NA,NA,NA,NA,NA,NA,NA,NA,NA,NA,NA,NA,NA,NA,NA,NA,NA,NA,NA,NA,NA,NA,NA,NA,NA,"CA","Pacific spiny dogfish","pacific_spiny_dogfish",NA,NA,"700","total_catch_wt_kg ~ 0 + factor(year) + pass","delta_gamma","TRUE","iid, iid","09_4","range","0.814534807331908","0.1215383088275","0.607995303397369","1.09123696950929"
"254","254","254","254","254","254","254",NA,NA,NA,NA,NA,NA,NA,NA,NA,NA,NA,NA,NA,NA,NA,NA,NA,NA,NA,NA,NA,NA,NA,NA,NA,NA,NA,NA,NA,NA,NA,NA,NA,NA,NA,NA,NA,NA,NA,NA,NA,NA,NA,NA,NA,NA,NA,NA,NA,NA,NA,NA,NA,NA,NA,NA,NA,NA,NA,NA,NA,NA,NA,NA,NA,NA,NA,NA,NA,NA,NA,NA,NA,NA,NA,NA,NA,NA,NA,NA,NA,NA,NA,NA,"CA","Pacific spiny dogfish","pacific_spiny_dogfish",NA,NA,"700","total_catch_wt_kg ~ 0 + factor(year) + pass","delta_gamma","TRUE","iid, iid","09_4","sigma_O","3.21573873793343","0.363177110256836","2.57720096062605","4.01248322836791"
"255","255","255","255","255","255","255",NA,NA,NA,NA,NA,NA,NA,NA,NA,NA,NA,NA,NA,NA,NA,NA,NA,NA,NA,NA,NA,NA,NA,NA,NA,NA,NA,NA,NA,NA,NA,NA,NA,NA,NA,NA,NA,NA,NA,NA,NA,NA,NA,NA,NA,NA,NA,NA,NA,NA,NA,NA,NA,NA,NA,NA,NA,NA,NA,NA,NA,NA,NA,NA,NA,NA,NA,NA,NA,NA,NA,NA,NA,NA,NA,NA,NA,NA,NA,NA,NA,NA,NA,NA,"CA","Pacific spiny dogfish","pacific_spiny_dogfish",NA,NA,"700","total_catch_wt_kg ~ 0 + factor(year) + pass","delta_gamma","TRUE","iid, iid","09_4","sigma_E","0.758254537815206","0.0612449881431359","0.647235911733367","0.888315888680489"
"256","256","256","256","256","256",NA,NA,NA,NA,NA,NA,NA,NA,NA,NA,NA,NA,NA,NA,NA,NA,NA,NA,NA,NA,NA,NA,NA,NA,NA,NA,NA,NA,NA,NA,NA,NA,NA,NA,NA,NA,NA,NA,NA,NA,NA,NA,NA,NA,NA,NA,NA,NA,NA,NA,NA,NA,NA,NA,NA,NA,NA,NA,NA,NA,NA,NA,NA,NA,NA,NA,NA,NA,NA,NA,NA,NA,NA,NA,NA,NA,NA,NA,NA,NA,NA,NA,NA,NA,NA,"CA","Pacific spiny dogfish","pacific_spiny_dogfish",NA,NA,"700","total_catch_wt_kg ~ 0 + factor(year) + pass","delta_gamma","TRUE","iid, iid","09_5","range","0.957074379226935","0.157235579139031","0.693591431556387","1.32064977405672"
"257","257","257","257","257","257",NA,NA,NA,NA,NA,NA,NA,NA,NA,NA,NA,NA,NA,NA,NA,NA,NA,NA,NA,NA,NA,NA,NA,NA,NA,NA,NA,NA,NA,NA,NA,NA,NA,NA,NA,NA,NA,NA,NA,NA,NA,NA,NA,NA,NA,NA,NA,NA,NA,NA,NA,NA,NA,NA,NA,NA,NA,NA,NA,NA,NA,NA,NA,NA,NA,NA,NA,NA,NA,NA,NA,NA,NA,NA,NA,NA,NA,NA,NA,NA,NA,NA,NA,NA,NA,"CA","Pacific spiny dogfish","pacific_spiny_dogfish",NA,NA,"700","total_catch_wt_kg ~ 0 + factor(year) + pass","delta_gamma","TRUE","iid, iid","09_5","sigma_O","3.21230142111684","0.413614658520726","2.4958352621985","4.13443971098465"
"258","258","258","258","258","258",NA,NA,NA,NA,NA,NA,NA,NA,NA,NA,NA,NA,NA,NA,NA,NA,NA,NA,NA,NA,NA,NA,NA,NA,NA,NA,NA,NA,NA,NA,NA,NA,NA,NA,NA,NA,NA,NA,NA,NA,NA,NA,NA,NA,NA,NA,NA,NA,NA,NA,NA,NA,NA,NA,NA,NA,NA,NA,NA,NA,NA,NA,NA,NA,NA,NA,NA,NA,NA,NA,NA,NA,NA,NA,NA,NA,NA,NA,NA,NA,NA,NA,NA,NA,NA,"CA","Pacific spiny dogfish","pacific_spiny_dogfish",NA,NA,"700","total_catch_wt_kg ~ 0 + factor(year) + pass","delta_gamma","TRUE","iid, iid","09_5","sigma_E","0.681338061018932","0.0610125414304821","0.571661775175122","0.812056312932291"
"259","259","259","259","259",NA,NA,NA,NA,NA,NA,NA,NA,NA,NA,NA,NA,NA,NA,NA,NA,NA,NA,NA,NA,NA,NA,NA,NA,NA,NA,NA,NA,NA,NA,NA,NA,NA,NA,NA,NA,NA,NA,NA,NA,NA,NA,NA,NA,NA,NA,NA,NA,NA,NA,NA,NA,NA,NA,NA,NA,NA,NA,NA,NA,NA,NA,NA,NA,NA,NA,NA,NA,NA,NA,NA,NA,NA,NA,NA,NA,NA,NA,NA,NA,NA,NA,NA,NA,NA,NA,"CA","Pacific spiny dogfish","pacific_spiny_dogfish",NA,NA,"700","total_catch_wt_kg ~ 0 + factor(year) + pass","delta_gamma","TRUE","iid, iid","09_6","range","0.822134074084887","0.125702765990037","0.609249975674895","1.10940412434598"
"260","260","260","260","260",NA,NA,NA,NA,NA,NA,NA,NA,NA,NA,NA,NA,NA,NA,NA,NA,NA,NA,NA,NA,NA,NA,NA,NA,NA,NA,NA,NA,NA,NA,NA,NA,NA,NA,NA,NA,NA,NA,NA,NA,NA,NA,NA,NA,NA,NA,NA,NA,NA,NA,NA,NA,NA,NA,NA,NA,NA,NA,NA,NA,NA,NA,NA,NA,NA,NA,NA,NA,NA,NA,NA,NA,NA,NA,NA,NA,NA,NA,NA,NA,NA,NA,NA,NA,NA,NA,"CA","Pacific spiny dogfish","pacific_spiny_dogfish",NA,NA,"700","total_catch_wt_kg ~ 0 + factor(year) + pass","delta_gamma","TRUE","iid, iid","09_6","sigma_O","3.11098402511552","0.358468708815646","2.48208447384031","3.89923135434213"
"261","261","261","261","261",NA,NA,NA,NA,NA,NA,NA,NA,NA,NA,NA,NA,NA,NA,NA,NA,NA,NA,NA,NA,NA,NA,NA,NA,NA,NA,NA,NA,NA,NA,NA,NA,NA,NA,NA,NA,NA,NA,NA,NA,NA,NA,NA,NA,NA,NA,NA,NA,NA,NA,NA,NA,NA,NA,NA,NA,NA,NA,NA,NA,NA,NA,NA,NA,NA,NA,NA,NA,NA,NA,NA,NA,NA,NA,NA,NA,NA,NA,NA,NA,NA,NA,NA,NA,NA,NA,"CA","Pacific spiny dogfish","pacific_spiny_dogfish",NA,NA,"700","total_catch_wt_kg ~ 0 + factor(year) + pass","delta_gamma","TRUE","iid, iid","09_6","sigma_E","0.744673493503382","0.0631170444383908","0.630695519006012","0.879249329058966"
"262","262","262","262",NA,NA,NA,NA,NA,NA,NA,NA,NA,NA,NA,NA,NA,NA,NA,NA,NA,NA,NA,NA,NA,NA,NA,NA,NA,NA,NA,NA,NA,NA,NA,NA,NA,NA,NA,NA,NA,NA,NA,NA,NA,NA,NA,NA,NA,NA,NA,NA,NA,NA,NA,NA,NA,NA,NA,NA,NA,NA,NA,NA,NA,NA,NA,NA,NA,NA,NA,NA,NA,NA,NA,NA,NA,NA,NA,NA,NA,NA,NA,NA,NA,NA,NA,NA,NA,NA,NA,"CA","Pacific spiny dogfish","pacific_spiny_dogfish",NA,NA,"700","total_catch_wt_kg ~ 0 + factor(year) + pass","delta_gamma","TRUE","iid, iid","09_7","range","0.956487653029933","0.147563794097221","0.70690128581274","1.29419573674543"
"263","263","263","263",NA,NA,NA,NA,NA,NA,NA,NA,NA,NA,NA,NA,NA,NA,NA,NA,NA,NA,NA,NA,NA,NA,NA,NA,NA,NA,NA,NA,NA,NA,NA,NA,NA,NA,NA,NA,NA,NA,NA,NA,NA,NA,NA,NA,NA,NA,NA,NA,NA,NA,NA,NA,NA,NA,NA,NA,NA,NA,NA,NA,NA,NA,NA,NA,NA,NA,NA,NA,NA,NA,NA,NA,NA,NA,NA,NA,NA,NA,NA,NA,NA,NA,NA,NA,NA,NA,NA,"CA","Pacific spiny dogfish","pacific_spiny_dogfish",NA,NA,"700","total_catch_wt_kg ~ 0 + factor(year) + pass","delta_gamma","TRUE","iid, iid","09_7","sigma_O","3.40274825519404","0.423312389991228","2.66647624887526","4.34232095377187"
"264","264","264","264",NA,NA,NA,NA,NA,NA,NA,NA,NA,NA,NA,NA,NA,NA,NA,NA,NA,NA,NA,NA,NA,NA,NA,NA,NA,NA,NA,NA,NA,NA,NA,NA,NA,NA,NA,NA,NA,NA,NA,NA,NA,NA,NA,NA,NA,NA,NA,NA,NA,NA,NA,NA,NA,NA,NA,NA,NA,NA,NA,NA,NA,NA,NA,NA,NA,NA,NA,NA,NA,NA,NA,NA,NA,NA,NA,NA,NA,NA,NA,NA,NA,NA,NA,NA,NA,NA,NA,"CA","Pacific spiny dogfish","pacific_spiny_dogfish",NA,NA,"700","total_catch_wt_kg ~ 0 + factor(year) + pass","delta_gamma","TRUE","iid, iid","09_7","sigma_E","0.707197482147162","0.0590256823922336","0.600476253656557","0.832886022902305"
"265","265","265",NA,NA,NA,NA,NA,NA,NA,NA,NA,NA,NA,NA,NA,NA,NA,NA,NA,NA,NA,NA,NA,NA,NA,NA,NA,NA,NA,NA,NA,NA,NA,NA,NA,NA,NA,NA,NA,NA,NA,NA,NA,NA,NA,NA,NA,NA,NA,NA,NA,NA,NA,NA,NA,NA,NA,NA,NA,NA,NA,NA,NA,NA,NA,NA,NA,NA,NA,NA,NA,NA,NA,NA,NA,NA,NA,NA,NA,NA,NA,NA,NA,NA,NA,NA,NA,NA,NA,NA,"CA","Pacific spiny dogfish","pacific_spiny_dogfish",NA,NA,"700","total_catch_wt_kg ~ 0 + factor(year) + pass","delta_gamma","TRUE","iid, iid","09_8","range","0.719723712145431","0.099496714421585","0.548899981708393","0.943709672228758"
"266","266","266",NA,NA,NA,NA,NA,NA,NA,NA,NA,NA,NA,NA,NA,NA,NA,NA,NA,NA,NA,NA,NA,NA,NA,NA,NA,NA,NA,NA,NA,NA,NA,NA,NA,NA,NA,NA,NA,NA,NA,NA,NA,NA,NA,NA,NA,NA,NA,NA,NA,NA,NA,NA,NA,NA,NA,NA,NA,NA,NA,NA,NA,NA,NA,NA,NA,NA,NA,NA,NA,NA,NA,NA,NA,NA,NA,NA,NA,NA,NA,NA,NA,NA,NA,NA,NA,NA,NA,NA,"CA","Pacific spiny dogfish","pacific_spiny_dogfish",NA,NA,"700","total_catch_wt_kg ~ 0 + factor(year) + pass","delta_gamma","TRUE","iid, iid","09_8","sigma_O","3.02216698387886","0.309569177082948","2.47244965353995","3.69410688115347"
"267","267","267",NA,NA,NA,NA,NA,NA,NA,NA,NA,NA,NA,NA,NA,NA,NA,NA,NA,NA,NA,NA,NA,NA,NA,NA,NA,NA,NA,NA,NA,NA,NA,NA,NA,NA,NA,NA,NA,NA,NA,NA,NA,NA,NA,NA,NA,NA,NA,NA,NA,NA,NA,NA,NA,NA,NA,NA,NA,NA,NA,NA,NA,NA,NA,NA,NA,NA,NA,NA,NA,NA,NA,NA,NA,NA,NA,NA,NA,NA,NA,NA,NA,NA,NA,NA,NA,NA,NA,NA,"CA","Pacific spiny dogfish","pacific_spiny_dogfish",NA,NA,"700","total_catch_wt_kg ~ 0 + factor(year) + pass","delta_gamma","TRUE","iid, iid","09_8","sigma_E","0.786782691799014","0.0636721257973033","0.671381598743087","0.922019616375248"
"268","268",NA,NA,NA,NA,NA,NA,NA,NA,NA,NA,NA,NA,NA,NA,NA,NA,NA,NA,NA,NA,NA,NA,NA,NA,NA,NA,NA,NA,NA,NA,NA,NA,NA,NA,NA,NA,NA,NA,NA,NA,NA,NA,NA,NA,NA,NA,NA,NA,NA,NA,NA,NA,NA,NA,NA,NA,NA,NA,NA,NA,NA,NA,NA,NA,NA,NA,NA,NA,NA,NA,NA,NA,NA,NA,NA,NA,NA,NA,NA,NA,NA,NA,NA,NA,NA,NA,NA,NA,NA,"CA","Pacific spiny dogfish","pacific_spiny_dogfish",NA,NA,"700","total_catch_wt_kg ~ 0 + factor(year) + pass","delta_gamma","TRUE","iid, iid","09_9","range","1.01890202588835","0.166387437725138","0.739827717654987","1.40324742312984"
"269","269",NA,NA,NA,NA,NA,NA,NA,NA,NA,NA,NA,NA,NA,NA,NA,NA,NA,NA,NA,NA,NA,NA,NA,NA,NA,NA,NA,NA,NA,NA,NA,NA,NA,NA,NA,NA,NA,NA,NA,NA,NA,NA,NA,NA,NA,NA,NA,NA,NA,NA,NA,NA,NA,NA,NA,NA,NA,NA,NA,NA,NA,NA,NA,NA,NA,NA,NA,NA,NA,NA,NA,NA,NA,NA,NA,NA,NA,NA,NA,NA,NA,NA,NA,NA,NA,NA,NA,NA,NA,"CA","Pacific spiny dogfish","pacific_spiny_dogfish",NA,NA,"700","total_catch_wt_kg ~ 0 + factor(year) + pass","delta_gamma","TRUE","iid, iid","09_9","sigma_O","3.37367804832255","0.447063763030896","2.60199499474413","4.3742219322957"
"270","270",NA,NA,NA,NA,NA,NA,NA,NA,NA,NA,NA,NA,NA,NA,NA,NA,NA,NA,NA,NA,NA,NA,NA,NA,NA,NA,NA,NA,NA,NA,NA,NA,NA,NA,NA,NA,NA,NA,NA,NA,NA,NA,NA,NA,NA,NA,NA,NA,NA,NA,NA,NA,NA,NA,NA,NA,NA,NA,NA,NA,NA,NA,NA,NA,NA,NA,NA,NA,NA,NA,NA,NA,NA,NA,NA,NA,NA,NA,NA,NA,NA,NA,NA,NA,NA,NA,NA,NA,NA,"CA","Pacific spiny dogfish","pacific_spiny_dogfish",NA,NA,"700","total_catch_wt_kg ~ 0 + factor(year) + pass","delta_gamma","TRUE","iid, iid","09_9","sigma_E","0.681362821333427","0.0586488959594024","0.575586396558387","0.806577947413936"
"271",NA,NA,NA,NA,NA,NA,NA,NA,NA,NA,NA,NA,NA,NA,NA,NA,NA,NA,NA,NA,NA,NA,NA,NA,NA,NA,NA,NA,NA,NA,NA,NA,NA,NA,NA,NA,NA,NA,NA,NA,NA,NA,NA,NA,NA,NA,NA,NA,NA,NA,NA,NA,NA,NA,NA,NA,NA,NA,NA,NA,NA,NA,NA,NA,NA,NA,NA,NA,NA,NA,NA,NA,NA,NA,NA,NA,NA,NA,NA,NA,NA,NA,NA,NA,NA,NA,NA,NA,NA,NA,"CA","Pacific spiny dogfish","pacific_spiny_dogfish",NA,NA,"700","total_catch_wt_kg ~ 0 + factor(year) + pass","delta_gamma","TRUE","iid, iid","1_1","range","0.900014278823498","0.132018556168645","0.6751354888393","1.19979724881414"
"272",NA,NA,NA,NA,NA,NA,NA,NA,NA,NA,NA,NA,NA,NA,NA,NA,NA,NA,NA,NA,NA,NA,NA,NA,NA,NA,NA,NA,NA,NA,NA,NA,NA,NA,NA,NA,NA,NA,NA,NA,NA,NA,NA,NA,NA,NA,NA,NA,NA,NA,NA,NA,NA,NA,NA,NA,NA,NA,NA,NA,NA,NA,NA,NA,NA,NA,NA,NA,NA,NA,NA,NA,NA,NA,NA,NA,NA,NA,NA,NA,NA,NA,NA,NA,NA,NA,NA,NA,NA,NA,"CA","Pacific spiny dogfish","pacific_spiny_dogfish",NA,NA,"700","total_catch_wt_kg ~ 0 + factor(year) + pass","delta_gamma","TRUE","iid, iid","1_1","sigma_O","3.46153791416548","0.405030573573051","2.75214288901815","4.35378729026671"
"273",NA,NA,NA,NA,NA,NA,NA,NA,NA,NA,NA,NA,NA,NA,NA,NA,NA,NA,NA,NA,NA,NA,NA,NA,NA,NA,NA,NA,NA,NA,NA,NA,NA,NA,NA,NA,NA,NA,NA,NA,NA,NA,NA,NA,NA,NA,NA,NA,NA,NA,NA,NA,NA,NA,NA,NA,NA,NA,NA,NA,NA,NA,NA,NA,NA,NA,NA,NA,NA,NA,NA,NA,NA,NA,NA,NA,NA,NA,NA,NA,NA,NA,NA,NA,NA,NA,NA,NA,NA,NA,"CA","Pacific spiny dogfish","pacific_spiny_dogfish",NA,NA,"700","total_catch_wt_kg ~ 0 + factor(year) + pass","delta_gamma","TRUE","iid, iid","1_1","sigma_E","0.729594569837823","0.0577546598962155","0.624741754351048","0.85204523729933"
