"","X.60","X.59","X.58","X.57","X.56","X.55","X.54","X.53","X.52","X.51","X.50","X.49","X.48","X.47","X.46","X.45","X.44","X.43","X.42","X.41","X.40","X.39","X.38","X.37","X.36","X.35","X.34","X.33","X.32","X.31","X.30","X.29","X.28","X.27","X.26","X.25","X.24","X.23","X.22","X.21","X.20","X.19","X.18","X.17","X.16","X.15","X.14","X.13","X.12","X.11","X.10","X.9","X.8","X.7","X.6","X.5","X.4","X.3","X.2","X.1","X","srvy","common_name","file_name","filter_lat_gt","filter_lat_lt","filter_depth","model_fn","model_family","model_anisotropy","model_spatiotemporal","effort","term","estimate","std.error","conf.low","conf.high"
"1","1","1","1","1","1","1","1","1","1","1","1","1","1","1","1","1","1","1","1","1","1","1","1","1","1","1","1","1","1","1","1","1","1","1","1","1","1","1","1","1","1","1","1","1","1","1","1","1","1","1","1","1","1","1","1","1","1","1","1","1","1","CA","rex sole","rex_sole",NA,NA,"700","total_catch_wt_kg ~ 0 + factor(year) + pass","delta_gamma","TRUE","iid, iid","01_1","factor(year)2003","1.63461338790053","0.876074556219458","-0.0824611900615213","3.35168796586257"
"2","2","2","2","2","2","2","2","2","2","2","2","2","2","2","2","2","2","2","2","2","2","2","2","2","2","2","2","2","2","2","2","2","2","2","2","2","2","2","2","2","2","2","2","2","2","2","2","2","2","2","2","2","2","2","2","2","2","2","2","2","2","CA","rex sole","rex_sole",NA,NA,"700","total_catch_wt_kg ~ 0 + factor(year) + pass","delta_gamma","TRUE","iid, iid","01_1","factor(year)2004","0.912193600674698","0.882367954418764","-0.81721581109836","2.64160301244776"
"3","3","3","3","3","3","3","3","3","3","3","3","3","3","3","3","3","3","3","3","3","3","3","3","3","3","3","3","3","3","3","3","3","3","3","3","3","3","3","3","3","3","3","3","3","3","3","3","3","3","3","3","3","3","3","3","3","3","3","3","3","3","CA","rex sole","rex_sole",NA,NA,"700","total_catch_wt_kg ~ 0 + factor(year) + pass","delta_gamma","TRUE","iid, iid","01_1","factor(year)2005","1.85028837192908","0.838284103666759","0.207281719929793","3.49329502392837"
"4","4","4","4","4","4","4","4","4","4","4","4","4","4","4","4","4","4","4","4","4","4","4","4","4","4","4","4","4","4","4","4","4","4","4","4","4","4","4","4","4","4","4","4","4","4","4","4","4","4","4","4","4","4","4","4","4","4","4","4","4","4","CA","rex sole","rex_sole",NA,NA,"700","total_catch_wt_kg ~ 0 + factor(year) + pass","delta_gamma","TRUE","iid, iid","01_1","factor(year)2006","1.65266830771997","0.821815050975006","0.0419404058560138","3.26339620958393"
"5","5","5","5","5","5","5","5","5","5","5","5","5","5","5","5","5","5","5","5","5","5","5","5","5","5","5","5","5","5","5","5","5","5","5","5","5","5","5","5","5","5","5","5","5","5","5","5","5","5","5","5","5","5","5","5","5","5","5","5","5","5","CA","rex sole","rex_sole",NA,NA,"700","total_catch_wt_kg ~ 0 + factor(year) + pass","delta_gamma","TRUE","iid, iid","01_1","factor(year)2007","1.40992765306936","0.797620139724418","-0.153379094134303","2.97323440027303"
"6","6","6","6","6","6","6","6","6","6","6","6","6","6","6","6","6","6","6","6","6","6","6","6","6","6","6","6","6","6","6","6","6","6","6","6","6","6","6","6","6","6","6","6","6","6","6","6","6","6","6","6","6","6","6","6","6","6","6","6","6","6","CA","rex sole","rex_sole",NA,NA,"700","total_catch_wt_kg ~ 0 + factor(year) + pass","delta_gamma","TRUE","iid, iid","01_1","factor(year)2008","-0.380394456650687","0.764628858895892","-1.87903948162659","1.11825056832522"
"7","7","7","7","7","7","7","7","7","7","7","7","7","7","7","7","7","7","7","7","7","7","7","7","7","7","7","7","7","7","7","7","7","7","7","7","7","7","7","7","7","7","7","7","7","7","7","7","7","7","7","7","7","7","7","7","7","7","7","7","7","7","CA","rex sole","rex_sole",NA,NA,"700","total_catch_wt_kg ~ 0 + factor(year) + pass","delta_gamma","TRUE","iid, iid","01_1","factor(year)2009","1.05180880133082","0.793398002792216","-0.503222709547938","2.60684031220957"
"8","8","8","8","8","8","8","8","8","8","8","8","8","8","8","8","8","8","8","8","8","8","8","8","8","8","8","8","8","8","8","8","8","8","8","8","8","8","8","8","8","8","8","8","8","8","8","8","8","8","8","8","8","8","8","8","8","8","8","8","8","8","CA","rex sole","rex_sole",NA,NA,"700","total_catch_wt_kg ~ 0 + factor(year) + pass","delta_gamma","TRUE","iid, iid","01_1","factor(year)2010","0.496955645264689","0.769909072432492","-1.01203840807364","2.00594969860301"
"9","9","9","9","9","9","9","9","9","9","9","9","9","9","9","9","9","9","9","9","9","9","9","9","9","9","9","9","9","9","9","9","9","9","9","9","9","9","9","9","9","9","9","9","9","9","9","9","9","9","9","9","9","9","9","9","9","9","9","9","9","9","CA","rex sole","rex_sole",NA,NA,"700","total_catch_wt_kg ~ 0 + factor(year) + pass","delta_gamma","TRUE","iid, iid","01_1","factor(year)2011","0.834598516231773","0.781404115645636","-0.696925407805045","2.36612244026859"
"10","10","10","10","10","10","10","10","10","10","10","10","10","10","10","10","10","10","10","10","10","10","10","10","10","10","10","10","10","10","10","10","10","10","10","10","10","10","10","10","10","10","10","10","10","10","10","10","10","10","10","10","10","10","10","10","10","10","10","10","10","10","CA","rex sole","rex_sole",NA,NA,"700","total_catch_wt_kg ~ 0 + factor(year) + pass","delta_gamma","TRUE","iid, iid","01_1","factor(year)2012","2.20076291053931","0.823965285833343","0.585820625794705","3.81570519528391"
"11","11","11","11","11","11","11","11","11","11","11","11","11","11","11","11","11","11","11","11","11","11","11","11","11","11","11","11","11","11","11","11","11","11","11","11","11","11","11","11","11","11","11","11","11","11","11","11","11","11","11","11","11","11","11","11","11","11","11","11","11","11","CA","rex sole","rex_sole",NA,NA,"700","total_catch_wt_kg ~ 0 + factor(year) + pass","delta_gamma","TRUE","iid, iid","01_1","factor(year)2013","1.14423224670481","0.848892017438562","-0.519565534238321","2.80803002764794"
"12","12","12","12","12","12","12","12","12","12","12","12","12","12","12","12","12","12","12","12","12","12","12","12","12","12","12","12","12","12","12","12","12","12","12","12","12","12","12","12","12","12","12","12","12","12","12","12","12","12","12","12","12","12","12","12","12","12","12","12","12","12","CA","rex sole","rex_sole",NA,NA,"700","total_catch_wt_kg ~ 0 + factor(year) + pass","delta_gamma","TRUE","iid, iid","01_1","factor(year)2014","1.13086766460009","0.767506872839061","-0.37341816405143","2.63515349325162"
"13","13","13","13","13","13","13","13","13","13","13","13","13","13","13","13","13","13","13","13","13","13","13","13","13","13","13","13","13","13","13","13","13","13","13","13","13","13","13","13","13","13","13","13","13","13","13","13","13","13","13","13","13","13","13","13","13","13","13","13","13","13","CA","rex sole","rex_sole",NA,NA,"700","total_catch_wt_kg ~ 0 + factor(year) + pass","delta_gamma","TRUE","iid, iid","01_1","factor(year)2015","0.617187999173607","0.770492330146735","-0.892949218278338","2.12732521662555"
"14","14","14","14","14","14","14","14","14","14","14","14","14","14","14","14","14","14","14","14","14","14","14","14","14","14","14","14","14","14","14","14","14","14","14","14","14","14","14","14","14","14","14","14","14","14","14","14","14","14","14","14","14","14","14","14","14","14","14","14","14","14","CA","rex sole","rex_sole",NA,NA,"700","total_catch_wt_kg ~ 0 + factor(year) + pass","delta_gamma","TRUE","iid, iid","01_1","factor(year)2016","0.862346747332192","0.783533809182131","-0.673351299334263","2.39804479399865"
"15","15","15","15","15","15","15","15","15","15","15","15","15","15","15","15","15","15","15","15","15","15","15","15","15","15","15","15","15","15","15","15","15","15","15","15","15","15","15","15","15","15","15","15","15","15","15","15","15","15","15","15","15","15","15","15","15","15","15","15","15","15","CA","rex sole","rex_sole",NA,NA,"700","total_catch_wt_kg ~ 0 + factor(year) + pass","delta_gamma","TRUE","iid, iid","01_1","factor(year)2017","1.11421249158362","0.792248419141663","-0.43856587674283","2.66699085991007"
"16","16","16","16","16","16","16","16","16","16","16","16","16","16","16","16","16","16","16","16","16","16","16","16","16","16","16","16","16","16","16","16","16","16","16","16","16","16","16","16","16","16","16","16","16","16","16","16","16","16","16","16","16","16","16","16","16","16","16","16","16","16","CA","rex sole","rex_sole",NA,NA,"700","total_catch_wt_kg ~ 0 + factor(year) + pass","delta_gamma","TRUE","iid, iid","01_1","factor(year)2018","0.929488785847591","0.783979729162634","-0.607083247920637","2.46606081961582"
"17","17","17","17","17","17","17","17","17","17","17","17","17","17","17","17","17","17","17","17","17","17","17","17","17","17","17","17","17","17","17","17","17","17","17","17","17","17","17","17","17","17","17","17","17","17","17","17","17","17","17","17","17","17","17","17","17","17","17","17","17","17","CA","rex sole","rex_sole",NA,NA,"700","total_catch_wt_kg ~ 0 + factor(year) + pass","delta_gamma","TRUE","iid, iid","01_1","factor(year)2019","0.628368153285303","0.931898262466464","-1.19811887840442","2.45485518497503"
"18","18","18","18","18","18","18","18","18","18","18","18","18","18","18","18","18","18","18","18","18","18","18","18","18","18","18","18","18","18","18","18","18","18","18","18","18","18","18","18","18","18","18","18","18","18","18","18","18","18","18","18","18","18","18","18","18","18","18","18","18","18","CA","rex sole","rex_sole",NA,NA,"700","total_catch_wt_kg ~ 0 + factor(year) + pass","delta_gamma","TRUE","iid, iid","01_1","factor(year)2021","0.893927121104549","0.782963858293034","-0.64065384234632","2.42850808455542"
"19","19","19","19","19","19","19","19","19","19","19","19","19","19","19","19","19","19","19","19","19","19","19","19","19","19","19","19","19","19","19","19","19","19","19","19","19","19","19","19","19","19","19","19","19","19","19","19","19","19","19","19","19","19","19","19","19","19","19","19","19","19","CA","rex sole","rex_sole",NA,NA,"700","total_catch_wt_kg ~ 0 + factor(year) + pass","delta_gamma","TRUE","iid, iid","01_1","factor(year)2022","0.670244390291146","0.785219681810603","-0.868757906009636","2.20924668659193"
"20","20","20","20","20","20","20","20","20","20","20","20","20","20","20","20","20","20","20","20","20","20","20","20","20","20","20","20","20","20","20","20","20","20","20","20","20","20","20","20","20","20","20","20","20","20","20","20","20","20","20","20","20","20","20","20","20","20","20","20","20","20","CA","rex sole","rex_sole",NA,NA,"700","total_catch_wt_kg ~ 0 + factor(year) + pass","delta_gamma","TRUE","iid, iid","01_1","factor(year)2023","0.859333631419333","0.803279501506965","-0.715065261053606","2.43373252389227"
"21","21","21","21","21","21","21","21","21","21","21","21","21","21","21","21","21","21","21","21","21","21","21","21","21","21","21","21","21","21","21","21","21","21","21","21","21","21","21","21","21","21","21","21","21","21","21","21","21","21","21","21","21","21","21","21","21","21","21","21","21","21","CA","rex sole","rex_sole",NA,NA,"700","total_catch_wt_kg ~ 0 + factor(year) + pass","delta_gamma","TRUE","iid, iid","01_1","factor(year)2024","0.353405378404017","0.785305992203255","-1.18576608315785","1.89257683996589"
"22","22","22","22","22","22","22","22","22","22","22","22","22","22","22","22","22","22","22","22","22","22","22","22","22","22","22","22","22","22","22","22","22","22","22","22","22","22","22","22","22","22","22","22","22","22","22","22","22","22","22","22","22","22","22","22","22","22","22","22","22","22","CA","rex sole","rex_sole",NA,NA,"700","total_catch_wt_kg ~ 0 + factor(year) + pass","delta_gamma","TRUE","iid, iid","01_1","pass","0.107381699091624","0.198216448816155","-0.281115401731466","0.495878799914714"
"23","23","23","23","23","23","23","23","23","23","23","23","23","23","23","23","23","23","23","23","23","23","23","23","23","23","23","23","23","23","23","23","23","23","23","23","23","23","23","23","23","23","23","23","23","23","23","23","23","23","23","23","23","23","23","23","23","23","23","23","23",NA,"CA","rex sole","rex_sole",NA,NA,"700","total_catch_wt_kg ~ 0 + factor(year) + pass","delta_gamma","TRUE","iid, iid","01_10","factor(year)2003","0.762235345522101","0.779662447865111","-0.765874972391855","2.29034566343606"
"24","24","24","24","24","24","24","24","24","24","24","24","24","24","24","24","24","24","24","24","24","24","24","24","24","24","24","24","24","24","24","24","24","24","24","24","24","24","24","24","24","24","24","24","24","24","24","24","24","24","24","24","24","24","24","24","24","24","24","24","24",NA,"CA","rex sole","rex_sole",NA,NA,"700","total_catch_wt_kg ~ 0 + factor(year) + pass","delta_gamma","TRUE","iid, iid","01_10","factor(year)2004","2.92588003857061","0.935859471409953","1.09162918001641","4.76013089712481"
"25","25","25","25","25","25","25","25","25","25","25","25","25","25","25","25","25","25","25","25","25","25","25","25","25","25","25","25","25","25","25","25","25","25","25","25","25","25","25","25","25","25","25","25","25","25","25","25","25","25","25","25","25","25","25","25","25","25","25","25","25",NA,"CA","rex sole","rex_sole",NA,NA,"700","total_catch_wt_kg ~ 0 + factor(year) + pass","delta_gamma","TRUE","iid, iid","01_10","factor(year)2005","1.08375627774353","0.747861081001745","-0.382024506459082","2.54953706194614"
"26","26","26","26","26","26","26","26","26","26","26","26","26","26","26","26","26","26","26","26","26","26","26","26","26","26","26","26","26","26","26","26","26","26","26","26","26","26","26","26","26","26","26","26","26","26","26","26","26","26","26","26","26","26","26","26","26","26","26","26","26",NA,"CA","rex sole","rex_sole",NA,NA,"700","total_catch_wt_kg ~ 0 + factor(year) + pass","delta_gamma","TRUE","iid, iid","01_10","factor(year)2006","2.06707119419392","0.801526326337632","0.496108461911462","3.63803392647637"
"27","27","27","27","27","27","27","27","27","27","27","27","27","27","27","27","27","27","27","27","27","27","27","27","27","27","27","27","27","27","27","27","27","27","27","27","27","27","27","27","27","27","27","27","27","27","27","27","27","27","27","27","27","27","27","27","27","27","27","27","27",NA,"CA","rex sole","rex_sole",NA,NA,"700","total_catch_wt_kg ~ 0 + factor(year) + pass","delta_gamma","TRUE","iid, iid","01_10","factor(year)2007","1.34260070878625","0.751411160454765","-0.130138103286534","2.81533952085904"
"28","28","28","28","28","28","28","28","28","28","28","28","28","28","28","28","28","28","28","28","28","28","28","28","28","28","28","28","28","28","28","28","28","28","28","28","28","28","28","28","28","28","28","28","28","28","28","28","28","28","28","28","28","28","28","28","28","28","28","28","28",NA,"CA","rex sole","rex_sole",NA,NA,"700","total_catch_wt_kg ~ 0 + factor(year) + pass","delta_gamma","TRUE","iid, iid","01_10","factor(year)2008","1.22105934081915","0.751299173896576","-0.251459981632834","2.69357866327113"
"29","29","29","29","29","29","29","29","29","29","29","29","29","29","29","29","29","29","29","29","29","29","29","29","29","29","29","29","29","29","29","29","29","29","29","29","29","29","29","29","29","29","29","29","29","29","29","29","29","29","29","29","29","29","29","29","29","29","29","29","29",NA,"CA","rex sole","rex_sole",NA,NA,"700","total_catch_wt_kg ~ 0 + factor(year) + pass","delta_gamma","TRUE","iid, iid","01_10","factor(year)2009","1.16651958268861","0.761616834212619","-0.326221982387535","2.65926114776476"
"30","30","30","30","30","30","30","30","30","30","30","30","30","30","30","30","30","30","30","30","30","30","30","30","30","30","30","30","30","30","30","30","30","30","30","30","30","30","30","30","30","30","30","30","30","30","30","30","30","30","30","30","30","30","30","30","30","30","30","30","30",NA,"CA","rex sole","rex_sole",NA,NA,"700","total_catch_wt_kg ~ 0 + factor(year) + pass","delta_gamma","TRUE","iid, iid","01_10","factor(year)2010","0.785860047056601","0.71895916372268","-0.623274020194888","2.19499411430809"
"31","31","31","31","31","31","31","31","31","31","31","31","31","31","31","31","31","31","31","31","31","31","31","31","31","31","31","31","31","31","31","31","31","31","31","31","31","31","31","31","31","31","31","31","31","31","31","31","31","31","31","31","31","31","31","31","31","31","31","31","31",NA,"CA","rex sole","rex_sole",NA,NA,"700","total_catch_wt_kg ~ 0 + factor(year) + pass","delta_gamma","TRUE","iid, iid","01_10","factor(year)2011","1.45884420973396","0.746311737327463","-0.00389991666738321","2.9215883361353"
"32","32","32","32","32","32","32","32","32","32","32","32","32","32","32","32","32","32","32","32","32","32","32","32","32","32","32","32","32","32","32","32","32","32","32","32","32","32","32","32","32","32","32","32","32","32","32","32","32","32","32","32","32","32","32","32","32","32","32","32","32",NA,"CA","rex sole","rex_sole",NA,NA,"700","total_catch_wt_kg ~ 0 + factor(year) + pass","delta_gamma","TRUE","iid, iid","01_10","factor(year)2012","1.28897792176586","0.744988035524737","-0.171171796775871","2.74912764030759"
"33","33","33","33","33","33","33","33","33","33","33","33","33","33","33","33","33","33","33","33","33","33","33","33","33","33","33","33","33","33","33","33","33","33","33","33","33","33","33","33","33","33","33","33","33","33","33","33","33","33","33","33","33","33","33","33","33","33","33","33","33",NA,"CA","rex sole","rex_sole",NA,NA,"700","total_catch_wt_kg ~ 0 + factor(year) + pass","delta_gamma","TRUE","iid, iid","01_10","factor(year)2013","1.37725362430476","0.768393132740402","-0.128769241834336","2.88327649044385"
"34","34","34","34","34","34","34","34","34","34","34","34","34","34","34","34","34","34","34","34","34","34","34","34","34","34","34","34","34","34","34","34","34","34","34","34","34","34","34","34","34","34","34","34","34","34","34","34","34","34","34","34","34","34","34","34","34","34","34","34","34",NA,"CA","rex sole","rex_sole",NA,NA,"700","total_catch_wt_kg ~ 0 + factor(year) + pass","delta_gamma","TRUE","iid, iid","01_10","factor(year)2014","1.06330273529345","0.741740945030948","-0.39048280282591","2.51708827341281"
"35","35","35","35","35","35","35","35","35","35","35","35","35","35","35","35","35","35","35","35","35","35","35","35","35","35","35","35","35","35","35","35","35","35","35","35","35","35","35","35","35","35","35","35","35","35","35","35","35","35","35","35","35","35","35","35","35","35","35","35","35",NA,"CA","rex sole","rex_sole",NA,NA,"700","total_catch_wt_kg ~ 0 + factor(year) + pass","delta_gamma","TRUE","iid, iid","01_10","factor(year)2015","1.85319665578945","0.777223352179869","0.329866877573414","3.37652643400548"
"36","36","36","36","36","36","36","36","36","36","36","36","36","36","36","36","36","36","36","36","36","36","36","36","36","36","36","36","36","36","36","36","36","36","36","36","36","36","36","36","36","36","36","36","36","36","36","36","36","36","36","36","36","36","36","36","36","36","36","36","36",NA,"CA","rex sole","rex_sole",NA,NA,"700","total_catch_wt_kg ~ 0 + factor(year) + pass","delta_gamma","TRUE","iid, iid","01_10","factor(year)2016","1.31412493442055","0.749397985911215","-0.15466812805229","2.78291799689338"
"37","37","37","37","37","37","37","37","37","37","37","37","37","37","37","37","37","37","37","37","37","37","37","37","37","37","37","37","37","37","37","37","37","37","37","37","37","37","37","37","37","37","37","37","37","37","37","37","37","37","37","37","37","37","37","37","37","37","37","37","37",NA,"CA","rex sole","rex_sole",NA,NA,"700","total_catch_wt_kg ~ 0 + factor(year) + pass","delta_gamma","TRUE","iid, iid","01_10","factor(year)2017","1.32487422171672","0.733951858066838","-0.113644986480535","2.76339342991398"
"38","38","38","38","38","38","38","38","38","38","38","38","38","38","38","38","38","38","38","38","38","38","38","38","38","38","38","38","38","38","38","38","38","38","38","38","38","38","38","38","38","38","38","38","38","38","38","38","38","38","38","38","38","38","38","38","38","38","38","38","38",NA,"CA","rex sole","rex_sole",NA,NA,"700","total_catch_wt_kg ~ 0 + factor(year) + pass","delta_gamma","TRUE","iid, iid","01_10","factor(year)2018","0.892510553102615","0.74506172817784","-0.567783600385124","2.35280470659035"
"39","39","39","39","39","39","39","39","39","39","39","39","39","39","39","39","39","39","39","39","39","39","39","39","39","39","39","39","39","39","39","39","39","39","39","39","39","39","39","39","39","39","39","39","39","39","39","39","39","39","39","39","39","39","39","39","39","39","39","39","39",NA,"CA","rex sole","rex_sole",NA,NA,"700","total_catch_wt_kg ~ 0 + factor(year) + pass","delta_gamma","TRUE","iid, iid","01_10","factor(year)2019","1.04398022735523","0.854412064491548","-0.630636647004715","2.71859710171518"
"40","40","40","40","40","40","40","40","40","40","40","40","40","40","40","40","40","40","40","40","40","40","40","40","40","40","40","40","40","40","40","40","40","40","40","40","40","40","40","40","40","40","40","40","40","40","40","40","40","40","40","40","40","40","40","40","40","40","40","40","40",NA,"CA","rex sole","rex_sole",NA,NA,"700","total_catch_wt_kg ~ 0 + factor(year) + pass","delta_gamma","TRUE","iid, iid","01_10","factor(year)2021","2.19836595218016","0.766270394499116","0.69650357654259","3.70022832781772"
"41","41","41","41","41","41","41","41","41","41","41","41","41","41","41","41","41","41","41","41","41","41","41","41","41","41","41","41","41","41","41","41","41","41","41","41","41","41","41","41","41","41","41","41","41","41","41","41","41","41","41","41","41","41","41","41","41","41","41","41","41",NA,"CA","rex sole","rex_sole",NA,NA,"700","total_catch_wt_kg ~ 0 + factor(year) + pass","delta_gamma","TRUE","iid, iid","01_10","factor(year)2022","1.74163112884431","0.767804613100675","0.236761740003277","3.24650051768535"
"42","42","42","42","42","42","42","42","42","42","42","42","42","42","42","42","42","42","42","42","42","42","42","42","42","42","42","42","42","42","42","42","42","42","42","42","42","42","42","42","42","42","42","42","42","42","42","42","42","42","42","42","42","42","42","42","42","42","42","42","42",NA,"CA","rex sole","rex_sole",NA,NA,"700","total_catch_wt_kg ~ 0 + factor(year) + pass","delta_gamma","TRUE","iid, iid","01_10","factor(year)2023","1.90119574741964","0.791931359485468","0.349038804600279","3.453352690239"
"43","43","43","43","43","43","43","43","43","43","43","43","43","43","43","43","43","43","43","43","43","43","43","43","43","43","43","43","43","43","43","43","43","43","43","43","43","43","43","43","43","43","43","43","43","43","43","43","43","43","43","43","43","43","43","43","43","43","43","43","43",NA,"CA","rex sole","rex_sole",NA,NA,"700","total_catch_wt_kg ~ 0 + factor(year) + pass","delta_gamma","TRUE","iid, iid","01_10","factor(year)2024","0.601681183900382","0.748491914028168","-0.865336010314277","2.06869837811504"
"44","44","44","44","44","44","44","44","44","44","44","44","44","44","44","44","44","44","44","44","44","44","44","44","44","44","44","44","44","44","44","44","44","44","44","44","44","44","44","44","44","44","44","44","44","44","44","44","44","44","44","44","44","44","44","44","44","44","44","44","44",NA,"CA","rex sole","rex_sole",NA,NA,"700","total_catch_wt_kg ~ 0 + factor(year) + pass","delta_gamma","TRUE","iid, iid","01_10","pass","-0.156219692120255","0.191496429285621","-0.531545796688093","0.219106412447584"
"45","45","45","45","45","45","45","45","45","45","45","45","45","45","45","45","45","45","45","45","45","45","45","45","45","45","45","45","45","45","45","45","45","45","45","45","45","45","45","45","45","45","45","45","45","45","45","45","45","45","45","45","45","45","45","45","45","45","45","45",NA,NA,"CA","rex sole","rex_sole",NA,NA,"700","total_catch_wt_kg ~ 0 + factor(year) + pass","delta_gamma","TRUE","iid, iid","01_2","factor(year)2003","1.76817111904693","0.763036070101011","0.272647902743969","3.26369433534989"
"46","46","46","46","46","46","46","46","46","46","46","46","46","46","46","46","46","46","46","46","46","46","46","46","46","46","46","46","46","46","46","46","46","46","46","46","46","46","46","46","46","46","46","46","46","46","46","46","46","46","46","46","46","46","46","46","46","46","46","46",NA,NA,"CA","rex sole","rex_sole",NA,NA,"700","total_catch_wt_kg ~ 0 + factor(year) + pass","delta_gamma","TRUE","iid, iid","01_2","factor(year)2004","1.01150670538747","0.747494458117939","-0.453555511166974","2.47656892194191"
"47","47","47","47","47","47","47","47","47","47","47","47","47","47","47","47","47","47","47","47","47","47","47","47","47","47","47","47","47","47","47","47","47","47","47","47","47","47","47","47","47","47","47","47","47","47","47","47","47","47","47","47","47","47","47","47","47","47","47","47",NA,NA,"CA","rex sole","rex_sole",NA,NA,"700","total_catch_wt_kg ~ 0 + factor(year) + pass","delta_gamma","TRUE","iid, iid","01_2","factor(year)2005","1.56031182002263","0.71250615429788","0.163825418835649","2.95679822120961"
"48","48","48","48","48","48","48","48","48","48","48","48","48","48","48","48","48","48","48","48","48","48","48","48","48","48","48","48","48","48","48","48","48","48","48","48","48","48","48","48","48","48","48","48","48","48","48","48","48","48","48","48","48","48","48","48","48","48","48","48",NA,NA,"CA","rex sole","rex_sole",NA,NA,"700","total_catch_wt_kg ~ 0 + factor(year) + pass","delta_gamma","TRUE","iid, iid","01_2","factor(year)2006","1.88351732223303","0.725354950687992","0.461847742876734","3.30518690158932"
"49","49","49","49","49","49","49","49","49","49","49","49","49","49","49","49","49","49","49","49","49","49","49","49","49","49","49","49","49","49","49","49","49","49","49","49","49","49","49","49","49","49","49","49","49","49","49","49","49","49","49","49","49","49","49","49","49","49","49","49",NA,NA,"CA","rex sole","rex_sole",NA,NA,"700","total_catch_wt_kg ~ 0 + factor(year) + pass","delta_gamma","TRUE","iid, iid","01_2","factor(year)2007","0.836620846974006","0.683602685942129","-0.503215797207412","2.17645749115542"
"50","50","50","50","50","50","50","50","50","50","50","50","50","50","50","50","50","50","50","50","50","50","50","50","50","50","50","50","50","50","50","50","50","50","50","50","50","50","50","50","50","50","50","50","50","50","50","50","50","50","50","50","50","50","50","50","50","50","50","50",NA,NA,"CA","rex sole","rex_sole",NA,NA,"700","total_catch_wt_kg ~ 0 + factor(year) + pass","delta_gamma","TRUE","iid, iid","01_2","factor(year)2008","1.35432029342212","0.689721626383625","0.00249074635182223","2.70614984049241"
"51","51","51","51","51","51","51","51","51","51","51","51","51","51","51","51","51","51","51","51","51","51","51","51","51","51","51","51","51","51","51","51","51","51","51","51","51","51","51","51","51","51","51","51","51","51","51","51","51","51","51","51","51","51","51","51","51","51","51","51",NA,NA,"CA","rex sole","rex_sole",NA,NA,"700","total_catch_wt_kg ~ 0 + factor(year) + pass","delta_gamma","TRUE","iid, iid","01_2","factor(year)2009","0.932885446537542","0.675196322465111","-0.390475027987968","2.25624592106305"
"52","52","52","52","52","52","52","52","52","52","52","52","52","52","52","52","52","52","52","52","52","52","52","52","52","52","52","52","52","52","52","52","52","52","52","52","52","52","52","52","52","52","52","52","52","52","52","52","52","52","52","52","52","52","52","52","52","52","52","52",NA,NA,"CA","rex sole","rex_sole",NA,NA,"700","total_catch_wt_kg ~ 0 + factor(year) + pass","delta_gamma","TRUE","iid, iid","01_2","factor(year)2010","1.64703757876489","0.682905897740753","0.308566614363021","2.98550854316676"
"53","53","53","53","53","53","53","53","53","53","53","53","53","53","53","53","53","53","53","53","53","53","53","53","53","53","53","53","53","53","53","53","53","53","53","53","53","53","53","53","53","53","53","53","53","53","53","53","53","53","53","53","53","53","53","53","53","53","53","53",NA,NA,"CA","rex sole","rex_sole",NA,NA,"700","total_catch_wt_kg ~ 0 + factor(year) + pass","delta_gamma","TRUE","iid, iid","01_2","factor(year)2011","1.30170003756487","0.68958159334207","-0.0498550497873342","2.65325512491707"
"54","54","54","54","54","54","54","54","54","54","54","54","54","54","54","54","54","54","54","54","54","54","54","54","54","54","54","54","54","54","54","54","54","54","54","54","54","54","54","54","54","54","54","54","54","54","54","54","54","54","54","54","54","54","54","54","54","54","54","54",NA,NA,"CA","rex sole","rex_sole",NA,NA,"700","total_catch_wt_kg ~ 0 + factor(year) + pass","delta_gamma","TRUE","iid, iid","01_2","factor(year)2012","1.24875683767877","0.710365995291469","-0.143534928934455","2.641048604292"
"55","55","55","55","55","55","55","55","55","55","55","55","55","55","55","55","55","55","55","55","55","55","55","55","55","55","55","55","55","55","55","55","55","55","55","55","55","55","55","55","55","55","55","55","55","55","55","55","55","55","55","55","55","55","55","55","55","55","55","55",NA,NA,"CA","rex sole","rex_sole",NA,NA,"700","total_catch_wt_kg ~ 0 + factor(year) + pass","delta_gamma","TRUE","iid, iid","01_2","factor(year)2013","1.48314508427851","0.76649786317553","-0.0191631217724424","2.98545329032946"
"56","56","56","56","56","56","56","56","56","56","56","56","56","56","56","56","56","56","56","56","56","56","56","56","56","56","56","56","56","56","56","56","56","56","56","56","56","56","56","56","56","56","56","56","56","56","56","56","56","56","56","56","56","56","56","56","56","56","56","56",NA,NA,"CA","rex sole","rex_sole",NA,NA,"700","total_catch_wt_kg ~ 0 + factor(year) + pass","delta_gamma","TRUE","iid, iid","01_2","factor(year)2014","0.761238690204526","0.677655879564533","-0.566942427653771","2.08941980806282"
"57","57","57","57","57","57","57","57","57","57","57","57","57","57","57","57","57","57","57","57","57","57","57","57","57","57","57","57","57","57","57","57","57","57","57","57","57","57","57","57","57","57","57","57","57","57","57","57","57","57","57","57","57","57","57","57","57","57","57","57",NA,NA,"CA","rex sole","rex_sole",NA,NA,"700","total_catch_wt_kg ~ 0 + factor(year) + pass","delta_gamma","TRUE","iid, iid","01_2","factor(year)2015","1.60495730519878","0.710114015030835","0.21315941082121","2.99675519957635"
"58","58","58","58","58","58","58","58","58","58","58","58","58","58","58","58","58","58","58","58","58","58","58","58","58","58","58","58","58","58","58","58","58","58","58","58","58","58","58","58","58","58","58","58","58","58","58","58","58","58","58","58","58","58","58","58","58","58","58","58",NA,NA,"CA","rex sole","rex_sole",NA,NA,"700","total_catch_wt_kg ~ 0 + factor(year) + pass","delta_gamma","TRUE","iid, iid","01_2","factor(year)2016","1.3707049127894","0.706470471706242","-0.0139517678958574","2.75536159347466"
"59","59","59","59","59","59","59","59","59","59","59","59","59","59","59","59","59","59","59","59","59","59","59","59","59","59","59","59","59","59","59","59","59","59","59","59","59","59","59","59","59","59","59","59","59","59","59","59","59","59","59","59","59","59","59","59","59","59","59","59",NA,NA,"CA","rex sole","rex_sole",NA,NA,"700","total_catch_wt_kg ~ 0 + factor(year) + pass","delta_gamma","TRUE","iid, iid","01_2","factor(year)2017","1.8347797005939","0.723598322496068","0.416553049228009","3.25300635195979"
"60","60","60","60","60","60","60","60","60","60","60","60","60","60","60","60","60","60","60","60","60","60","60","60","60","60","60","60","60","60","60","60","60","60","60","60","60","60","60","60","60","60","60","60","60","60","60","60","60","60","60","60","60","60","60","60","60","60","60","60",NA,NA,"CA","rex sole","rex_sole",NA,NA,"700","total_catch_wt_kg ~ 0 + factor(year) + pass","delta_gamma","TRUE","iid, iid","01_2","factor(year)2018","1.55647640071639","0.699626575669468","0.18523350977715","2.92771929165564"
"61","61","61","61","61","61","61","61","61","61","61","61","61","61","61","61","61","61","61","61","61","61","61","61","61","61","61","61","61","61","61","61","61","61","61","61","61","61","61","61","61","61","61","61","61","61","61","61","61","61","61","61","61","61","61","61","61","61","61","61",NA,NA,"CA","rex sole","rex_sole",NA,NA,"700","total_catch_wt_kg ~ 0 + factor(year) + pass","delta_gamma","TRUE","iid, iid","01_2","factor(year)2019","-0.355342612459253","0.746561768165383","-1.81857679029795","1.10789156537944"
"62","62","62","62","62","62","62","62","62","62","62","62","62","62","62","62","62","62","62","62","62","62","62","62","62","62","62","62","62","62","62","62","62","62","62","62","62","62","62","62","62","62","62","62","62","62","62","62","62","62","62","62","62","62","62","62","62","62","62","62",NA,NA,"CA","rex sole","rex_sole",NA,NA,"700","total_catch_wt_kg ~ 0 + factor(year) + pass","delta_gamma","TRUE","iid, iid","01_2","factor(year)2021","1.33833901066361","0.693204493106602","-0.0203168297466754","2.69699485107389"
"63","63","63","63","63","63","63","63","63","63","63","63","63","63","63","63","63","63","63","63","63","63","63","63","63","63","63","63","63","63","63","63","63","63","63","63","63","63","63","63","63","63","63","63","63","63","63","63","63","63","63","63","63","63","63","63","63","63","63","63",NA,NA,"CA","rex sole","rex_sole",NA,NA,"700","total_catch_wt_kg ~ 0 + factor(year) + pass","delta_gamma","TRUE","iid, iid","01_2","factor(year)2022","1.22110988341172","0.738517271985796","-0.226357371641212","2.66857713846465"
"64","64","64","64","64","64","64","64","64","64","64","64","64","64","64","64","64","64","64","64","64","64","64","64","64","64","64","64","64","64","64","64","64","64","64","64","64","64","64","64","64","64","64","64","64","64","64","64","64","64","64","64","64","64","64","64","64","64","64","64",NA,NA,"CA","rex sole","rex_sole",NA,NA,"700","total_catch_wt_kg ~ 0 + factor(year) + pass","delta_gamma","TRUE","iid, iid","01_2","factor(year)2023","1.54347412391987","0.735667334128177","0.10159264442605","2.98535560341369"
"65","65","65","65","65","65","65","65","65","65","65","65","65","65","65","65","65","65","65","65","65","65","65","65","65","65","65","65","65","65","65","65","65","65","65","65","65","65","65","65","65","65","65","65","65","65","65","65","65","65","65","65","65","65","65","65","65","65","65","65",NA,NA,"CA","rex sole","rex_sole",NA,NA,"700","total_catch_wt_kg ~ 0 + factor(year) + pass","delta_gamma","TRUE","iid, iid","01_2","factor(year)2024","0.11879234285246","0.670329160941253","-1.19502867037935","1.43261335608427"
"66","66","66","66","66","66","66","66","66","66","66","66","66","66","66","66","66","66","66","66","66","66","66","66","66","66","66","66","66","66","66","66","66","66","66","66","66","66","66","66","66","66","66","66","66","66","66","66","66","66","66","66","66","66","66","66","66","66","66","66",NA,NA,"CA","rex sole","rex_sole",NA,NA,"700","total_catch_wt_kg ~ 0 + factor(year) + pass","delta_gamma","TRUE","iid, iid","01_2","pass","-0.0818970472658784","0.196866140666556","-0.467747592747725","0.303953498215968"
"67","67","67","67","67","67","67","67","67","67","67","67","67","67","67","67","67","67","67","67","67","67","67","67","67","67","67","67","67","67","67","67","67","67","67","67","67","67","67","67","67","67","67","67","67","67","67","67","67","67","67","67","67","67","67","67","67","67","67",NA,NA,NA,"CA","rex sole","rex_sole",NA,NA,"700","total_catch_wt_kg ~ 0 + factor(year) + pass","delta_gamma","TRUE","iid, iid","01_3","factor(year)2003","2.82212826566675","0.987796799176828","0.88608211523622","4.75817441609727"
"68","68","68","68","68","68","68","68","68","68","68","68","68","68","68","68","68","68","68","68","68","68","68","68","68","68","68","68","68","68","68","68","68","68","68","68","68","68","68","68","68","68","68","68","68","68","68","68","68","68","68","68","68","68","68","68","68","68","68",NA,NA,NA,"CA","rex sole","rex_sole",NA,NA,"700","total_catch_wt_kg ~ 0 + factor(year) + pass","delta_gamma","TRUE","iid, iid","01_3","factor(year)2004","1.2276168529587","0.903906600801161","-0.544007529999597","2.999241235917"
"69","69","69","69","69","69","69","69","69","69","69","69","69","69","69","69","69","69","69","69","69","69","69","69","69","69","69","69","69","69","69","69","69","69","69","69","69","69","69","69","69","69","69","69","69","69","69","69","69","69","69","69","69","69","69","69","69","69","69",NA,NA,NA,"CA","rex sole","rex_sole",NA,NA,"700","total_catch_wt_kg ~ 0 + factor(year) + pass","delta_gamma","TRUE","iid, iid","01_3","factor(year)2005","1.28887193383711","0.795692243937407","-0.270656207058069","2.84840007473228"
"70","70","70","70","70","70","70","70","70","70","70","70","70","70","70","70","70","70","70","70","70","70","70","70","70","70","70","70","70","70","70","70","70","70","70","70","70","70","70","70","70","70","70","70","70","70","70","70","70","70","70","70","70","70","70","70","70","70","70",NA,NA,NA,"CA","rex sole","rex_sole",NA,NA,"700","total_catch_wt_kg ~ 0 + factor(year) + pass","delta_gamma","TRUE","iid, iid","01_3","factor(year)2006","1.66213322225294","0.843720864893016","0.0084707140576441","3.31579573044824"
"71","71","71","71","71","71","71","71","71","71","71","71","71","71","71","71","71","71","71","71","71","71","71","71","71","71","71","71","71","71","71","71","71","71","71","71","71","71","71","71","71","71","71","71","71","71","71","71","71","71","71","71","71","71","71","71","71","71","71",NA,NA,NA,"CA","rex sole","rex_sole",NA,NA,"700","total_catch_wt_kg ~ 0 + factor(year) + pass","delta_gamma","TRUE","iid, iid","01_3","factor(year)2007","1.67024439353559","0.847595530726648","0.00898767985425208","3.33150110721694"
"72","72","72","72","72","72","72","72","72","72","72","72","72","72","72","72","72","72","72","72","72","72","72","72","72","72","72","72","72","72","72","72","72","72","72","72","72","72","72","72","72","72","72","72","72","72","72","72","72","72","72","72","72","72","72","72","72","72","72",NA,NA,NA,"CA","rex sole","rex_sole",NA,NA,"700","total_catch_wt_kg ~ 0 + factor(year) + pass","delta_gamma","TRUE","iid, iid","01_3","factor(year)2008","0.119210871203218","0.78313381442921","-1.41570320015351","1.65412494255994"
"73","73","73","73","73","73","73","73","73","73","73","73","73","73","73","73","73","73","73","73","73","73","73","73","73","73","73","73","73","73","73","73","73","73","73","73","73","73","73","73","73","73","73","73","73","73","73","73","73","73","73","73","73","73","73","73","73","73","73",NA,NA,NA,"CA","rex sole","rex_sole",NA,NA,"700","total_catch_wt_kg ~ 0 + factor(year) + pass","delta_gamma","TRUE","iid, iid","01_3","factor(year)2009","0.435570009077114","0.785294460498867","-1.10357885075948","1.97471886891371"
"74","74","74","74","74","74","74","74","74","74","74","74","74","74","74","74","74","74","74","74","74","74","74","74","74","74","74","74","74","74","74","74","74","74","74","74","74","74","74","74","74","74","74","74","74","74","74","74","74","74","74","74","74","74","74","74","74","74","74",NA,NA,NA,"CA","rex sole","rex_sole",NA,NA,"700","total_catch_wt_kg ~ 0 + factor(year) + pass","delta_gamma","TRUE","iid, iid","01_3","factor(year)2010","0.794797707711975","0.769440416001796","-0.713277795901062","2.30287321132501"
"75","75","75","75","75","75","75","75","75","75","75","75","75","75","75","75","75","75","75","75","75","75","75","75","75","75","75","75","75","75","75","75","75","75","75","75","75","75","75","75","75","75","75","75","75","75","75","75","75","75","75","75","75","75","75","75","75","75","75",NA,NA,NA,"CA","rex sole","rex_sole",NA,NA,"700","total_catch_wt_kg ~ 0 + factor(year) + pass","delta_gamma","TRUE","iid, iid","01_3","factor(year)2011","0.693221364484289","0.790564306112059","-0.856256202958245","2.24269893192682"
"76","76","76","76","76","76","76","76","76","76","76","76","76","76","76","76","76","76","76","76","76","76","76","76","76","76","76","76","76","76","76","76","76","76","76","76","76","76","76","76","76","76","76","76","76","76","76","76","76","76","76","76","76","76","76","76","76","76","76",NA,NA,NA,"CA","rex sole","rex_sole",NA,NA,"700","total_catch_wt_kg ~ 0 + factor(year) + pass","delta_gamma","TRUE","iid, iid","01_3","factor(year)2012","1.45057602611932","0.811099783305014","-0.139150337026744","3.04030238926539"
"77","77","77","77","77","77","77","77","77","77","77","77","77","77","77","77","77","77","77","77","77","77","77","77","77","77","77","77","77","77","77","77","77","77","77","77","77","77","77","77","77","77","77","77","77","77","77","77","77","77","77","77","77","77","77","77","77","77","77",NA,NA,NA,"CA","rex sole","rex_sole",NA,NA,"700","total_catch_wt_kg ~ 0 + factor(year) + pass","delta_gamma","TRUE","iid, iid","01_3","factor(year)2013","0.950392891236765","0.810777236413704","-0.638701291619012","2.53948707409254"
"78","78","78","78","78","78","78","78","78","78","78","78","78","78","78","78","78","78","78","78","78","78","78","78","78","78","78","78","78","78","78","78","78","78","78","78","78","78","78","78","78","78","78","78","78","78","78","78","78","78","78","78","78","78","78","78","78","78","78",NA,NA,NA,"CA","rex sole","rex_sole",NA,NA,"700","total_catch_wt_kg ~ 0 + factor(year) + pass","delta_gamma","TRUE","iid, iid","01_3","factor(year)2014","1.4723245170511","0.826101459695719","-0.146804591528473","3.09145362563068"
"79","79","79","79","79","79","79","79","79","79","79","79","79","79","79","79","79","79","79","79","79","79","79","79","79","79","79","79","79","79","79","79","79","79","79","79","79","79","79","79","79","79","79","79","79","79","79","79","79","79","79","79","79","79","79","79","79","79","79",NA,NA,NA,"CA","rex sole","rex_sole",NA,NA,"700","total_catch_wt_kg ~ 0 + factor(year) + pass","delta_gamma","TRUE","iid, iid","01_3","factor(year)2015","1.10388042937606","0.801099577021013","-0.4662458896154","2.67400674836751"
"80","80","80","80","80","80","80","80","80","80","80","80","80","80","80","80","80","80","80","80","80","80","80","80","80","80","80","80","80","80","80","80","80","80","80","80","80","80","80","80","80","80","80","80","80","80","80","80","80","80","80","80","80","80","80","80","80","80","80",NA,NA,NA,"CA","rex sole","rex_sole",NA,NA,"700","total_catch_wt_kg ~ 0 + factor(year) + pass","delta_gamma","TRUE","iid, iid","01_3","factor(year)2016","1.79444129315155","0.855977290757519","0.116756631682643","3.47212595462046"
"81","81","81","81","81","81","81","81","81","81","81","81","81","81","81","81","81","81","81","81","81","81","81","81","81","81","81","81","81","81","81","81","81","81","81","81","81","81","81","81","81","81","81","81","81","81","81","81","81","81","81","81","81","81","81","81","81","81","81",NA,NA,NA,"CA","rex sole","rex_sole",NA,NA,"700","total_catch_wt_kg ~ 0 + factor(year) + pass","delta_gamma","TRUE","iid, iid","01_3","factor(year)2017","0.759552848303439","0.772265787272036","-0.754060281242222","2.2731659778491"
"82","82","82","82","82","82","82","82","82","82","82","82","82","82","82","82","82","82","82","82","82","82","82","82","82","82","82","82","82","82","82","82","82","82","82","82","82","82","82","82","82","82","82","82","82","82","82","82","82","82","82","82","82","82","82","82","82","82","82",NA,NA,NA,"CA","rex sole","rex_sole",NA,NA,"700","total_catch_wt_kg ~ 0 + factor(year) + pass","delta_gamma","TRUE","iid, iid","01_3","factor(year)2018","0.813445125308802","0.782733000865798","-0.720683365899121","2.34757361651672"
"83","83","83","83","83","83","83","83","83","83","83","83","83","83","83","83","83","83","83","83","83","83","83","83","83","83","83","83","83","83","83","83","83","83","83","83","83","83","83","83","83","83","83","83","83","83","83","83","83","83","83","83","83","83","83","83","83","83","83",NA,NA,NA,"CA","rex sole","rex_sole",NA,NA,"700","total_catch_wt_kg ~ 0 + factor(year) + pass","delta_gamma","TRUE","iid, iid","01_3","factor(year)2019","0.96097782686976","0.891948817282901","-0.787209731057823","2.70916538479734"
"84","84","84","84","84","84","84","84","84","84","84","84","84","84","84","84","84","84","84","84","84","84","84","84","84","84","84","84","84","84","84","84","84","84","84","84","84","84","84","84","84","84","84","84","84","84","84","84","84","84","84","84","84","84","84","84","84","84","84",NA,NA,NA,"CA","rex sole","rex_sole",NA,NA,"700","total_catch_wt_kg ~ 0 + factor(year) + pass","delta_gamma","TRUE","iid, iid","01_3","factor(year)2021","1.243583226522","0.809896698519858","-0.343785133774819","2.83095158681881"
"85","85","85","85","85","85","85","85","85","85","85","85","85","85","85","85","85","85","85","85","85","85","85","85","85","85","85","85","85","85","85","85","85","85","85","85","85","85","85","85","85","85","85","85","85","85","85","85","85","85","85","85","85","85","85","85","85","85","85",NA,NA,NA,"CA","rex sole","rex_sole",NA,NA,"700","total_catch_wt_kg ~ 0 + factor(year) + pass","delta_gamma","TRUE","iid, iid","01_3","factor(year)2022","1.19402624486265","0.799535760881931","-0.373035050817759","2.76108754054307"
"86","86","86","86","86","86","86","86","86","86","86","86","86","86","86","86","86","86","86","86","86","86","86","86","86","86","86","86","86","86","86","86","86","86","86","86","86","86","86","86","86","86","86","86","86","86","86","86","86","86","86","86","86","86","86","86","86","86","86",NA,NA,NA,"CA","rex sole","rex_sole",NA,NA,"700","total_catch_wt_kg ~ 0 + factor(year) + pass","delta_gamma","TRUE","iid, iid","01_3","factor(year)2023","1.06446908828351","0.829264672547891","-0.560859803561756","2.68979798012878"
"87","87","87","87","87","87","87","87","87","87","87","87","87","87","87","87","87","87","87","87","87","87","87","87","87","87","87","87","87","87","87","87","87","87","87","87","87","87","87","87","87","87","87","87","87","87","87","87","87","87","87","87","87","87","87","87","87","87","87",NA,NA,NA,"CA","rex sole","rex_sole",NA,NA,"700","total_catch_wt_kg ~ 0 + factor(year) + pass","delta_gamma","TRUE","iid, iid","01_3","factor(year)2024","1.05775783258471","0.818103250373737","-0.545695073782968","2.66121073895239"
"88","88","88","88","88","88","88","88","88","88","88","88","88","88","88","88","88","88","88","88","88","88","88","88","88","88","88","88","88","88","88","88","88","88","88","88","88","88","88","88","88","88","88","88","88","88","88","88","88","88","88","88","88","88","88","88","88","88","88",NA,NA,NA,"CA","rex sole","rex_sole",NA,NA,"700","total_catch_wt_kg ~ 0 + factor(year) + pass","delta_gamma","TRUE","iid, iid","01_3","pass","-0.031183416658253","0.203343704141813","-0.429729753259174","0.367362919942668"
"89","89","89","89","89","89","89","89","89","89","89","89","89","89","89","89","89","89","89","89","89","89","89","89","89","89","89","89","89","89","89","89","89","89","89","89","89","89","89","89","89","89","89","89","89","89","89","89","89","89","89","89","89","89","89","89","89","89",NA,NA,NA,NA,"CA","rex sole","rex_sole",NA,NA,"700","total_catch_wt_kg ~ 0 + factor(year) + pass","delta_gamma","TRUE","iid, iid","01_4","factor(year)2003","1.74790818267619","0.848032357826898","0.0857953036108894","3.4100210617415"
"90","90","90","90","90","90","90","90","90","90","90","90","90","90","90","90","90","90","90","90","90","90","90","90","90","90","90","90","90","90","90","90","90","90","90","90","90","90","90","90","90","90","90","90","90","90","90","90","90","90","90","90","90","90","90","90","90","90",NA,NA,NA,NA,"CA","rex sole","rex_sole",NA,NA,"700","total_catch_wt_kg ~ 0 + factor(year) + pass","delta_gamma","TRUE","iid, iid","01_4","factor(year)2004","1.56160880795839","0.843149370563534","-0.0909335919337524","3.21415120785053"
"91","91","91","91","91","91","91","91","91","91","91","91","91","91","91","91","91","91","91","91","91","91","91","91","91","91","91","91","91","91","91","91","91","91","91","91","91","91","91","91","91","91","91","91","91","91","91","91","91","91","91","91","91","91","91","91","91","91",NA,NA,NA,NA,"CA","rex sole","rex_sole",NA,NA,"700","total_catch_wt_kg ~ 0 + factor(year) + pass","delta_gamma","TRUE","iid, iid","01_4","factor(year)2005","2.47187739651105","0.829053205839868","0.846962971797441","4.09679182122467"
"92","92","92","92","92","92","92","92","92","92","92","92","92","92","92","92","92","92","92","92","92","92","92","92","92","92","92","92","92","92","92","92","92","92","92","92","92","92","92","92","92","92","92","92","92","92","92","92","92","92","92","92","92","92","92","92","92","92",NA,NA,NA,NA,"CA","rex sole","rex_sole",NA,NA,"700","total_catch_wt_kg ~ 0 + factor(year) + pass","delta_gamma","TRUE","iid, iid","01_4","factor(year)2006","0.841448608506459","0.757442461408099","-0.643111336214785","2.3260085532277"
"93","93","93","93","93","93","93","93","93","93","93","93","93","93","93","93","93","93","93","93","93","93","93","93","93","93","93","93","93","93","93","93","93","93","93","93","93","93","93","93","93","93","93","93","93","93","93","93","93","93","93","93","93","93","93","93","93","93",NA,NA,NA,NA,"CA","rex sole","rex_sole",NA,NA,"700","total_catch_wt_kg ~ 0 + factor(year) + pass","delta_gamma","TRUE","iid, iid","01_4","factor(year)2007","0.459229881553698","0.775559022494642","-1.06083787042089","1.97929763352829"
"94","94","94","94","94","94","94","94","94","94","94","94","94","94","94","94","94","94","94","94","94","94","94","94","94","94","94","94","94","94","94","94","94","94","94","94","94","94","94","94","94","94","94","94","94","94","94","94","94","94","94","94","94","94","94","94","94","94",NA,NA,NA,NA,"CA","rex sole","rex_sole",NA,NA,"700","total_catch_wt_kg ~ 0 + factor(year) + pass","delta_gamma","TRUE","iid, iid","01_4","factor(year)2008","0.493550720545118","0.782436583387403","-1.03999680308076","2.027098244171"
"95","95","95","95","95","95","95","95","95","95","95","95","95","95","95","95","95","95","95","95","95","95","95","95","95","95","95","95","95","95","95","95","95","95","95","95","95","95","95","95","95","95","95","95","95","95","95","95","95","95","95","95","95","95","95","95","95","95",NA,NA,NA,NA,"CA","rex sole","rex_sole",NA,NA,"700","total_catch_wt_kg ~ 0 + factor(year) + pass","delta_gamma","TRUE","iid, iid","01_4","factor(year)2009","0.886793336950892","0.780554578107305","-0.643065524107281","2.41665219800907"
"96","96","96","96","96","96","96","96","96","96","96","96","96","96","96","96","96","96","96","96","96","96","96","96","96","96","96","96","96","96","96","96","96","96","96","96","96","96","96","96","96","96","96","96","96","96","96","96","96","96","96","96","96","96","96","96","96","96",NA,NA,NA,NA,"CA","rex sole","rex_sole",NA,NA,"700","total_catch_wt_kg ~ 0 + factor(year) + pass","delta_gamma","TRUE","iid, iid","01_4","factor(year)2010","0.822002072145498","0.746908362803908","-0.641911418701938","2.28591556299293"
"97","97","97","97","97","97","97","97","97","97","97","97","97","97","97","97","97","97","97","97","97","97","97","97","97","97","97","97","97","97","97","97","97","97","97","97","97","97","97","97","97","97","97","97","97","97","97","97","97","97","97","97","97","97","97","97","97","97",NA,NA,NA,NA,"CA","rex sole","rex_sole",NA,NA,"700","total_catch_wt_kg ~ 0 + factor(year) + pass","delta_gamma","TRUE","iid, iid","01_4","factor(year)2011","1.29583307834002","0.788513178555989","-0.249624352964917","2.84129050964496"
"98","98","98","98","98","98","98","98","98","98","98","98","98","98","98","98","98","98","98","98","98","98","98","98","98","98","98","98","98","98","98","98","98","98","98","98","98","98","98","98","98","98","98","98","98","98","98","98","98","98","98","98","98","98","98","98","98","98",NA,NA,NA,NA,"CA","rex sole","rex_sole",NA,NA,"700","total_catch_wt_kg ~ 0 + factor(year) + pass","delta_gamma","TRUE","iid, iid","01_4","factor(year)2012","0.915381640663015","0.755876617422434","-0.566109306240916","2.39687258756695"
"99","99","99","99","99","99","99","99","99","99","99","99","99","99","99","99","99","99","99","99","99","99","99","99","99","99","99","99","99","99","99","99","99","99","99","99","99","99","99","99","99","99","99","99","99","99","99","99","99","99","99","99","99","99","99","99","99","99",NA,NA,NA,NA,"CA","rex sole","rex_sole",NA,NA,"700","total_catch_wt_kg ~ 0 + factor(year) + pass","delta_gamma","TRUE","iid, iid","01_4","factor(year)2013","0.735634401349236","0.849232988528572","-0.928831670650081","2.40010047334855"
"100","100","100","100","100","100","100","100","100","100","100","100","100","100","100","100","100","100","100","100","100","100","100","100","100","100","100","100","100","100","100","100","100","100","100","100","100","100","100","100","100","100","100","100","100","100","100","100","100","100","100","100","100","100","100","100","100","100",NA,NA,NA,NA,"CA","rex sole","rex_sole",NA,NA,"700","total_catch_wt_kg ~ 0 + factor(year) + pass","delta_gamma","TRUE","iid, iid","01_4","factor(year)2014","1.48478980033494","0.806981959651669","-0.0968657767558809","3.06644537742577"
"101","101","101","101","101","101","101","101","101","101","101","101","101","101","101","101","101","101","101","101","101","101","101","101","101","101","101","101","101","101","101","101","101","101","101","101","101","101","101","101","101","101","101","101","101","101","101","101","101","101","101","101","101","101","101","101","101","101",NA,NA,NA,NA,"CA","rex sole","rex_sole",NA,NA,"700","total_catch_wt_kg ~ 0 + factor(year) + pass","delta_gamma","TRUE","iid, iid","01_4","factor(year)2015","1.32641178174285","0.769600465388775","-0.181977412904414","2.83480097639011"
"102","102","102","102","102","102","102","102","102","102","102","102","102","102","102","102","102","102","102","102","102","102","102","102","102","102","102","102","102","102","102","102","102","102","102","102","102","102","102","102","102","102","102","102","102","102","102","102","102","102","102","102","102","102","102","102","102","102",NA,NA,NA,NA,"CA","rex sole","rex_sole",NA,NA,"700","total_catch_wt_kg ~ 0 + factor(year) + pass","delta_gamma","TRUE","iid, iid","01_4","factor(year)2016","0.558318470269041","0.751488627203677","-0.914572173841612","2.03120911437969"
"103","103","103","103","103","103","103","103","103","103","103","103","103","103","103","103","103","103","103","103","103","103","103","103","103","103","103","103","103","103","103","103","103","103","103","103","103","103","103","103","103","103","103","103","103","103","103","103","103","103","103","103","103","103","103","103","103","103",NA,NA,NA,NA,"CA","rex sole","rex_sole",NA,NA,"700","total_catch_wt_kg ~ 0 + factor(year) + pass","delta_gamma","TRUE","iid, iid","01_4","factor(year)2017","1.06962107177149","0.804333277963836","-0.506843184604669","2.64608532814766"
"104","104","104","104","104","104","104","104","104","104","104","104","104","104","104","104","104","104","104","104","104","104","104","104","104","104","104","104","104","104","104","104","104","104","104","104","104","104","104","104","104","104","104","104","104","104","104","104","104","104","104","104","104","104","104","104","104","104",NA,NA,NA,NA,"CA","rex sole","rex_sole",NA,NA,"700","total_catch_wt_kg ~ 0 + factor(year) + pass","delta_gamma","TRUE","iid, iid","01_4","factor(year)2018","1.50879987657438","0.774147280507684","-0.00850091195030789","3.02610066509907"
"105","105","105","105","105","105","105","105","105","105","105","105","105","105","105","105","105","105","105","105","105","105","105","105","105","105","105","105","105","105","105","105","105","105","105","105","105","105","105","105","105","105","105","105","105","105","105","105","105","105","105","105","105","105","105","105","105","105",NA,NA,NA,NA,"CA","rex sole","rex_sole",NA,NA,"700","total_catch_wt_kg ~ 0 + factor(year) + pass","delta_gamma","TRUE","iid, iid","01_4","factor(year)2019","0.243815051066111","0.866709723995707","-1.45490479301612","1.94253489514835"
"106","106","106","106","106","106","106","106","106","106","106","106","106","106","106","106","106","106","106","106","106","106","106","106","106","106","106","106","106","106","106","106","106","106","106","106","106","106","106","106","106","106","106","106","106","106","106","106","106","106","106","106","106","106","106","106","106","106",NA,NA,NA,NA,"CA","rex sole","rex_sole",NA,NA,"700","total_catch_wt_kg ~ 0 + factor(year) + pass","delta_gamma","TRUE","iid, iid","01_4","factor(year)2021","0.971699868449963","0.767732439085758","-0.533028061921212","2.47642779882114"
"107","107","107","107","107","107","107","107","107","107","107","107","107","107","107","107","107","107","107","107","107","107","107","107","107","107","107","107","107","107","107","107","107","107","107","107","107","107","107","107","107","107","107","107","107","107","107","107","107","107","107","107","107","107","107","107","107","107",NA,NA,NA,NA,"CA","rex sole","rex_sole",NA,NA,"700","total_catch_wt_kg ~ 0 + factor(year) + pass","delta_gamma","TRUE","iid, iid","01_4","factor(year)2022","0.384285677069487","0.762800343598109","-1.11077552377758","1.87934687791656"
"108","108","108","108","108","108","108","108","108","108","108","108","108","108","108","108","108","108","108","108","108","108","108","108","108","108","108","108","108","108","108","108","108","108","108","108","108","108","108","108","108","108","108","108","108","108","108","108","108","108","108","108","108","108","108","108","108","108",NA,NA,NA,NA,"CA","rex sole","rex_sole",NA,NA,"700","total_catch_wt_kg ~ 0 + factor(year) + pass","delta_gamma","TRUE","iid, iid","01_4","factor(year)2023","1.01135857919141","0.751995324355934","-0.462525173088735","2.48524233147156"
"109","109","109","109","109","109","109","109","109","109","109","109","109","109","109","109","109","109","109","109","109","109","109","109","109","109","109","109","109","109","109","109","109","109","109","109","109","109","109","109","109","109","109","109","109","109","109","109","109","109","109","109","109","109","109","109","109","109",NA,NA,NA,NA,"CA","rex sole","rex_sole",NA,NA,"700","total_catch_wt_kg ~ 0 + factor(year) + pass","delta_gamma","TRUE","iid, iid","01_4","factor(year)2024","0.964504733328181","0.765582584892725","-0.536009560252637","2.465019026909"
"110","110","110","110","110","110","110","110","110","110","110","110","110","110","110","110","110","110","110","110","110","110","110","110","110","110","110","110","110","110","110","110","110","110","110","110","110","110","110","110","110","110","110","110","110","110","110","110","110","110","110","110","110","110","110","110","110","110",NA,NA,NA,NA,"CA","rex sole","rex_sole",NA,NA,"700","total_catch_wt_kg ~ 0 + factor(year) + pass","delta_gamma","TRUE","iid, iid","01_4","pass","-0.05747876014364","0.204369429474189","-0.458035481454049","0.343077961166769"
"111","111","111","111","111","111","111","111","111","111","111","111","111","111","111","111","111","111","111","111","111","111","111","111","111","111","111","111","111","111","111","111","111","111","111","111","111","111","111","111","111","111","111","111","111","111","111","111","111","111","111","111","111","111","111","111","111",NA,NA,NA,NA,NA,"CA","rex sole","rex_sole",NA,NA,"700","total_catch_wt_kg ~ 0 + factor(year) + pass","delta_gamma","TRUE","iid, iid","01_5","factor(year)2003","0.628222947195486","0.887236571998226","-1.11072877968781","2.36717467407879"
"112","112","112","112","112","112","112","112","112","112","112","112","112","112","112","112","112","112","112","112","112","112","112","112","112","112","112","112","112","112","112","112","112","112","112","112","112","112","112","112","112","112","112","112","112","112","112","112","112","112","112","112","112","112","112","112","112",NA,NA,NA,NA,NA,"CA","rex sole","rex_sole",NA,NA,"700","total_catch_wt_kg ~ 0 + factor(year) + pass","delta_gamma","TRUE","iid, iid","01_5","factor(year)2004","0.488762066996814","0.875509214774797","-1.22720446209473","2.20472859608836"
"113","113","113","113","113","113","113","113","113","113","113","113","113","113","113","113","113","113","113","113","113","113","113","113","113","113","113","113","113","113","113","113","113","113","113","113","113","113","113","113","113","113","113","113","113","113","113","113","113","113","113","113","113","113","113","113","113",NA,NA,NA,NA,NA,"CA","rex sole","rex_sole",NA,NA,"700","total_catch_wt_kg ~ 0 + factor(year) + pass","delta_gamma","TRUE","iid, iid","01_5","factor(year)2005","1.599902453718","0.885566850000848","-0.135776678186248","3.33558158562224"
"114","114","114","114","114","114","114","114","114","114","114","114","114","114","114","114","114","114","114","114","114","114","114","114","114","114","114","114","114","114","114","114","114","114","114","114","114","114","114","114","114","114","114","114","114","114","114","114","114","114","114","114","114","114","114","114","114",NA,NA,NA,NA,NA,"CA","rex sole","rex_sole",NA,NA,"700","total_catch_wt_kg ~ 0 + factor(year) + pass","delta_gamma","TRUE","iid, iid","01_5","factor(year)2006","0.729601565541186","0.840496769298449","-0.917741831406044","2.37694496248842"
"115","115","115","115","115","115","115","115","115","115","115","115","115","115","115","115","115","115","115","115","115","115","115","115","115","115","115","115","115","115","115","115","115","115","115","115","115","115","115","115","115","115","115","115","115","115","115","115","115","115","115","115","115","115","115","115","115",NA,NA,NA,NA,NA,"CA","rex sole","rex_sole",NA,NA,"700","total_catch_wt_kg ~ 0 + factor(year) + pass","delta_gamma","TRUE","iid, iid","01_5","factor(year)2007","1.08288808832329","0.821843213193101","-0.527895010473864","2.69367118712044"
"116","116","116","116","116","116","116","116","116","116","116","116","116","116","116","116","116","116","116","116","116","116","116","116","116","116","116","116","116","116","116","116","116","116","116","116","116","116","116","116","116","116","116","116","116","116","116","116","116","116","116","116","116","116","116","116","116",NA,NA,NA,NA,NA,"CA","rex sole","rex_sole",NA,NA,"700","total_catch_wt_kg ~ 0 + factor(year) + pass","delta_gamma","TRUE","iid, iid","01_5","factor(year)2008","0.785725196465857","0.800875399811476","-0.783961743268752","2.35541213620047"
"117","117","117","117","117","117","117","117","117","117","117","117","117","117","117","117","117","117","117","117","117","117","117","117","117","117","117","117","117","117","117","117","117","117","117","117","117","117","117","117","117","117","117","117","117","117","117","117","117","117","117","117","117","117","117","117","117",NA,NA,NA,NA,NA,"CA","rex sole","rex_sole",NA,NA,"700","total_catch_wt_kg ~ 0 + factor(year) + pass","delta_gamma","TRUE","iid, iid","01_5","factor(year)2009","-0.182909973211193","0.787389643756992","-1.72616531677472","1.36034537035233"
"118","118","118","118","118","118","118","118","118","118","118","118","118","118","118","118","118","118","118","118","118","118","118","118","118","118","118","118","118","118","118","118","118","118","118","118","118","118","118","118","118","118","118","118","118","118","118","118","118","118","118","118","118","118","118","118","118",NA,NA,NA,NA,NA,"CA","rex sole","rex_sole",NA,NA,"700","total_catch_wt_kg ~ 0 + factor(year) + pass","delta_gamma","TRUE","iid, iid","01_5","factor(year)2010","0.0895302389069845","0.793271438496802","-1.46525321051103","1.644313688325"
"119","119","119","119","119","119","119","119","119","119","119","119","119","119","119","119","119","119","119","119","119","119","119","119","119","119","119","119","119","119","119","119","119","119","119","119","119","119","119","119","119","119","119","119","119","119","119","119","119","119","119","119","119","119","119","119","119",NA,NA,NA,NA,NA,"CA","rex sole","rex_sole",NA,NA,"700","total_catch_wt_kg ~ 0 + factor(year) + pass","delta_gamma","TRUE","iid, iid","01_5","factor(year)2011","0.260844101954546","0.792942981661563","-1.29329558389592","1.81498378780501"
"120","120","120","120","120","120","120","120","120","120","120","120","120","120","120","120","120","120","120","120","120","120","120","120","120","120","120","120","120","120","120","120","120","120","120","120","120","120","120","120","120","120","120","120","120","120","120","120","120","120","120","120","120","120","120","120","120",NA,NA,NA,NA,NA,"CA","rex sole","rex_sole",NA,NA,"700","total_catch_wt_kg ~ 0 + factor(year) + pass","delta_gamma","TRUE","iid, iid","01_5","factor(year)2012","1.09061885061909","0.823214481250448","-0.522851884183613","2.70408958542179"
"121","121","121","121","121","121","121","121","121","121","121","121","121","121","121","121","121","121","121","121","121","121","121","121","121","121","121","121","121","121","121","121","121","121","121","121","121","121","121","121","121","121","121","121","121","121","121","121","121","121","121","121","121","121","121","121","121",NA,NA,NA,NA,NA,"CA","rex sole","rex_sole",NA,NA,"700","total_catch_wt_kg ~ 0 + factor(year) + pass","delta_gamma","TRUE","iid, iid","01_5","factor(year)2013","0.859048089368016","0.834601351583013","-0.77674050118314","2.49483667991917"
"122","122","122","122","122","122","122","122","122","122","122","122","122","122","122","122","122","122","122","122","122","122","122","122","122","122","122","122","122","122","122","122","122","122","122","122","122","122","122","122","122","122","122","122","122","122","122","122","122","122","122","122","122","122","122","122","122",NA,NA,NA,NA,NA,"CA","rex sole","rex_sole",NA,NA,"700","total_catch_wt_kg ~ 0 + factor(year) + pass","delta_gamma","TRUE","iid, iid","01_5","factor(year)2014","0.771670358222775","0.826224797591805","-0.847700488191058","2.39104120463661"
"123","123","123","123","123","123","123","123","123","123","123","123","123","123","123","123","123","123","123","123","123","123","123","123","123","123","123","123","123","123","123","123","123","123","123","123","123","123","123","123","123","123","123","123","123","123","123","123","123","123","123","123","123","123","123","123","123",NA,NA,NA,NA,NA,"CA","rex sole","rex_sole",NA,NA,"700","total_catch_wt_kg ~ 0 + factor(year) + pass","delta_gamma","TRUE","iid, iid","01_5","factor(year)2015","1.05455537684575","0.828790287896822","-0.569843738168601","2.67895449186011"
"124","124","124","124","124","124","124","124","124","124","124","124","124","124","124","124","124","124","124","124","124","124","124","124","124","124","124","124","124","124","124","124","124","124","124","124","124","124","124","124","124","124","124","124","124","124","124","124","124","124","124","124","124","124","124","124","124",NA,NA,NA,NA,NA,"CA","rex sole","rex_sole",NA,NA,"700","total_catch_wt_kg ~ 0 + factor(year) + pass","delta_gamma","TRUE","iid, iid","01_5","factor(year)2016","0.454796605446792","0.832334430470151","-1.17654890136736","2.08614211226094"
"125","125","125","125","125","125","125","125","125","125","125","125","125","125","125","125","125","125","125","125","125","125","125","125","125","125","125","125","125","125","125","125","125","125","125","125","125","125","125","125","125","125","125","125","125","125","125","125","125","125","125","125","125","125","125","125","125",NA,NA,NA,NA,NA,"CA","rex sole","rex_sole",NA,NA,"700","total_catch_wt_kg ~ 0 + factor(year) + pass","delta_gamma","TRUE","iid, iid","01_5","factor(year)2017","0.88898911175347","0.82760136537383","-0.733079757935411","2.51105798144235"
"126","126","126","126","126","126","126","126","126","126","126","126","126","126","126","126","126","126","126","126","126","126","126","126","126","126","126","126","126","126","126","126","126","126","126","126","126","126","126","126","126","126","126","126","126","126","126","126","126","126","126","126","126","126","126","126","126",NA,NA,NA,NA,NA,"CA","rex sole","rex_sole",NA,NA,"700","total_catch_wt_kg ~ 0 + factor(year) + pass","delta_gamma","TRUE","iid, iid","01_5","factor(year)2018","0.787092678931109","0.842073143943134","-0.863340355545846","2.43752571340806"
"127","127","127","127","127","127","127","127","127","127","127","127","127","127","127","127","127","127","127","127","127","127","127","127","127","127","127","127","127","127","127","127","127","127","127","127","127","127","127","127","127","127","127","127","127","127","127","127","127","127","127","127","127","127","127","127","127",NA,NA,NA,NA,NA,"CA","rex sole","rex_sole",NA,NA,"700","total_catch_wt_kg ~ 0 + factor(year) + pass","delta_gamma","TRUE","iid, iid","01_5","factor(year)2019","0.280221267208137","0.878139240995203","-1.4409000185538","2.00134255297007"
"128","128","128","128","128","128","128","128","128","128","128","128","128","128","128","128","128","128","128","128","128","128","128","128","128","128","128","128","128","128","128","128","128","128","128","128","128","128","128","128","128","128","128","128","128","128","128","128","128","128","128","128","128","128","128","128","128",NA,NA,NA,NA,NA,"CA","rex sole","rex_sole",NA,NA,"700","total_catch_wt_kg ~ 0 + factor(year) + pass","delta_gamma","TRUE","iid, iid","01_5","factor(year)2021","0.000859429475315215","0.811746491788442","-1.59013445900677","1.5918533179574"
"129","129","129","129","129","129","129","129","129","129","129","129","129","129","129","129","129","129","129","129","129","129","129","129","129","129","129","129","129","129","129","129","129","129","129","129","129","129","129","129","129","129","129","129","129","129","129","129","129","129","129","129","129","129","129","129","129",NA,NA,NA,NA,NA,"CA","rex sole","rex_sole",NA,NA,"700","total_catch_wt_kg ~ 0 + factor(year) + pass","delta_gamma","TRUE","iid, iid","01_5","factor(year)2022","0.870184730621299","0.817376713726359","-0.731844190084071","2.47221365132667"
"130","130","130","130","130","130","130","130","130","130","130","130","130","130","130","130","130","130","130","130","130","130","130","130","130","130","130","130","130","130","130","130","130","130","130","130","130","130","130","130","130","130","130","130","130","130","130","130","130","130","130","130","130","130","130","130","130",NA,NA,NA,NA,NA,"CA","rex sole","rex_sole",NA,NA,"700","total_catch_wt_kg ~ 0 + factor(year) + pass","delta_gamma","TRUE","iid, iid","01_5","factor(year)2023","1.20298118434593","0.846992969792375","-0.45709453160575","2.8630569002976"
"131","131","131","131","131","131","131","131","131","131","131","131","131","131","131","131","131","131","131","131","131","131","131","131","131","131","131","131","131","131","131","131","131","131","131","131","131","131","131","131","131","131","131","131","131","131","131","131","131","131","131","131","131","131","131","131","131",NA,NA,NA,NA,NA,"CA","rex sole","rex_sole",NA,NA,"700","total_catch_wt_kg ~ 0 + factor(year) + pass","delta_gamma","TRUE","iid, iid","01_5","factor(year)2024","-0.0836131107210376","0.796096491961662","-1.64393356318458","1.4767073417425"
"132","132","132","132","132","132","132","132","132","132","132","132","132","132","132","132","132","132","132","132","132","132","132","132","132","132","132","132","132","132","132","132","132","132","132","132","132","132","132","132","132","132","132","132","132","132","132","132","132","132","132","132","132","132","132","132","132",NA,NA,NA,NA,NA,"CA","rex sole","rex_sole",NA,NA,"700","total_catch_wt_kg ~ 0 + factor(year) + pass","delta_gamma","TRUE","iid, iid","01_5","pass","0.257135086797747","0.205479153926498","-0.145596654471951","0.659866828067445"
"133","133","133","133","133","133","133","133","133","133","133","133","133","133","133","133","133","133","133","133","133","133","133","133","133","133","133","133","133","133","133","133","133","133","133","133","133","133","133","133","133","133","133","133","133","133","133","133","133","133","133","133","133","133","133","133",NA,NA,NA,NA,NA,NA,"CA","rex sole","rex_sole",NA,NA,"700","total_catch_wt_kg ~ 0 + factor(year) + pass","delta_gamma","TRUE","iid, iid","01_6","factor(year)2003","1.55987833706889","0.803165862028984","-0.0142978261199878","3.13405450025776"
"134","134","134","134","134","134","134","134","134","134","134","134","134","134","134","134","134","134","134","134","134","134","134","134","134","134","134","134","134","134","134","134","134","134","134","134","134","134","134","134","134","134","134","134","134","134","134","134","134","134","134","134","134","134","134","134",NA,NA,NA,NA,NA,NA,"CA","rex sole","rex_sole",NA,NA,"700","total_catch_wt_kg ~ 0 + factor(year) + pass","delta_gamma","TRUE","iid, iid","01_6","factor(year)2004","1.76306254024843","0.901260238696582","-0.00337506829484302","3.5295001487917"
"135","135","135","135","135","135","135","135","135","135","135","135","135","135","135","135","135","135","135","135","135","135","135","135","135","135","135","135","135","135","135","135","135","135","135","135","135","135","135","135","135","135","135","135","135","135","135","135","135","135","135","135","135","135","135","135",NA,NA,NA,NA,NA,NA,"CA","rex sole","rex_sole",NA,NA,"700","total_catch_wt_kg ~ 0 + factor(year) + pass","delta_gamma","TRUE","iid, iid","01_6","factor(year)2005","0.518778174751412","0.720523838105629","-0.89342259793819","1.93097894744101"
"136","136","136","136","136","136","136","136","136","136","136","136","136","136","136","136","136","136","136","136","136","136","136","136","136","136","136","136","136","136","136","136","136","136","136","136","136","136","136","136","136","136","136","136","136","136","136","136","136","136","136","136","136","136","136","136",NA,NA,NA,NA,NA,NA,"CA","rex sole","rex_sole",NA,NA,"700","total_catch_wt_kg ~ 0 + factor(year) + pass","delta_gamma","TRUE","iid, iid","01_6","factor(year)2006","0.545477801835502","0.736472849124353","-0.897982458039829","1.98893806171083"
"137","137","137","137","137","137","137","137","137","137","137","137","137","137","137","137","137","137","137","137","137","137","137","137","137","137","137","137","137","137","137","137","137","137","137","137","137","137","137","137","137","137","137","137","137","137","137","137","137","137","137","137","137","137","137","137",NA,NA,NA,NA,NA,NA,"CA","rex sole","rex_sole",NA,NA,"700","total_catch_wt_kg ~ 0 + factor(year) + pass","delta_gamma","TRUE","iid, iid","01_6","factor(year)2007","1.0238058635175","0.749403647676404","-0.444998295811196","2.49261002284619"
"138","138","138","138","138","138","138","138","138","138","138","138","138","138","138","138","138","138","138","138","138","138","138","138","138","138","138","138","138","138","138","138","138","138","138","138","138","138","138","138","138","138","138","138","138","138","138","138","138","138","138","138","138","138","138","138",NA,NA,NA,NA,NA,NA,"CA","rex sole","rex_sole",NA,NA,"700","total_catch_wt_kg ~ 0 + factor(year) + pass","delta_gamma","TRUE","iid, iid","01_6","factor(year)2008","1.41386449428667","0.76966960745008","-0.0946602163105696","2.9223892048839"
"139","139","139","139","139","139","139","139","139","139","139","139","139","139","139","139","139","139","139","139","139","139","139","139","139","139","139","139","139","139","139","139","139","139","139","139","139","139","139","139","139","139","139","139","139","139","139","139","139","139","139","139","139","139","139","139",NA,NA,NA,NA,NA,NA,"CA","rex sole","rex_sole",NA,NA,"700","total_catch_wt_kg ~ 0 + factor(year) + pass","delta_gamma","TRUE","iid, iid","01_6","factor(year)2009","0.541787731076931","0.699400532428012","-0.829012123250111","1.91258758540397"
"140","140","140","140","140","140","140","140","140","140","140","140","140","140","140","140","140","140","140","140","140","140","140","140","140","140","140","140","140","140","140","140","140","140","140","140","140","140","140","140","140","140","140","140","140","140","140","140","140","140","140","140","140","140","140","140",NA,NA,NA,NA,NA,NA,"CA","rex sole","rex_sole",NA,NA,"700","total_catch_wt_kg ~ 0 + factor(year) + pass","delta_gamma","TRUE","iid, iid","01_6","factor(year)2010","1.66809236258341","0.740819492413818","0.216112838407081","3.12007188675973"
"141","141","141","141","141","141","141","141","141","141","141","141","141","141","141","141","141","141","141","141","141","141","141","141","141","141","141","141","141","141","141","141","141","141","141","141","141","141","141","141","141","141","141","141","141","141","141","141","141","141","141","141","141","141","141","141",NA,NA,NA,NA,NA,NA,"CA","rex sole","rex_sole",NA,NA,"700","total_catch_wt_kg ~ 0 + factor(year) + pass","delta_gamma","TRUE","iid, iid","01_6","factor(year)2011","0.0348077679729654","0.694823028205592","-1.32702034293905","1.39663587888498"
"142","142","142","142","142","142","142","142","142","142","142","142","142","142","142","142","142","142","142","142","142","142","142","142","142","142","142","142","142","142","142","142","142","142","142","142","142","142","142","142","142","142","142","142","142","142","142","142","142","142","142","142","142","142","142","142",NA,NA,NA,NA,NA,NA,"CA","rex sole","rex_sole",NA,NA,"700","total_catch_wt_kg ~ 0 + factor(year) + pass","delta_gamma","TRUE","iid, iid","01_6","factor(year)2012","0.938150500163654","0.730464972643611","-0.493534538185859","2.36983553851317"
"143","143","143","143","143","143","143","143","143","143","143","143","143","143","143","143","143","143","143","143","143","143","143","143","143","143","143","143","143","143","143","143","143","143","143","143","143","143","143","143","143","143","143","143","143","143","143","143","143","143","143","143","143","143","143","143",NA,NA,NA,NA,NA,NA,"CA","rex sole","rex_sole",NA,NA,"700","total_catch_wt_kg ~ 0 + factor(year) + pass","delta_gamma","TRUE","iid, iid","01_6","factor(year)2013","1.09618515425198","0.851729980043687","-0.573174931186664","2.76554523969063"
"144","144","144","144","144","144","144","144","144","144","144","144","144","144","144","144","144","144","144","144","144","144","144","144","144","144","144","144","144","144","144","144","144","144","144","144","144","144","144","144","144","144","144","144","144","144","144","144","144","144","144","144","144","144","144","144",NA,NA,NA,NA,NA,NA,"CA","rex sole","rex_sole",NA,NA,"700","total_catch_wt_kg ~ 0 + factor(year) + pass","delta_gamma","TRUE","iid, iid","01_6","factor(year)2014","0.0715495166747619","0.692293071906303","-1.28531997100819","1.42841900435771"
"145","145","145","145","145","145","145","145","145","145","145","145","145","145","145","145","145","145","145","145","145","145","145","145","145","145","145","145","145","145","145","145","145","145","145","145","145","145","145","145","145","145","145","145","145","145","145","145","145","145","145","145","145","145","145","145",NA,NA,NA,NA,NA,NA,"CA","rex sole","rex_sole",NA,NA,"700","total_catch_wt_kg ~ 0 + factor(year) + pass","delta_gamma","TRUE","iid, iid","01_6","factor(year)2015","0.70081018283428","0.724826135948158","-0.719822938677443","2.121443304346"
"146","146","146","146","146","146","146","146","146","146","146","146","146","146","146","146","146","146","146","146","146","146","146","146","146","146","146","146","146","146","146","146","146","146","146","146","146","146","146","146","146","146","146","146","146","146","146","146","146","146","146","146","146","146","146","146",NA,NA,NA,NA,NA,NA,"CA","rex sole","rex_sole",NA,NA,"700","total_catch_wt_kg ~ 0 + factor(year) + pass","delta_gamma","TRUE","iid, iid","01_6","factor(year)2016","1.24602108808617","0.757571054348506","-0.238790894166937","2.73083307033928"
"147","147","147","147","147","147","147","147","147","147","147","147","147","147","147","147","147","147","147","147","147","147","147","147","147","147","147","147","147","147","147","147","147","147","147","147","147","147","147","147","147","147","147","147","147","147","147","147","147","147","147","147","147","147","147","147",NA,NA,NA,NA,NA,NA,"CA","rex sole","rex_sole",NA,NA,"700","total_catch_wt_kg ~ 0 + factor(year) + pass","delta_gamma","TRUE","iid, iid","01_6","factor(year)2017","1.28212324923632","0.754294098662001","-0.196266017892302","2.76051251636495"
"148","148","148","148","148","148","148","148","148","148","148","148","148","148","148","148","148","148","148","148","148","148","148","148","148","148","148","148","148","148","148","148","148","148","148","148","148","148","148","148","148","148","148","148","148","148","148","148","148","148","148","148","148","148","148","148",NA,NA,NA,NA,NA,NA,"CA","rex sole","rex_sole",NA,NA,"700","total_catch_wt_kg ~ 0 + factor(year) + pass","delta_gamma","TRUE","iid, iid","01_6","factor(year)2018","0.854543759233013","0.70289794554019","-0.523110898832955","2.23219841729898"
"149","149","149","149","149","149","149","149","149","149","149","149","149","149","149","149","149","149","149","149","149","149","149","149","149","149","149","149","149","149","149","149","149","149","149","149","149","149","149","149","149","149","149","149","149","149","149","149","149","149","149","149","149","149","149","149",NA,NA,NA,NA,NA,NA,"CA","rex sole","rex_sole",NA,NA,"700","total_catch_wt_kg ~ 0 + factor(year) + pass","delta_gamma","TRUE","iid, iid","01_6","factor(year)2019","0.865540953278453","0.875980077611771","-0.851348450015218","2.58243035657212"
"150","150","150","150","150","150","150","150","150","150","150","150","150","150","150","150","150","150","150","150","150","150","150","150","150","150","150","150","150","150","150","150","150","150","150","150","150","150","150","150","150","150","150","150","150","150","150","150","150","150","150","150","150","150","150","150",NA,NA,NA,NA,NA,NA,"CA","rex sole","rex_sole",NA,NA,"700","total_catch_wt_kg ~ 0 + factor(year) + pass","delta_gamma","TRUE","iid, iid","01_6","factor(year)2021","0.936853440417759","0.730621556519683","-0.495138496689414","2.36884537752493"
"151","151","151","151","151","151","151","151","151","151","151","151","151","151","151","151","151","151","151","151","151","151","151","151","151","151","151","151","151","151","151","151","151","151","151","151","151","151","151","151","151","151","151","151","151","151","151","151","151","151","151","151","151","151","151","151",NA,NA,NA,NA,NA,NA,"CA","rex sole","rex_sole",NA,NA,"700","total_catch_wt_kg ~ 0 + factor(year) + pass","delta_gamma","TRUE","iid, iid","01_6","factor(year)2022","1.09161557729557","0.757698797545456","-0.393446777022825","2.57667793161397"
"152","152","152","152","152","152","152","152","152","152","152","152","152","152","152","152","152","152","152","152","152","152","152","152","152","152","152","152","152","152","152","152","152","152","152","152","152","152","152","152","152","152","152","152","152","152","152","152","152","152","152","152","152","152","152","152",NA,NA,NA,NA,NA,NA,"CA","rex sole","rex_sole",NA,NA,"700","total_catch_wt_kg ~ 0 + factor(year) + pass","delta_gamma","TRUE","iid, iid","01_6","factor(year)2023","0.7916739911038","0.748767281374999","-0.675882913193167","2.25923089540077"
"153","153","153","153","153","153","153","153","153","153","153","153","153","153","153","153","153","153","153","153","153","153","153","153","153","153","153","153","153","153","153","153","153","153","153","153","153","153","153","153","153","153","153","153","153","153","153","153","153","153","153","153","153","153","153","153",NA,NA,NA,NA,NA,NA,"CA","rex sole","rex_sole",NA,NA,"700","total_catch_wt_kg ~ 0 + factor(year) + pass","delta_gamma","TRUE","iid, iid","01_6","factor(year)2024","0.821699959956864","0.776713672081736","-0.700630863623192","2.34403078353692"
"154","154","154","154","154","154","154","154","154","154","154","154","154","154","154","154","154","154","154","154","154","154","154","154","154","154","154","154","154","154","154","154","154","154","154","154","154","154","154","154","154","154","154","154","154","154","154","154","154","154","154","154","154","154","154","154",NA,NA,NA,NA,NA,NA,"CA","rex sole","rex_sole",NA,NA,"700","total_catch_wt_kg ~ 0 + factor(year) + pass","delta_gamma","TRUE","iid, iid","01_6","pass","0.17967462632208","0.210302204180052","-0.23251011974021","0.591859372384371"
"155","155","155","155","155","155","155","155","155","155","155","155","155","155","155","155","155","155","155","155","155","155","155","155","155","155","155","155","155","155","155","155","155","155","155","155","155","155","155","155","155","155","155","155","155","155","155","155","155","155","155","155","155","155","155",NA,NA,NA,NA,NA,NA,NA,"CA","rex sole","rex_sole",NA,NA,"700","total_catch_wt_kg ~ 0 + factor(year) + pass","delta_gamma","TRUE","iid, iid","01_7","factor(year)2003","1.84196309259046","0.754262864127307","0.363635044024912","3.32029114115601"
"156","156","156","156","156","156","156","156","156","156","156","156","156","156","156","156","156","156","156","156","156","156","156","156","156","156","156","156","156","156","156","156","156","156","156","156","156","156","156","156","156","156","156","156","156","156","156","156","156","156","156","156","156","156","156",NA,NA,NA,NA,NA,NA,NA,"CA","rex sole","rex_sole",NA,NA,"700","total_catch_wt_kg ~ 0 + factor(year) + pass","delta_gamma","TRUE","iid, iid","01_7","factor(year)2004","2.44756018992061","0.832785601053959","0.815330405011305","4.07978997482991"
"157","157","157","157","157","157","157","157","157","157","157","157","157","157","157","157","157","157","157","157","157","157","157","157","157","157","157","157","157","157","157","157","157","157","157","157","157","157","157","157","157","157","157","157","157","157","157","157","157","157","157","157","157","157","157",NA,NA,NA,NA,NA,NA,NA,"CA","rex sole","rex_sole",NA,NA,"700","total_catch_wt_kg ~ 0 + factor(year) + pass","delta_gamma","TRUE","iid, iid","01_7","factor(year)2005","1.67294000306903","0.750481958246108","0.202022393859564","3.14385761227849"
"158","158","158","158","158","158","158","158","158","158","158","158","158","158","158","158","158","158","158","158","158","158","158","158","158","158","158","158","158","158","158","158","158","158","158","158","158","158","158","158","158","158","158","158","158","158","158","158","158","158","158","158","158","158","158",NA,NA,NA,NA,NA,NA,NA,"CA","rex sole","rex_sole",NA,NA,"700","total_catch_wt_kg ~ 0 + factor(year) + pass","delta_gamma","TRUE","iid, iid","01_7","factor(year)2006","2.39231078461686","0.769355233424846","0.884402235786751","3.90021933344696"
"159","159","159","159","159","159","159","159","159","159","159","159","159","159","159","159","159","159","159","159","159","159","159","159","159","159","159","159","159","159","159","159","159","159","159","159","159","159","159","159","159","159","159","159","159","159","159","159","159","159","159","159","159","159","159",NA,NA,NA,NA,NA,NA,NA,"CA","rex sole","rex_sole",NA,NA,"700","total_catch_wt_kg ~ 0 + factor(year) + pass","delta_gamma","TRUE","iid, iid","01_7","factor(year)2007","1.65910460581176","0.718359786122007","0.251145297070731","3.06706391455279"
"160","160","160","160","160","160","160","160","160","160","160","160","160","160","160","160","160","160","160","160","160","160","160","160","160","160","160","160","160","160","160","160","160","160","160","160","160","160","160","160","160","160","160","160","160","160","160","160","160","160","160","160","160","160","160",NA,NA,NA,NA,NA,NA,NA,"CA","rex sole","rex_sole",NA,NA,"700","total_catch_wt_kg ~ 0 + factor(year) + pass","delta_gamma","TRUE","iid, iid","01_7","factor(year)2008","0.835245977529892","0.695959513584527","-0.528809603793794","2.19930155885358"
"161","161","161","161","161","161","161","161","161","161","161","161","161","161","161","161","161","161","161","161","161","161","161","161","161","161","161","161","161","161","161","161","161","161","161","161","161","161","161","161","161","161","161","161","161","161","161","161","161","161","161","161","161","161","161",NA,NA,NA,NA,NA,NA,NA,"CA","rex sole","rex_sole",NA,NA,"700","total_catch_wt_kg ~ 0 + factor(year) + pass","delta_gamma","TRUE","iid, iid","01_7","factor(year)2009","1.3679149456286","0.694367726322545","0.00697921000944768","2.72885068124775"
"162","162","162","162","162","162","162","162","162","162","162","162","162","162","162","162","162","162","162","162","162","162","162","162","162","162","162","162","162","162","162","162","162","162","162","162","162","162","162","162","162","162","162","162","162","162","162","162","162","162","162","162","162","162","162",NA,NA,NA,NA,NA,NA,NA,"CA","rex sole","rex_sole",NA,NA,"700","total_catch_wt_kg ~ 0 + factor(year) + pass","delta_gamma","TRUE","iid, iid","01_7","factor(year)2010","1.96911936939638","0.745180310315775","0.508592799189079","3.42964593960368"
"163","163","163","163","163","163","163","163","163","163","163","163","163","163","163","163","163","163","163","163","163","163","163","163","163","163","163","163","163","163","163","163","163","163","163","163","163","163","163","163","163","163","163","163","163","163","163","163","163","163","163","163","163","163","163",NA,NA,NA,NA,NA,NA,NA,"CA","rex sole","rex_sole",NA,NA,"700","total_catch_wt_kg ~ 0 + factor(year) + pass","delta_gamma","TRUE","iid, iid","01_7","factor(year)2011","1.90101530445213","0.733626374313178","0.463134032689601","3.33889657621466"
"164","164","164","164","164","164","164","164","164","164","164","164","164","164","164","164","164","164","164","164","164","164","164","164","164","164","164","164","164","164","164","164","164","164","164","164","164","164","164","164","164","164","164","164","164","164","164","164","164","164","164","164","164","164","164",NA,NA,NA,NA,NA,NA,NA,"CA","rex sole","rex_sole",NA,NA,"700","total_catch_wt_kg ~ 0 + factor(year) + pass","delta_gamma","TRUE","iid, iid","01_7","factor(year)2012","2.78379148446885","0.757396682504688","1.29932126474955","4.26826170418816"
"165","165","165","165","165","165","165","165","165","165","165","165","165","165","165","165","165","165","165","165","165","165","165","165","165","165","165","165","165","165","165","165","165","165","165","165","165","165","165","165","165","165","165","165","165","165","165","165","165","165","165","165","165","165","165",NA,NA,NA,NA,NA,NA,NA,"CA","rex sole","rex_sole",NA,NA,"700","total_catch_wt_kg ~ 0 + factor(year) + pass","delta_gamma","TRUE","iid, iid","01_7","factor(year)2013","1.62768779409586","0.783688374366221","0.091686805235323","3.1636887829564"
"166","166","166","166","166","166","166","166","166","166","166","166","166","166","166","166","166","166","166","166","166","166","166","166","166","166","166","166","166","166","166","166","166","166","166","166","166","166","166","166","166","166","166","166","166","166","166","166","166","166","166","166","166","166","166",NA,NA,NA,NA,NA,NA,NA,"CA","rex sole","rex_sole",NA,NA,"700","total_catch_wt_kg ~ 0 + factor(year) + pass","delta_gamma","TRUE","iid, iid","01_7","factor(year)2014","1.54218086805403","0.703274643542619","0.163787895470252","2.92057384063781"
"167","167","167","167","167","167","167","167","167","167","167","167","167","167","167","167","167","167","167","167","167","167","167","167","167","167","167","167","167","167","167","167","167","167","167","167","167","167","167","167","167","167","167","167","167","167","167","167","167","167","167","167","167","167","167",NA,NA,NA,NA,NA,NA,NA,"CA","rex sole","rex_sole",NA,NA,"700","total_catch_wt_kg ~ 0 + factor(year) + pass","delta_gamma","TRUE","iid, iid","01_7","factor(year)2015","2.03562297660304","0.742753719359736","0.57985243727479","3.4913935159313"
"168","168","168","168","168","168","168","168","168","168","168","168","168","168","168","168","168","168","168","168","168","168","168","168","168","168","168","168","168","168","168","168","168","168","168","168","168","168","168","168","168","168","168","168","168","168","168","168","168","168","168","168","168","168","168",NA,NA,NA,NA,NA,NA,NA,"CA","rex sole","rex_sole",NA,NA,"700","total_catch_wt_kg ~ 0 + factor(year) + pass","delta_gamma","TRUE","iid, iid","01_7","factor(year)2016","1.37559454353274","0.702850132452335","-0.00196640260304126","2.75315548966852"
"169","169","169","169","169","169","169","169","169","169","169","169","169","169","169","169","169","169","169","169","169","169","169","169","169","169","169","169","169","169","169","169","169","169","169","169","169","169","169","169","169","169","169","169","169","169","169","169","169","169","169","169","169","169","169",NA,NA,NA,NA,NA,NA,NA,"CA","rex sole","rex_sole",NA,NA,"700","total_catch_wt_kg ~ 0 + factor(year) + pass","delta_gamma","TRUE","iid, iid","01_7","factor(year)2017","0.670341024987955","0.698703673391486","-0.699093010725193","2.0397750607011"
"170","170","170","170","170","170","170","170","170","170","170","170","170","170","170","170","170","170","170","170","170","170","170","170","170","170","170","170","170","170","170","170","170","170","170","170","170","170","170","170","170","170","170","170","170","170","170","170","170","170","170","170","170","170","170",NA,NA,NA,NA,NA,NA,NA,"CA","rex sole","rex_sole",NA,NA,"700","total_catch_wt_kg ~ 0 + factor(year) + pass","delta_gamma","TRUE","iid, iid","01_7","factor(year)2018","1.8178230941861","0.722740038355043","0.401278648825122","3.23436753954708"
"171","171","171","171","171","171","171","171","171","171","171","171","171","171","171","171","171","171","171","171","171","171","171","171","171","171","171","171","171","171","171","171","171","171","171","171","171","171","171","171","171","171","171","171","171","171","171","171","171","171","171","171","171","171","171",NA,NA,NA,NA,NA,NA,NA,"CA","rex sole","rex_sole",NA,NA,"700","total_catch_wt_kg ~ 0 + factor(year) + pass","delta_gamma","TRUE","iid, iid","01_7","factor(year)2019","1.61302577223813","1.02461286487597","-0.395178541015179","3.62123008549144"
"172","172","172","172","172","172","172","172","172","172","172","172","172","172","172","172","172","172","172","172","172","172","172","172","172","172","172","172","172","172","172","172","172","172","172","172","172","172","172","172","172","172","172","172","172","172","172","172","172","172","172","172","172","172","172",NA,NA,NA,NA,NA,NA,NA,"CA","rex sole","rex_sole",NA,NA,"700","total_catch_wt_kg ~ 0 + factor(year) + pass","delta_gamma","TRUE","iid, iid","01_7","factor(year)2021","1.69474353489026","0.726075409208609","0.271661882781202","3.11782518699931"
"173","173","173","173","173","173","173","173","173","173","173","173","173","173","173","173","173","173","173","173","173","173","173","173","173","173","173","173","173","173","173","173","173","173","173","173","173","173","173","173","173","173","173","173","173","173","173","173","173","173","173","173","173","173","173",NA,NA,NA,NA,NA,NA,NA,"CA","rex sole","rex_sole",NA,NA,"700","total_catch_wt_kg ~ 0 + factor(year) + pass","delta_gamma","TRUE","iid, iid","01_7","factor(year)2022","1.63382701347434","0.721851595156235","0.219023884785335","3.04863014216335"
"174","174","174","174","174","174","174","174","174","174","174","174","174","174","174","174","174","174","174","174","174","174","174","174","174","174","174","174","174","174","174","174","174","174","174","174","174","174","174","174","174","174","174","174","174","174","174","174","174","174","174","174","174","174","174",NA,NA,NA,NA,NA,NA,NA,"CA","rex sole","rex_sole",NA,NA,"700","total_catch_wt_kg ~ 0 + factor(year) + pass","delta_gamma","TRUE","iid, iid","01_7","factor(year)2023","1.57157868483484","0.716704481399262","0.166863713733831","2.97629365593585"
"175","175","175","175","175","175","175","175","175","175","175","175","175","175","175","175","175","175","175","175","175","175","175","175","175","175","175","175","175","175","175","175","175","175","175","175","175","175","175","175","175","175","175","175","175","175","175","175","175","175","175","175","175","175","175",NA,NA,NA,NA,NA,NA,NA,"CA","rex sole","rex_sole",NA,NA,"700","total_catch_wt_kg ~ 0 + factor(year) + pass","delta_gamma","TRUE","iid, iid","01_7","factor(year)2024","0.787378273524639","0.712651511538151","-0.609393022618167","2.18414956966745"
"176","176","176","176","176","176","176","176","176","176","176","176","176","176","176","176","176","176","176","176","176","176","176","176","176","176","176","176","176","176","176","176","176","176","176","176","176","176","176","176","176","176","176","176","176","176","176","176","176","176","176","176","176","176","176",NA,NA,NA,NA,NA,NA,NA,"CA","rex sole","rex_sole",NA,NA,"700","total_catch_wt_kg ~ 0 + factor(year) + pass","delta_gamma","TRUE","iid, iid","01_7","pass","-0.348793777393364","0.197628109812062","-0.736137754957732","0.0385502001710032"
"177","177","177","177","177","177","177","177","177","177","177","177","177","177","177","177","177","177","177","177","177","177","177","177","177","177","177","177","177","177","177","177","177","177","177","177","177","177","177","177","177","177","177","177","177","177","177","177","177","177","177","177","177","177",NA,NA,NA,NA,NA,NA,NA,NA,"CA","rex sole","rex_sole",NA,NA,"700","total_catch_wt_kg ~ 0 + factor(year) + pass","delta_gamma","TRUE","iid, iid","01_8","factor(year)2003","2.02427617640711","0.811668523575851","0.43343510281364","3.61511725000057"
"178","178","178","178","178","178","178","178","178","178","178","178","178","178","178","178","178","178","178","178","178","178","178","178","178","178","178","178","178","178","178","178","178","178","178","178","178","178","178","178","178","178","178","178","178","178","178","178","178","178","178","178","178","178",NA,NA,NA,NA,NA,NA,NA,NA,"CA","rex sole","rex_sole",NA,NA,"700","total_catch_wt_kg ~ 0 + factor(year) + pass","delta_gamma","TRUE","iid, iid","01_8","factor(year)2004","1.7029736051428","0.80259040784527","0.129925311428757","3.27602189885684"
"179","179","179","179","179","179","179","179","179","179","179","179","179","179","179","179","179","179","179","179","179","179","179","179","179","179","179","179","179","179","179","179","179","179","179","179","179","179","179","179","179","179","179","179","179","179","179","179","179","179","179","179","179","179",NA,NA,NA,NA,NA,NA,NA,NA,"CA","rex sole","rex_sole",NA,NA,"700","total_catch_wt_kg ~ 0 + factor(year) + pass","delta_gamma","TRUE","iid, iid","01_8","factor(year)2005","1.84716328258882","0.78900349722745","0.300744844346874","3.39358172083078"
"180","180","180","180","180","180","180","180","180","180","180","180","180","180","180","180","180","180","180","180","180","180","180","180","180","180","180","180","180","180","180","180","180","180","180","180","180","180","180","180","180","180","180","180","180","180","180","180","180","180","180","180","180","180",NA,NA,NA,NA,NA,NA,NA,NA,"CA","rex sole","rex_sole",NA,NA,"700","total_catch_wt_kg ~ 0 + factor(year) + pass","delta_gamma","TRUE","iid, iid","01_8","factor(year)2006","1.99204964695758","0.772479899334259","0.478016865481304","3.50608242843385"
"181","181","181","181","181","181","181","181","181","181","181","181","181","181","181","181","181","181","181","181","181","181","181","181","181","181","181","181","181","181","181","181","181","181","181","181","181","181","181","181","181","181","181","181","181","181","181","181","181","181","181","181","181","181",NA,NA,NA,NA,NA,NA,NA,NA,"CA","rex sole","rex_sole",NA,NA,"700","total_catch_wt_kg ~ 0 + factor(year) + pass","delta_gamma","TRUE","iid, iid","01_8","factor(year)2007","2.30881895655521","0.759086918823494","0.821035934525687","3.79660197858474"
"182","182","182","182","182","182","182","182","182","182","182","182","182","182","182","182","182","182","182","182","182","182","182","182","182","182","182","182","182","182","182","182","182","182","182","182","182","182","182","182","182","182","182","182","182","182","182","182","182","182","182","182","182","182",NA,NA,NA,NA,NA,NA,NA,NA,"CA","rex sole","rex_sole",NA,NA,"700","total_catch_wt_kg ~ 0 + factor(year) + pass","delta_gamma","TRUE","iid, iid","01_8","factor(year)2008","1.49340389817298","0.738719524533003","0.0455402354117458","2.94126756093422"
"183","183","183","183","183","183","183","183","183","183","183","183","183","183","183","183","183","183","183","183","183","183","183","183","183","183","183","183","183","183","183","183","183","183","183","183","183","183","183","183","183","183","183","183","183","183","183","183","183","183","183","183","183","183",NA,NA,NA,NA,NA,NA,NA,NA,"CA","rex sole","rex_sole",NA,NA,"700","total_catch_wt_kg ~ 0 + factor(year) + pass","delta_gamma","TRUE","iid, iid","01_8","factor(year)2009","0.554574532069918","0.714869711762159","-0.846544356622443","1.95569342076228"
"184","184","184","184","184","184","184","184","184","184","184","184","184","184","184","184","184","184","184","184","184","184","184","184","184","184","184","184","184","184","184","184","184","184","184","184","184","184","184","184","184","184","184","184","184","184","184","184","184","184","184","184","184","184",NA,NA,NA,NA,NA,NA,NA,NA,"CA","rex sole","rex_sole",NA,NA,"700","total_catch_wt_kg ~ 0 + factor(year) + pass","delta_gamma","TRUE","iid, iid","01_8","factor(year)2010","1.84123501741183","0.753706959640433","0.363996521619395","3.31847351320426"
"185","185","185","185","185","185","185","185","185","185","185","185","185","185","185","185","185","185","185","185","185","185","185","185","185","185","185","185","185","185","185","185","185","185","185","185","185","185","185","185","185","185","185","185","185","185","185","185","185","185","185","185","185","185",NA,NA,NA,NA,NA,NA,NA,NA,"CA","rex sole","rex_sole",NA,NA,"700","total_catch_wt_kg ~ 0 + factor(year) + pass","delta_gamma","TRUE","iid, iid","01_8","factor(year)2011","1.27757595119047","0.739909465518991","-0.172619953047038","2.72777185542797"
"186","186","186","186","186","186","186","186","186","186","186","186","186","186","186","186","186","186","186","186","186","186","186","186","186","186","186","186","186","186","186","186","186","186","186","186","186","186","186","186","186","186","186","186","186","186","186","186","186","186","186","186","186","186",NA,NA,NA,NA,NA,NA,NA,NA,"CA","rex sole","rex_sole",NA,NA,"700","total_catch_wt_kg ~ 0 + factor(year) + pass","delta_gamma","TRUE","iid, iid","01_8","factor(year)2012","1.28094296776947","0.734648329271413","-0.158941298905025","2.72082723444396"
"187","187","187","187","187","187","187","187","187","187","187","187","187","187","187","187","187","187","187","187","187","187","187","187","187","187","187","187","187","187","187","187","187","187","187","187","187","187","187","187","187","187","187","187","187","187","187","187","187","187","187","187","187","187",NA,NA,NA,NA,NA,NA,NA,NA,"CA","rex sole","rex_sole",NA,NA,"700","total_catch_wt_kg ~ 0 + factor(year) + pass","delta_gamma","TRUE","iid, iid","01_8","factor(year)2013","1.93799744192187","0.844023732883239","0.283741323373663","3.59225356047007"
"188","188","188","188","188","188","188","188","188","188","188","188","188","188","188","188","188","188","188","188","188","188","188","188","188","188","188","188","188","188","188","188","188","188","188","188","188","188","188","188","188","188","188","188","188","188","188","188","188","188","188","188","188","188",NA,NA,NA,NA,NA,NA,NA,NA,"CA","rex sole","rex_sole",NA,NA,"700","total_catch_wt_kg ~ 0 + factor(year) + pass","delta_gamma","TRUE","iid, iid","01_8","factor(year)2014","2.33824208777383","0.769016318297056","0.830997800388014","3.84548637515965"
"189","189","189","189","189","189","189","189","189","189","189","189","189","189","189","189","189","189","189","189","189","189","189","189","189","189","189","189","189","189","189","189","189","189","189","189","189","189","189","189","189","189","189","189","189","189","189","189","189","189","189","189","189","189",NA,NA,NA,NA,NA,NA,NA,NA,"CA","rex sole","rex_sole",NA,NA,"700","total_catch_wt_kg ~ 0 + factor(year) + pass","delta_gamma","TRUE","iid, iid","01_8","factor(year)2015","1.87340380166012","0.773639864852166","0.357097529545437","3.3897100737748"
"190","190","190","190","190","190","190","190","190","190","190","190","190","190","190","190","190","190","190","190","190","190","190","190","190","190","190","190","190","190","190","190","190","190","190","190","190","190","190","190","190","190","190","190","190","190","190","190","190","190","190","190","190","190",NA,NA,NA,NA,NA,NA,NA,NA,"CA","rex sole","rex_sole",NA,NA,"700","total_catch_wt_kg ~ 0 + factor(year) + pass","delta_gamma","TRUE","iid, iid","01_8","factor(year)2016","1.58072337487805","0.744085535658575","0.122342523570046","3.03910422618605"
"191","191","191","191","191","191","191","191","191","191","191","191","191","191","191","191","191","191","191","191","191","191","191","191","191","191","191","191","191","191","191","191","191","191","191","191","191","191","191","191","191","191","191","191","191","191","191","191","191","191","191","191","191","191",NA,NA,NA,NA,NA,NA,NA,NA,"CA","rex sole","rex_sole",NA,NA,"700","total_catch_wt_kg ~ 0 + factor(year) + pass","delta_gamma","TRUE","iid, iid","01_8","factor(year)2017","2.12396324596608","0.766860612755996","0.620944063802014","3.62698242813015"
"192","192","192","192","192","192","192","192","192","192","192","192","192","192","192","192","192","192","192","192","192","192","192","192","192","192","192","192","192","192","192","192","192","192","192","192","192","192","192","192","192","192","192","192","192","192","192","192","192","192","192","192","192","192",NA,NA,NA,NA,NA,NA,NA,NA,"CA","rex sole","rex_sole",NA,NA,"700","total_catch_wt_kg ~ 0 + factor(year) + pass","delta_gamma","TRUE","iid, iid","01_8","factor(year)2018","1.86415649335766","0.785805583014526","0.324005851798695","3.40430713491663"
"193","193","193","193","193","193","193","193","193","193","193","193","193","193","193","193","193","193","193","193","193","193","193","193","193","193","193","193","193","193","193","193","193","193","193","193","193","193","193","193","193","193","193","193","193","193","193","193","193","193","193","193","193","193",NA,NA,NA,NA,NA,NA,NA,NA,"CA","rex sole","rex_sole",NA,NA,"700","total_catch_wt_kg ~ 0 + factor(year) + pass","delta_gamma","TRUE","iid, iid","01_8","factor(year)2019","1.0212771797082","0.817302125022272","-0.580605549823502","2.62315990923991"
"194","194","194","194","194","194","194","194","194","194","194","194","194","194","194","194","194","194","194","194","194","194","194","194","194","194","194","194","194","194","194","194","194","194","194","194","194","194","194","194","194","194","194","194","194","194","194","194","194","194","194","194","194","194",NA,NA,NA,NA,NA,NA,NA,NA,"CA","rex sole","rex_sole",NA,NA,"700","total_catch_wt_kg ~ 0 + factor(year) + pass","delta_gamma","TRUE","iid, iid","01_8","factor(year)2021","1.71528656219365","0.734382581845236","0.275923150903451","3.15464997348385"
"195","195","195","195","195","195","195","195","195","195","195","195","195","195","195","195","195","195","195","195","195","195","195","195","195","195","195","195","195","195","195","195","195","195","195","195","195","195","195","195","195","195","195","195","195","195","195","195","195","195","195","195","195","195",NA,NA,NA,NA,NA,NA,NA,NA,"CA","rex sole","rex_sole",NA,NA,"700","total_catch_wt_kg ~ 0 + factor(year) + pass","delta_gamma","TRUE","iid, iid","01_8","factor(year)2022","1.3298586224854","0.748907164515052","-0.137972447728119","2.79768969269891"
"196","196","196","196","196","196","196","196","196","196","196","196","196","196","196","196","196","196","196","196","196","196","196","196","196","196","196","196","196","196","196","196","196","196","196","196","196","196","196","196","196","196","196","196","196","196","196","196","196","196","196","196","196","196",NA,NA,NA,NA,NA,NA,NA,NA,"CA","rex sole","rex_sole",NA,NA,"700","total_catch_wt_kg ~ 0 + factor(year) + pass","delta_gamma","TRUE","iid, iid","01_8","factor(year)2023","1.39283726211184","0.743283381111673","-0.0639713951742034","2.84964591939787"
"197","197","197","197","197","197","197","197","197","197","197","197","197","197","197","197","197","197","197","197","197","197","197","197","197","197","197","197","197","197","197","197","197","197","197","197","197","197","197","197","197","197","197","197","197","197","197","197","197","197","197","197","197","197",NA,NA,NA,NA,NA,NA,NA,NA,"CA","rex sole","rex_sole",NA,NA,"700","total_catch_wt_kg ~ 0 + factor(year) + pass","delta_gamma","TRUE","iid, iid","01_8","factor(year)2024","1.37177415807083","0.754193077254428","-0.106417110737281","2.84996542687894"
"198","198","198","198","198","198","198","198","198","198","198","198","198","198","198","198","198","198","198","198","198","198","198","198","198","198","198","198","198","198","198","198","198","198","198","198","198","198","198","198","198","198","198","198","198","198","198","198","198","198","198","198","198","198",NA,NA,NA,NA,NA,NA,NA,NA,"CA","rex sole","rex_sole",NA,NA,"700","total_catch_wt_kg ~ 0 + factor(year) + pass","delta_gamma","TRUE","iid, iid","01_8","pass","-0.477867260630837","0.199249004485101","-0.868388133377093","-0.0873463878845799"
"199","199","199","199","199","199","199","199","199","199","199","199","199","199","199","199","199","199","199","199","199","199","199","199","199","199","199","199","199","199","199","199","199","199","199","199","199","199","199","199","199","199","199","199","199","199","199","199","199","199","199","199","199",NA,NA,NA,NA,NA,NA,NA,NA,NA,"CA","rex sole","rex_sole",NA,NA,"700","total_catch_wt_kg ~ 0 + factor(year) + pass","delta_gamma","TRUE","iid, iid","01_9","factor(year)2003","1.71475191777454","0.780966500852954","0.184085702970486","3.2454181325786"
"200","200","200","200","200","200","200","200","200","200","200","200","200","200","200","200","200","200","200","200","200","200","200","200","200","200","200","200","200","200","200","200","200","200","200","200","200","200","200","200","200","200","200","200","200","200","200","200","200","200","200","200","200",NA,NA,NA,NA,NA,NA,NA,NA,NA,"CA","rex sole","rex_sole",NA,NA,"700","total_catch_wt_kg ~ 0 + factor(year) + pass","delta_gamma","TRUE","iid, iid","01_9","factor(year)2004","1.75679528699997","0.940989234492015","-0.0875097224442904","3.60110029644424"
"201","201","201","201","201","201","201","201","201","201","201","201","201","201","201","201","201","201","201","201","201","201","201","201","201","201","201","201","201","201","201","201","201","201","201","201","201","201","201","201","201","201","201","201","201","201","201","201","201","201","201","201","201",NA,NA,NA,NA,NA,NA,NA,NA,NA,"CA","rex sole","rex_sole",NA,NA,"700","total_catch_wt_kg ~ 0 + factor(year) + pass","delta_gamma","TRUE","iid, iid","01_9","factor(year)2005","2.27984047724919","0.780996442624151","0.749115577651956","3.81056537684643"
"202","202","202","202","202","202","202","202","202","202","202","202","202","202","202","202","202","202","202","202","202","202","202","202","202","202","202","202","202","202","202","202","202","202","202","202","202","202","202","202","202","202","202","202","202","202","202","202","202","202","202","202","202",NA,NA,NA,NA,NA,NA,NA,NA,NA,"CA","rex sole","rex_sole",NA,NA,"700","total_catch_wt_kg ~ 0 + factor(year) + pass","delta_gamma","TRUE","iid, iid","01_9","factor(year)2006","1.58695118842622","0.749872622736924","0.117227854869259","3.05667452198318"
"203","203","203","203","203","203","203","203","203","203","203","203","203","203","203","203","203","203","203","203","203","203","203","203","203","203","203","203","203","203","203","203","203","203","203","203","203","203","203","203","203","203","203","203","203","203","203","203","203","203","203","203","203",NA,NA,NA,NA,NA,NA,NA,NA,NA,"CA","rex sole","rex_sole",NA,NA,"700","total_catch_wt_kg ~ 0 + factor(year) + pass","delta_gamma","TRUE","iid, iid","01_9","factor(year)2007","0.732724895298357","0.703648622595838","-0.646401062760702","2.11185085335742"
"204","204","204","204","204","204","204","204","204","204","204","204","204","204","204","204","204","204","204","204","204","204","204","204","204","204","204","204","204","204","204","204","204","204","204","204","204","204","204","204","204","204","204","204","204","204","204","204","204","204","204","204","204",NA,NA,NA,NA,NA,NA,NA,NA,NA,"CA","rex sole","rex_sole",NA,NA,"700","total_catch_wt_kg ~ 0 + factor(year) + pass","delta_gamma","TRUE","iid, iid","01_9","factor(year)2008","0.558857607016131","0.696495624127172","-0.806248731662872","1.92396394569513"
"205","205","205","205","205","205","205","205","205","205","205","205","205","205","205","205","205","205","205","205","205","205","205","205","205","205","205","205","205","205","205","205","205","205","205","205","205","205","205","205","205","205","205","205","205","205","205","205","205","205","205","205","205",NA,NA,NA,NA,NA,NA,NA,NA,NA,"CA","rex sole","rex_sole",NA,NA,"700","total_catch_wt_kg ~ 0 + factor(year) + pass","delta_gamma","TRUE","iid, iid","01_9","factor(year)2009","1.06125601230716","0.70463155347777","-0.31979645487978","2.44230847949409"
"206","206","206","206","206","206","206","206","206","206","206","206","206","206","206","206","206","206","206","206","206","206","206","206","206","206","206","206","206","206","206","206","206","206","206","206","206","206","206","206","206","206","206","206","206","206","206","206","206","206","206","206","206",NA,NA,NA,NA,NA,NA,NA,NA,NA,"CA","rex sole","rex_sole",NA,NA,"700","total_catch_wt_kg ~ 0 + factor(year) + pass","delta_gamma","TRUE","iid, iid","01_9","factor(year)2010","0.652297778855363","0.707012429932225","-0.733421120433945","2.03801667814467"
"207","207","207","207","207","207","207","207","207","207","207","207","207","207","207","207","207","207","207","207","207","207","207","207","207","207","207","207","207","207","207","207","207","207","207","207","207","207","207","207","207","207","207","207","207","207","207","207","207","207","207","207","207",NA,NA,NA,NA,NA,NA,NA,NA,NA,"CA","rex sole","rex_sole",NA,NA,"700","total_catch_wt_kg ~ 0 + factor(year) + pass","delta_gamma","TRUE","iid, iid","01_9","factor(year)2011","0.622274871465791","0.688626748562521","-0.727408754507669","1.97195849743925"
"208","208","208","208","208","208","208","208","208","208","208","208","208","208","208","208","208","208","208","208","208","208","208","208","208","208","208","208","208","208","208","208","208","208","208","208","208","208","208","208","208","208","208","208","208","208","208","208","208","208","208","208","208",NA,NA,NA,NA,NA,NA,NA,NA,NA,"CA","rex sole","rex_sole",NA,NA,"700","total_catch_wt_kg ~ 0 + factor(year) + pass","delta_gamma","TRUE","iid, iid","01_9","factor(year)2012","1.80453615501327","0.742278041627714","0.349697926908028","3.25937438311851"
"209","209","209","209","209","209","209","209","209","209","209","209","209","209","209","209","209","209","209","209","209","209","209","209","209","209","209","209","209","209","209","209","209","209","209","209","209","209","209","209","209","209","209","209","209","209","209","209","209","209","209","209","209",NA,NA,NA,NA,NA,NA,NA,NA,NA,"CA","rex sole","rex_sole",NA,NA,"700","total_catch_wt_kg ~ 0 + factor(year) + pass","delta_gamma","TRUE","iid, iid","01_9","factor(year)2013","1.81380659834311","0.812807149344137","0.220733859251936","3.40687933743429"
"210","210","210","210","210","210","210","210","210","210","210","210","210","210","210","210","210","210","210","210","210","210","210","210","210","210","210","210","210","210","210","210","210","210","210","210","210","210","210","210","210","210","210","210","210","210","210","210","210","210","210","210","210",NA,NA,NA,NA,NA,NA,NA,NA,NA,"CA","rex sole","rex_sole",NA,NA,"700","total_catch_wt_kg ~ 0 + factor(year) + pass","delta_gamma","TRUE","iid, iid","01_9","factor(year)2014","1.96359069578825","0.793778038298481","0.407814329004368","3.51936706257212"
"211","211","211","211","211","211","211","211","211","211","211","211","211","211","211","211","211","211","211","211","211","211","211","211","211","211","211","211","211","211","211","211","211","211","211","211","211","211","211","211","211","211","211","211","211","211","211","211","211","211","211","211","211",NA,NA,NA,NA,NA,NA,NA,NA,NA,"CA","rex sole","rex_sole",NA,NA,"700","total_catch_wt_kg ~ 0 + factor(year) + pass","delta_gamma","TRUE","iid, iid","01_9","factor(year)2015","2.33082492181451","0.765483858425146","0.830504128554472","3.83114571507456"
"212","212","212","212","212","212","212","212","212","212","212","212","212","212","212","212","212","212","212","212","212","212","212","212","212","212","212","212","212","212","212","212","212","212","212","212","212","212","212","212","212","212","212","212","212","212","212","212","212","212","212","212","212",NA,NA,NA,NA,NA,NA,NA,NA,NA,"CA","rex sole","rex_sole",NA,NA,"700","total_catch_wt_kg ~ 0 + factor(year) + pass","delta_gamma","TRUE","iid, iid","01_9","factor(year)2016","1.00638458061778","0.704493756375187","-0.374397809210922","2.38716697044648"
"213","213","213","213","213","213","213","213","213","213","213","213","213","213","213","213","213","213","213","213","213","213","213","213","213","213","213","213","213","213","213","213","213","213","213","213","213","213","213","213","213","213","213","213","213","213","213","213","213","213","213","213","213",NA,NA,NA,NA,NA,NA,NA,NA,NA,"CA","rex sole","rex_sole",NA,NA,"700","total_catch_wt_kg ~ 0 + factor(year) + pass","delta_gamma","TRUE","iid, iid","01_9","factor(year)2017","1.42344547278403","0.742093750926765","-0.0310315521846702","2.87792249775272"
"214","214","214","214","214","214","214","214","214","214","214","214","214","214","214","214","214","214","214","214","214","214","214","214","214","214","214","214","214","214","214","214","214","214","214","214","214","214","214","214","214","214","214","214","214","214","214","214","214","214","214","214","214",NA,NA,NA,NA,NA,NA,NA,NA,NA,"CA","rex sole","rex_sole",NA,NA,"700","total_catch_wt_kg ~ 0 + factor(year) + pass","delta_gamma","TRUE","iid, iid","01_9","factor(year)2018","1.23644918502044","0.673956912544793","-0.0844820906991686","2.55738046074004"
"215","215","215","215","215","215","215","215","215","215","215","215","215","215","215","215","215","215","215","215","215","215","215","215","215","215","215","215","215","215","215","215","215","215","215","215","215","215","215","215","215","215","215","215","215","215","215","215","215","215","215","215","215",NA,NA,NA,NA,NA,NA,NA,NA,NA,"CA","rex sole","rex_sole",NA,NA,"700","total_catch_wt_kg ~ 0 + factor(year) + pass","delta_gamma","TRUE","iid, iid","01_9","factor(year)2019","1.41052118684716","0.799605953377198","-0.156677683595965","2.97772005729028"
"216","216","216","216","216","216","216","216","216","216","216","216","216","216","216","216","216","216","216","216","216","216","216","216","216","216","216","216","216","216","216","216","216","216","216","216","216","216","216","216","216","216","216","216","216","216","216","216","216","216","216","216","216",NA,NA,NA,NA,NA,NA,NA,NA,NA,"CA","rex sole","rex_sole",NA,NA,"700","total_catch_wt_kg ~ 0 + factor(year) + pass","delta_gamma","TRUE","iid, iid","01_9","factor(year)2021","1.19359659965191","0.727781365812972","-0.232828665960888","2.6200218652647"
"217","217","217","217","217","217","217","217","217","217","217","217","217","217","217","217","217","217","217","217","217","217","217","217","217","217","217","217","217","217","217","217","217","217","217","217","217","217","217","217","217","217","217","217","217","217","217","217","217","217","217","217","217",NA,NA,NA,NA,NA,NA,NA,NA,NA,"CA","rex sole","rex_sole",NA,NA,"700","total_catch_wt_kg ~ 0 + factor(year) + pass","delta_gamma","TRUE","iid, iid","01_9","factor(year)2022","1.52194341638021","0.733895851385876","0.0835339792605301","2.96035285349988"
"218","218","218","218","218","218","218","218","218","218","218","218","218","218","218","218","218","218","218","218","218","218","218","218","218","218","218","218","218","218","218","218","218","218","218","218","218","218","218","218","218","218","218","218","218","218","218","218","218","218","218","218","218",NA,NA,NA,NA,NA,NA,NA,NA,NA,"CA","rex sole","rex_sole",NA,NA,"700","total_catch_wt_kg ~ 0 + factor(year) + pass","delta_gamma","TRUE","iid, iid","01_9","factor(year)2023","2.1403530504327","0.796584156120445","0.579076793781401","3.70162930708401"
"219","219","219","219","219","219","219","219","219","219","219","219","219","219","219","219","219","219","219","219","219","219","219","219","219","219","219","219","219","219","219","219","219","219","219","219","219","219","219","219","219","219","219","219","219","219","219","219","219","219","219","219","219",NA,NA,NA,NA,NA,NA,NA,NA,NA,"CA","rex sole","rex_sole",NA,NA,"700","total_catch_wt_kg ~ 0 + factor(year) + pass","delta_gamma","TRUE","iid, iid","01_9","factor(year)2024","0.970443146306997","0.725228889236224","-0.45097935714399","2.39186564975798"
"220","220","220","220","220","220","220","220","220","220","220","220","220","220","220","220","220","220","220","220","220","220","220","220","220","220","220","220","220","220","220","220","220","220","220","220","220","220","220","220","220","220","220","220","220","220","220","220","220","220","220","220","220",NA,NA,NA,NA,NA,NA,NA,NA,NA,"CA","rex sole","rex_sole",NA,NA,"700","total_catch_wt_kg ~ 0 + factor(year) + pass","delta_gamma","TRUE","iid, iid","01_9","pass","-0.246988589586886","0.210520569944492","-0.659601324682935","0.165624145509163"
"221","221","221","221","221","221","221","221","221","221","221","221","221","221","221","221","221","221","221","221","221","221","221","221","221","221","221","221","221","221","221","221","221","221","221","221","221","221","221","221","221","221","221","221","221","221","221","221","221","221","221","221",NA,NA,NA,NA,NA,NA,NA,NA,NA,NA,"CA","rex sole","rex_sole",NA,NA,"700","total_catch_wt_kg ~ 0 + factor(year) + pass","delta_gamma","TRUE","iid, iid","02_1","factor(year)2003","1.76726344109795","0.696142371856822","0.40284946414629","3.13167741804961"
"222","222","222","222","222","222","222","222","222","222","222","222","222","222","222","222","222","222","222","222","222","222","222","222","222","222","222","222","222","222","222","222","222","222","222","222","222","222","222","222","222","222","222","222","222","222","222","222","222","222","222","222",NA,NA,NA,NA,NA,NA,NA,NA,NA,NA,"CA","rex sole","rex_sole",NA,NA,"700","total_catch_wt_kg ~ 0 + factor(year) + pass","delta_gamma","TRUE","iid, iid","02_1","factor(year)2004","2.02565349280192","0.7453049405912","0.564882651743399","3.48642433386043"
"223","223","223","223","223","223","223","223","223","223","223","223","223","223","223","223","223","223","223","223","223","223","223","223","223","223","223","223","223","223","223","223","223","223","223","223","223","223","223","223","223","223","223","223","223","223","223","223","223","223","223","223",NA,NA,NA,NA,NA,NA,NA,NA,NA,NA,"CA","rex sole","rex_sole",NA,NA,"700","total_catch_wt_kg ~ 0 + factor(year) + pass","delta_gamma","TRUE","iid, iid","02_1","factor(year)2005","2.99989210206264","0.721761841087854","1.58526488811513","4.41451931601016"
"224","224","224","224","224","224","224","224","224","224","224","224","224","224","224","224","224","224","224","224","224","224","224","224","224","224","224","224","224","224","224","224","224","224","224","224","224","224","224","224","224","224","224","224","224","224","224","224","224","224","224","224",NA,NA,NA,NA,NA,NA,NA,NA,NA,NA,"CA","rex sole","rex_sole",NA,NA,"700","total_catch_wt_kg ~ 0 + factor(year) + pass","delta_gamma","TRUE","iid, iid","02_1","factor(year)2006","2.38169687074616","0.690973236216217","1.02741421348129","3.73597952801103"
"225","225","225","225","225","225","225","225","225","225","225","225","225","225","225","225","225","225","225","225","225","225","225","225","225","225","225","225","225","225","225","225","225","225","225","225","225","225","225","225","225","225","225","225","225","225","225","225","225","225","225","225",NA,NA,NA,NA,NA,NA,NA,NA,NA,NA,"CA","rex sole","rex_sole",NA,NA,"700","total_catch_wt_kg ~ 0 + factor(year) + pass","delta_gamma","TRUE","iid, iid","02_1","factor(year)2007","1.78821147068895","0.671337417182758","0.472414311536607","3.1040086298413"
"226","226","226","226","226","226","226","226","226","226","226","226","226","226","226","226","226","226","226","226","226","226","226","226","226","226","226","226","226","226","226","226","226","226","226","226","226","226","226","226","226","226","226","226","226","226","226","226","226","226","226","226",NA,NA,NA,NA,NA,NA,NA,NA,NA,NA,"CA","rex sole","rex_sole",NA,NA,"700","total_catch_wt_kg ~ 0 + factor(year) + pass","delta_gamma","TRUE","iid, iid","02_1","factor(year)2008","0.367591754527354","0.637138064276068","-0.881175904633305","1.61635941368801"
"227","227","227","227","227","227","227","227","227","227","227","227","227","227","227","227","227","227","227","227","227","227","227","227","227","227","227","227","227","227","227","227","227","227","227","227","227","227","227","227","227","227","227","227","227","227","227","227","227","227","227","227",NA,NA,NA,NA,NA,NA,NA,NA,NA,NA,"CA","rex sole","rex_sole",NA,NA,"700","total_catch_wt_kg ~ 0 + factor(year) + pass","delta_gamma","TRUE","iid, iid","02_1","factor(year)2009","1.44876432314239","0.671839733104486","0.131982642874592","2.76554600341018"
"228","228","228","228","228","228","228","228","228","228","228","228","228","228","228","228","228","228","228","228","228","228","228","228","228","228","228","228","228","228","228","228","228","228","228","228","228","228","228","228","228","228","228","228","228","228","228","228","228","228","228","228",NA,NA,NA,NA,NA,NA,NA,NA,NA,NA,"CA","rex sole","rex_sole",NA,NA,"700","total_catch_wt_kg ~ 0 + factor(year) + pass","delta_gamma","TRUE","iid, iid","02_1","factor(year)2010","1.25815355706576","0.656929062608081","-0.029403746043738","2.54571086017525"
"229","229","229","229","229","229","229","229","229","229","229","229","229","229","229","229","229","229","229","229","229","229","229","229","229","229","229","229","229","229","229","229","229","229","229","229","229","229","229","229","229","229","229","229","229","229","229","229","229","229","229","229",NA,NA,NA,NA,NA,NA,NA,NA,NA,NA,"CA","rex sole","rex_sole",NA,NA,"700","total_catch_wt_kg ~ 0 + factor(year) + pass","delta_gamma","TRUE","iid, iid","02_1","factor(year)2011","1.56722550239335","0.651392033034585","0.290520577829235","2.84393042695746"
"230","230","230","230","230","230","230","230","230","230","230","230","230","230","230","230","230","230","230","230","230","230","230","230","230","230","230","230","230","230","230","230","230","230","230","230","230","230","230","230","230","230","230","230","230","230","230","230","230","230","230","230",NA,NA,NA,NA,NA,NA,NA,NA,NA,NA,"CA","rex sole","rex_sole",NA,NA,"700","total_catch_wt_kg ~ 0 + factor(year) + pass","delta_gamma","TRUE","iid, iid","02_1","factor(year)2012","1.96514794380441","0.671159294647852","0.649699898405319","3.28059598920351"
"231","231","231","231","231","231","231","231","231","231","231","231","231","231","231","231","231","231","231","231","231","231","231","231","231","231","231","231","231","231","231","231","231","231","231","231","231","231","231","231","231","231","231","231","231","231","231","231","231","231","231","231",NA,NA,NA,NA,NA,NA,NA,NA,NA,NA,"CA","rex sole","rex_sole",NA,NA,"700","total_catch_wt_kg ~ 0 + factor(year) + pass","delta_gamma","TRUE","iid, iid","02_1","factor(year)2013","1.72853793644746","0.699756081470937","0.357041218801552","3.10003465409338"
"232","232","232","232","232","232","232","232","232","232","232","232","232","232","232","232","232","232","232","232","232","232","232","232","232","232","232","232","232","232","232","232","232","232","232","232","232","232","232","232","232","232","232","232","232","232","232","232","232","232","232","232",NA,NA,NA,NA,NA,NA,NA,NA,NA,NA,"CA","rex sole","rex_sole",NA,NA,"700","total_catch_wt_kg ~ 0 + factor(year) + pass","delta_gamma","TRUE","iid, iid","02_1","factor(year)2014","1.26655858242305","0.645209890542748","0.00197043449023671","2.53114673035587"
"233","233","233","233","233","233","233","233","233","233","233","233","233","233","233","233","233","233","233","233","233","233","233","233","233","233","233","233","233","233","233","233","233","233","233","233","233","233","233","233","233","233","233","233","233","233","233","233","233","233","233","233",NA,NA,NA,NA,NA,NA,NA,NA,NA,NA,"CA","rex sole","rex_sole",NA,NA,"700","total_catch_wt_kg ~ 0 + factor(year) + pass","delta_gamma","TRUE","iid, iid","02_1","factor(year)2015","1.40497175666917","0.660746673188828","0.109932074314405","2.70001143902392"
"234","234","234","234","234","234","234","234","234","234","234","234","234","234","234","234","234","234","234","234","234","234","234","234","234","234","234","234","234","234","234","234","234","234","234","234","234","234","234","234","234","234","234","234","234","234","234","234","234","234","234","234",NA,NA,NA,NA,NA,NA,NA,NA,NA,NA,"CA","rex sole","rex_sole",NA,NA,"700","total_catch_wt_kg ~ 0 + factor(year) + pass","delta_gamma","TRUE","iid, iid","02_1","factor(year)2016","1.53954154046366","0.6661888935241","0.233835302255833","2.84524777867148"
"235","235","235","235","235","235","235","235","235","235","235","235","235","235","235","235","235","235","235","235","235","235","235","235","235","235","235","235","235","235","235","235","235","235","235","235","235","235","235","235","235","235","235","235","235","235","235","235","235","235","235","235",NA,NA,NA,NA,NA,NA,NA,NA,NA,NA,"CA","rex sole","rex_sole",NA,NA,"700","total_catch_wt_kg ~ 0 + factor(year) + pass","delta_gamma","TRUE","iid, iid","02_1","factor(year)2017","1.95865941771316","0.678184352564752","0.629442511807636","3.28787632361869"
"236","236","236","236","236","236","236","236","236","236","236","236","236","236","236","236","236","236","236","236","236","236","236","236","236","236","236","236","236","236","236","236","236","236","236","236","236","236","236","236","236","236","236","236","236","236","236","236","236","236","236","236",NA,NA,NA,NA,NA,NA,NA,NA,NA,NA,"CA","rex sole","rex_sole",NA,NA,"700","total_catch_wt_kg ~ 0 + factor(year) + pass","delta_gamma","TRUE","iid, iid","02_1","factor(year)2018","1.22654674599643","0.654115615860465","-0.0554963028153195","2.50858979480817"
"237","237","237","237","237","237","237","237","237","237","237","237","237","237","237","237","237","237","237","237","237","237","237","237","237","237","237","237","237","237","237","237","237","237","237","237","237","237","237","237","237","237","237","237","237","237","237","237","237","237","237","237",NA,NA,NA,NA,NA,NA,NA,NA,NA,NA,"CA","rex sole","rex_sole",NA,NA,"700","total_catch_wt_kg ~ 0 + factor(year) + pass","delta_gamma","TRUE","iid, iid","02_1","factor(year)2019","1.35827544647488","0.79371116043928","-0.197369842113601","2.91392073506336"
"238","238","238","238","238","238","238","238","238","238","238","238","238","238","238","238","238","238","238","238","238","238","238","238","238","238","238","238","238","238","238","238","238","238","238","238","238","238","238","238","238","238","238","238","238","238","238","238","238","238","238","238",NA,NA,NA,NA,NA,NA,NA,NA,NA,NA,"CA","rex sole","rex_sole",NA,NA,"700","total_catch_wt_kg ~ 0 + factor(year) + pass","delta_gamma","TRUE","iid, iid","02_1","factor(year)2021","1.03597169214379","0.664882915079641","-0.267174875348311","2.33911825963589"
"239","239","239","239","239","239","239","239","239","239","239","239","239","239","239","239","239","239","239","239","239","239","239","239","239","239","239","239","239","239","239","239","239","239","239","239","239","239","239","239","239","239","239","239","239","239","239","239","239","239","239","239",NA,NA,NA,NA,NA,NA,NA,NA,NA,NA,"CA","rex sole","rex_sole",NA,NA,"700","total_catch_wt_kg ~ 0 + factor(year) + pass","delta_gamma","TRUE","iid, iid","02_1","factor(year)2022","1.40190552210178","0.658469283781929","0.111329440963313","2.69248160324024"
"240","240","240","240","240","240","240","240","240","240","240","240","240","240","240","240","240","240","240","240","240","240","240","240","240","240","240","240","240","240","240","240","240","240","240","240","240","240","240","240","240","240","240","240","240","240","240","240","240","240","240","240",NA,NA,NA,NA,NA,NA,NA,NA,NA,NA,"CA","rex sole","rex_sole",NA,NA,"700","total_catch_wt_kg ~ 0 + factor(year) + pass","delta_gamma","TRUE","iid, iid","02_1","factor(year)2023","1.5654123419556","0.67736093689304","0.237809301110935","2.89301538280027"
"241","241","241","241","241","241","241","241","241","241","241","241","241","241","241","241","241","241","241","241","241","241","241","241","241","241","241","241","241","241","241","241","241","241","241","241","241","241","241","241","241","241","241","241","241","241","241","241","241","241","241","241",NA,NA,NA,NA,NA,NA,NA,NA,NA,NA,"CA","rex sole","rex_sole",NA,NA,"700","total_catch_wt_kg ~ 0 + factor(year) + pass","delta_gamma","TRUE","iid, iid","02_1","factor(year)2024","1.06920457278208","0.652445096885015","-0.209564319002294","2.34797346456646"
"242","242","242","242","242","242","242","242","242","242","242","242","242","242","242","242","242","242","242","242","242","242","242","242","242","242","242","242","242","242","242","242","242","242","242","242","242","242","242","242","242","242","242","242","242","242","242","242","242","242","242","242",NA,NA,NA,NA,NA,NA,NA,NA,NA,NA,"CA","rex sole","rex_sole",NA,NA,"700","total_catch_wt_kg ~ 0 + factor(year) + pass","delta_gamma","TRUE","iid, iid","02_1","pass","-0.278393726229969","0.164101918167869","-0.600027575632932","0.0432401231729942"
"243","243","243","243","243","243","243","243","243","243","243","243","243","243","243","243","243","243","243","243","243","243","243","243","243","243","243","243","243","243","243","243","243","243","243","243","243","243","243","243","243","243","243","243","243","243","243","243","243","243","243",NA,NA,NA,NA,NA,NA,NA,NA,NA,NA,NA,"CA","rex sole","rex_sole",NA,NA,"700","total_catch_wt_kg ~ 0 + factor(year) + pass","delta_gamma","TRUE","iid, iid","02_10","factor(year)2003","0.834746856708322","0.638071006206192","-0.415849335035048","2.08534304845169"
"244","244","244","244","244","244","244","244","244","244","244","244","244","244","244","244","244","244","244","244","244","244","244","244","244","244","244","244","244","244","244","244","244","244","244","244","244","244","244","244","244","244","244","244","244","244","244","244","244","244","244",NA,NA,NA,NA,NA,NA,NA,NA,NA,NA,NA,"CA","rex sole","rex_sole",NA,NA,"700","total_catch_wt_kg ~ 0 + factor(year) + pass","delta_gamma","TRUE","iid, iid","02_10","factor(year)2004","0.925333388519609","0.639826804737063","-0.328704105108376","2.17937088214759"
"245","245","245","245","245","245","245","245","245","245","245","245","245","245","245","245","245","245","245","245","245","245","245","245","245","245","245","245","245","245","245","245","245","245","245","245","245","245","245","245","245","245","245","245","245","245","245","245","245","245","245",NA,NA,NA,NA,NA,NA,NA,NA,NA,NA,NA,"CA","rex sole","rex_sole",NA,NA,"700","total_catch_wt_kg ~ 0 + factor(year) + pass","delta_gamma","TRUE","iid, iid","02_10","factor(year)2005","1.19365797192045","0.617122376428236","-0.0158796599326618","2.40319560377356"
"246","246","246","246","246","246","246","246","246","246","246","246","246","246","246","246","246","246","246","246","246","246","246","246","246","246","246","246","246","246","246","246","246","246","246","246","246","246","246","246","246","246","246","246","246","246","246","246","246","246","246",NA,NA,NA,NA,NA,NA,NA,NA,NA,NA,NA,"CA","rex sole","rex_sole",NA,NA,"700","total_catch_wt_kg ~ 0 + factor(year) + pass","delta_gamma","TRUE","iid, iid","02_10","factor(year)2006","1.25070951306483","0.62873447099633","0.0184125940731763","2.48300643205647"
"247","247","247","247","247","247","247","247","247","247","247","247","247","247","247","247","247","247","247","247","247","247","247","247","247","247","247","247","247","247","247","247","247","247","247","247","247","247","247","247","247","247","247","247","247","247","247","247","247","247","247",NA,NA,NA,NA,NA,NA,NA,NA,NA,NA,NA,"CA","rex sole","rex_sole",NA,NA,"700","total_catch_wt_kg ~ 0 + factor(year) + pass","delta_gamma","TRUE","iid, iid","02_10","factor(year)2007","0.774002779818679","0.596899710047101","-0.39589915425604","1.9439047138934"
"248","248","248","248","248","248","248","248","248","248","248","248","248","248","248","248","248","248","248","248","248","248","248","248","248","248","248","248","248","248","248","248","248","248","248","248","248","248","248","248","248","248","248","248","248","248","248","248","248","248","248",NA,NA,NA,NA,NA,NA,NA,NA,NA,NA,NA,"CA","rex sole","rex_sole",NA,NA,"700","total_catch_wt_kg ~ 0 + factor(year) + pass","delta_gamma","TRUE","iid, iid","02_10","factor(year)2008","0.318898953680254","0.593749694908358","-0.844829064171773","1.48262697153228"
"249","249","249","249","249","249","249","249","249","249","249","249","249","249","249","249","249","249","249","249","249","249","249","249","249","249","249","249","249","249","249","249","249","249","249","249","249","249","249","249","249","249","249","249","249","249","249","249","249","249","249",NA,NA,NA,NA,NA,NA,NA,NA,NA,NA,NA,"CA","rex sole","rex_sole",NA,NA,"700","total_catch_wt_kg ~ 0 + factor(year) + pass","delta_gamma","TRUE","iid, iid","02_10","factor(year)2009","0.850793436445439","0.614871907708218","-0.354333357768104","2.05592023065898"
"250","250","250","250","250","250","250","250","250","250","250","250","250","250","250","250","250","250","250","250","250","250","250","250","250","250","250","250","250","250","250","250","250","250","250","250","250","250","250","250","250","250","250","250","250","250","250","250","250","250","250",NA,NA,NA,NA,NA,NA,NA,NA,NA,NA,NA,"CA","rex sole","rex_sole",NA,NA,"700","total_catch_wt_kg ~ 0 + factor(year) + pass","delta_gamma","TRUE","iid, iid","02_10","factor(year)2010","0.630782334119435","0.593145485065597","-0.531761454201675","1.79332612244055"
"251","251","251","251","251","251","251","251","251","251","251","251","251","251","251","251","251","251","251","251","251","251","251","251","251","251","251","251","251","251","251","251","251","251","251","251","251","251","251","251","251","251","251","251","251","251","251","251","251","251","251",NA,NA,NA,NA,NA,NA,NA,NA,NA,NA,NA,"CA","rex sole","rex_sole",NA,NA,"700","total_catch_wt_kg ~ 0 + factor(year) + pass","delta_gamma","TRUE","iid, iid","02_10","factor(year)2011","0.925341784065978","0.606065529002326","-0.262524825049796","2.11320839318175"
"252","252","252","252","252","252","252","252","252","252","252","252","252","252","252","252","252","252","252","252","252","252","252","252","252","252","252","252","252","252","252","252","252","252","252","252","252","252","252","252","252","252","252","252","252","252","252","252","252","252","252",NA,NA,NA,NA,NA,NA,NA,NA,NA,NA,NA,"CA","rex sole","rex_sole",NA,NA,"700","total_catch_wt_kg ~ 0 + factor(year) + pass","delta_gamma","TRUE","iid, iid","02_10","factor(year)2012","0.711192475131074","0.607933390639987","-0.480335075522619","1.90272002578477"
"253","253","253","253","253","253","253","253","253","253","253","253","253","253","253","253","253","253","253","253","253","253","253","253","253","253","253","253","253","253","253","253","253","253","253","253","253","253","253","253","253","253","253","253","253","253","253","253","253","253","253",NA,NA,NA,NA,NA,NA,NA,NA,NA,NA,NA,"CA","rex sole","rex_sole",NA,NA,"700","total_catch_wt_kg ~ 0 + factor(year) + pass","delta_gamma","TRUE","iid, iid","02_10","factor(year)2013","0.947562584069684","0.619850208421412","-0.267321500245928","2.1624466683853"
"254","254","254","254","254","254","254","254","254","254","254","254","254","254","254","254","254","254","254","254","254","254","254","254","254","254","254","254","254","254","254","254","254","254","254","254","254","254","254","254","254","254","254","254","254","254","254","254","254","254","254",NA,NA,NA,NA,NA,NA,NA,NA,NA,NA,NA,"CA","rex sole","rex_sole",NA,NA,"700","total_catch_wt_kg ~ 0 + factor(year) + pass","delta_gamma","TRUE","iid, iid","02_10","factor(year)2014","1.3421132869219","0.621847605578043","0.123314376116467","2.56091219772733"
"255","255","255","255","255","255","255","255","255","255","255","255","255","255","255","255","255","255","255","255","255","255","255","255","255","255","255","255","255","255","255","255","255","255","255","255","255","255","255","255","255","255","255","255","255","255","255","255","255","255","255",NA,NA,NA,NA,NA,NA,NA,NA,NA,NA,NA,"CA","rex sole","rex_sole",NA,NA,"700","total_catch_wt_kg ~ 0 + factor(year) + pass","delta_gamma","TRUE","iid, iid","02_10","factor(year)2015","1.01958706219078","0.615801489181513","-0.187361678231113","2.22653580261268"
"256","256","256","256","256","256","256","256","256","256","256","256","256","256","256","256","256","256","256","256","256","256","256","256","256","256","256","256","256","256","256","256","256","256","256","256","256","256","256","256","256","256","256","256","256","256","256","256","256","256","256",NA,NA,NA,NA,NA,NA,NA,NA,NA,NA,NA,"CA","rex sole","rex_sole",NA,NA,"700","total_catch_wt_kg ~ 0 + factor(year) + pass","delta_gamma","TRUE","iid, iid","02_10","factor(year)2016","1.01248312195849","0.621037853979633","-0.204728704877633","2.22969494879462"
"257","257","257","257","257","257","257","257","257","257","257","257","257","257","257","257","257","257","257","257","257","257","257","257","257","257","257","257","257","257","257","257","257","257","257","257","257","257","257","257","257","257","257","257","257","257","257","257","257","257","257",NA,NA,NA,NA,NA,NA,NA,NA,NA,NA,NA,"CA","rex sole","rex_sole",NA,NA,"700","total_catch_wt_kg ~ 0 + factor(year) + pass","delta_gamma","TRUE","iid, iid","02_10","factor(year)2017","0.908200487049656","0.602713185901827","-0.273095650325319","2.08949662442463"
"258","258","258","258","258","258","258","258","258","258","258","258","258","258","258","258","258","258","258","258","258","258","258","258","258","258","258","258","258","258","258","258","258","258","258","258","258","258","258","258","258","258","258","258","258","258","258","258","258","258","258",NA,NA,NA,NA,NA,NA,NA,NA,NA,NA,NA,"CA","rex sole","rex_sole",NA,NA,"700","total_catch_wt_kg ~ 0 + factor(year) + pass","delta_gamma","TRUE","iid, iid","02_10","factor(year)2018","1.03869808819984","0.619432188460456","-0.175366692047481","2.25276286844716"
"259","259","259","259","259","259","259","259","259","259","259","259","259","259","259","259","259","259","259","259","259","259","259","259","259","259","259","259","259","259","259","259","259","259","259","259","259","259","259","259","259","259","259","259","259","259","259","259","259","259","259",NA,NA,NA,NA,NA,NA,NA,NA,NA,NA,NA,"CA","rex sole","rex_sole",NA,NA,"700","total_catch_wt_kg ~ 0 + factor(year) + pass","delta_gamma","TRUE","iid, iid","02_10","factor(year)2019","0.508789384653435","0.691896570197109","-0.847302973959687","1.86488174326656"
"260","260","260","260","260","260","260","260","260","260","260","260","260","260","260","260","260","260","260","260","260","260","260","260","260","260","260","260","260","260","260","260","260","260","260","260","260","260","260","260","260","260","260","260","260","260","260","260","260","260","260",NA,NA,NA,NA,NA,NA,NA,NA,NA,NA,NA,"CA","rex sole","rex_sole",NA,NA,"700","total_catch_wt_kg ~ 0 + factor(year) + pass","delta_gamma","TRUE","iid, iid","02_10","factor(year)2021","1.3341322691147","0.622024759406765","0.114986143185245","2.55327839504415"
"261","261","261","261","261","261","261","261","261","261","261","261","261","261","261","261","261","261","261","261","261","261","261","261","261","261","261","261","261","261","261","261","261","261","261","261","261","261","261","261","261","261","261","261","261","261","261","261","261","261","261",NA,NA,NA,NA,NA,NA,NA,NA,NA,NA,NA,"CA","rex sole","rex_sole",NA,NA,"700","total_catch_wt_kg ~ 0 + factor(year) + pass","delta_gamma","TRUE","iid, iid","02_10","factor(year)2022","0.68075945937171","0.604798432951979","-0.504623687120431","1.86614260586385"
"262","262","262","262","262","262","262","262","262","262","262","262","262","262","262","262","262","262","262","262","262","262","262","262","262","262","262","262","262","262","262","262","262","262","262","262","262","262","262","262","262","262","262","262","262","262","262","262","262","262","262",NA,NA,NA,NA,NA,NA,NA,NA,NA,NA,NA,"CA","rex sole","rex_sole",NA,NA,"700","total_catch_wt_kg ~ 0 + factor(year) + pass","delta_gamma","TRUE","iid, iid","02_10","factor(year)2023","0.956295285939553","0.614448904173422","-0.248002436580457","2.16059300845956"
"263","263","263","263","263","263","263","263","263","263","263","263","263","263","263","263","263","263","263","263","263","263","263","263","263","263","263","263","263","263","263","263","263","263","263","263","263","263","263","263","263","263","263","263","263","263","263","263","263","263","263",NA,NA,NA,NA,NA,NA,NA,NA,NA,NA,NA,"CA","rex sole","rex_sole",NA,NA,"700","total_catch_wt_kg ~ 0 + factor(year) + pass","delta_gamma","TRUE","iid, iid","02_10","factor(year)2024","0.251006873542956","0.61204121379665","-0.948571862552658","1.45058560963857"
"264","264","264","264","264","264","264","264","264","264","264","264","264","264","264","264","264","264","264","264","264","264","264","264","264","264","264","264","264","264","264","264","264","264","264","264","264","264","264","264","264","264","264","264","264","264","264","264","264","264","264",NA,NA,NA,NA,NA,NA,NA,NA,NA,NA,NA,"CA","rex sole","rex_sole",NA,NA,"700","total_catch_wt_kg ~ 0 + factor(year) + pass","delta_gamma","TRUE","iid, iid","02_10","pass","-0.0288802937028833","0.144242626341734","-0.311590646368151","0.253830058962384"
"265","265","265","265","265","265","265","265","265","265","265","265","265","265","265","265","265","265","265","265","265","265","265","265","265","265","265","265","265","265","265","265","265","265","265","265","265","265","265","265","265","265","265","265","265","265","265","265","265","265",NA,NA,NA,NA,NA,NA,NA,NA,NA,NA,NA,NA,"CA","rex sole","rex_sole",NA,NA,"700","total_catch_wt_kg ~ 0 + factor(year) + pass","delta_gamma","TRUE","iid, iid","02_2","factor(year)2003","1.63788796042491","0.722987112682013","0.220859258281562","3.05491666256826"
"266","266","266","266","266","266","266","266","266","266","266","266","266","266","266","266","266","266","266","266","266","266","266","266","266","266","266","266","266","266","266","266","266","266","266","266","266","266","266","266","266","266","266","266","266","266","266","266","266","266",NA,NA,NA,NA,NA,NA,NA,NA,NA,NA,NA,NA,"CA","rex sole","rex_sole",NA,NA,"700","total_catch_wt_kg ~ 0 + factor(year) + pass","delta_gamma","TRUE","iid, iid","02_2","factor(year)2004","1.17010200865238","0.709508301192049","-0.220508708416237","2.56071272572099"
"267","267","267","267","267","267","267","267","267","267","267","267","267","267","267","267","267","267","267","267","267","267","267","267","267","267","267","267","267","267","267","267","267","267","267","267","267","267","267","267","267","267","267","267","267","267","267","267","267","267",NA,NA,NA,NA,NA,NA,NA,NA,NA,NA,NA,NA,"CA","rex sole","rex_sole",NA,NA,"700","total_catch_wt_kg ~ 0 + factor(year) + pass","delta_gamma","TRUE","iid, iid","02_2","factor(year)2005","0.986054950435441","0.667445072826777","-0.322113353963756","2.29422325483464"
"268","268","268","268","268","268","268","268","268","268","268","268","268","268","268","268","268","268","268","268","268","268","268","268","268","268","268","268","268","268","268","268","268","268","268","268","268","268","268","268","268","268","268","268","268","268","268","268","268","268",NA,NA,NA,NA,NA,NA,NA,NA,NA,NA,NA,NA,"CA","rex sole","rex_sole",NA,NA,"700","total_catch_wt_kg ~ 0 + factor(year) + pass","delta_gamma","TRUE","iid, iid","02_2","factor(year)2006","1.37182720579294","0.686670683156307","0.025977397567067","2.71767701401882"
"269","269","269","269","269","269","269","269","269","269","269","269","269","269","269","269","269","269","269","269","269","269","269","269","269","269","269","269","269","269","269","269","269","269","269","269","269","269","269","269","269","269","269","269","269","269","269","269","269","269",NA,NA,NA,NA,NA,NA,NA,NA,NA,NA,NA,NA,"CA","rex sole","rex_sole",NA,NA,"700","total_catch_wt_kg ~ 0 + factor(year) + pass","delta_gamma","TRUE","iid, iid","02_2","factor(year)2007","0.309942805523318","0.65779218173198","-0.979306179983388","1.59919179103002"
"270","270","270","270","270","270","270","270","270","270","270","270","270","270","270","270","270","270","270","270","270","270","270","270","270","270","270","270","270","270","270","270","270","270","270","270","270","270","270","270","270","270","270","270","270","270","270","270","270","270",NA,NA,NA,NA,NA,NA,NA,NA,NA,NA,NA,NA,"CA","rex sole","rex_sole",NA,NA,"700","total_catch_wt_kg ~ 0 + factor(year) + pass","delta_gamma","TRUE","iid, iid","02_2","factor(year)2008","0.86004701935872","0.660111309058763","-0.433747372184044","2.15384141090148"
"271","271","271","271","271","271","271","271","271","271","271","271","271","271","271","271","271","271","271","271","271","271","271","271","271","271","271","271","271","271","271","271","271","271","271","271","271","271","271","271","271","271","271","271","271","271","271","271","271","271",NA,NA,NA,NA,NA,NA,NA,NA,NA,NA,NA,NA,"CA","rex sole","rex_sole",NA,NA,"700","total_catch_wt_kg ~ 0 + factor(year) + pass","delta_gamma","TRUE","iid, iid","02_2","factor(year)2009","0.411390946234976","0.655991434508497","-0.874328639568444","1.6971105320384"
"272","272","272","272","272","272","272","272","272","272","272","272","272","272","272","272","272","272","272","272","272","272","272","272","272","272","272","272","272","272","272","272","272","272","272","272","272","272","272","272","272","272","272","272","272","272","272","272","272","272",NA,NA,NA,NA,NA,NA,NA,NA,NA,NA,NA,NA,"CA","rex sole","rex_sole",NA,NA,"700","total_catch_wt_kg ~ 0 + factor(year) + pass","delta_gamma","TRUE","iid, iid","02_2","factor(year)2010","1.03094155952619","0.656782061050508","-0.256327625824788","2.31821074487718"
"273","273","273","273","273","273","273","273","273","273","273","273","273","273","273","273","273","273","273","273","273","273","273","273","273","273","273","273","273","273","273","273","273","273","273","273","273","273","273","273","273","273","273","273","273","273","273","273","273","273",NA,NA,NA,NA,NA,NA,NA,NA,NA,NA,NA,NA,"CA","rex sole","rex_sole",NA,NA,"700","total_catch_wt_kg ~ 0 + factor(year) + pass","delta_gamma","TRUE","iid, iid","02_2","factor(year)2011","1.22962661159326","0.671609952096738","-0.0867047061750208","2.54595792936154"
"274","274","274","274","274","274","274","274","274","274","274","274","274","274","274","274","274","274","274","274","274","274","274","274","274","274","274","274","274","274","274","274","274","274","274","274","274","274","274","274","274","274","274","274","274","274","274","274","274","274",NA,NA,NA,NA,NA,NA,NA,NA,NA,NA,NA,NA,"CA","rex sole","rex_sole",NA,NA,"700","total_catch_wt_kg ~ 0 + factor(year) + pass","delta_gamma","TRUE","iid, iid","02_2","factor(year)2012","0.854864411911657","0.677446501060404","-0.47290633161941","2.18263515544272"
"275","275","275","275","275","275","275","275","275","275","275","275","275","275","275","275","275","275","275","275","275","275","275","275","275","275","275","275","275","275","275","275","275","275","275","275","275","275","275","275","275","275","275","275","275","275","275","275","275","275",NA,NA,NA,NA,NA,NA,NA,NA,NA,NA,NA,NA,"CA","rex sole","rex_sole",NA,NA,"700","total_catch_wt_kg ~ 0 + factor(year) + pass","delta_gamma","TRUE","iid, iid","02_2","factor(year)2013","1.46833342633836","0.724120262836315","0.0490837907035098","2.88758306197322"
"276","276","276","276","276","276","276","276","276","276","276","276","276","276","276","276","276","276","276","276","276","276","276","276","276","276","276","276","276","276","276","276","276","276","276","276","276","276","276","276","276","276","276","276","276","276","276","276","276","276",NA,NA,NA,NA,NA,NA,NA,NA,NA,NA,NA,NA,"CA","rex sole","rex_sole",NA,NA,"700","total_catch_wt_kg ~ 0 + factor(year) + pass","delta_gamma","TRUE","iid, iid","02_2","factor(year)2014","0.748396098952625","0.671452316604195","-0.567626258927583","2.06441845683283"
"277","277","277","277","277","277","277","277","277","277","277","277","277","277","277","277","277","277","277","277","277","277","277","277","277","277","277","277","277","277","277","277","277","277","277","277","277","277","277","277","277","277","277","277","277","277","277","277","277","277",NA,NA,NA,NA,NA,NA,NA,NA,NA,NA,NA,NA,"CA","rex sole","rex_sole",NA,NA,"700","total_catch_wt_kg ~ 0 + factor(year) + pass","delta_gamma","TRUE","iid, iid","02_2","factor(year)2015","1.50597584879484","0.676792316873144","0.17948728271006","2.83246441487962"
"278","278","278","278","278","278","278","278","278","278","278","278","278","278","278","278","278","278","278","278","278","278","278","278","278","278","278","278","278","278","278","278","278","278","278","278","278","278","278","278","278","278","278","278","278","278","278","278","278","278",NA,NA,NA,NA,NA,NA,NA,NA,NA,NA,NA,NA,"CA","rex sole","rex_sole",NA,NA,"700","total_catch_wt_kg ~ 0 + factor(year) + pass","delta_gamma","TRUE","iid, iid","02_2","factor(year)2016","0.777657206772491","0.669422231639315","-0.534386257690996","2.08970067123598"
"279","279","279","279","279","279","279","279","279","279","279","279","279","279","279","279","279","279","279","279","279","279","279","279","279","279","279","279","279","279","279","279","279","279","279","279","279","279","279","279","279","279","279","279","279","279","279","279","279","279",NA,NA,NA,NA,NA,NA,NA,NA,NA,NA,NA,NA,"CA","rex sole","rex_sole",NA,NA,"700","total_catch_wt_kg ~ 0 + factor(year) + pass","delta_gamma","TRUE","iid, iid","02_2","factor(year)2017","1.04539333006337","0.673969602081326","-0.275562816690818","2.36634947681756"
"280","280","280","280","280","280","280","280","280","280","280","280","280","280","280","280","280","280","280","280","280","280","280","280","280","280","280","280","280","280","280","280","280","280","280","280","280","280","280","280","280","280","280","280","280","280","280","280","280","280",NA,NA,NA,NA,NA,NA,NA,NA,NA,NA,NA,NA,"CA","rex sole","rex_sole",NA,NA,"700","total_catch_wt_kg ~ 0 + factor(year) + pass","delta_gamma","TRUE","iid, iid","02_2","factor(year)2018","1.02836078058427","0.666881298449034","-0.278702546339143","2.33542410750769"
"281","281","281","281","281","281","281","281","281","281","281","281","281","281","281","281","281","281","281","281","281","281","281","281","281","281","281","281","281","281","281","281","281","281","281","281","281","281","281","281","281","281","281","281","281","281","281","281","281","281",NA,NA,NA,NA,NA,NA,NA,NA,NA,NA,NA,NA,"CA","rex sole","rex_sole",NA,NA,"700","total_catch_wt_kg ~ 0 + factor(year) + pass","delta_gamma","TRUE","iid, iid","02_2","factor(year)2019","-0.194108157892312","0.715269497846565","-1.59601061291163","1.20779429712701"
"282","282","282","282","282","282","282","282","282","282","282","282","282","282","282","282","282","282","282","282","282","282","282","282","282","282","282","282","282","282","282","282","282","282","282","282","282","282","282","282","282","282","282","282","282","282","282","282","282","282",NA,NA,NA,NA,NA,NA,NA,NA,NA,NA,NA,NA,"CA","rex sole","rex_sole",NA,NA,"700","total_catch_wt_kg ~ 0 + factor(year) + pass","delta_gamma","TRUE","iid, iid","02_2","factor(year)2021","0.76453254594303","0.666285691664357","-0.541363413133469","2.07042850501953"
"283","283","283","283","283","283","283","283","283","283","283","283","283","283","283","283","283","283","283","283","283","283","283","283","283","283","283","283","283","283","283","283","283","283","283","283","283","283","283","283","283","283","283","283","283","283","283","283","283","283",NA,NA,NA,NA,NA,NA,NA,NA,NA,NA,NA,NA,"CA","rex sole","rex_sole",NA,NA,"700","total_catch_wt_kg ~ 0 + factor(year) + pass","delta_gamma","TRUE","iid, iid","02_2","factor(year)2022","0.510238452545179","0.67942712133998","-0.821414235400906","1.84189114049126"
"284","284","284","284","284","284","284","284","284","284","284","284","284","284","284","284","284","284","284","284","284","284","284","284","284","284","284","284","284","284","284","284","284","284","284","284","284","284","284","284","284","284","284","284","284","284","284","284","284","284",NA,NA,NA,NA,NA,NA,NA,NA,NA,NA,NA,NA,"CA","rex sole","rex_sole",NA,NA,"700","total_catch_wt_kg ~ 0 + factor(year) + pass","delta_gamma","TRUE","iid, iid","02_2","factor(year)2023","1.05717179341884","0.676461791770968","-0.268668955369689","2.38301254220737"
"285","285","285","285","285","285","285","285","285","285","285","285","285","285","285","285","285","285","285","285","285","285","285","285","285","285","285","285","285","285","285","285","285","285","285","285","285","285","285","285","285","285","285","285","285","285","285","285","285","285",NA,NA,NA,NA,NA,NA,NA,NA,NA,NA,NA,NA,"CA","rex sole","rex_sole",NA,NA,"700","total_catch_wt_kg ~ 0 + factor(year) + pass","delta_gamma","TRUE","iid, iid","02_2","factor(year)2024","0.485519252866491","0.656321000369857","-0.800846270155728","1.77188477588871"
"286","286","286","286","286","286","286","286","286","286","286","286","286","286","286","286","286","286","286","286","286","286","286","286","286","286","286","286","286","286","286","286","286","286","286","286","286","286","286","286","286","286","286","286","286","286","286","286","286","286",NA,NA,NA,NA,NA,NA,NA,NA,NA,NA,NA,NA,"CA","rex sole","rex_sole",NA,NA,"700","total_catch_wt_kg ~ 0 + factor(year) + pass","delta_gamma","TRUE","iid, iid","02_2","pass","-0.0353791489250466","0.151155804576264","-0.331639081948698","0.260880784098605"
"287","287","287","287","287","287","287","287","287","287","287","287","287","287","287","287","287","287","287","287","287","287","287","287","287","287","287","287","287","287","287","287","287","287","287","287","287","287","287","287","287","287","287","287","287","287","287","287","287",NA,NA,NA,NA,NA,NA,NA,NA,NA,NA,NA,NA,NA,"CA","rex sole","rex_sole",NA,NA,"700","total_catch_wt_kg ~ 0 + factor(year) + pass","delta_gamma","TRUE","iid, iid","02_3","factor(year)2003","1.74522526489953","0.696872131373261","0.379380985578274","3.11106954422079"
"288","288","288","288","288","288","288","288","288","288","288","288","288","288","288","288","288","288","288","288","288","288","288","288","288","288","288","288","288","288","288","288","288","288","288","288","288","288","288","288","288","288","288","288","288","288","288","288","288",NA,NA,NA,NA,NA,NA,NA,NA,NA,NA,NA,NA,NA,"CA","rex sole","rex_sole",NA,NA,"700","total_catch_wt_kg ~ 0 + factor(year) + pass","delta_gamma","TRUE","iid, iid","02_3","factor(year)2004","1.71276980220569","0.718797499070697","0.303952591849661","3.12158701256172"
"289","289","289","289","289","289","289","289","289","289","289","289","289","289","289","289","289","289","289","289","289","289","289","289","289","289","289","289","289","289","289","289","289","289","289","289","289","289","289","289","289","289","289","289","289","289","289","289","289",NA,NA,NA,NA,NA,NA,NA,NA,NA,NA,NA,NA,NA,"CA","rex sole","rex_sole",NA,NA,"700","total_catch_wt_kg ~ 0 + factor(year) + pass","delta_gamma","TRUE","iid, iid","02_3","factor(year)2005","1.37218005233369","0.626966613036631","0.143348071272836","2.60101203339455"
"290","290","290","290","290","290","290","290","290","290","290","290","290","290","290","290","290","290","290","290","290","290","290","290","290","290","290","290","290","290","290","290","290","290","290","290","290","290","290","290","290","290","290","290","290","290","290","290","290",NA,NA,NA,NA,NA,NA,NA,NA,NA,NA,NA,NA,NA,"CA","rex sole","rex_sole",NA,NA,"700","total_catch_wt_kg ~ 0 + factor(year) + pass","delta_gamma","TRUE","iid, iid","02_3","factor(year)2006","1.31071506022406","0.647491766143988","0.0416545182956098","2.5797756021525"
"291","291","291","291","291","291","291","291","291","291","291","291","291","291","291","291","291","291","291","291","291","291","291","291","291","291","291","291","291","291","291","291","291","291","291","291","291","291","291","291","291","291","291","291","291","291","291","291","291",NA,NA,NA,NA,NA,NA,NA,NA,NA,NA,NA,NA,NA,"CA","rex sole","rex_sole",NA,NA,"700","total_catch_wt_kg ~ 0 + factor(year) + pass","delta_gamma","TRUE","iid, iid","02_3","factor(year)2007","1.38290772318924","0.627848036943118","0.152348183016554","2.61346726336192"
"292","292","292","292","292","292","292","292","292","292","292","292","292","292","292","292","292","292","292","292","292","292","292","292","292","292","292","292","292","292","292","292","292","292","292","292","292","292","292","292","292","292","292","292","292","292","292","292","292",NA,NA,NA,NA,NA,NA,NA,NA,NA,NA,NA,NA,NA,"CA","rex sole","rex_sole",NA,NA,"700","total_catch_wt_kg ~ 0 + factor(year) + pass","delta_gamma","TRUE","iid, iid","02_3","factor(year)2008","0.149511405523247","0.612845363579078","-1.0516434351841","1.35066624623059"
"293","293","293","293","293","293","293","293","293","293","293","293","293","293","293","293","293","293","293","293","293","293","293","293","293","293","293","293","293","293","293","293","293","293","293","293","293","293","293","293","293","293","293","293","293","293","293","293","293",NA,NA,NA,NA,NA,NA,NA,NA,NA,NA,NA,NA,NA,"CA","rex sole","rex_sole",NA,NA,"700","total_catch_wt_kg ~ 0 + factor(year) + pass","delta_gamma","TRUE","iid, iid","02_3","factor(year)2009","0.43664039294836","0.595883446507945","-0.731269701190812","1.60455048708753"
"294","294","294","294","294","294","294","294","294","294","294","294","294","294","294","294","294","294","294","294","294","294","294","294","294","294","294","294","294","294","294","294","294","294","294","294","294","294","294","294","294","294","294","294","294","294","294","294","294",NA,NA,NA,NA,NA,NA,NA,NA,NA,NA,NA,NA,NA,"CA","rex sole","rex_sole",NA,NA,"700","total_catch_wt_kg ~ 0 + factor(year) + pass","delta_gamma","TRUE","iid, iid","02_3","factor(year)2010","0.682809610534208","0.594919774572579","-0.483211721318734","1.84883094238715"
"295","295","295","295","295","295","295","295","295","295","295","295","295","295","295","295","295","295","295","295","295","295","295","295","295","295","295","295","295","295","295","295","295","295","295","295","295","295","295","295","295","295","295","295","295","295","295","295","295",NA,NA,NA,NA,NA,NA,NA,NA,NA,NA,NA,NA,NA,"CA","rex sole","rex_sole",NA,NA,"700","total_catch_wt_kg ~ 0 + factor(year) + pass","delta_gamma","TRUE","iid, iid","02_3","factor(year)2011","0.691448721920624","0.606330706950661","-0.496937626423382","1.87983507026463"
"296","296","296","296","296","296","296","296","296","296","296","296","296","296","296","296","296","296","296","296","296","296","296","296","296","296","296","296","296","296","296","296","296","296","296","296","296","296","296","296","296","296","296","296","296","296","296","296","296",NA,NA,NA,NA,NA,NA,NA,NA,NA,NA,NA,NA,NA,"CA","rex sole","rex_sole",NA,NA,"700","total_catch_wt_kg ~ 0 + factor(year) + pass","delta_gamma","TRUE","iid, iid","02_3","factor(year)2012","0.764117292069338","0.606893131817398","-0.425371388757482","1.95360597289616"
"297","297","297","297","297","297","297","297","297","297","297","297","297","297","297","297","297","297","297","297","297","297","297","297","297","297","297","297","297","297","297","297","297","297","297","297","297","297","297","297","297","297","297","297","297","297","297","297","297",NA,NA,NA,NA,NA,NA,NA,NA,NA,NA,NA,NA,NA,"CA","rex sole","rex_sole",NA,NA,"700","total_catch_wt_kg ~ 0 + factor(year) + pass","delta_gamma","TRUE","iid, iid","02_3","factor(year)2013","1.27216510389975","0.666105914245889","-0.0333784979113221","2.57770870571081"
"298","298","298","298","298","298","298","298","298","298","298","298","298","298","298","298","298","298","298","298","298","298","298","298","298","298","298","298","298","298","298","298","298","298","298","298","298","298","298","298","298","298","298","298","298","298","298","298","298",NA,NA,NA,NA,NA,NA,NA,NA,NA,NA,NA,NA,NA,"CA","rex sole","rex_sole",NA,NA,"700","total_catch_wt_kg ~ 0 + factor(year) + pass","delta_gamma","TRUE","iid, iid","02_3","factor(year)2014","0.674281277486963","0.611358601861256","-0.52395956379986","1.87252211877379"
"299","299","299","299","299","299","299","299","299","299","299","299","299","299","299","299","299","299","299","299","299","299","299","299","299","299","299","299","299","299","299","299","299","299","299","299","299","299","299","299","299","299","299","299","299","299","299","299","299",NA,NA,NA,NA,NA,NA,NA,NA,NA,NA,NA,NA,NA,"CA","rex sole","rex_sole",NA,NA,"700","total_catch_wt_kg ~ 0 + factor(year) + pass","delta_gamma","TRUE","iid, iid","02_3","factor(year)2015","1.03564835227571","0.611526787481158","-0.162922126768841","2.23421883132026"
"300","300","300","300","300","300","300","300","300","300","300","300","300","300","300","300","300","300","300","300","300","300","300","300","300","300","300","300","300","300","300","300","300","300","300","300","300","300","300","300","300","300","300","300","300","300","300","300","300",NA,NA,NA,NA,NA,NA,NA,NA,NA,NA,NA,NA,NA,"CA","rex sole","rex_sole",NA,NA,"700","total_catch_wt_kg ~ 0 + factor(year) + pass","delta_gamma","TRUE","iid, iid","02_3","factor(year)2016","1.09209206078829","0.617105316354951","-0.117412133935612","2.30159625551219"
"301","301","301","301","301","301","301","301","301","301","301","301","301","301","301","301","301","301","301","301","301","301","301","301","301","301","301","301","301","301","301","301","301","301","301","301","301","301","301","301","301","301","301","301","301","301","301","301","301",NA,NA,NA,NA,NA,NA,NA,NA,NA,NA,NA,NA,NA,"CA","rex sole","rex_sole",NA,NA,"700","total_catch_wt_kg ~ 0 + factor(year) + pass","delta_gamma","TRUE","iid, iid","02_3","factor(year)2017","0.611128540893235","0.603233743416842","-0.571187870463051","1.79344495224952"
"302","302","302","302","302","302","302","302","302","302","302","302","302","302","302","302","302","302","302","302","302","302","302","302","302","302","302","302","302","302","302","302","302","302","302","302","302","302","302","302","302","302","302","302","302","302","302","302","302",NA,NA,NA,NA,NA,NA,NA,NA,NA,NA,NA,NA,NA,"CA","rex sole","rex_sole",NA,NA,"700","total_catch_wt_kg ~ 0 + factor(year) + pass","delta_gamma","TRUE","iid, iid","02_3","factor(year)2018","0.791812182881698","0.615220436003604","-0.413997714238395","1.99762208000179"
"303","303","303","303","303","303","303","303","303","303","303","303","303","303","303","303","303","303","303","303","303","303","303","303","303","303","303","303","303","303","303","303","303","303","303","303","303","303","303","303","303","303","303","303","303","303","303","303","303",NA,NA,NA,NA,NA,NA,NA,NA,NA,NA,NA,NA,NA,"CA","rex sole","rex_sole",NA,NA,"700","total_catch_wt_kg ~ 0 + factor(year) + pass","delta_gamma","TRUE","iid, iid","02_3","factor(year)2019","0.564260878941754","0.70383131607873","-0.815223151763982","1.94374490964749"
"304","304","304","304","304","304","304","304","304","304","304","304","304","304","304","304","304","304","304","304","304","304","304","304","304","304","304","304","304","304","304","304","304","304","304","304","304","304","304","304","304","304","304","304","304","304","304","304","304",NA,NA,NA,NA,NA,NA,NA,NA,NA,NA,NA,NA,NA,"CA","rex sole","rex_sole",NA,NA,"700","total_catch_wt_kg ~ 0 + factor(year) + pass","delta_gamma","TRUE","iid, iid","02_3","factor(year)2021","0.758903311391589","0.61132732848449","-0.439276235203098","1.95708285798628"
"305","305","305","305","305","305","305","305","305","305","305","305","305","305","305","305","305","305","305","305","305","305","305","305","305","305","305","305","305","305","305","305","305","305","305","305","305","305","305","305","305","305","305","305","305","305","305","305","305",NA,NA,NA,NA,NA,NA,NA,NA,NA,NA,NA,NA,NA,"CA","rex sole","rex_sole",NA,NA,"700","total_catch_wt_kg ~ 0 + factor(year) + pass","delta_gamma","TRUE","iid, iid","02_3","factor(year)2022","0.828484996243251","0.612012713098159","-0.371037879509786","2.02800787199629"
"306","306","306","306","306","306","306","306","306","306","306","306","306","306","306","306","306","306","306","306","306","306","306","306","306","306","306","306","306","306","306","306","306","306","306","306","306","306","306","306","306","306","306","306","306","306","306","306","306",NA,NA,NA,NA,NA,NA,NA,NA,NA,NA,NA,NA,NA,"CA","rex sole","rex_sole",NA,NA,"700","total_catch_wt_kg ~ 0 + factor(year) + pass","delta_gamma","TRUE","iid, iid","02_3","factor(year)2023","0.610497772290296","0.62372262946841","-0.611976117810407","1.832971662391"
"307","307","307","307","307","307","307","307","307","307","307","307","307","307","307","307","307","307","307","307","307","307","307","307","307","307","307","307","307","307","307","307","307","307","307","307","307","307","307","307","307","307","307","307","307","307","307","307","307",NA,NA,NA,NA,NA,NA,NA,NA,NA,NA,NA,NA,NA,"CA","rex sole","rex_sole",NA,NA,"700","total_catch_wt_kg ~ 0 + factor(year) + pass","delta_gamma","TRUE","iid, iid","02_3","factor(year)2024","0.469960595520325","0.610680054428563","-0.726950317236618","1.66687150827727"
"308","308","308","308","308","308","308","308","308","308","308","308","308","308","308","308","308","308","308","308","308","308","308","308","308","308","308","308","308","308","308","308","308","308","308","308","308","308","308","308","308","308","308","308","308","308","308","308","308",NA,NA,NA,NA,NA,NA,NA,NA,NA,NA,NA,NA,NA,"CA","rex sole","rex_sole",NA,NA,"700","total_catch_wt_kg ~ 0 + factor(year) + pass","delta_gamma","TRUE","iid, iid","02_3","pass","-0.0590411245462554","0.146449610963229","-0.346077087584086","0.227994838491575"
"309","309","309","309","309","309","309","309","309","309","309","309","309","309","309","309","309","309","309","309","309","309","309","309","309","309","309","309","309","309","309","309","309","309","309","309","309","309","309","309","309","309","309","309","309","309","309","309",NA,NA,NA,NA,NA,NA,NA,NA,NA,NA,NA,NA,NA,NA,"CA","rex sole","rex_sole",NA,NA,"700","total_catch_wt_kg ~ 0 + factor(year) + pass","delta_gamma","TRUE","iid, iid","02_4","factor(year)2003","1.92793853260262","0.639752960014098","0.674045771972096","3.18183129323315"
"310","310","310","310","310","310","310","310","310","310","310","310","310","310","310","310","310","310","310","310","310","310","310","310","310","310","310","310","310","310","310","310","310","310","310","310","310","310","310","310","310","310","310","310","310","310","310","310",NA,NA,NA,NA,NA,NA,NA,NA,NA,NA,NA,NA,NA,NA,"CA","rex sole","rex_sole",NA,NA,"700","total_catch_wt_kg ~ 0 + factor(year) + pass","delta_gamma","TRUE","iid, iid","02_4","factor(year)2004","1.71173475881841","0.660975125711428","0.416247317747177","3.00722219988964"
"311","311","311","311","311","311","311","311","311","311","311","311","311","311","311","311","311","311","311","311","311","311","311","311","311","311","311","311","311","311","311","311","311","311","311","311","311","311","311","311","311","311","311","311","311","311","311","311",NA,NA,NA,NA,NA,NA,NA,NA,NA,NA,NA,NA,NA,NA,"CA","rex sole","rex_sole",NA,NA,"700","total_catch_wt_kg ~ 0 + factor(year) + pass","delta_gamma","TRUE","iid, iid","02_4","factor(year)2005","1.647826198415","0.618204086265302","0.436168454239512","2.85948394259048"
"312","312","312","312","312","312","312","312","312","312","312","312","312","312","312","312","312","312","312","312","312","312","312","312","312","312","312","312","312","312","312","312","312","312","312","312","312","312","312","312","312","312","312","312","312","312","312","312",NA,NA,NA,NA,NA,NA,NA,NA,NA,NA,NA,NA,NA,NA,"CA","rex sole","rex_sole",NA,NA,"700","total_catch_wt_kg ~ 0 + factor(year) + pass","delta_gamma","TRUE","iid, iid","02_4","factor(year)2006","1.34436566687347","0.604041305380799","0.16046646315254","2.52826487059439"
"313","313","313","313","313","313","313","313","313","313","313","313","313","313","313","313","313","313","313","313","313","313","313","313","313","313","313","313","313","313","313","313","313","313","313","313","313","313","313","313","313","313","313","313","313","313","313","313",NA,NA,NA,NA,NA,NA,NA,NA,NA,NA,NA,NA,NA,NA,"CA","rex sole","rex_sole",NA,NA,"700","total_catch_wt_kg ~ 0 + factor(year) + pass","delta_gamma","TRUE","iid, iid","02_4","factor(year)2007","0.553654030493072","0.598133082580351","-0.618665269326338","1.72597333031248"
"314","314","314","314","314","314","314","314","314","314","314","314","314","314","314","314","314","314","314","314","314","314","314","314","314","314","314","314","314","314","314","314","314","314","314","314","314","314","314","314","314","314","314","314","314","314","314","314",NA,NA,NA,NA,NA,NA,NA,NA,NA,NA,NA,NA,NA,NA,"CA","rex sole","rex_sole",NA,NA,"700","total_catch_wt_kg ~ 0 + factor(year) + pass","delta_gamma","TRUE","iid, iid","02_4","factor(year)2008","0.0843347158099854","0.594772442678638","-1.08139785083706","1.25006728245703"
"315","315","315","315","315","315","315","315","315","315","315","315","315","315","315","315","315","315","315","315","315","315","315","315","315","315","315","315","315","315","315","315","315","315","315","315","315","315","315","315","315","315","315","315","315","315","315","315",NA,NA,NA,NA,NA,NA,NA,NA,NA,NA,NA,NA,NA,NA,"CA","rex sole","rex_sole",NA,NA,"700","total_catch_wt_kg ~ 0 + factor(year) + pass","delta_gamma","TRUE","iid, iid","02_4","factor(year)2009","0.968778604391879","0.609089737604273","-0.225015344665448","2.16257255344921"
"316","316","316","316","316","316","316","316","316","316","316","316","316","316","316","316","316","316","316","316","316","316","316","316","316","316","316","316","316","316","316","316","316","316","316","316","316","316","316","316","316","316","316","316","316","316","316","316",NA,NA,NA,NA,NA,NA,NA,NA,NA,NA,NA,NA,NA,NA,"CA","rex sole","rex_sole",NA,NA,"700","total_catch_wt_kg ~ 0 + factor(year) + pass","delta_gamma","TRUE","iid, iid","02_4","factor(year)2010","0.81870585218842","0.584939069128223","-0.327753656453281","1.96516536083012"
"317","317","317","317","317","317","317","317","317","317","317","317","317","317","317","317","317","317","317","317","317","317","317","317","317","317","317","317","317","317","317","317","317","317","317","317","317","317","317","317","317","317","317","317","317","317","317","317",NA,NA,NA,NA,NA,NA,NA,NA,NA,NA,NA,NA,NA,NA,"CA","rex sole","rex_sole",NA,NA,"700","total_catch_wt_kg ~ 0 + factor(year) + pass","delta_gamma","TRUE","iid, iid","02_4","factor(year)2011","1.2565889312927","0.613735417411879","0.0536896171287611","2.45948824545664"
"318","318","318","318","318","318","318","318","318","318","318","318","318","318","318","318","318","318","318","318","318","318","318","318","318","318","318","318","318","318","318","318","318","318","318","318","318","318","318","318","318","318","318","318","318","318","318","318",NA,NA,NA,NA,NA,NA,NA,NA,NA,NA,NA,NA,NA,NA,"CA","rex sole","rex_sole",NA,NA,"700","total_catch_wt_kg ~ 0 + factor(year) + pass","delta_gamma","TRUE","iid, iid","02_4","factor(year)2012","1.21477998456505","0.612548969720366","0.0142060651460172","2.41535390398408"
"319","319","319","319","319","319","319","319","319","319","319","319","319","319","319","319","319","319","319","319","319","319","319","319","319","319","319","319","319","319","319","319","319","319","319","319","319","319","319","319","319","319","319","319","319","319","319","319",NA,NA,NA,NA,NA,NA,NA,NA,NA,NA,NA,NA,NA,NA,"CA","rex sole","rex_sole",NA,NA,"700","total_catch_wt_kg ~ 0 + factor(year) + pass","delta_gamma","TRUE","iid, iid","02_4","factor(year)2013","1.55525041842757","0.669514456022952","0.243026197493659","2.86747463936148"
"320","320","320","320","320","320","320","320","320","320","320","320","320","320","320","320","320","320","320","320","320","320","320","320","320","320","320","320","320","320","320","320","320","320","320","320","320","320","320","320","320","320","320","320","320","320","320","320",NA,NA,NA,NA,NA,NA,NA,NA,NA,NA,NA,NA,NA,NA,"CA","rex sole","rex_sole",NA,NA,"700","total_catch_wt_kg ~ 0 + factor(year) + pass","delta_gamma","TRUE","iid, iid","02_4","factor(year)2014","0.844211878983475","0.612672437949232","-0.35660403371737","2.04502779168432"
"321","321","321","321","321","321","321","321","321","321","321","321","321","321","321","321","321","321","321","321","321","321","321","321","321","321","321","321","321","321","321","321","321","321","321","321","321","321","321","321","321","321","321","321","321","321","321","321",NA,NA,NA,NA,NA,NA,NA,NA,NA,NA,NA,NA,NA,NA,"CA","rex sole","rex_sole",NA,NA,"700","total_catch_wt_kg ~ 0 + factor(year) + pass","delta_gamma","TRUE","iid, iid","02_4","factor(year)2015","1.25890433565125","0.603172022553769","0.0767088949636818","2.44109977633882"
"322","322","322","322","322","322","322","322","322","322","322","322","322","322","322","322","322","322","322","322","322","322","322","322","322","322","322","322","322","322","322","322","322","322","322","322","322","322","322","322","322","322","322","322","322","322","322","322",NA,NA,NA,NA,NA,NA,NA,NA,NA,NA,NA,NA,NA,NA,"CA","rex sole","rex_sole",NA,NA,"700","total_catch_wt_kg ~ 0 + factor(year) + pass","delta_gamma","TRUE","iid, iid","02_4","factor(year)2016","0.655115211682189","0.593090545683139","-0.507320897427971","1.81755132079235"
"323","323","323","323","323","323","323","323","323","323","323","323","323","323","323","323","323","323","323","323","323","323","323","323","323","323","323","323","323","323","323","323","323","323","323","323","323","323","323","323","323","323","323","323","323","323","323","323",NA,NA,NA,NA,NA,NA,NA,NA,NA,NA,NA,NA,NA,NA,"CA","rex sole","rex_sole",NA,NA,"700","total_catch_wt_kg ~ 0 + factor(year) + pass","delta_gamma","TRUE","iid, iid","02_4","factor(year)2017","1.07641711186924","0.619856709318658","-0.138479713970842","2.29131393770932"
"324","324","324","324","324","324","324","324","324","324","324","324","324","324","324","324","324","324","324","324","324","324","324","324","324","324","324","324","324","324","324","324","324","324","324","324","324","324","324","324","324","324","324","324","324","324","324","324",NA,NA,NA,NA,NA,NA,NA,NA,NA,NA,NA,NA,NA,NA,"CA","rex sole","rex_sole",NA,NA,"700","total_catch_wt_kg ~ 0 + factor(year) + pass","delta_gamma","TRUE","iid, iid","02_4","factor(year)2018","1.38794511271704","0.60767589710817","0.19692224011196","2.57896798532212"
"325","325","325","325","325","325","325","325","325","325","325","325","325","325","325","325","325","325","325","325","325","325","325","325","325","325","325","325","325","325","325","325","325","325","325","325","325","325","325","325","325","325","325","325","325","325","325","325",NA,NA,NA,NA,NA,NA,NA,NA,NA,NA,NA,NA,NA,NA,"CA","rex sole","rex_sole",NA,NA,"700","total_catch_wt_kg ~ 0 + factor(year) + pass","delta_gamma","TRUE","iid, iid","02_4","factor(year)2019","0.467422686697953","0.683516715296534","-0.872245458114371","1.80709083151028"
"326","326","326","326","326","326","326","326","326","326","326","326","326","326","326","326","326","326","326","326","326","326","326","326","326","326","326","326","326","326","326","326","326","326","326","326","326","326","326","326","326","326","326","326","326","326","326","326",NA,NA,NA,NA,NA,NA,NA,NA,NA,NA,NA,NA,NA,NA,"CA","rex sole","rex_sole",NA,NA,"700","total_catch_wt_kg ~ 0 + factor(year) + pass","delta_gamma","TRUE","iid, iid","02_4","factor(year)2021","0.820707131420531","0.597877555539196","-0.351111344601139","1.9925256074422"
"327","327","327","327","327","327","327","327","327","327","327","327","327","327","327","327","327","327","327","327","327","327","327","327","327","327","327","327","327","327","327","327","327","327","327","327","327","327","327","327","327","327","327","327","327","327","327","327",NA,NA,NA,NA,NA,NA,NA,NA,NA,NA,NA,NA,NA,NA,"CA","rex sole","rex_sole",NA,NA,"700","total_catch_wt_kg ~ 0 + factor(year) + pass","delta_gamma","TRUE","iid, iid","02_4","factor(year)2022","0.746534913271149","0.60639250572845","-0.441972558451611","1.93504238499391"
"328","328","328","328","328","328","328","328","328","328","328","328","328","328","328","328","328","328","328","328","328","328","328","328","328","328","328","328","328","328","328","328","328","328","328","328","328","328","328","328","328","328","328","328","328","328","328","328",NA,NA,NA,NA,NA,NA,NA,NA,NA,NA,NA,NA,NA,NA,"CA","rex sole","rex_sole",NA,NA,"700","total_catch_wt_kg ~ 0 + factor(year) + pass","delta_gamma","TRUE","iid, iid","02_4","factor(year)2023","1.1061219886753","0.595707210046455","-0.061442688346584","2.27368666569719"
"329","329","329","329","329","329","329","329","329","329","329","329","329","329","329","329","329","329","329","329","329","329","329","329","329","329","329","329","329","329","329","329","329","329","329","329","329","329","329","329","329","329","329","329","329","329","329","329",NA,NA,NA,NA,NA,NA,NA,NA,NA,NA,NA,NA,NA,NA,"CA","rex sole","rex_sole",NA,NA,"700","total_catch_wt_kg ~ 0 + factor(year) + pass","delta_gamma","TRUE","iid, iid","02_4","factor(year)2024","0.463498519434047","0.592727993824599","-0.698227001090847","1.62522403995894"
"330","330","330","330","330","330","330","330","330","330","330","330","330","330","330","330","330","330","330","330","330","330","330","330","330","330","330","330","330","330","330","330","330","330","330","330","330","330","330","330","330","330","330","330","330","330","330","330",NA,NA,NA,NA,NA,NA,NA,NA,NA,NA,NA,NA,NA,NA,"CA","rex sole","rex_sole",NA,NA,"700","total_catch_wt_kg ~ 0 + factor(year) + pass","delta_gamma","TRUE","iid, iid","02_4","pass","-0.188140422071802","0.152725013629743","-0.487475948324487","0.111195104180883"
"331","331","331","331","331","331","331","331","331","331","331","331","331","331","331","331","331","331","331","331","331","331","331","331","331","331","331","331","331","331","331","331","331","331","331","331","331","331","331","331","331","331","331","331","331","331","331",NA,NA,NA,NA,NA,NA,NA,NA,NA,NA,NA,NA,NA,NA,NA,"CA","rex sole","rex_sole",NA,NA,"700","total_catch_wt_kg ~ 0 + factor(year) + pass","delta_gamma","TRUE","iid, iid","02_5","factor(year)2003","1.59685811795727","0.713844627469846","0.197748357558964","2.99596787835558"
"332","332","332","332","332","332","332","332","332","332","332","332","332","332","332","332","332","332","332","332","332","332","332","332","332","332","332","332","332","332","332","332","332","332","332","332","332","332","332","332","332","332","332","332","332","332","332",NA,NA,NA,NA,NA,NA,NA,NA,NA,NA,NA,NA,NA,NA,NA,"CA","rex sole","rex_sole",NA,NA,"700","total_catch_wt_kg ~ 0 + factor(year) + pass","delta_gamma","TRUE","iid, iid","02_5","factor(year)2004","0.747838909265019","0.680113058507998","-0.58515819082604","2.08083600935608"
"333","333","333","333","333","333","333","333","333","333","333","333","333","333","333","333","333","333","333","333","333","333","333","333","333","333","333","333","333","333","333","333","333","333","333","333","333","333","333","333","333","333","333","333","333","333","333",NA,NA,NA,NA,NA,NA,NA,NA,NA,NA,NA,NA,NA,NA,NA,"CA","rex sole","rex_sole",NA,NA,"700","total_catch_wt_kg ~ 0 + factor(year) + pass","delta_gamma","TRUE","iid, iid","02_5","factor(year)2005","1.46395171179924","0.651350549564721","0.187328093342014","2.74057533025646"
"334","334","334","334","334","334","334","334","334","334","334","334","334","334","334","334","334","334","334","334","334","334","334","334","334","334","334","334","334","334","334","334","334","334","334","334","334","334","334","334","334","334","334","334","334","334","334",NA,NA,NA,NA,NA,NA,NA,NA,NA,NA,NA,NA,NA,NA,NA,"CA","rex sole","rex_sole",NA,NA,"700","total_catch_wt_kg ~ 0 + factor(year) + pass","delta_gamma","TRUE","iid, iid","02_5","factor(year)2006","1.01984567171991","0.646933717545296","-0.248121115053483","2.28781245849329"
"335","335","335","335","335","335","335","335","335","335","335","335","335","335","335","335","335","335","335","335","335","335","335","335","335","335","335","335","335","335","335","335","335","335","335","335","335","335","335","335","335","335","335","335","335","335","335",NA,NA,NA,NA,NA,NA,NA,NA,NA,NA,NA,NA,NA,NA,NA,"CA","rex sole","rex_sole",NA,NA,"700","total_catch_wt_kg ~ 0 + factor(year) + pass","delta_gamma","TRUE","iid, iid","02_5","factor(year)2007","0.865324066651078","0.634616773715634","-0.378501953816569","2.10915008711872"
"336","336","336","336","336","336","336","336","336","336","336","336","336","336","336","336","336","336","336","336","336","336","336","336","336","336","336","336","336","336","336","336","336","336","336","336","336","336","336","336","336","336","336","336","336","336","336",NA,NA,NA,NA,NA,NA,NA,NA,NA,NA,NA,NA,NA,NA,NA,"CA","rex sole","rex_sole",NA,NA,"700","total_catch_wt_kg ~ 0 + factor(year) + pass","delta_gamma","TRUE","iid, iid","02_5","factor(year)2008","0.722140445971092","0.625793704819355","-0.504392677226734","1.94867356916892"
"337","337","337","337","337","337","337","337","337","337","337","337","337","337","337","337","337","337","337","337","337","337","337","337","337","337","337","337","337","337","337","337","337","337","337","337","337","337","337","337","337","337","337","337","337","337","337",NA,NA,NA,NA,NA,NA,NA,NA,NA,NA,NA,NA,NA,NA,NA,"CA","rex sole","rex_sole",NA,NA,"700","total_catch_wt_kg ~ 0 + factor(year) + pass","delta_gamma","TRUE","iid, iid","02_5","factor(year)2009","0.277399468119885","0.614196371137109","-0.926403298744044","1.48120223498381"
"338","338","338","338","338","338","338","338","338","338","338","338","338","338","338","338","338","338","338","338","338","338","338","338","338","338","338","338","338","338","338","338","338","338","338","338","338","338","338","338","338","338","338","338","338","338","338",NA,NA,NA,NA,NA,NA,NA,NA,NA,NA,NA,NA,NA,NA,NA,"CA","rex sole","rex_sole",NA,NA,"700","total_catch_wt_kg ~ 0 + factor(year) + pass","delta_gamma","TRUE","iid, iid","02_5","factor(year)2010","1.13629575322232","0.62186635768818","-0.0825399110436147","2.35513141748826"
"339","339","339","339","339","339","339","339","339","339","339","339","339","339","339","339","339","339","339","339","339","339","339","339","339","339","339","339","339","339","339","339","339","339","339","339","339","339","339","339","339","339","339","339","339","339","339",NA,NA,NA,NA,NA,NA,NA,NA,NA,NA,NA,NA,NA,NA,NA,"CA","rex sole","rex_sole",NA,NA,"700","total_catch_wt_kg ~ 0 + factor(year) + pass","delta_gamma","TRUE","iid, iid","02_5","factor(year)2011","0.278554431707484","0.622286333327025","-0.941104369684972","1.49821323309994"
"340","340","340","340","340","340","340","340","340","340","340","340","340","340","340","340","340","340","340","340","340","340","340","340","340","340","340","340","340","340","340","340","340","340","340","340","340","340","340","340","340","340","340","340","340","340","340",NA,NA,NA,NA,NA,NA,NA,NA,NA,NA,NA,NA,NA,NA,NA,"CA","rex sole","rex_sole",NA,NA,"700","total_catch_wt_kg ~ 0 + factor(year) + pass","delta_gamma","TRUE","iid, iid","02_5","factor(year)2012","1.0720296283532","0.635842927266713","-0.174199608914076","2.31825886562048"
"341","341","341","341","341","341","341","341","341","341","341","341","341","341","341","341","341","341","341","341","341","341","341","341","341","341","341","341","341","341","341","341","341","341","341","341","341","341","341","341","341","341","341","341","341","341","341",NA,NA,NA,NA,NA,NA,NA,NA,NA,NA,NA,NA,NA,NA,NA,"CA","rex sole","rex_sole",NA,NA,"700","total_catch_wt_kg ~ 0 + factor(year) + pass","delta_gamma","TRUE","iid, iid","02_5","factor(year)2013","0.863211792343966","0.633849522372194","-0.379110443123449","2.10553402781138"
"342","342","342","342","342","342","342","342","342","342","342","342","342","342","342","342","342","342","342","342","342","342","342","342","342","342","342","342","342","342","342","342","342","342","342","342","342","342","342","342","342","342","342","342","342","342","342",NA,NA,NA,NA,NA,NA,NA,NA,NA,NA,NA,NA,NA,NA,NA,"CA","rex sole","rex_sole",NA,NA,"700","total_catch_wt_kg ~ 0 + factor(year) + pass","delta_gamma","TRUE","iid, iid","02_5","factor(year)2014","0.904912957507719","0.628219746369043","-0.326375119752493","2.13620103476793"
"343","343","343","343","343","343","343","343","343","343","343","343","343","343","343","343","343","343","343","343","343","343","343","343","343","343","343","343","343","343","343","343","343","343","343","343","343","343","343","343","343","343","343","343","343","343","343",NA,NA,NA,NA,NA,NA,NA,NA,NA,NA,NA,NA,NA,NA,NA,"CA","rex sole","rex_sole",NA,NA,"700","total_catch_wt_kg ~ 0 + factor(year) + pass","delta_gamma","TRUE","iid, iid","02_5","factor(year)2015","1.21611617295087","0.644737612401346","-0.047546326834117","2.47977867273585"
"344","344","344","344","344","344","344","344","344","344","344","344","344","344","344","344","344","344","344","344","344","344","344","344","344","344","344","344","344","344","344","344","344","344","344","344","344","344","344","344","344","344","344","344","344","344","344",NA,NA,NA,NA,NA,NA,NA,NA,NA,NA,NA,NA,NA,NA,NA,"CA","rex sole","rex_sole",NA,NA,"700","total_catch_wt_kg ~ 0 + factor(year) + pass","delta_gamma","TRUE","iid, iid","02_5","factor(year)2016","1.26196657534924","0.643036909941329","0.00163739113430661","2.52229575956417"
"345","345","345","345","345","345","345","345","345","345","345","345","345","345","345","345","345","345","345","345","345","345","345","345","345","345","345","345","345","345","345","345","345","345","345","345","345","345","345","345","345","345","345","345","345","345","345",NA,NA,NA,NA,NA,NA,NA,NA,NA,NA,NA,NA,NA,NA,NA,"CA","rex sole","rex_sole",NA,NA,"700","total_catch_wt_kg ~ 0 + factor(year) + pass","delta_gamma","TRUE","iid, iid","02_5","factor(year)2017","1.25399750713086","0.642482165236026","-0.00524439744105898","2.51323941170279"
"346","346","346","346","346","346","346","346","346","346","346","346","346","346","346","346","346","346","346","346","346","346","346","346","346","346","346","346","346","346","346","346","346","346","346","346","346","346","346","346","346","346","346","346","346","346","346",NA,NA,NA,NA,NA,NA,NA,NA,NA,NA,NA,NA,NA,NA,NA,"CA","rex sole","rex_sole",NA,NA,"700","total_catch_wt_kg ~ 0 + factor(year) + pass","delta_gamma","TRUE","iid, iid","02_5","factor(year)2018","1.17231562647749","0.634232878435162","-0.0707579730665988","2.41538922602158"
"347","347","347","347","347","347","347","347","347","347","347","347","347","347","347","347","347","347","347","347","347","347","347","347","347","347","347","347","347","347","347","347","347","347","347","347","347","347","347","347","347","347","347","347","347","347","347",NA,NA,NA,NA,NA,NA,NA,NA,NA,NA,NA,NA,NA,NA,NA,"CA","rex sole","rex_sole",NA,NA,"700","total_catch_wt_kg ~ 0 + factor(year) + pass","delta_gamma","TRUE","iid, iid","02_5","factor(year)2019","0.426798134753676","0.70845709851014","-0.961752262917943","1.81534853242529"
"348","348","348","348","348","348","348","348","348","348","348","348","348","348","348","348","348","348","348","348","348","348","348","348","348","348","348","348","348","348","348","348","348","348","348","348","348","348","348","348","348","348","348","348","348","348","348",NA,NA,NA,NA,NA,NA,NA,NA,NA,NA,NA,NA,NA,NA,NA,"CA","rex sole","rex_sole",NA,NA,"700","total_catch_wt_kg ~ 0 + factor(year) + pass","delta_gamma","TRUE","iid, iid","02_5","factor(year)2021","0.691411960192656","0.628826298553024","-0.541064937502902","1.92388885788821"
"349","349","349","349","349","349","349","349","349","349","349","349","349","349","349","349","349","349","349","349","349","349","349","349","349","349","349","349","349","349","349","349","349","349","349","349","349","349","349","349","349","349","349","349","349","349","349",NA,NA,NA,NA,NA,NA,NA,NA,NA,NA,NA,NA,NA,NA,NA,"CA","rex sole","rex_sole",NA,NA,"700","total_catch_wt_kg ~ 0 + factor(year) + pass","delta_gamma","TRUE","iid, iid","02_5","factor(year)2022","0.896320529200783","0.625100592442179","-0.328854118700538","2.1214951771021"
"350","350","350","350","350","350","350","350","350","350","350","350","350","350","350","350","350","350","350","350","350","350","350","350","350","350","350","350","350","350","350","350","350","350","350","350","350","350","350","350","350","350","350","350","350","350","350",NA,NA,NA,NA,NA,NA,NA,NA,NA,NA,NA,NA,NA,NA,NA,"CA","rex sole","rex_sole",NA,NA,"700","total_catch_wt_kg ~ 0 + factor(year) + pass","delta_gamma","TRUE","iid, iid","02_5","factor(year)2023","1.14221055585368","0.640744063541805","-0.113624731996098","2.39804584370347"
"351","351","351","351","351","351","351","351","351","351","351","351","351","351","351","351","351","351","351","351","351","351","351","351","351","351","351","351","351","351","351","351","351","351","351","351","351","351","351","351","351","351","351","351","351","351","351",NA,NA,NA,NA,NA,NA,NA,NA,NA,NA,NA,NA,NA,NA,NA,"CA","rex sole","rex_sole",NA,NA,"700","total_catch_wt_kg ~ 0 + factor(year) + pass","delta_gamma","TRUE","iid, iid","02_5","factor(year)2024","0.10886687403602","0.62466496139873","-1.11545395270959","1.33318770078163"
"352","352","352","352","352","352","352","352","352","352","352","352","352","352","352","352","352","352","352","352","352","352","352","352","352","352","352","352","352","352","352","352","352","352","352","352","352","352","352","352","352","352","352","352","352","352","352",NA,NA,NA,NA,NA,NA,NA,NA,NA,NA,NA,NA,NA,NA,NA,"CA","rex sole","rex_sole",NA,NA,"700","total_catch_wt_kg ~ 0 + factor(year) + pass","delta_gamma","TRUE","iid, iid","02_5","pass","-0.0595769105216094","0.153245404591714","-0.359932384317637","0.240778563274419"
"353","353","353","353","353","353","353","353","353","353","353","353","353","353","353","353","353","353","353","353","353","353","353","353","353","353","353","353","353","353","353","353","353","353","353","353","353","353","353","353","353","353","353","353","353","353",NA,NA,NA,NA,NA,NA,NA,NA,NA,NA,NA,NA,NA,NA,NA,NA,"CA","rex sole","rex_sole",NA,NA,"700","total_catch_wt_kg ~ 0 + factor(year) + pass","delta_gamma","TRUE","iid, iid","02_6","factor(year)2003","1.1292455565578","0.62487288002604","-0.095482783209053","2.35397389632466"
"354","354","354","354","354","354","354","354","354","354","354","354","354","354","354","354","354","354","354","354","354","354","354","354","354","354","354","354","354","354","354","354","354","354","354","354","354","354","354","354","354","354","354","354","354","354",NA,NA,NA,NA,NA,NA,NA,NA,NA,NA,NA,NA,NA,NA,NA,NA,"CA","rex sole","rex_sole",NA,NA,"700","total_catch_wt_kg ~ 0 + factor(year) + pass","delta_gamma","TRUE","iid, iid","02_6","factor(year)2004","1.2712485180423","0.655912108377868","-0.0143155914020505","2.55681262748666"
"355","355","355","355","355","355","355","355","355","355","355","355","355","355","355","355","355","355","355","355","355","355","355","355","355","355","355","355","355","355","355","355","355","355","355","355","355","355","355","355","355","355","355","355","355","355",NA,NA,NA,NA,NA,NA,NA,NA,NA,NA,NA,NA,NA,NA,NA,NA,"CA","rex sole","rex_sole",NA,NA,"700","total_catch_wt_kg ~ 0 + factor(year) + pass","delta_gamma","TRUE","iid, iid","02_6","factor(year)2005","0.76527170332467","0.589149534017469","-0.389440164858123","1.91998357150746"
"356","356","356","356","356","356","356","356","356","356","356","356","356","356","356","356","356","356","356","356","356","356","356","356","356","356","356","356","356","356","356","356","356","356","356","356","356","356","356","356","356","356","356","356","356","356",NA,NA,NA,NA,NA,NA,NA,NA,NA,NA,NA,NA,NA,NA,NA,NA,"CA","rex sole","rex_sole",NA,NA,"700","total_catch_wt_kg ~ 0 + factor(year) + pass","delta_gamma","TRUE","iid, iid","02_6","factor(year)2006","0.628703312369942","0.585336325677459","-0.518534804800885","1.77594142954077"
"357","357","357","357","357","357","357","357","357","357","357","357","357","357","357","357","357","357","357","357","357","357","357","357","357","357","357","357","357","357","357","357","357","357","357","357","357","357","357","357","357","357","357","357","357","357",NA,NA,NA,NA,NA,NA,NA,NA,NA,NA,NA,NA,NA,NA,NA,NA,"CA","rex sole","rex_sole",NA,NA,"700","total_catch_wt_kg ~ 0 + factor(year) + pass","delta_gamma","TRUE","iid, iid","02_6","factor(year)2007","0.40933779089785","0.570659866180763","-0.709134994238892","1.52781057603459"
"358","358","358","358","358","358","358","358","358","358","358","358","358","358","358","358","358","358","358","358","358","358","358","358","358","358","358","358","358","358","358","358","358","358","358","358","358","358","358","358","358","358","358","358","358","358",NA,NA,NA,NA,NA,NA,NA,NA,NA,NA,NA,NA,NA,NA,NA,NA,"CA","rex sole","rex_sole",NA,NA,"700","total_catch_wt_kg ~ 0 + factor(year) + pass","delta_gamma","TRUE","iid, iid","02_6","factor(year)2008","0.490502511900443","0.566418438796091","-0.6196572283193","1.60066225212019"
"359","359","359","359","359","359","359","359","359","359","359","359","359","359","359","359","359","359","359","359","359","359","359","359","359","359","359","359","359","359","359","359","359","359","359","359","359","359","359","359","359","359","359","359","359","359",NA,NA,NA,NA,NA,NA,NA,NA,NA,NA,NA,NA,NA,NA,NA,NA,"CA","rex sole","rex_sole",NA,NA,"700","total_catch_wt_kg ~ 0 + factor(year) + pass","delta_gamma","TRUE","iid, iid","02_6","factor(year)2009","0.0330622896718376","0.559390917539629","-1.06332376198465","1.12944834132832"
"360","360","360","360","360","360","360","360","360","360","360","360","360","360","360","360","360","360","360","360","360","360","360","360","360","360","360","360","360","360","360","360","360","360","360","360","360","360","360","360","360","360","360","360","360","360",NA,NA,NA,NA,NA,NA,NA,NA,NA,NA,NA,NA,NA,NA,NA,NA,"CA","rex sole","rex_sole",NA,NA,"700","total_catch_wt_kg ~ 0 + factor(year) + pass","delta_gamma","TRUE","iid, iid","02_6","factor(year)2010","0.827910814417112","0.569741526052607","-0.288762057142887","1.94458368597711"
"361","361","361","361","361","361","361","361","361","361","361","361","361","361","361","361","361","361","361","361","361","361","361","361","361","361","361","361","361","361","361","361","361","361","361","361","361","361","361","361","361","361","361","361","361","361",NA,NA,NA,NA,NA,NA,NA,NA,NA,NA,NA,NA,NA,NA,NA,NA,"CA","rex sole","rex_sole",NA,NA,"700","total_catch_wt_kg ~ 0 + factor(year) + pass","delta_gamma","TRUE","iid, iid","02_6","factor(year)2011","0.183562542045977","0.564391210801694","-0.922623904316296","1.28974898840825"
"362","362","362","362","362","362","362","362","362","362","362","362","362","362","362","362","362","362","362","362","362","362","362","362","362","362","362","362","362","362","362","362","362","362","362","362","362","362","362","362","362","362","362","362","362","362",NA,NA,NA,NA,NA,NA,NA,NA,NA,NA,NA,NA,NA,NA,NA,NA,"CA","rex sole","rex_sole",NA,NA,"700","total_catch_wt_kg ~ 0 + factor(year) + pass","delta_gamma","TRUE","iid, iid","02_6","factor(year)2012","0.735861239852567","0.566890667631937","-0.375224051877895","1.84694653158303"
"363","363","363","363","363","363","363","363","363","363","363","363","363","363","363","363","363","363","363","363","363","363","363","363","363","363","363","363","363","363","363","363","363","363","363","363","363","363","363","363","363","363","363","363","363","363",NA,NA,NA,NA,NA,NA,NA,NA,NA,NA,NA,NA,NA,NA,NA,NA,"CA","rex sole","rex_sole",NA,NA,"700","total_catch_wt_kg ~ 0 + factor(year) + pass","delta_gamma","TRUE","iid, iid","02_6","factor(year)2013","0.291891930255735","0.611853566112478","-0.907319023137119","1.49110288364859"
"364","364","364","364","364","364","364","364","364","364","364","364","364","364","364","364","364","364","364","364","364","364","364","364","364","364","364","364","364","364","364","364","364","364","364","364","364","364","364","364","364","364","364","364","364","364",NA,NA,NA,NA,NA,NA,NA,NA,NA,NA,NA,NA,NA,NA,NA,NA,"CA","rex sole","rex_sole",NA,NA,"700","total_catch_wt_kg ~ 0 + factor(year) + pass","delta_gamma","TRUE","iid, iid","02_6","factor(year)2014","0.418776118510935","0.559839079625388","-0.678488314692876","1.51604055171475"
"365","365","365","365","365","365","365","365","365","365","365","365","365","365","365","365","365","365","365","365","365","365","365","365","365","365","365","365","365","365","365","365","365","365","365","365","365","365","365","365","365","365","365","365","365","365",NA,NA,NA,NA,NA,NA,NA,NA,NA,NA,NA,NA,NA,NA,NA,NA,"CA","rex sole","rex_sole",NA,NA,"700","total_catch_wt_kg ~ 0 + factor(year) + pass","delta_gamma","TRUE","iid, iid","02_6","factor(year)2015","0.554948900191793","0.572260426188391","-0.566660924914996","1.67655872529858"
"366","366","366","366","366","366","366","366","366","366","366","366","366","366","366","366","366","366","366","366","366","366","366","366","366","366","366","366","366","366","366","366","366","366","366","366","366","366","366","366","366","366","366","366","366","366",NA,NA,NA,NA,NA,NA,NA,NA,NA,NA,NA,NA,NA,NA,NA,NA,"CA","rex sole","rex_sole",NA,NA,"700","total_catch_wt_kg ~ 0 + factor(year) + pass","delta_gamma","TRUE","iid, iid","02_6","factor(year)2016","0.981819948865697","0.59070536565036","-0.175941293283573","2.13958119101497"
"367","367","367","367","367","367","367","367","367","367","367","367","367","367","367","367","367","367","367","367","367","367","367","367","367","367","367","367","367","367","367","367","367","367","367","367","367","367","367","367","367","367","367","367","367","367",NA,NA,NA,NA,NA,NA,NA,NA,NA,NA,NA,NA,NA,NA,NA,NA,"CA","rex sole","rex_sole",NA,NA,"700","total_catch_wt_kg ~ 0 + factor(year) + pass","delta_gamma","TRUE","iid, iid","02_6","factor(year)2017","0.314127285543336","0.559955713972228","-0.783365746779642","1.41162031786631"
"368","368","368","368","368","368","368","368","368","368","368","368","368","368","368","368","368","368","368","368","368","368","368","368","368","368","368","368","368","368","368","368","368","368","368","368","368","368","368","368","368","368","368","368","368","368",NA,NA,NA,NA,NA,NA,NA,NA,NA,NA,NA,NA,NA,NA,NA,NA,"CA","rex sole","rex_sole",NA,NA,"700","total_catch_wt_kg ~ 0 + factor(year) + pass","delta_gamma","TRUE","iid, iid","02_6","factor(year)2018","0.545365698813467","0.570436568969301","-0.572669431830961","1.66340082945789"
"369","369","369","369","369","369","369","369","369","369","369","369","369","369","369","369","369","369","369","369","369","369","369","369","369","369","369","369","369","369","369","369","369","369","369","369","369","369","369","369","369","369","369","369","369","369",NA,NA,NA,NA,NA,NA,NA,NA,NA,NA,NA,NA,NA,NA,NA,NA,"CA","rex sole","rex_sole",NA,NA,"700","total_catch_wt_kg ~ 0 + factor(year) + pass","delta_gamma","TRUE","iid, iid","02_6","factor(year)2019","0.132681288662126","0.641219736577283","-1.12408630120561","1.38944887852986"
"370","370","370","370","370","370","370","370","370","370","370","370","370","370","370","370","370","370","370","370","370","370","370","370","370","370","370","370","370","370","370","370","370","370","370","370","370","370","370","370","370","370","370","370","370","370",NA,NA,NA,NA,NA,NA,NA,NA,NA,NA,NA,NA,NA,NA,NA,NA,"CA","rex sole","rex_sole",NA,NA,"700","total_catch_wt_kg ~ 0 + factor(year) + pass","delta_gamma","TRUE","iid, iid","02_6","factor(year)2021","0.939558920168404","0.578179169095813","-0.193651427870683","2.07276926820749"
"371","371","371","371","371","371","371","371","371","371","371","371","371","371","371","371","371","371","371","371","371","371","371","371","371","371","371","371","371","371","371","371","371","371","371","371","371","371","371","371","371","371","371","371","371","371",NA,NA,NA,NA,NA,NA,NA,NA,NA,NA,NA,NA,NA,NA,NA,NA,"CA","rex sole","rex_sole",NA,NA,"700","total_catch_wt_kg ~ 0 + factor(year) + pass","delta_gamma","TRUE","iid, iid","02_6","factor(year)2022","0.873215053144454","0.592864186358343","-0.288777399841541","2.03520750613045"
"372","372","372","372","372","372","372","372","372","372","372","372","372","372","372","372","372","372","372","372","372","372","372","372","372","372","372","372","372","372","372","372","372","372","372","372","372","372","372","372","372","372","372","372","372","372",NA,NA,NA,NA,NA,NA,NA,NA,NA,NA,NA,NA,NA,NA,NA,NA,"CA","rex sole","rex_sole",NA,NA,"700","total_catch_wt_kg ~ 0 + factor(year) + pass","delta_gamma","TRUE","iid, iid","02_6","factor(year)2023","0.238373302645668","0.586453554309728","-0.911054542406904","1.38780114769824"
"373","373","373","373","373","373","373","373","373","373","373","373","373","373","373","373","373","373","373","373","373","373","373","373","373","373","373","373","373","373","373","373","373","373","373","373","373","373","373","373","373","373","373","373","373","373",NA,NA,NA,NA,NA,NA,NA,NA,NA,NA,NA,NA,NA,NA,NA,NA,"CA","rex sole","rex_sole",NA,NA,"700","total_catch_wt_kg ~ 0 + factor(year) + pass","delta_gamma","TRUE","iid, iid","02_6","factor(year)2024","0.0797050894691028","0.586565617489319","-1.06994239537946","1.22935257431767"
"374","374","374","374","374","374","374","374","374","374","374","374","374","374","374","374","374","374","374","374","374","374","374","374","374","374","374","374","374","374","374","374","374","374","374","374","374","374","374","374","374","374","374","374","374","374",NA,NA,NA,NA,NA,NA,NA,NA,NA,NA,NA,NA,NA,NA,NA,NA,"CA","rex sole","rex_sole",NA,NA,"700","total_catch_wt_kg ~ 0 + factor(year) + pass","delta_gamma","TRUE","iid, iid","02_6","pass","0.114988493869713","0.147159380253906","-0.173438591415177","0.403415579154603"
"375","375","375","375","375","375","375","375","375","375","375","375","375","375","375","375","375","375","375","375","375","375","375","375","375","375","375","375","375","375","375","375","375","375","375","375","375","375","375","375","375","375","375","375","375",NA,NA,NA,NA,NA,NA,NA,NA,NA,NA,NA,NA,NA,NA,NA,NA,NA,"CA","rex sole","rex_sole",NA,NA,"700","total_catch_wt_kg ~ 0 + factor(year) + pass","delta_gamma","TRUE","iid, iid","02_7","factor(year)2003","1.55788829830847","0.650472206507871","0.282986200608744","2.8327903960082"
"376","376","376","376","376","376","376","376","376","376","376","376","376","376","376","376","376","376","376","376","376","376","376","376","376","376","376","376","376","376","376","376","376","376","376","376","376","376","376","376","376","376","376","376","376",NA,NA,NA,NA,NA,NA,NA,NA,NA,NA,NA,NA,NA,NA,NA,NA,NA,"CA","rex sole","rex_sole",NA,NA,"700","total_catch_wt_kg ~ 0 + factor(year) + pass","delta_gamma","TRUE","iid, iid","02_7","factor(year)2004","1.68333803338844","0.695140157957219","0.320888359584809","3.04578770719208"
"377","377","377","377","377","377","377","377","377","377","377","377","377","377","377","377","377","377","377","377","377","377","377","377","377","377","377","377","377","377","377","377","377","377","377","377","377","377","377","377","377","377","377","377","377",NA,NA,NA,NA,NA,NA,NA,NA,NA,NA,NA,NA,NA,NA,NA,NA,NA,"CA","rex sole","rex_sole",NA,NA,"700","total_catch_wt_kg ~ 0 + factor(year) + pass","delta_gamma","TRUE","iid, iid","02_7","factor(year)2005","1.19050449978429","0.620744619371835","-0.0261325977815317","2.40714159735011"
"378","378","378","378","378","378","378","378","378","378","378","378","378","378","378","378","378","378","378","378","378","378","378","378","378","378","378","378","378","378","378","378","378","378","378","378","378","378","378","378","378","378","378","378","378",NA,NA,NA,NA,NA,NA,NA,NA,NA,NA,NA,NA,NA,NA,NA,NA,NA,"CA","rex sole","rex_sole",NA,NA,"700","total_catch_wt_kg ~ 0 + factor(year) + pass","delta_gamma","TRUE","iid, iid","02_7","factor(year)2006","1.66981824340322","0.633418562588741","0.428340673590154","2.91129581321628"
"379","379","379","379","379","379","379","379","379","379","379","379","379","379","379","379","379","379","379","379","379","379","379","379","379","379","379","379","379","379","379","379","379","379","379","379","379","379","379","379","379","379","379","379","379",NA,NA,NA,NA,NA,NA,NA,NA,NA,NA,NA,NA,NA,NA,NA,NA,NA,"CA","rex sole","rex_sole",NA,NA,"700","total_catch_wt_kg ~ 0 + factor(year) + pass","delta_gamma","TRUE","iid, iid","02_7","factor(year)2007","0.991703083794332","0.608334169601615","-0.200609979189914","2.18401614677858"
"380","380","380","380","380","380","380","380","380","380","380","380","380","380","380","380","380","380","380","380","380","380","380","380","380","380","380","380","380","380","380","380","380","380","380","380","380","380","380","380","380","380","380","380","380",NA,NA,NA,NA,NA,NA,NA,NA,NA,NA,NA,NA,NA,NA,NA,NA,NA,"CA","rex sole","rex_sole",NA,NA,"700","total_catch_wt_kg ~ 0 + factor(year) + pass","delta_gamma","TRUE","iid, iid","02_7","factor(year)2008","0.585972463518548","0.602092070074723","-0.594106309205076","1.76605123624217"
"381","381","381","381","381","381","381","381","381","381","381","381","381","381","381","381","381","381","381","381","381","381","381","381","381","381","381","381","381","381","381","381","381","381","381","381","381","381","381","381","381","381","381","381","381",NA,NA,NA,NA,NA,NA,NA,NA,NA,NA,NA,NA,NA,NA,NA,NA,NA,"CA","rex sole","rex_sole",NA,NA,"700","total_catch_wt_kg ~ 0 + factor(year) + pass","delta_gamma","TRUE","iid, iid","02_7","factor(year)2009","0.539770521584157","0.592237798605127","-0.620994233965178","1.70053527713349"
"382","382","382","382","382","382","382","382","382","382","382","382","382","382","382","382","382","382","382","382","382","382","382","382","382","382","382","382","382","382","382","382","382","382","382","382","382","382","382","382","382","382","382","382","382",NA,NA,NA,NA,NA,NA,NA,NA,NA,NA,NA,NA,NA,NA,NA,NA,NA,"CA","rex sole","rex_sole",NA,NA,"700","total_catch_wt_kg ~ 0 + factor(year) + pass","delta_gamma","TRUE","iid, iid","02_7","factor(year)2010","1.21323633980194","0.602143572746092","0.0330566236973284","2.39341605590656"
"383","383","383","383","383","383","383","383","383","383","383","383","383","383","383","383","383","383","383","383","383","383","383","383","383","383","383","383","383","383","383","383","383","383","383","383","383","383","383","383","383","383","383","383","383",NA,NA,NA,NA,NA,NA,NA,NA,NA,NA,NA,NA,NA,NA,NA,NA,NA,"CA","rex sole","rex_sole",NA,NA,"700","total_catch_wt_kg ~ 0 + factor(year) + pass","delta_gamma","TRUE","iid, iid","02_7","factor(year)2011","0.803251234622949","0.598936333629173","-0.370642408322696","1.97714487756859"
"384","384","384","384","384","384","384","384","384","384","384","384","384","384","384","384","384","384","384","384","384","384","384","384","384","384","384","384","384","384","384","384","384","384","384","384","384","384","384","384","384","384","384","384","384",NA,NA,NA,NA,NA,NA,NA,NA,NA,NA,NA,NA,NA,NA,NA,NA,NA,"CA","rex sole","rex_sole",NA,NA,"700","total_catch_wt_kg ~ 0 + factor(year) + pass","delta_gamma","TRUE","iid, iid","02_7","factor(year)2012","1.40685730343591","0.611626455544895","0.208091478576025","2.60562312829579"
"385","385","385","385","385","385","385","385","385","385","385","385","385","385","385","385","385","385","385","385","385","385","385","385","385","385","385","385","385","385","385","385","385","385","385","385","385","385","385","385","385","385","385","385","385",NA,NA,NA,NA,NA,NA,NA,NA,NA,NA,NA,NA,NA,NA,NA,NA,NA,"CA","rex sole","rex_sole",NA,NA,"700","total_catch_wt_kg ~ 0 + factor(year) + pass","delta_gamma","TRUE","iid, iid","02_7","factor(year)2013","0.91423747171111","0.639115884738939","-0.338406644324662","2.16688158774688"
"386","386","386","386","386","386","386","386","386","386","386","386","386","386","386","386","386","386","386","386","386","386","386","386","386","386","386","386","386","386","386","386","386","386","386","386","386","386","386","386","386","386","386","386","386",NA,NA,NA,NA,NA,NA,NA,NA,NA,NA,NA,NA,NA,NA,NA,NA,NA,"CA","rex sole","rex_sole",NA,NA,"700","total_catch_wt_kg ~ 0 + factor(year) + pass","delta_gamma","TRUE","iid, iid","02_7","factor(year)2014","1.09067140660518","0.596807393808735","-0.0790495909671562","2.26039240417751"
"387","387","387","387","387","387","387","387","387","387","387","387","387","387","387","387","387","387","387","387","387","387","387","387","387","387","387","387","387","387","387","387","387","387","387","387","387","387","387","387","387","387","387","387","387",NA,NA,NA,NA,NA,NA,NA,NA,NA,NA,NA,NA,NA,NA,NA,NA,NA,"CA","rex sole","rex_sole",NA,NA,"700","total_catch_wt_kg ~ 0 + factor(year) + pass","delta_gamma","TRUE","iid, iid","02_7","factor(year)2015","1.27833177683485","0.60645494645875","0.0897019235295293","2.46696163014016"
"388","388","388","388","388","388","388","388","388","388","388","388","388","388","388","388","388","388","388","388","388","388","388","388","388","388","388","388","388","388","388","388","388","388","388","388","388","388","388","388","388","388","388","388","388",NA,NA,NA,NA,NA,NA,NA,NA,NA,NA,NA,NA,NA,NA,NA,NA,NA,"CA","rex sole","rex_sole",NA,NA,"700","total_catch_wt_kg ~ 0 + factor(year) + pass","delta_gamma","TRUE","iid, iid","02_7","factor(year)2016","0.665970660692673","0.611044883663779","-0.5316553042258","1.86359662561115"
"389","389","389","389","389","389","389","389","389","389","389","389","389","389","389","389","389","389","389","389","389","389","389","389","389","389","389","389","389","389","389","389","389","389","389","389","389","389","389","389","389","389","389","389","389",NA,NA,NA,NA,NA,NA,NA,NA,NA,NA,NA,NA,NA,NA,NA,NA,NA,"CA","rex sole","rex_sole",NA,NA,"700","total_catch_wt_kg ~ 0 + factor(year) + pass","delta_gamma","TRUE","iid, iid","02_7","factor(year)2017","0.489168403488472","0.594006873461393","-0.6750636750651","1.65340048204204"
"390","390","390","390","390","390","390","390","390","390","390","390","390","390","390","390","390","390","390","390","390","390","390","390","390","390","390","390","390","390","390","390","390","390","390","390","390","390","390","390","390","390","390","390","390",NA,NA,NA,NA,NA,NA,NA,NA,NA,NA,NA,NA,NA,NA,NA,NA,NA,"CA","rex sole","rex_sole",NA,NA,"700","total_catch_wt_kg ~ 0 + factor(year) + pass","delta_gamma","TRUE","iid, iid","02_7","factor(year)2018","1.76932355435825","0.619452213662831","0.555219525435489","2.98342758328101"
"391","391","391","391","391","391","391","391","391","391","391","391","391","391","391","391","391","391","391","391","391","391","391","391","391","391","391","391","391","391","391","391","391","391","391","391","391","391","391","391","391","391","391","391","391",NA,NA,NA,NA,NA,NA,NA,NA,NA,NA,NA,NA,NA,NA,NA,NA,NA,"CA","rex sole","rex_sole",NA,NA,"700","total_catch_wt_kg ~ 0 + factor(year) + pass","delta_gamma","TRUE","iid, iid","02_7","factor(year)2019","0.804555399196344","0.741648163541269","-0.649048290544814","2.2581590889375"
"392","392","392","392","392","392","392","392","392","392","392","392","392","392","392","392","392","392","392","392","392","392","392","392","392","392","392","392","392","392","392","392","392","392","392","392","392","392","392","392","392","392","392","392","392",NA,NA,NA,NA,NA,NA,NA,NA,NA,NA,NA,NA,NA,NA,NA,NA,NA,"CA","rex sole","rex_sole",NA,NA,"700","total_catch_wt_kg ~ 0 + factor(year) + pass","delta_gamma","TRUE","iid, iid","02_7","factor(year)2021","1.27859681247669","0.607623341823627","0.0876769463365106","2.46951667861687"
"393","393","393","393","393","393","393","393","393","393","393","393","393","393","393","393","393","393","393","393","393","393","393","393","393","393","393","393","393","393","393","393","393","393","393","393","393","393","393","393","393","393","393","393","393",NA,NA,NA,NA,NA,NA,NA,NA,NA,NA,NA,NA,NA,NA,NA,NA,NA,"CA","rex sole","rex_sole",NA,NA,"700","total_catch_wt_kg ~ 0 + factor(year) + pass","delta_gamma","TRUE","iid, iid","02_7","factor(year)2022","1.04988020647093","0.613411572112234","-0.152384382569145","2.252144795511"
"394","394","394","394","394","394","394","394","394","394","394","394","394","394","394","394","394","394","394","394","394","394","394","394","394","394","394","394","394","394","394","394","394","394","394","394","394","394","394","394","394","394","394","394","394",NA,NA,NA,NA,NA,NA,NA,NA,NA,NA,NA,NA,NA,NA,NA,NA,NA,"CA","rex sole","rex_sole",NA,NA,"700","total_catch_wt_kg ~ 0 + factor(year) + pass","delta_gamma","TRUE","iid, iid","02_7","factor(year)2023","0.702153238497425","0.598612250289555","-0.471105212774579","1.87541168976943"
"395","395","395","395","395","395","395","395","395","395","395","395","395","395","395","395","395","395","395","395","395","395","395","395","395","395","395","395","395","395","395","395","395","395","395","395","395","395","395","395","395","395","395","395","395",NA,NA,NA,NA,NA,NA,NA,NA,NA,NA,NA,NA,NA,NA,NA,NA,NA,"CA","rex sole","rex_sole",NA,NA,"700","total_catch_wt_kg ~ 0 + factor(year) + pass","delta_gamma","TRUE","iid, iid","02_7","factor(year)2024","0.57203834242208","0.611952032501633","-0.627365601547205","1.77144228639137"
"396","396","396","396","396","396","396","396","396","396","396","396","396","396","396","396","396","396","396","396","396","396","396","396","396","396","396","396","396","396","396","396","396","396","396","396","396","396","396","396","396","396","396","396","396",NA,NA,NA,NA,NA,NA,NA,NA,NA,NA,NA,NA,NA,NA,NA,NA,NA,"CA","rex sole","rex_sole",NA,NA,"700","total_catch_wt_kg ~ 0 + factor(year) + pass","delta_gamma","TRUE","iid, iid","02_7","pass","-0.148629892159781","0.150903242825834","-0.444394813248717","0.147135028929156"
"397","397","397","397","397","397","397","397","397","397","397","397","397","397","397","397","397","397","397","397","397","397","397","397","397","397","397","397","397","397","397","397","397","397","397","397","397","397","397","397","397","397","397","397",NA,NA,NA,NA,NA,NA,NA,NA,NA,NA,NA,NA,NA,NA,NA,NA,NA,NA,"CA","rex sole","rex_sole",NA,NA,"700","total_catch_wt_kg ~ 0 + factor(year) + pass","delta_gamma","TRUE","iid, iid","02_8","factor(year)2003","1.25671032987206","0.69841943683785","-0.112166612432871","2.62558727217699"
"398","398","398","398","398","398","398","398","398","398","398","398","398","398","398","398","398","398","398","398","398","398","398","398","398","398","398","398","398","398","398","398","398","398","398","398","398","398","398","398","398","398","398","398",NA,NA,NA,NA,NA,NA,NA,NA,NA,NA,NA,NA,NA,NA,NA,NA,NA,NA,"CA","rex sole","rex_sole",NA,NA,"700","total_catch_wt_kg ~ 0 + factor(year) + pass","delta_gamma","TRUE","iid, iid","02_8","factor(year)2004","1.18574876481275","0.72368255563985","-0.232642980481263","2.60414051010676"
"399","399","399","399","399","399","399","399","399","399","399","399","399","399","399","399","399","399","399","399","399","399","399","399","399","399","399","399","399","399","399","399","399","399","399","399","399","399","399","399","399","399","399","399",NA,NA,NA,NA,NA,NA,NA,NA,NA,NA,NA,NA,NA,NA,NA,NA,NA,NA,"CA","rex sole","rex_sole",NA,NA,"700","total_catch_wt_kg ~ 0 + factor(year) + pass","delta_gamma","TRUE","iid, iid","02_8","factor(year)2005","1.43445170372408","0.711154708443106","0.0406140877395125","2.82828931970865"
"400","400","400","400","400","400","400","400","400","400","400","400","400","400","400","400","400","400","400","400","400","400","400","400","400","400","400","400","400","400","400","400","400","400","400","400","400","400","400","400","400","400","400","400",NA,NA,NA,NA,NA,NA,NA,NA,NA,NA,NA,NA,NA,NA,NA,NA,NA,NA,"CA","rex sole","rex_sole",NA,NA,"700","total_catch_wt_kg ~ 0 + factor(year) + pass","delta_gamma","TRUE","iid, iid","02_8","factor(year)2006","1.51182547657485","0.693548116897957","0.152496145909279","2.87115480724042"
"401","401","401","401","401","401","401","401","401","401","401","401","401","401","401","401","401","401","401","401","401","401","401","401","401","401","401","401","401","401","401","401","401","401","401","401","401","401","401","401","401","401","401","401",NA,NA,NA,NA,NA,NA,NA,NA,NA,NA,NA,NA,NA,NA,NA,NA,NA,NA,"CA","rex sole","rex_sole",NA,NA,"700","total_catch_wt_kg ~ 0 + factor(year) + pass","delta_gamma","TRUE","iid, iid","02_8","factor(year)2007","0.876088667273234","0.684236739963357","-0.464990699954044","2.21716803450051"
"402","402","402","402","402","402","402","402","402","402","402","402","402","402","402","402","402","402","402","402","402","402","402","402","402","402","402","402","402","402","402","402","402","402","402","402","402","402","402","402","402","402","402","402",NA,NA,NA,NA,NA,NA,NA,NA,NA,NA,NA,NA,NA,NA,NA,NA,NA,NA,"CA","rex sole","rex_sole",NA,NA,"700","total_catch_wt_kg ~ 0 + factor(year) + pass","delta_gamma","TRUE","iid, iid","02_8","factor(year)2008","0.766881662726431","0.684806999745715","-0.5753153931361","2.10907871858896"
"403","403","403","403","403","403","403","403","403","403","403","403","403","403","403","403","403","403","403","403","403","403","403","403","403","403","403","403","403","403","403","403","403","403","403","403","403","403","403","403","403","403","403","403",NA,NA,NA,NA,NA,NA,NA,NA,NA,NA,NA,NA,NA,NA,NA,NA,NA,NA,"CA","rex sole","rex_sole",NA,NA,"700","total_catch_wt_kg ~ 0 + factor(year) + pass","delta_gamma","TRUE","iid, iid","02_8","factor(year)2009","0.472924919864582","0.677292066656206","-0.854543137796283","1.80039297752545"
"404","404","404","404","404","404","404","404","404","404","404","404","404","404","404","404","404","404","404","404","404","404","404","404","404","404","404","404","404","404","404","404","404","404","404","404","404","404","404","404","404","404","404","404",NA,NA,NA,NA,NA,NA,NA,NA,NA,NA,NA,NA,NA,NA,NA,NA,NA,NA,"CA","rex sole","rex_sole",NA,NA,"700","total_catch_wt_kg ~ 0 + factor(year) + pass","delta_gamma","TRUE","iid, iid","02_8","factor(year)2010","0.920186428960726","0.677248774806652","-0.407196778234189","2.24756963615564"
"405","405","405","405","405","405","405","405","405","405","405","405","405","405","405","405","405","405","405","405","405","405","405","405","405","405","405","405","405","405","405","405","405","405","405","405","405","405","405","405","405","405","405","405",NA,NA,NA,NA,NA,NA,NA,NA,NA,NA,NA,NA,NA,NA,NA,NA,NA,NA,"CA","rex sole","rex_sole",NA,NA,"700","total_catch_wt_kg ~ 0 + factor(year) + pass","delta_gamma","TRUE","iid, iid","02_8","factor(year)2011","0.820484956645308","0.692042581081272","-0.535893578042126","2.17686349133274"
"406","406","406","406","406","406","406","406","406","406","406","406","406","406","406","406","406","406","406","406","406","406","406","406","406","406","406","406","406","406","406","406","406","406","406","406","406","406","406","406","406","406","406","406",NA,NA,NA,NA,NA,NA,NA,NA,NA,NA,NA,NA,NA,NA,NA,NA,NA,NA,"CA","rex sole","rex_sole",NA,NA,"700","total_catch_wt_kg ~ 0 + factor(year) + pass","delta_gamma","TRUE","iid, iid","02_8","factor(year)2012","1.01127447967232","0.687117924437425","-0.335451905356943","2.35800086470159"
"407","407","407","407","407","407","407","407","407","407","407","407","407","407","407","407","407","407","407","407","407","407","407","407","407","407","407","407","407","407","407","407","407","407","407","407","407","407","407","407","407","407","407","407",NA,NA,NA,NA,NA,NA,NA,NA,NA,NA,NA,NA,NA,NA,NA,NA,NA,NA,"CA","rex sole","rex_sole",NA,NA,"700","total_catch_wt_kg ~ 0 + factor(year) + pass","delta_gamma","TRUE","iid, iid","02_8","factor(year)2013","0.921935825936473","0.724204419744891","-0.497478754208241","2.34135040608119"
"408","408","408","408","408","408","408","408","408","408","408","408","408","408","408","408","408","408","408","408","408","408","408","408","408","408","408","408","408","408","408","408","408","408","408","408","408","408","408","408","408","408","408","408",NA,NA,NA,NA,NA,NA,NA,NA,NA,NA,NA,NA,NA,NA,NA,NA,NA,NA,"CA","rex sole","rex_sole",NA,NA,"700","total_catch_wt_kg ~ 0 + factor(year) + pass","delta_gamma","TRUE","iid, iid","02_8","factor(year)2014","1.25470059374792","0.688164801543003","-0.0940776327045192","2.60347882020036"
"409","409","409","409","409","409","409","409","409","409","409","409","409","409","409","409","409","409","409","409","409","409","409","409","409","409","409","409","409","409","409","409","409","409","409","409","409","409","409","409","409","409","409","409",NA,NA,NA,NA,NA,NA,NA,NA,NA,NA,NA,NA,NA,NA,NA,NA,NA,NA,"CA","rex sole","rex_sole",NA,NA,"700","total_catch_wt_kg ~ 0 + factor(year) + pass","delta_gamma","TRUE","iid, iid","02_8","factor(year)2015","0.884612182398122","0.688376723995824","-0.464581404429362","2.23380576922561"
"410","410","410","410","410","410","410","410","410","410","410","410","410","410","410","410","410","410","410","410","410","410","410","410","410","410","410","410","410","410","410","410","410","410","410","410","410","410","410","410","410","410","410","410",NA,NA,NA,NA,NA,NA,NA,NA,NA,NA,NA,NA,NA,NA,NA,NA,NA,NA,"CA","rex sole","rex_sole",NA,NA,"700","total_catch_wt_kg ~ 0 + factor(year) + pass","delta_gamma","TRUE","iid, iid","02_8","factor(year)2016","0.907335118964598","0.680967198783145","-0.427336065303493","2.24200630323269"
"411","411","411","411","411","411","411","411","411","411","411","411","411","411","411","411","411","411","411","411","411","411","411","411","411","411","411","411","411","411","411","411","411","411","411","411","411","411","411","411","411","411","411","411",NA,NA,NA,NA,NA,NA,NA,NA,NA,NA,NA,NA,NA,NA,NA,NA,NA,NA,"CA","rex sole","rex_sole",NA,NA,"700","total_catch_wt_kg ~ 0 + factor(year) + pass","delta_gamma","TRUE","iid, iid","02_8","factor(year)2017","0.882688974544511","0.684679050772563","-0.459257305938784","2.22463525502781"
"412","412","412","412","412","412","412","412","412","412","412","412","412","412","412","412","412","412","412","412","412","412","412","412","412","412","412","412","412","412","412","412","412","412","412","412","412","412","412","412","412","412","412","412",NA,NA,NA,NA,NA,NA,NA,NA,NA,NA,NA,NA,NA,NA,NA,NA,NA,NA,"CA","rex sole","rex_sole",NA,NA,"700","total_catch_wt_kg ~ 0 + factor(year) + pass","delta_gamma","TRUE","iid, iid","02_8","factor(year)2018","1.05751695109762","0.689624593208876","-0.294122414444865","2.4091563166401"
"413","413","413","413","413","413","413","413","413","413","413","413","413","413","413","413","413","413","413","413","413","413","413","413","413","413","413","413","413","413","413","413","413","413","413","413","413","413","413","413","413","413","413","413",NA,NA,NA,NA,NA,NA,NA,NA,NA,NA,NA,NA,NA,NA,NA,NA,NA,NA,"CA","rex sole","rex_sole",NA,NA,"700","total_catch_wt_kg ~ 0 + factor(year) + pass","delta_gamma","TRUE","iid, iid","02_8","factor(year)2019","0.578836398089915","0.765617393353478","-0.921746118820337","2.07941891500017"
"414","414","414","414","414","414","414","414","414","414","414","414","414","414","414","414","414","414","414","414","414","414","414","414","414","414","414","414","414","414","414","414","414","414","414","414","414","414","414","414","414","414","414","414",NA,NA,NA,NA,NA,NA,NA,NA,NA,NA,NA,NA,NA,NA,NA,NA,NA,NA,"CA","rex sole","rex_sole",NA,NA,"700","total_catch_wt_kg ~ 0 + factor(year) + pass","delta_gamma","TRUE","iid, iid","02_8","factor(year)2021","0.564366649822432","0.675139830986208","-0.758883103438994","1.88761640308386"
"415","415","415","415","415","415","415","415","415","415","415","415","415","415","415","415","415","415","415","415","415","415","415","415","415","415","415","415","415","415","415","415","415","415","415","415","415","415","415","415","415","415","415","415",NA,NA,NA,NA,NA,NA,NA,NA,NA,NA,NA,NA,NA,NA,NA,NA,NA,NA,"CA","rex sole","rex_sole",NA,NA,"700","total_catch_wt_kg ~ 0 + factor(year) + pass","delta_gamma","TRUE","iid, iid","02_8","factor(year)2022","0.941030470821263","0.693573567865732","-0.41834874282452","2.30040968446704"
"416","416","416","416","416","416","416","416","416","416","416","416","416","416","416","416","416","416","416","416","416","416","416","416","416","416","416","416","416","416","416","416","416","416","416","416","416","416","416","416","416","416","416","416",NA,NA,NA,NA,NA,NA,NA,NA,NA,NA,NA,NA,NA,NA,NA,NA,NA,NA,"CA","rex sole","rex_sole",NA,NA,"700","total_catch_wt_kg ~ 0 + factor(year) + pass","delta_gamma","TRUE","iid, iid","02_8","factor(year)2023","1.08807253156019","0.692210868003414","-0.268635839433708","2.44478090255409"
"417","417","417","417","417","417","417","417","417","417","417","417","417","417","417","417","417","417","417","417","417","417","417","417","417","417","417","417","417","417","417","417","417","417","417","417","417","417","417","417","417","417","417","417",NA,NA,NA,NA,NA,NA,NA,NA,NA,NA,NA,NA,NA,NA,NA,NA,NA,NA,"CA","rex sole","rex_sole",NA,NA,"700","total_catch_wt_kg ~ 0 + factor(year) + pass","delta_gamma","TRUE","iid, iid","02_8","factor(year)2024","0.647735080256742","0.69345790168101","-0.711417431832755","2.00688759234624"
"418","418","418","418","418","418","418","418","418","418","418","418","418","418","418","418","418","418","418","418","418","418","418","418","418","418","418","418","418","418","418","418","418","418","418","418","418","418","418","418","418","418","418","418",NA,NA,NA,NA,NA,NA,NA,NA,NA,NA,NA,NA,NA,NA,NA,NA,NA,NA,"CA","rex sole","rex_sole",NA,NA,"700","total_catch_wt_kg ~ 0 + factor(year) + pass","delta_gamma","TRUE","iid, iid","02_8","pass","-0.331718080398301","0.146967335086475","-0.619768764071622","-0.0436673967249795"
"419","419","419","419","419","419","419","419","419","419","419","419","419","419","419","419","419","419","419","419","419","419","419","419","419","419","419","419","419","419","419","419","419","419","419","419","419","419","419","419","419","419","419",NA,NA,NA,NA,NA,NA,NA,NA,NA,NA,NA,NA,NA,NA,NA,NA,NA,NA,NA,"CA","rex sole","rex_sole",NA,NA,"700","total_catch_wt_kg ~ 0 + factor(year) + pass","delta_gamma","TRUE","iid, iid","02_9","factor(year)2003","1.69922722248068","0.66952025172835","0.386991642172926","3.01146280278844"
"420","420","420","420","420","420","420","420","420","420","420","420","420","420","420","420","420","420","420","420","420","420","420","420","420","420","420","420","420","420","420","420","420","420","420","420","420","420","420","420","420","420","420",NA,NA,NA,NA,NA,NA,NA,NA,NA,NA,NA,NA,NA,NA,NA,NA,NA,NA,NA,"CA","rex sole","rex_sole",NA,NA,"700","total_catch_wt_kg ~ 0 + factor(year) + pass","delta_gamma","TRUE","iid, iid","02_9","factor(year)2004","1.54030539981118","0.699133925686071","0.170028085096375","2.91058271452598"
"421","421","421","421","421","421","421","421","421","421","421","421","421","421","421","421","421","421","421","421","421","421","421","421","421","421","421","421","421","421","421","421","421","421","421","421","421","421","421","421","421","421","421",NA,NA,NA,NA,NA,NA,NA,NA,NA,NA,NA,NA,NA,NA,NA,NA,NA,NA,NA,"CA","rex sole","rex_sole",NA,NA,"700","total_catch_wt_kg ~ 0 + factor(year) + pass","delta_gamma","TRUE","iid, iid","02_9","factor(year)2005","1.44203466315261","0.650299425763675","0.167471209488732","2.7165981168165"
"422","422","422","422","422","422","422","422","422","422","422","422","422","422","422","422","422","422","422","422","422","422","422","422","422","422","422","422","422","422","422","422","422","422","422","422","422","422","422","422","422","422","422",NA,NA,NA,NA,NA,NA,NA,NA,NA,NA,NA,NA,NA,NA,NA,NA,NA,NA,NA,"CA","rex sole","rex_sole",NA,NA,"700","total_catch_wt_kg ~ 0 + factor(year) + pass","delta_gamma","TRUE","iid, iid","02_9","factor(year)2006","0.855778957698398","0.63844442934291","-0.395549129943934","2.10710704534073"
"423","423","423","423","423","423","423","423","423","423","423","423","423","423","423","423","423","423","423","423","423","423","423","423","423","423","423","423","423","423","423","423","423","423","423","423","423","423","423","423","423","423","423",NA,NA,NA,NA,NA,NA,NA,NA,NA,NA,NA,NA,NA,NA,NA,NA,NA,NA,NA,"CA","rex sole","rex_sole",NA,NA,"700","total_catch_wt_kg ~ 0 + factor(year) + pass","delta_gamma","TRUE","iid, iid","02_9","factor(year)2007","0.291338918653015","0.618397980448784","-0.920698851138906","1.50337668844494"
"424","424","424","424","424","424","424","424","424","424","424","424","424","424","424","424","424","424","424","424","424","424","424","424","424","424","424","424","424","424","424","424","424","424","424","424","424","424","424","424","424","424","424",NA,NA,NA,NA,NA,NA,NA,NA,NA,NA,NA,NA,NA,NA,NA,NA,NA,NA,NA,"CA","rex sole","rex_sole",NA,NA,"700","total_catch_wt_kg ~ 0 + factor(year) + pass","delta_gamma","TRUE","iid, iid","02_9","factor(year)2008","0.531291891620791","0.606282949177137","-0.657000853207124","1.71958463644871"
"425","425","425","425","425","425","425","425","425","425","425","425","425","425","425","425","425","425","425","425","425","425","425","425","425","425","425","425","425","425","425","425","425","425","425","425","425","425","425","425","425","425","425",NA,NA,NA,NA,NA,NA,NA,NA,NA,NA,NA,NA,NA,NA,NA,NA,NA,NA,NA,"CA","rex sole","rex_sole",NA,NA,"700","total_catch_wt_kg ~ 0 + factor(year) + pass","delta_gamma","TRUE","iid, iid","02_9","factor(year)2009","0.563117120722172","0.619430521646073","-0.650944392628988","1.77717863407333"
"426","426","426","426","426","426","426","426","426","426","426","426","426","426","426","426","426","426","426","426","426","426","426","426","426","426","426","426","426","426","426","426","426","426","426","426","426","426","426","426","426","426","426",NA,NA,NA,NA,NA,NA,NA,NA,NA,NA,NA,NA,NA,NA,NA,NA,NA,NA,NA,"CA","rex sole","rex_sole",NA,NA,"700","total_catch_wt_kg ~ 0 + factor(year) + pass","delta_gamma","TRUE","iid, iid","02_9","factor(year)2010","0.497121432133345","0.612990054971278","-0.704316998491587","1.69855986275828"
"427","427","427","427","427","427","427","427","427","427","427","427","427","427","427","427","427","427","427","427","427","427","427","427","427","427","427","427","427","427","427","427","427","427","427","427","427","427","427","427","427","427","427",NA,NA,NA,NA,NA,NA,NA,NA,NA,NA,NA,NA,NA,NA,NA,NA,NA,NA,NA,"CA","rex sole","rex_sole",NA,NA,"700","total_catch_wt_kg ~ 0 + factor(year) + pass","delta_gamma","TRUE","iid, iid","02_9","factor(year)2011","0.203570668553268","0.617355934863494","-1.00642472942124","1.41356606652777"
"428","428","428","428","428","428","428","428","428","428","428","428","428","428","428","428","428","428","428","428","428","428","428","428","428","428","428","428","428","428","428","428","428","428","428","428","428","428","428","428","428","428","428",NA,NA,NA,NA,NA,NA,NA,NA,NA,NA,NA,NA,NA,NA,NA,NA,NA,NA,NA,"CA","rex sole","rex_sole",NA,NA,"700","total_catch_wt_kg ~ 0 + factor(year) + pass","delta_gamma","TRUE","iid, iid","02_9","factor(year)2012","1.23491680631428","0.630447241102016","-0.000737080398311329","2.47057069302687"
"429","429","429","429","429","429","429","429","429","429","429","429","429","429","429","429","429","429","429","429","429","429","429","429","429","429","429","429","429","429","429","429","429","429","429","429","429","429","429","429","429","429","429",NA,NA,NA,NA,NA,NA,NA,NA,NA,NA,NA,NA,NA,NA,NA,NA,NA,NA,NA,"CA","rex sole","rex_sole",NA,NA,"700","total_catch_wt_kg ~ 0 + factor(year) + pass","delta_gamma","TRUE","iid, iid","02_9","factor(year)2013","0.677279361114567","0.653499609157732","-0.603556336745589","1.95811505897472"
"430","430","430","430","430","430","430","430","430","430","430","430","430","430","430","430","430","430","430","430","430","430","430","430","430","430","430","430","430","430","430","430","430","430","430","430","430","430","430","430","430","430","430",NA,NA,NA,NA,NA,NA,NA,NA,NA,NA,NA,NA,NA,NA,NA,NA,NA,NA,NA,"CA","rex sole","rex_sole",NA,NA,"700","total_catch_wt_kg ~ 0 + factor(year) + pass","delta_gamma","TRUE","iid, iid","02_9","factor(year)2014","1.58623769877663","0.661117308857791","0.290471583859311","2.88200381369394"
"431","431","431","431","431","431","431","431","431","431","431","431","431","431","431","431","431","431","431","431","431","431","431","431","431","431","431","431","431","431","431","431","431","431","431","431","431","431","431","431","431","431","431",NA,NA,NA,NA,NA,NA,NA,NA,NA,NA,NA,NA,NA,NA,NA,NA,NA,NA,NA,"CA","rex sole","rex_sole",NA,NA,"700","total_catch_wt_kg ~ 0 + factor(year) + pass","delta_gamma","TRUE","iid, iid","02_9","factor(year)2015","1.79361736586762","0.645733450945213","0.528003058402239","3.059231673333"
"432","432","432","432","432","432","432","432","432","432","432","432","432","432","432","432","432","432","432","432","432","432","432","432","432","432","432","432","432","432","432","432","432","432","432","432","432","432","432","432","432","432","432",NA,NA,NA,NA,NA,NA,NA,NA,NA,NA,NA,NA,NA,NA,NA,NA,NA,NA,NA,"CA","rex sole","rex_sole",NA,NA,"700","total_catch_wt_kg ~ 0 + factor(year) + pass","delta_gamma","TRUE","iid, iid","02_9","factor(year)2016","0.732698350222096","0.625134921306796","-0.492543581017506","1.9579402814617"
"433","433","433","433","433","433","433","433","433","433","433","433","433","433","433","433","433","433","433","433","433","433","433","433","433","433","433","433","433","433","433","433","433","433","433","433","433","433","433","433","433","433","433",NA,NA,NA,NA,NA,NA,NA,NA,NA,NA,NA,NA,NA,NA,NA,NA,NA,NA,NA,"CA","rex sole","rex_sole",NA,NA,"700","total_catch_wt_kg ~ 0 + factor(year) + pass","delta_gamma","TRUE","iid, iid","02_9","factor(year)2017","0.885705699407288","0.627706762920655","-0.344576948769419","2.11598834758399"
"434","434","434","434","434","434","434","434","434","434","434","434","434","434","434","434","434","434","434","434","434","434","434","434","434","434","434","434","434","434","434","434","434","434","434","434","434","434","434","434","434","434","434",NA,NA,NA,NA,NA,NA,NA,NA,NA,NA,NA,NA,NA,NA,NA,NA,NA,NA,NA,"CA","rex sole","rex_sole",NA,NA,"700","total_catch_wt_kg ~ 0 + factor(year) + pass","delta_gamma","TRUE","iid, iid","02_9","factor(year)2018","0.716986017083245","0.605218960480286","-0.469221348218885","1.90319338238538"
"435","435","435","435","435","435","435","435","435","435","435","435","435","435","435","435","435","435","435","435","435","435","435","435","435","435","435","435","435","435","435","435","435","435","435","435","435","435","435","435","435","435","435",NA,NA,NA,NA,NA,NA,NA,NA,NA,NA,NA,NA,NA,NA,NA,NA,NA,NA,NA,"CA","rex sole","rex_sole",NA,NA,"700","total_catch_wt_kg ~ 0 + factor(year) + pass","delta_gamma","TRUE","iid, iid","02_9","factor(year)2019","0.607127216433618","0.682588804291164","-0.730722256227322","1.94497668909456"
"436","436","436","436","436","436","436","436","436","436","436","436","436","436","436","436","436","436","436","436","436","436","436","436","436","436","436","436","436","436","436","436","436","436","436","436","436","436","436","436","436","436","436",NA,NA,NA,NA,NA,NA,NA,NA,NA,NA,NA,NA,NA,NA,NA,NA,NA,NA,NA,"CA","rex sole","rex_sole",NA,NA,"700","total_catch_wt_kg ~ 0 + factor(year) + pass","delta_gamma","TRUE","iid, iid","02_9","factor(year)2021","0.494956258247005","0.62486778660072","-0.729762098589667","1.71967461508368"
"437","437","437","437","437","437","437","437","437","437","437","437","437","437","437","437","437","437","437","437","437","437","437","437","437","437","437","437","437","437","437","437","437","437","437","437","437","437","437","437","437","437","437",NA,NA,NA,NA,NA,NA,NA,NA,NA,NA,NA,NA,NA,NA,NA,NA,NA,NA,NA,"CA","rex sole","rex_sole",NA,NA,"700","total_catch_wt_kg ~ 0 + factor(year) + pass","delta_gamma","TRUE","iid, iid","02_9","factor(year)2022","0.862670332081788","0.626794128196464","-0.365823584904463","2.09116424906804"
"438","438","438","438","438","438","438","438","438","438","438","438","438","438","438","438","438","438","438","438","438","438","438","438","438","438","438","438","438","438","438","438","438","438","438","438","438","438","438","438","438","438","438",NA,NA,NA,NA,NA,NA,NA,NA,NA,NA,NA,NA,NA,NA,NA,NA,NA,NA,NA,"CA","rex sole","rex_sole",NA,NA,"700","total_catch_wt_kg ~ 0 + factor(year) + pass","delta_gamma","TRUE","iid, iid","02_9","factor(year)2023","1.37474261797545","0.652899673803269","0.0950827718030975","2.65440246414781"
"439","439","439","439","439","439","439","439","439","439","439","439","439","439","439","439","439","439","439","439","439","439","439","439","439","439","439","439","439","439","439","439","439","439","439","439","439","439","439","439","439","439","439",NA,NA,NA,NA,NA,NA,NA,NA,NA,NA,NA,NA,NA,NA,NA,NA,NA,NA,NA,"CA","rex sole","rex_sole",NA,NA,"700","total_catch_wt_kg ~ 0 + factor(year) + pass","delta_gamma","TRUE","iid, iid","02_9","factor(year)2024","0.253527005064597","0.625646296117083","-0.972717202385768","1.47977121251496"
"440","440","440","440","440","440","440","440","440","440","440","440","440","440","440","440","440","440","440","440","440","440","440","440","440","440","440","440","440","440","440","440","440","440","440","440","440","440","440","440","440","440","440",NA,NA,NA,NA,NA,NA,NA,NA,NA,NA,NA,NA,NA,NA,NA,NA,NA,NA,NA,"CA","rex sole","rex_sole",NA,NA,"700","total_catch_wt_kg ~ 0 + factor(year) + pass","delta_gamma","TRUE","iid, iid","02_9","pass","-0.186967994786635","0.146499832505997","-0.47410239023954","0.100166400666269"
"441","441","441","441","441","441","441","441","441","441","441","441","441","441","441","441","441","441","441","441","441","441","441","441","441","441","441","441","441","441","441","441","441","441","441","441","441","441","441","441","441","441",NA,NA,NA,NA,NA,NA,NA,NA,NA,NA,NA,NA,NA,NA,NA,NA,NA,NA,NA,NA,"CA","rex sole","rex_sole",NA,NA,"700","total_catch_wt_kg ~ 0 + factor(year) + pass","delta_gamma","TRUE","iid, iid","03_1","factor(year)2003","1.18736020156708","0.633195341708762","-0.0536798633606246","2.42840026649479"
"442","442","442","442","442","442","442","442","442","442","442","442","442","442","442","442","442","442","442","442","442","442","442","442","442","442","442","442","442","442","442","442","442","442","442","442","442","442","442","442","442","442",NA,NA,NA,NA,NA,NA,NA,NA,NA,NA,NA,NA,NA,NA,NA,NA,NA,NA,NA,NA,"CA","rex sole","rex_sole",NA,NA,"700","total_catch_wt_kg ~ 0 + factor(year) + pass","delta_gamma","TRUE","iid, iid","03_1","factor(year)2004","1.03808908189802","0.658406044594386","-0.252363052710445","2.32854121650649"
"443","443","443","443","443","443","443","443","443","443","443","443","443","443","443","443","443","443","443","443","443","443","443","443","443","443","443","443","443","443","443","443","443","443","443","443","443","443","443","443","443","443",NA,NA,NA,NA,NA,NA,NA,NA,NA,NA,NA,NA,NA,NA,NA,NA,NA,NA,NA,NA,"CA","rex sole","rex_sole",NA,NA,"700","total_catch_wt_kg ~ 0 + factor(year) + pass","delta_gamma","TRUE","iid, iid","03_1","factor(year)2005","1.68876832544236","0.636775102288651","0.440712058704797","2.93682459217992"
"444","444","444","444","444","444","444","444","444","444","444","444","444","444","444","444","444","444","444","444","444","444","444","444","444","444","444","444","444","444","444","444","444","444","444","444","444","444","444","444","444","444",NA,NA,NA,NA,NA,NA,NA,NA,NA,NA,NA,NA,NA,NA,NA,NA,NA,NA,NA,NA,"CA","rex sole","rex_sole",NA,NA,"700","total_catch_wt_kg ~ 0 + factor(year) + pass","delta_gamma","TRUE","iid, iid","03_1","factor(year)2006","1.60080267268838","0.624637950284835","0.37653478675318","2.82507055862358"
"445","445","445","445","445","445","445","445","445","445","445","445","445","445","445","445","445","445","445","445","445","445","445","445","445","445","445","445","445","445","445","445","445","445","445","445","445","445","445","445","445","445",NA,NA,NA,NA,NA,NA,NA,NA,NA,NA,NA,NA,NA,NA,NA,NA,NA,NA,NA,NA,"CA","rex sole","rex_sole",NA,NA,"700","total_catch_wt_kg ~ 0 + factor(year) + pass","delta_gamma","TRUE","iid, iid","03_1","factor(year)2007","1.08448122323343","0.618444359952974","-0.127647448716326","2.29660989518318"
"446","446","446","446","446","446","446","446","446","446","446","446","446","446","446","446","446","446","446","446","446","446","446","446","446","446","446","446","446","446","446","446","446","446","446","446","446","446","446","446","446","446",NA,NA,NA,NA,NA,NA,NA,NA,NA,NA,NA,NA,NA,NA,NA,NA,NA,NA,NA,NA,"CA","rex sole","rex_sole",NA,NA,"700","total_catch_wt_kg ~ 0 + factor(year) + pass","delta_gamma","TRUE","iid, iid","03_1","factor(year)2008","0.0241972829231609","0.599748212512571","-1.15128761339375","1.19968217924008"
"447","447","447","447","447","447","447","447","447","447","447","447","447","447","447","447","447","447","447","447","447","447","447","447","447","447","447","447","447","447","447","447","447","447","447","447","447","447","447","447","447","447",NA,NA,NA,NA,NA,NA,NA,NA,NA,NA,NA,NA,NA,NA,NA,NA,NA,NA,NA,NA,"CA","rex sole","rex_sole",NA,NA,"700","total_catch_wt_kg ~ 0 + factor(year) + pass","delta_gamma","TRUE","iid, iid","03_1","factor(year)2009","0.4071920327289","0.610465435787265","-0.789298235220688","1.60368230067849"
"448","448","448","448","448","448","448","448","448","448","448","448","448","448","448","448","448","448","448","448","448","448","448","448","448","448","448","448","448","448","448","448","448","448","448","448","448","448","448","448","448","448",NA,NA,NA,NA,NA,NA,NA,NA,NA,NA,NA,NA,NA,NA,NA,NA,NA,NA,NA,NA,"CA","rex sole","rex_sole",NA,NA,"700","total_catch_wt_kg ~ 0 + factor(year) + pass","delta_gamma","TRUE","iid, iid","03_1","factor(year)2010","0.930066779352249","0.607462087730774","-0.260537034573579","2.12067059327808"
"449","449","449","449","449","449","449","449","449","449","449","449","449","449","449","449","449","449","449","449","449","449","449","449","449","449","449","449","449","449","449","449","449","449","449","449","449","449","449","449","449","449",NA,NA,NA,NA,NA,NA,NA,NA,NA,NA,NA,NA,NA,NA,NA,NA,NA,NA,NA,NA,"CA","rex sole","rex_sole",NA,NA,"700","total_catch_wt_kg ~ 0 + factor(year) + pass","delta_gamma","TRUE","iid, iid","03_1","factor(year)2011","0.67924763829473","0.605351685926501","-0.507219864101815","1.86571514069128"
"450","450","450","450","450","450","450","450","450","450","450","450","450","450","450","450","450","450","450","450","450","450","450","450","450","450","450","450","450","450","450","450","450","450","450","450","450","450","450","450","450","450",NA,NA,NA,NA,NA,NA,NA,NA,NA,NA,NA,NA,NA,NA,NA,NA,NA,NA,NA,NA,"CA","rex sole","rex_sole",NA,NA,"700","total_catch_wt_kg ~ 0 + factor(year) + pass","delta_gamma","TRUE","iid, iid","03_1","factor(year)2012","0.69283163380378","0.605593100269406","-0.49410903201021","1.87977229961777"
"451","451","451","451","451","451","451","451","451","451","451","451","451","451","451","451","451","451","451","451","451","451","451","451","451","451","451","451","451","451","451","451","451","451","451","451","451","451","451","451","451","451",NA,NA,NA,NA,NA,NA,NA,NA,NA,NA,NA,NA,NA,NA,NA,NA,NA,NA,NA,NA,"CA","rex sole","rex_sole",NA,NA,"700","total_catch_wt_kg ~ 0 + factor(year) + pass","delta_gamma","TRUE","iid, iid","03_1","factor(year)2013","1.18131123572996","0.653441653066636","-0.0994108702789629","2.46203334173888"
"452","452","452","452","452","452","452","452","452","452","452","452","452","452","452","452","452","452","452","452","452","452","452","452","452","452","452","452","452","452","452","452","452","452","452","452","452","452","452","452","452","452",NA,NA,NA,NA,NA,NA,NA,NA,NA,NA,NA,NA,NA,NA,NA,NA,NA,NA,NA,NA,"CA","rex sole","rex_sole",NA,NA,"700","total_catch_wt_kg ~ 0 + factor(year) + pass","delta_gamma","TRUE","iid, iid","03_1","factor(year)2014","0.728968293766567","0.603533034192404","-0.453934716730725","1.91187130426386"
"453","453","453","453","453","453","453","453","453","453","453","453","453","453","453","453","453","453","453","453","453","453","453","453","453","453","453","453","453","453","453","453","453","453","453","453","453","453","453","453","453","453",NA,NA,NA,NA,NA,NA,NA,NA,NA,NA,NA,NA,NA,NA,NA,NA,NA,NA,NA,NA,"CA","rex sole","rex_sole",NA,NA,"700","total_catch_wt_kg ~ 0 + factor(year) + pass","delta_gamma","TRUE","iid, iid","03_1","factor(year)2015","1.02896585332571","0.610810178237399","-0.168200097410085","2.2261318040615"
"454","454","454","454","454","454","454","454","454","454","454","454","454","454","454","454","454","454","454","454","454","454","454","454","454","454","454","454","454","454","454","454","454","454","454","454","454","454","454","454","454","454",NA,NA,NA,NA,NA,NA,NA,NA,NA,NA,NA,NA,NA,NA,NA,NA,NA,NA,NA,NA,"CA","rex sole","rex_sole",NA,NA,"700","total_catch_wt_kg ~ 0 + factor(year) + pass","delta_gamma","TRUE","iid, iid","03_1","factor(year)2016","0.652846097448534","0.615325505444663","-0.553169731991911","1.85886192688898"
"455","455","455","455","455","455","455","455","455","455","455","455","455","455","455","455","455","455","455","455","455","455","455","455","455","455","455","455","455","455","455","455","455","455","455","455","455","455","455","455","455","455",NA,NA,NA,NA,NA,NA,NA,NA,NA,NA,NA,NA,NA,NA,NA,NA,NA,NA,NA,NA,"CA","rex sole","rex_sole",NA,NA,"700","total_catch_wt_kg ~ 0 + factor(year) + pass","delta_gamma","TRUE","iid, iid","03_1","factor(year)2017","0.82655360359203","0.608258099919679","-0.365610365555306","2.01871757273937"
"456","456","456","456","456","456","456","456","456","456","456","456","456","456","456","456","456","456","456","456","456","456","456","456","456","456","456","456","456","456","456","456","456","456","456","456","456","456","456","456","456","456",NA,NA,NA,NA,NA,NA,NA,NA,NA,NA,NA,NA,NA,NA,NA,NA,NA,NA,NA,NA,"CA","rex sole","rex_sole",NA,NA,"700","total_catch_wt_kg ~ 0 + factor(year) + pass","delta_gamma","TRUE","iid, iid","03_1","factor(year)2018","0.671882448619227","0.60123058956111","-0.506507853324331","1.85027275056279"
"457","457","457","457","457","457","457","457","457","457","457","457","457","457","457","457","457","457","457","457","457","457","457","457","457","457","457","457","457","457","457","457","457","457","457","457","457","457","457","457","457","457",NA,NA,NA,NA,NA,NA,NA,NA,NA,NA,NA,NA,NA,NA,NA,NA,NA,NA,NA,NA,"CA","rex sole","rex_sole",NA,NA,"700","total_catch_wt_kg ~ 0 + factor(year) + pass","delta_gamma","TRUE","iid, iid","03_1","factor(year)2019","0.675491830651554","0.692434962949667","-0.68165575836612","2.03263941966923"
"458","458","458","458","458","458","458","458","458","458","458","458","458","458","458","458","458","458","458","458","458","458","458","458","458","458","458","458","458","458","458","458","458","458","458","458","458","458","458","458","458","458",NA,NA,NA,NA,NA,NA,NA,NA,NA,NA,NA,NA,NA,NA,NA,NA,NA,NA,NA,NA,"CA","rex sole","rex_sole",NA,NA,"700","total_catch_wt_kg ~ 0 + factor(year) + pass","delta_gamma","TRUE","iid, iid","03_1","factor(year)2021","0.52076861678818","0.603606414532441","-0.662278216532759","1.70381545010912"
"459","459","459","459","459","459","459","459","459","459","459","459","459","459","459","459","459","459","459","459","459","459","459","459","459","459","459","459","459","459","459","459","459","459","459","459","459","459","459","459","459","459",NA,NA,NA,NA,NA,NA,NA,NA,NA,NA,NA,NA,NA,NA,NA,NA,NA,NA,NA,NA,"CA","rex sole","rex_sole",NA,NA,"700","total_catch_wt_kg ~ 0 + factor(year) + pass","delta_gamma","TRUE","iid, iid","03_1","factor(year)2022","0.622328924646227","0.605110215997632","-0.563665305386385","1.80832315467884"
"460","460","460","460","460","460","460","460","460","460","460","460","460","460","460","460","460","460","460","460","460","460","460","460","460","460","460","460","460","460","460","460","460","460","460","460","460","460","460","460","460","460",NA,NA,NA,NA,NA,NA,NA,NA,NA,NA,NA,NA,NA,NA,NA,NA,NA,NA,NA,NA,"CA","rex sole","rex_sole",NA,NA,"700","total_catch_wt_kg ~ 0 + factor(year) + pass","delta_gamma","TRUE","iid, iid","03_1","factor(year)2023","0.545443995990406","0.615974173487674","-0.661843199452262","1.75273119143307"
"461","461","461","461","461","461","461","461","461","461","461","461","461","461","461","461","461","461","461","461","461","461","461","461","461","461","461","461","461","461","461","461","461","461","461","461","461","461","461","461","461","461",NA,NA,NA,NA,NA,NA,NA,NA,NA,NA,NA,NA,NA,NA,NA,NA,NA,NA,NA,NA,"CA","rex sole","rex_sole",NA,NA,"700","total_catch_wt_kg ~ 0 + factor(year) + pass","delta_gamma","TRUE","iid, iid","03_1","factor(year)2024","0.0195637494325766","0.601386246149007","-1.15913163381722","1.19825913268237"
"462","462","462","462","462","462","462","462","462","462","462","462","462","462","462","462","462","462","462","462","462","462","462","462","462","462","462","462","462","462","462","462","462","462","462","462","462","462","462","462","462","462",NA,NA,NA,NA,NA,NA,NA,NA,NA,NA,NA,NA,NA,NA,NA,NA,NA,NA,NA,NA,"CA","rex sole","rex_sole",NA,NA,"700","total_catch_wt_kg ~ 0 + factor(year) + pass","delta_gamma","TRUE","iid, iid","03_1","pass","-0.00508999436585364","0.128318658844463","-0.256589944245482","0.246409955513775"
"463","463","463","463","463","463","463","463","463","463","463","463","463","463","463","463","463","463","463","463","463","463","463","463","463","463","463","463","463","463","463","463","463","463","463","463","463","463","463","463","463",NA,NA,NA,NA,NA,NA,NA,NA,NA,NA,NA,NA,NA,NA,NA,NA,NA,NA,NA,NA,NA,"CA","rex sole","rex_sole",NA,NA,"700","total_catch_wt_kg ~ 0 + factor(year) + pass","delta_gamma","TRUE","iid, iid","03_10","factor(year)2003","0.70763478723116","0.672240787247564","-0.609932944712918","2.02520251917524"
"464","464","464","464","464","464","464","464","464","464","464","464","464","464","464","464","464","464","464","464","464","464","464","464","464","464","464","464","464","464","464","464","464","464","464","464","464","464","464","464","464",NA,NA,NA,NA,NA,NA,NA,NA,NA,NA,NA,NA,NA,NA,NA,NA,NA,NA,NA,NA,NA,"CA","rex sole","rex_sole",NA,NA,"700","total_catch_wt_kg ~ 0 + factor(year) + pass","delta_gamma","TRUE","iid, iid","03_10","factor(year)2004","0.872549376228767","0.678709604880939","-0.457697005299283","2.20279575775682"
"465","465","465","465","465","465","465","465","465","465","465","465","465","465","465","465","465","465","465","465","465","465","465","465","465","465","465","465","465","465","465","465","465","465","465","465","465","465","465","465","465",NA,NA,NA,NA,NA,NA,NA,NA,NA,NA,NA,NA,NA,NA,NA,NA,NA,NA,NA,NA,NA,"CA","rex sole","rex_sole",NA,NA,"700","total_catch_wt_kg ~ 0 + factor(year) + pass","delta_gamma","TRUE","iid, iid","03_10","factor(year)2005","0.790096898585902","0.655033337912344","-0.493744852395346","2.07393864956715"
"466","466","466","466","466","466","466","466","466","466","466","466","466","466","466","466","466","466","466","466","466","466","466","466","466","466","466","466","466","466","466","466","466","466","466","466","466","466","466","466","466",NA,NA,NA,NA,NA,NA,NA,NA,NA,NA,NA,NA,NA,NA,NA,NA,NA,NA,NA,NA,NA,"CA","rex sole","rex_sole",NA,NA,"700","total_catch_wt_kg ~ 0 + factor(year) + pass","delta_gamma","TRUE","iid, iid","03_10","factor(year)2006","1.00955490247581","0.659647633169823","-0.283330701024127","2.30244050597576"
"467","467","467","467","467","467","467","467","467","467","467","467","467","467","467","467","467","467","467","467","467","467","467","467","467","467","467","467","467","467","467","467","467","467","467","467","467","467","467","467","467",NA,NA,NA,NA,NA,NA,NA,NA,NA,NA,NA,NA,NA,NA,NA,NA,NA,NA,NA,NA,NA,"CA","rex sole","rex_sole",NA,NA,"700","total_catch_wt_kg ~ 0 + factor(year) + pass","delta_gamma","TRUE","iid, iid","03_10","factor(year)2007","0.72532049432273","0.644964579519561","-0.538786852839629","1.98942784148509"
"468","468","468","468","468","468","468","468","468","468","468","468","468","468","468","468","468","468","468","468","468","468","468","468","468","468","468","468","468","468","468","468","468","468","468","468","468","468","468","468","468",NA,NA,NA,NA,NA,NA,NA,NA,NA,NA,NA,NA,NA,NA,NA,NA,NA,NA,NA,NA,NA,"CA","rex sole","rex_sole",NA,NA,"700","total_catch_wt_kg ~ 0 + factor(year) + pass","delta_gamma","TRUE","iid, iid","03_10","factor(year)2008","0.1756948855127","0.633825967968746","-1.06658118417228","1.41797095519768"
"469","469","469","469","469","469","469","469","469","469","469","469","469","469","469","469","469","469","469","469","469","469","469","469","469","469","469","469","469","469","469","469","469","469","469","469","469","469","469","469","469",NA,NA,NA,NA,NA,NA,NA,NA,NA,NA,NA,NA,NA,NA,NA,NA,NA,NA,NA,NA,NA,"CA","rex sole","rex_sole",NA,NA,"700","total_catch_wt_kg ~ 0 + factor(year) + pass","delta_gamma","TRUE","iid, iid","03_10","factor(year)2009","0.506205244432287","0.649051769925084","-0.765912848722855","1.77832333758743"
"470","470","470","470","470","470","470","470","470","470","470","470","470","470","470","470","470","470","470","470","470","470","470","470","470","470","470","470","470","470","470","470","470","470","470","470","470","470","470","470","470",NA,NA,NA,NA,NA,NA,NA,NA,NA,NA,NA,NA,NA,NA,NA,NA,NA,NA,NA,NA,NA,"CA","rex sole","rex_sole",NA,NA,"700","total_catch_wt_kg ~ 0 + factor(year) + pass","delta_gamma","TRUE","iid, iid","03_10","factor(year)2010","0.378090783744088","0.632720072693729","-0.862017771031185","1.61819933851936"
"471","471","471","471","471","471","471","471","471","471","471","471","471","471","471","471","471","471","471","471","471","471","471","471","471","471","471","471","471","471","471","471","471","471","471","471","471","471","471","471","471",NA,NA,NA,NA,NA,NA,NA,NA,NA,NA,NA,NA,NA,NA,NA,NA,NA,NA,NA,NA,NA,"CA","rex sole","rex_sole",NA,NA,"700","total_catch_wt_kg ~ 0 + factor(year) + pass","delta_gamma","TRUE","iid, iid","03_10","factor(year)2011","0.294112382025121","0.641761784161567","-0.963717601585719","1.55194236563596"
"472","472","472","472","472","472","472","472","472","472","472","472","472","472","472","472","472","472","472","472","472","472","472","472","472","472","472","472","472","472","472","472","472","472","472","472","472","472","472","472","472",NA,NA,NA,NA,NA,NA,NA,NA,NA,NA,NA,NA,NA,NA,NA,NA,NA,NA,NA,NA,NA,"CA","rex sole","rex_sole",NA,NA,"700","total_catch_wt_kg ~ 0 + factor(year) + pass","delta_gamma","TRUE","iid, iid","03_10","factor(year)2012","0.636906318050271","0.648959426170977","-0.635030784672624","1.90884342077317"
"473","473","473","473","473","473","473","473","473","473","473","473","473","473","473","473","473","473","473","473","473","473","473","473","473","473","473","473","473","473","473","473","473","473","473","473","473","473","473","473","473",NA,NA,NA,NA,NA,NA,NA,NA,NA,NA,NA,NA,NA,NA,NA,NA,NA,NA,NA,NA,NA,"CA","rex sole","rex_sole",NA,NA,"700","total_catch_wt_kg ~ 0 + factor(year) + pass","delta_gamma","TRUE","iid, iid","03_10","factor(year)2013","0.978493982225584","0.660361319603629","-0.315790420980871","2.27277838543204"
"474","474","474","474","474","474","474","474","474","474","474","474","474","474","474","474","474","474","474","474","474","474","474","474","474","474","474","474","474","474","474","474","474","474","474","474","474","474","474","474","474",NA,NA,NA,NA,NA,NA,NA,NA,NA,NA,NA,NA,NA,NA,NA,NA,NA,NA,NA,NA,NA,"CA","rex sole","rex_sole",NA,NA,"700","total_catch_wt_kg ~ 0 + factor(year) + pass","delta_gamma","TRUE","iid, iid","03_10","factor(year)2014","0.937236875619464","0.655492287543143","-0.347504400108868","2.2219781513478"
"475","475","475","475","475","475","475","475","475","475","475","475","475","475","475","475","475","475","475","475","475","475","475","475","475","475","475","475","475","475","475","475","475","475","475","475","475","475","475","475","475",NA,NA,NA,NA,NA,NA,NA,NA,NA,NA,NA,NA,NA,NA,NA,NA,NA,NA,NA,NA,NA,"CA","rex sole","rex_sole",NA,NA,"700","total_catch_wt_kg ~ 0 + factor(year) + pass","delta_gamma","TRUE","iid, iid","03_10","factor(year)2015","0.73213568737281","0.65145782627292","-0.544698189568865","2.00896956431448"
"476","476","476","476","476","476","476","476","476","476","476","476","476","476","476","476","476","476","476","476","476","476","476","476","476","476","476","476","476","476","476","476","476","476","476","476","476","476","476","476","476",NA,NA,NA,NA,NA,NA,NA,NA,NA,NA,NA,NA,NA,NA,NA,NA,NA,NA,NA,NA,NA,"CA","rex sole","rex_sole",NA,NA,"700","total_catch_wt_kg ~ 0 + factor(year) + pass","delta_gamma","TRUE","iid, iid","03_10","factor(year)2016","0.751053076110015","0.654794049412671","-0.53231967802996","2.03442583024999"
"477","477","477","477","477","477","477","477","477","477","477","477","477","477","477","477","477","477","477","477","477","477","477","477","477","477","477","477","477","477","477","477","477","477","477","477","477","477","477","477","477",NA,NA,NA,NA,NA,NA,NA,NA,NA,NA,NA,NA,NA,NA,NA,NA,NA,NA,NA,NA,NA,"CA","rex sole","rex_sole",NA,NA,"700","total_catch_wt_kg ~ 0 + factor(year) + pass","delta_gamma","TRUE","iid, iid","03_10","factor(year)2017","0.5117029991204","0.640841198975136","-0.744322670680334","1.76772866892113"
"478","478","478","478","478","478","478","478","478","478","478","478","478","478","478","478","478","478","478","478","478","478","478","478","478","478","478","478","478","478","478","478","478","478","478","478","478","478","478","478","478",NA,NA,NA,NA,NA,NA,NA,NA,NA,NA,NA,NA,NA,NA,NA,NA,NA,NA,NA,NA,NA,"CA","rex sole","rex_sole",NA,NA,"700","total_catch_wt_kg ~ 0 + factor(year) + pass","delta_gamma","TRUE","iid, iid","03_10","factor(year)2018","0.390314418669111","0.642104025036398","-0.868186344730433","1.64881518206865"
"479","479","479","479","479","479","479","479","479","479","479","479","479","479","479","479","479","479","479","479","479","479","479","479","479","479","479","479","479","479","479","479","479","479","479","479","479","479","479","479","479",NA,NA,NA,NA,NA,NA,NA,NA,NA,NA,NA,NA,NA,NA,NA,NA,NA,NA,NA,NA,NA,"CA","rex sole","rex_sole",NA,NA,"700","total_catch_wt_kg ~ 0 + factor(year) + pass","delta_gamma","TRUE","iid, iid","03_10","factor(year)2019","-0.101665460231331","0.708955238084588","-1.49119219352814","1.28786127306548"
"480","480","480","480","480","480","480","480","480","480","480","480","480","480","480","480","480","480","480","480","480","480","480","480","480","480","480","480","480","480","480","480","480","480","480","480","480","480","480","480","480",NA,NA,NA,NA,NA,NA,NA,NA,NA,NA,NA,NA,NA,NA,NA,NA,NA,NA,NA,NA,NA,"CA","rex sole","rex_sole",NA,NA,"700","total_catch_wt_kg ~ 0 + factor(year) + pass","delta_gamma","TRUE","iid, iid","03_10","factor(year)2021","0.947058682334377","0.658602140197306","-0.343777792593341","2.23789515726209"
"481","481","481","481","481","481","481","481","481","481","481","481","481","481","481","481","481","481","481","481","481","481","481","481","481","481","481","481","481","481","481","481","481","481","481","481","481","481","481","481","481",NA,NA,NA,NA,NA,NA,NA,NA,NA,NA,NA,NA,NA,NA,NA,NA,NA,NA,NA,NA,NA,"CA","rex sole","rex_sole",NA,NA,"700","total_catch_wt_kg ~ 0 + factor(year) + pass","delta_gamma","TRUE","iid, iid","03_10","factor(year)2022","0.196931865827159","0.64819725790906","-1.07351141455222","1.46737514620654"
"482","482","482","482","482","482","482","482","482","482","482","482","482","482","482","482","482","482","482","482","482","482","482","482","482","482","482","482","482","482","482","482","482","482","482","482","482","482","482","482","482",NA,NA,NA,NA,NA,NA,NA,NA,NA,NA,NA,NA,NA,NA,NA,NA,NA,NA,NA,NA,NA,"CA","rex sole","rex_sole",NA,NA,"700","total_catch_wt_kg ~ 0 + factor(year) + pass","delta_gamma","TRUE","iid, iid","03_10","factor(year)2023","0.673230584543479","0.653500645623385","-0.607607144752029","1.95406831383899"
"483","483","483","483","483","483","483","483","483","483","483","483","483","483","483","483","483","483","483","483","483","483","483","483","483","483","483","483","483","483","483","483","483","483","483","483","483","483","483","483","483",NA,NA,NA,NA,NA,NA,NA,NA,NA,NA,NA,NA,NA,NA,NA,NA,NA,NA,NA,NA,NA,"CA","rex sole","rex_sole",NA,NA,"700","total_catch_wt_kg ~ 0 + factor(year) + pass","delta_gamma","TRUE","iid, iid","03_10","factor(year)2024","-0.206451469577046","0.645520366412255","-1.47164813903217","1.05874519987807"
"484","484","484","484","484","484","484","484","484","484","484","484","484","484","484","484","484","484","484","484","484","484","484","484","484","484","484","484","484","484","484","484","484","484","484","484","484","484","484","484","484",NA,NA,NA,NA,NA,NA,NA,NA,NA,NA,NA,NA,NA,NA,NA,NA,NA,NA,NA,NA,NA,"CA","rex sole","rex_sole",NA,NA,"700","total_catch_wt_kg ~ 0 + factor(year) + pass","delta_gamma","TRUE","iid, iid","03_10","pass","-0.0615413948441684","0.122605159717141","-0.301843092208545","0.178760302520209"
"485","485","485","485","485","485","485","485","485","485","485","485","485","485","485","485","485","485","485","485","485","485","485","485","485","485","485","485","485","485","485","485","485","485","485","485","485","485","485","485",NA,NA,NA,NA,NA,NA,NA,NA,NA,NA,NA,NA,NA,NA,NA,NA,NA,NA,NA,NA,NA,NA,"CA","rex sole","rex_sole",NA,NA,"700","total_catch_wt_kg ~ 0 + factor(year) + pass","delta_gamma","TRUE","iid, iid","03_2","factor(year)2003","1.43138428886259","0.628272172621069","0.199993458036559","2.66277511968861"
"486","486","486","486","486","486","486","486","486","486","486","486","486","486","486","486","486","486","486","486","486","486","486","486","486","486","486","486","486","486","486","486","486","486","486","486","486","486","486","486",NA,NA,NA,NA,NA,NA,NA,NA,NA,NA,NA,NA,NA,NA,NA,NA,NA,NA,NA,NA,NA,NA,"CA","rex sole","rex_sole",NA,NA,"700","total_catch_wt_kg ~ 0 + factor(year) + pass","delta_gamma","TRUE","iid, iid","03_2","factor(year)2004","1.36815085857204","0.634638840653713","0.124281587700507","2.61202012944357"
"487","487","487","487","487","487","487","487","487","487","487","487","487","487","487","487","487","487","487","487","487","487","487","487","487","487","487","487","487","487","487","487","487","487","487","487","487","487","487","487",NA,NA,NA,NA,NA,NA,NA,NA,NA,NA,NA,NA,NA,NA,NA,NA,NA,NA,NA,NA,NA,NA,"CA","rex sole","rex_sole",NA,NA,"700","total_catch_wt_kg ~ 0 + factor(year) + pass","delta_gamma","TRUE","iid, iid","03_2","factor(year)2005","1.07620499102677","0.602174552742787","-0.104035444755604","2.25644542680915"
"488","488","488","488","488","488","488","488","488","488","488","488","488","488","488","488","488","488","488","488","488","488","488","488","488","488","488","488","488","488","488","488","488","488","488","488","488","488","488","488",NA,NA,NA,NA,NA,NA,NA,NA,NA,NA,NA,NA,NA,NA,NA,NA,NA,NA,NA,NA,NA,NA,"CA","rex sole","rex_sole",NA,NA,"700","total_catch_wt_kg ~ 0 + factor(year) + pass","delta_gamma","TRUE","iid, iid","03_2","factor(year)2006","1.19760538109287","0.609790792257376","0.00243739016427025","2.39277337202147"
"489","489","489","489","489","489","489","489","489","489","489","489","489","489","489","489","489","489","489","489","489","489","489","489","489","489","489","489","489","489","489","489","489","489","489","489","489","489","489","489",NA,NA,NA,NA,NA,NA,NA,NA,NA,NA,NA,NA,NA,NA,NA,NA,NA,NA,NA,NA,NA,NA,"CA","rex sole","rex_sole",NA,NA,"700","total_catch_wt_kg ~ 0 + factor(year) + pass","delta_gamma","TRUE","iid, iid","03_2","factor(year)2007","0.616877478184142","0.590926041580699","-0.541316280840847","1.77507123720913"
"490","490","490","490","490","490","490","490","490","490","490","490","490","490","490","490","490","490","490","490","490","490","490","490","490","490","490","490","490","490","490","490","490","490","490","490","490","490","490","490",NA,NA,NA,NA,NA,NA,NA,NA,NA,NA,NA,NA,NA,NA,NA,NA,NA,NA,NA,NA,NA,NA,"CA","rex sole","rex_sole",NA,NA,"700","total_catch_wt_kg ~ 0 + factor(year) + pass","delta_gamma","TRUE","iid, iid","03_2","factor(year)2008","0.799963004863682","0.593512204048785","-0.363299539456924","1.96322554918429"
"491","491","491","491","491","491","491","491","491","491","491","491","491","491","491","491","491","491","491","491","491","491","491","491","491","491","491","491","491","491","491","491","491","491","491","491","491","491","491","491",NA,NA,NA,NA,NA,NA,NA,NA,NA,NA,NA,NA,NA,NA,NA,NA,NA,NA,NA,NA,NA,NA,"CA","rex sole","rex_sole",NA,NA,"700","total_catch_wt_kg ~ 0 + factor(year) + pass","delta_gamma","TRUE","iid, iid","03_2","factor(year)2009","0.463655679924245","0.593425551644455","-0.699437028804701","1.62674838865319"
"492","492","492","492","492","492","492","492","492","492","492","492","492","492","492","492","492","492","492","492","492","492","492","492","492","492","492","492","492","492","492","492","492","492","492","492","492","492","492","492",NA,NA,NA,NA,NA,NA,NA,NA,NA,NA,NA,NA,NA,NA,NA,NA,NA,NA,NA,NA,NA,NA,"CA","rex sole","rex_sole",NA,NA,"700","total_catch_wt_kg ~ 0 + factor(year) + pass","delta_gamma","TRUE","iid, iid","03_2","factor(year)2010","0.955317843771182","0.594807524125506","-0.210483481248249","2.12111916879061"
"493","493","493","493","493","493","493","493","493","493","493","493","493","493","493","493","493","493","493","493","493","493","493","493","493","493","493","493","493","493","493","493","493","493","493","493","493","493","493","493",NA,NA,NA,NA,NA,NA,NA,NA,NA,NA,NA,NA,NA,NA,NA,NA,NA,NA,NA,NA,NA,NA,"CA","rex sole","rex_sole",NA,NA,"700","total_catch_wt_kg ~ 0 + factor(year) + pass","delta_gamma","TRUE","iid, iid","03_2","factor(year)2011","0.713594475002187","0.594314355981747","-0.451240258217155","1.87842920822153"
"494","494","494","494","494","494","494","494","494","494","494","494","494","494","494","494","494","494","494","494","494","494","494","494","494","494","494","494","494","494","494","494","494","494","494","494","494","494","494","494",NA,NA,NA,NA,NA,NA,NA,NA,NA,NA,NA,NA,NA,NA,NA,NA,NA,NA,NA,NA,NA,NA,"CA","rex sole","rex_sole",NA,NA,"700","total_catch_wt_kg ~ 0 + factor(year) + pass","delta_gamma","TRUE","iid, iid","03_2","factor(year)2012","1.08145744318828","0.60272109591429","-0.0998541975262397","2.2627690839028"
"495","495","495","495","495","495","495","495","495","495","495","495","495","495","495","495","495","495","495","495","495","495","495","495","495","495","495","495","495","495","495","495","495","495","495","495","495","495","495","495",NA,NA,NA,NA,NA,NA,NA,NA,NA,NA,NA,NA,NA,NA,NA,NA,NA,NA,NA,NA,NA,NA,"CA","rex sole","rex_sole",NA,NA,"700","total_catch_wt_kg ~ 0 + factor(year) + pass","delta_gamma","TRUE","iid, iid","03_2","factor(year)2013","1.5531700658475","0.632621248934956","0.313255202080237","2.79308492961476"
"496","496","496","496","496","496","496","496","496","496","496","496","496","496","496","496","496","496","496","496","496","496","496","496","496","496","496","496","496","496","496","496","496","496","496","496","496","496","496","496",NA,NA,NA,NA,NA,NA,NA,NA,NA,NA,NA,NA,NA,NA,NA,NA,NA,NA,NA,NA,NA,NA,"CA","rex sole","rex_sole",NA,NA,"700","total_catch_wt_kg ~ 0 + factor(year) + pass","delta_gamma","TRUE","iid, iid","03_2","factor(year)2014","0.949259145479455","0.597455151055216","-0.221731432966706","2.12024972392561"
"497","497","497","497","497","497","497","497","497","497","497","497","497","497","497","497","497","497","497","497","497","497","497","497","497","497","497","497","497","497","497","497","497","497","497","497","497","497","497","497",NA,NA,NA,NA,NA,NA,NA,NA,NA,NA,NA,NA,NA,NA,NA,NA,NA,NA,NA,NA,NA,NA,"CA","rex sole","rex_sole",NA,NA,"700","total_catch_wt_kg ~ 0 + factor(year) + pass","delta_gamma","TRUE","iid, iid","03_2","factor(year)2015","1.27856801085557","0.604213811070968","0.094330702194789","2.46280531951636"
"498","498","498","498","498","498","498","498","498","498","498","498","498","498","498","498","498","498","498","498","498","498","498","498","498","498","498","498","498","498","498","498","498","498","498","498","498","498","498","498",NA,NA,NA,NA,NA,NA,NA,NA,NA,NA,NA,NA,NA,NA,NA,NA,NA,NA,NA,NA,NA,NA,"CA","rex sole","rex_sole",NA,NA,"700","total_catch_wt_kg ~ 0 + factor(year) + pass","delta_gamma","TRUE","iid, iid","03_2","factor(year)2016","0.929141809758547","0.604449185227229","-0.255556823771401","2.11384044328849"
"499","499","499","499","499","499","499","499","499","499","499","499","499","499","499","499","499","499","499","499","499","499","499","499","499","499","499","499","499","499","499","499","499","499","499","499","499","499","499","499",NA,NA,NA,NA,NA,NA,NA,NA,NA,NA,NA,NA,NA,NA,NA,NA,NA,NA,NA,NA,NA,NA,"CA","rex sole","rex_sole",NA,NA,"700","total_catch_wt_kg ~ 0 + factor(year) + pass","delta_gamma","TRUE","iid, iid","03_2","factor(year)2017","1.06233348590982","0.602080701974464","-0.117723005746727","2.24238997756636"
"500","500","500","500","500","500","500","500","500","500","500","500","500","500","500","500","500","500","500","500","500","500","500","500","500","500","500","500","500","500","500","500","500","500","500","500","500","500","500","500",NA,NA,NA,NA,NA,NA,NA,NA,NA,NA,NA,NA,NA,NA,NA,NA,NA,NA,NA,NA,NA,NA,"CA","rex sole","rex_sole",NA,NA,"700","total_catch_wt_kg ~ 0 + factor(year) + pass","delta_gamma","TRUE","iid, iid","03_2","factor(year)2018","0.925487798794906","0.598898810983364","-0.248332301116348","2.09930789870616"
"501","501","501","501","501","501","501","501","501","501","501","501","501","501","501","501","501","501","501","501","501","501","501","501","501","501","501","501","501","501","501","501","501","501","501","501","501","501","501","501",NA,NA,NA,NA,NA,NA,NA,NA,NA,NA,NA,NA,NA,NA,NA,NA,NA,NA,NA,NA,NA,NA,"CA","rex sole","rex_sole",NA,NA,"700","total_catch_wt_kg ~ 0 + factor(year) + pass","delta_gamma","TRUE","iid, iid","03_2","factor(year)2019","0.465763853695461","0.65166565711603","-0.811477364213586","1.74300507160451"
"502","502","502","502","502","502","502","502","502","502","502","502","502","502","502","502","502","502","502","502","502","502","502","502","502","502","502","502","502","502","502","502","502","502","502","502","502","502","502","502",NA,NA,NA,NA,NA,NA,NA,NA,NA,NA,NA,NA,NA,NA,NA,NA,NA,NA,NA,NA,NA,NA,"CA","rex sole","rex_sole",NA,NA,"700","total_catch_wt_kg ~ 0 + factor(year) + pass","delta_gamma","TRUE","iid, iid","03_2","factor(year)2021","0.85719902339539","0.599591871589631","-0.317979450343251","2.03237749713403"
"503","503","503","503","503","503","503","503","503","503","503","503","503","503","503","503","503","503","503","503","503","503","503","503","503","503","503","503","503","503","503","503","503","503","503","503","503","503","503","503",NA,NA,NA,NA,NA,NA,NA,NA,NA,NA,NA,NA,NA,NA,NA,NA,NA,NA,NA,NA,NA,NA,"CA","rex sole","rex_sole",NA,NA,"700","total_catch_wt_kg ~ 0 + factor(year) + pass","delta_gamma","TRUE","iid, iid","03_2","factor(year)2022","0.576522029522981","0.610329680877576","-0.619702163692892","1.77274622273885"
"504","504","504","504","504","504","504","504","504","504","504","504","504","504","504","504","504","504","504","504","504","504","504","504","504","504","504","504","504","504","504","504","504","504","504","504","504","504","504","504",NA,NA,NA,NA,NA,NA,NA,NA,NA,NA,NA,NA,NA,NA,NA,NA,NA,NA,NA,NA,NA,NA,"CA","rex sole","rex_sole",NA,NA,"700","total_catch_wt_kg ~ 0 + factor(year) + pass","delta_gamma","TRUE","iid, iid","03_2","factor(year)2023","1.21840669678638","0.611674664988281","0.019546383153741","2.41726701041901"
"505","505","505","505","505","505","505","505","505","505","505","505","505","505","505","505","505","505","505","505","505","505","505","505","505","505","505","505","505","505","505","505","505","505","505","505","505","505","505","505",NA,NA,NA,NA,NA,NA,NA,NA,NA,NA,NA,NA,NA,NA,NA,NA,NA,NA,NA,NA,NA,NA,"CA","rex sole","rex_sole",NA,NA,"700","total_catch_wt_kg ~ 0 + factor(year) + pass","delta_gamma","TRUE","iid, iid","03_2","factor(year)2024","0.538711822093059","0.597382952285214","-0.63213724936417","1.70956089355029"
"506","506","506","506","506","506","506","506","506","506","506","506","506","506","506","506","506","506","506","506","506","506","506","506","506","506","506","506","506","506","506","506","506","506","506","506","506","506","506","506",NA,NA,NA,NA,NA,NA,NA,NA,NA,NA,NA,NA,NA,NA,NA,NA,NA,NA,NA,NA,NA,NA,"CA","rex sole","rex_sole",NA,NA,"700","total_catch_wt_kg ~ 0 + factor(year) + pass","delta_gamma","TRUE","iid, iid","03_2","pass","-0.234130322594772","0.119903468635765","-0.4691368027423","0.00087615755275644"
"507","507","507","507","507","507","507","507","507","507","507","507","507","507","507","507","507","507","507","507","507","507","507","507","507","507","507","507","507","507","507","507","507","507","507","507","507","507","507",NA,NA,NA,NA,NA,NA,NA,NA,NA,NA,NA,NA,NA,NA,NA,NA,NA,NA,NA,NA,NA,NA,NA,"CA","rex sole","rex_sole",NA,NA,"700","total_catch_wt_kg ~ 0 + factor(year) + pass","delta_gamma","TRUE","iid, iid","03_3","factor(year)2003","0.985867614915325","0.645096970527114","-0.278499213853714","2.25023444368437"
"508","508","508","508","508","508","508","508","508","508","508","508","508","508","508","508","508","508","508","508","508","508","508","508","508","508","508","508","508","508","508","508","508","508","508","508","508","508","508",NA,NA,NA,NA,NA,NA,NA,NA,NA,NA,NA,NA,NA,NA,NA,NA,NA,NA,NA,NA,NA,NA,NA,"CA","rex sole","rex_sole",NA,NA,"700","total_catch_wt_kg ~ 0 + factor(year) + pass","delta_gamma","TRUE","iid, iid","03_3","factor(year)2004","1.21071909983716","0.674929259845394","-0.11211794157209","2.53355614124641"
"509","509","509","509","509","509","509","509","509","509","509","509","509","509","509","509","509","509","509","509","509","509","509","509","509","509","509","509","509","509","509","509","509","509","509","509","509","509","509",NA,NA,NA,NA,NA,NA,NA,NA,NA,NA,NA,NA,NA,NA,NA,NA,NA,NA,NA,NA,NA,NA,NA,"CA","rex sole","rex_sole",NA,NA,"700","total_catch_wt_kg ~ 0 + factor(year) + pass","delta_gamma","TRUE","iid, iid","03_3","factor(year)2005","1.19257897923087","0.628022849404608","-0.0383231870703831","2.42348114553212"
"510","510","510","510","510","510","510","510","510","510","510","510","510","510","510","510","510","510","510","510","510","510","510","510","510","510","510","510","510","510","510","510","510","510","510","510","510","510","510",NA,NA,NA,NA,NA,NA,NA,NA,NA,NA,NA,NA,NA,NA,NA,NA,NA,NA,NA,NA,NA,NA,NA,"CA","rex sole","rex_sole",NA,NA,"700","total_catch_wt_kg ~ 0 + factor(year) + pass","delta_gamma","TRUE","iid, iid","03_3","factor(year)2006","0.726755081370466","0.632934397318939","-0.513773541951219","1.96728370469215"
"511","511","511","511","511","511","511","511","511","511","511","511","511","511","511","511","511","511","511","511","511","511","511","511","511","511","511","511","511","511","511","511","511","511","511","511","511","511","511",NA,NA,NA,NA,NA,NA,NA,NA,NA,NA,NA,NA,NA,NA,NA,NA,NA,NA,NA,NA,NA,NA,NA,"CA","rex sole","rex_sole",NA,NA,"700","total_catch_wt_kg ~ 0 + factor(year) + pass","delta_gamma","TRUE","iid, iid","03_3","factor(year)2007","0.655606241970704","0.61541730533711","-0.55058951195272","1.86180199589413"
"512","512","512","512","512","512","512","512","512","512","512","512","512","512","512","512","512","512","512","512","512","512","512","512","512","512","512","512","512","512","512","512","512","512","512","512","512","512","512",NA,NA,NA,NA,NA,NA,NA,NA,NA,NA,NA,NA,NA,NA,NA,NA,NA,NA,NA,NA,NA,NA,NA,"CA","rex sole","rex_sole",NA,NA,"700","total_catch_wt_kg ~ 0 + factor(year) + pass","delta_gamma","TRUE","iid, iid","03_3","factor(year)2008","-0.222607298456308","0.614516742439643","-1.42703798153489","0.98182338462227"
"513","513","513","513","513","513","513","513","513","513","513","513","513","513","513","513","513","513","513","513","513","513","513","513","513","513","513","513","513","513","513","513","513","513","513","513","513","513","513",NA,NA,NA,NA,NA,NA,NA,NA,NA,NA,NA,NA,NA,NA,NA,NA,NA,NA,NA,NA,NA,NA,NA,"CA","rex sole","rex_sole",NA,NA,"700","total_catch_wt_kg ~ 0 + factor(year) + pass","delta_gamma","TRUE","iid, iid","03_3","factor(year)2009","0.0770942381501207","0.602670863197794","-1.10411894824922","1.25830742454946"
"514","514","514","514","514","514","514","514","514","514","514","514","514","514","514","514","514","514","514","514","514","514","514","514","514","514","514","514","514","514","514","514","514","514","514","514","514","514","514",NA,NA,NA,NA,NA,NA,NA,NA,NA,NA,NA,NA,NA,NA,NA,NA,NA,NA,NA,NA,NA,NA,NA,"CA","rex sole","rex_sole",NA,NA,"700","total_catch_wt_kg ~ 0 + factor(year) + pass","delta_gamma","TRUE","iid, iid","03_3","factor(year)2010","0.531356921353301","0.608752138080824","-0.661775344796868","1.72448918750347"
"515","515","515","515","515","515","515","515","515","515","515","515","515","515","515","515","515","515","515","515","515","515","515","515","515","515","515","515","515","515","515","515","515","515","515","515","515","515","515",NA,NA,NA,NA,NA,NA,NA,NA,NA,NA,NA,NA,NA,NA,NA,NA,NA,NA,NA,NA,NA,NA,NA,"CA","rex sole","rex_sole",NA,NA,"700","total_catch_wt_kg ~ 0 + factor(year) + pass","delta_gamma","TRUE","iid, iid","03_3","factor(year)2011","0.287418867349707","0.607153403406161","-0.902579936417287","1.4774176711167"
"516","516","516","516","516","516","516","516","516","516","516","516","516","516","516","516","516","516","516","516","516","516","516","516","516","516","516","516","516","516","516","516","516","516","516","516","516","516","516",NA,NA,NA,NA,NA,NA,NA,NA,NA,NA,NA,NA,NA,NA,NA,NA,NA,NA,NA,NA,NA,NA,NA,"CA","rex sole","rex_sole",NA,NA,"700","total_catch_wt_kg ~ 0 + factor(year) + pass","delta_gamma","TRUE","iid, iid","03_3","factor(year)2012","0.469189028881371","0.608655780552929","-0.723754379984484","1.66213243774723"
"517","517","517","517","517","517","517","517","517","517","517","517","517","517","517","517","517","517","517","517","517","517","517","517","517","517","517","517","517","517","517","517","517","517","517","517","517","517","517",NA,NA,NA,NA,NA,NA,NA,NA,NA,NA,NA,NA,NA,NA,NA,NA,NA,NA,NA,NA,NA,NA,NA,"CA","rex sole","rex_sole",NA,NA,"700","total_catch_wt_kg ~ 0 + factor(year) + pass","delta_gamma","TRUE","iid, iid","03_3","factor(year)2013","1.07760165470818","0.666637664123526","-0.228984157711839","2.3841874671282"
"518","518","518","518","518","518","518","518","518","518","518","518","518","518","518","518","518","518","518","518","518","518","518","518","518","518","518","518","518","518","518","518","518","518","518","518","518","518","518",NA,NA,NA,NA,NA,NA,NA,NA,NA,NA,NA,NA,NA,NA,NA,NA,NA,NA,NA,NA,NA,NA,NA,"CA","rex sole","rex_sole",NA,NA,"700","total_catch_wt_kg ~ 0 + factor(year) + pass","delta_gamma","TRUE","iid, iid","03_3","factor(year)2014","0.609277578418663","0.611271544552927","-0.588792633679245","1.80734779051657"
"519","519","519","519","519","519","519","519","519","519","519","519","519","519","519","519","519","519","519","519","519","519","519","519","519","519","519","519","519","519","519","519","519","519","519","519","519","519","519",NA,NA,NA,NA,NA,NA,NA,NA,NA,NA,NA,NA,NA,NA,NA,NA,NA,NA,NA,NA,NA,NA,NA,"CA","rex sole","rex_sole",NA,NA,"700","total_catch_wt_kg ~ 0 + factor(year) + pass","delta_gamma","TRUE","iid, iid","03_3","factor(year)2015","0.85425627117835","0.612409573641682","-0.346044436946877","2.05455697930358"
"520","520","520","520","520","520","520","520","520","520","520","520","520","520","520","520","520","520","520","520","520","520","520","520","520","520","520","520","520","520","520","520","520","520","520","520","520","520","520",NA,NA,NA,NA,NA,NA,NA,NA,NA,NA,NA,NA,NA,NA,NA,NA,NA,NA,NA,NA,NA,NA,NA,"CA","rex sole","rex_sole",NA,NA,"700","total_catch_wt_kg ~ 0 + factor(year) + pass","delta_gamma","TRUE","iid, iid","03_3","factor(year)2016","0.650065384702244","0.618735506794334","-0.562633924570788","1.86276469397528"
"521","521","521","521","521","521","521","521","521","521","521","521","521","521","521","521","521","521","521","521","521","521","521","521","521","521","521","521","521","521","521","521","521","521","521","521","521","521","521",NA,NA,NA,NA,NA,NA,NA,NA,NA,NA,NA,NA,NA,NA,NA,NA,NA,NA,NA,NA,NA,NA,NA,"CA","rex sole","rex_sole",NA,NA,"700","total_catch_wt_kg ~ 0 + factor(year) + pass","delta_gamma","TRUE","iid, iid","03_3","factor(year)2017","0.46374603906216","0.607459846828869","-0.726853382776641","1.65434546090096"
"522","522","522","522","522","522","522","522","522","522","522","522","522","522","522","522","522","522","522","522","522","522","522","522","522","522","522","522","522","522","522","522","522","522","522","522","522","522","522",NA,NA,NA,NA,NA,NA,NA,NA,NA,NA,NA,NA,NA,NA,NA,NA,NA,NA,NA,NA,NA,NA,NA,"CA","rex sole","rex_sole",NA,NA,"700","total_catch_wt_kg ~ 0 + factor(year) + pass","delta_gamma","TRUE","iid, iid","03_3","factor(year)2018","0.521948868942288","0.608204541481695","-0.670110127595532","1.71400786548011"
"523","523","523","523","523","523","523","523","523","523","523","523","523","523","523","523","523","523","523","523","523","523","523","523","523","523","523","523","523","523","523","523","523","523","523","523","523","523","523",NA,NA,NA,NA,NA,NA,NA,NA,NA,NA,NA,NA,NA,NA,NA,NA,NA,NA,NA,NA,NA,NA,NA,"CA","rex sole","rex_sole",NA,NA,"700","total_catch_wt_kg ~ 0 + factor(year) + pass","delta_gamma","TRUE","iid, iid","03_3","factor(year)2019","0.520377121213123","0.661732790837125","-0.776595316216818","1.81734955864306"
"524","524","524","524","524","524","524","524","524","524","524","524","524","524","524","524","524","524","524","524","524","524","524","524","524","524","524","524","524","524","524","524","524","524","524","524","524","524","524",NA,NA,NA,NA,NA,NA,NA,NA,NA,NA,NA,NA,NA,NA,NA,NA,NA,NA,NA,NA,NA,NA,NA,"CA","rex sole","rex_sole",NA,NA,"700","total_catch_wt_kg ~ 0 + factor(year) + pass","delta_gamma","TRUE","iid, iid","03_3","factor(year)2021","0.436942122196415","0.611137491879671","-0.76086535148988","1.63474959588271"
"525","525","525","525","525","525","525","525","525","525","525","525","525","525","525","525","525","525","525","525","525","525","525","525","525","525","525","525","525","525","525","525","525","525","525","525","525","525","525",NA,NA,NA,NA,NA,NA,NA,NA,NA,NA,NA,NA,NA,NA,NA,NA,NA,NA,NA,NA,NA,NA,NA,"CA","rex sole","rex_sole",NA,NA,"700","total_catch_wt_kg ~ 0 + factor(year) + pass","delta_gamma","TRUE","iid, iid","03_3","factor(year)2022","0.228909659133355","0.609089928656328","-0.964884664379119","1.42270398264583"
"526","526","526","526","526","526","526","526","526","526","526","526","526","526","526","526","526","526","526","526","526","526","526","526","526","526","526","526","526","526","526","526","526","526","526","526","526","526","526",NA,NA,NA,NA,NA,NA,NA,NA,NA,NA,NA,NA,NA,NA,NA,NA,NA,NA,NA,NA,NA,NA,NA,"CA","rex sole","rex_sole",NA,NA,"700","total_catch_wt_kg ~ 0 + factor(year) + pass","delta_gamma","TRUE","iid, iid","03_3","factor(year)2023","0.144409470214267","0.614503418461022","-1.05999509834608","1.34881403877461"
"527","527","527","527","527","527","527","527","527","527","527","527","527","527","527","527","527","527","527","527","527","527","527","527","527","527","527","527","527","527","527","527","527","527","527","527","527","527","527",NA,NA,NA,NA,NA,NA,NA,NA,NA,NA,NA,NA,NA,NA,NA,NA,NA,NA,NA,NA,NA,NA,NA,"CA","rex sole","rex_sole",NA,NA,"700","total_catch_wt_kg ~ 0 + factor(year) + pass","delta_gamma","TRUE","iid, iid","03_3","factor(year)2024","-0.183516897169648","0.603845590211626","-1.36703250620777","0.99999871186847"
"528","528","528","528","528","528","528","528","528","528","528","528","528","528","528","528","528","528","528","528","528","528","528","528","528","528","528","528","528","528","528","528","528","528","528","528","528","528","528",NA,NA,NA,NA,NA,NA,NA,NA,NA,NA,NA,NA,NA,NA,NA,NA,NA,NA,NA,NA,NA,NA,NA,"CA","rex sole","rex_sole",NA,NA,"700","total_catch_wt_kg ~ 0 + factor(year) + pass","delta_gamma","TRUE","iid, iid","03_3","pass","-0.100753592215616","0.122253576711325","-0.340366199551018","0.138859015119786"
"529","529","529","529","529","529","529","529","529","529","529","529","529","529","529","529","529","529","529","529","529","529","529","529","529","529","529","529","529","529","529","529","529","529","529","529","529","529",NA,NA,NA,NA,NA,NA,NA,NA,NA,NA,NA,NA,NA,NA,NA,NA,NA,NA,NA,NA,NA,NA,NA,NA,"CA","rex sole","rex_sole",NA,NA,"700","total_catch_wt_kg ~ 0 + factor(year) + pass","delta_gamma","TRUE","iid, iid","03_4","factor(year)2003","1.54233630754943","0.639560652975309","0.28882046178891","2.79585215330996"
"530","530","530","530","530","530","530","530","530","530","530","530","530","530","530","530","530","530","530","530","530","530","530","530","530","530","530","530","530","530","530","530","530","530","530","530","530","530",NA,NA,NA,NA,NA,NA,NA,NA,NA,NA,NA,NA,NA,NA,NA,NA,NA,NA,NA,NA,NA,NA,NA,NA,"CA","rex sole","rex_sole",NA,NA,"700","total_catch_wt_kg ~ 0 + factor(year) + pass","delta_gamma","TRUE","iid, iid","03_4","factor(year)2004","1.6182174038865","0.660574789374172","0.32351460761799","2.91292020015501"
"531","531","531","531","531","531","531","531","531","531","531","531","531","531","531","531","531","531","531","531","531","531","531","531","531","531","531","531","531","531","531","531","531","531","531","531","531","531",NA,NA,NA,NA,NA,NA,NA,NA,NA,NA,NA,NA,NA,NA,NA,NA,NA,NA,NA,NA,NA,NA,NA,NA,"CA","rex sole","rex_sole",NA,NA,"700","total_catch_wt_kg ~ 0 + factor(year) + pass","delta_gamma","TRUE","iid, iid","03_4","factor(year)2005","1.34007138426893","0.628328548211574","0.108570059315907","2.57157270922195"
"532","532","532","532","532","532","532","532","532","532","532","532","532","532","532","532","532","532","532","532","532","532","532","532","532","532","532","532","532","532","532","532","532","532","532","532","532","532",NA,NA,NA,NA,NA,NA,NA,NA,NA,NA,NA,NA,NA,NA,NA,NA,NA,NA,NA,NA,NA,NA,NA,NA,"CA","rex sole","rex_sole",NA,NA,"700","total_catch_wt_kg ~ 0 + factor(year) + pass","delta_gamma","TRUE","iid, iid","03_4","factor(year)2006","1.02570586163855","0.617789423196867","-0.185139157857084","2.23655088113418"
"533","533","533","533","533","533","533","533","533","533","533","533","533","533","533","533","533","533","533","533","533","533","533","533","533","533","533","533","533","533","533","533","533","533","533","533","533","533",NA,NA,NA,NA,NA,NA,NA,NA,NA,NA,NA,NA,NA,NA,NA,NA,NA,NA,NA,NA,NA,NA,NA,NA,"CA","rex sole","rex_sole",NA,NA,"700","total_catch_wt_kg ~ 0 + factor(year) + pass","delta_gamma","TRUE","iid, iid","03_4","factor(year)2007","0.272258876203585","0.610173582825373","-0.923659370451914","1.46817712285908"
"534","534","534","534","534","534","534","534","534","534","534","534","534","534","534","534","534","534","534","534","534","534","534","534","534","534","534","534","534","534","534","534","534","534","534","534","534","534",NA,NA,NA,NA,NA,NA,NA,NA,NA,NA,NA,NA,NA,NA,NA,NA,NA,NA,NA,NA,NA,NA,NA,NA,"CA","rex sole","rex_sole",NA,NA,"700","total_catch_wt_kg ~ 0 + factor(year) + pass","delta_gamma","TRUE","iid, iid","03_4","factor(year)2008","0.197577616680585","0.612466017039142","-1.00283371847083","1.397988951832"
"535","535","535","535","535","535","535","535","535","535","535","535","535","535","535","535","535","535","535","535","535","535","535","535","535","535","535","535","535","535","535","535","535","535","535","535","535","535",NA,NA,NA,NA,NA,NA,NA,NA,NA,NA,NA,NA,NA,NA,NA,NA,NA,NA,NA,NA,NA,NA,NA,NA,"CA","rex sole","rex_sole",NA,NA,"700","total_catch_wt_kg ~ 0 + factor(year) + pass","delta_gamma","TRUE","iid, iid","03_4","factor(year)2009","0.474947192408506","0.610469436466068","-0.72155091672745","1.67144530154446"
"536","536","536","536","536","536","536","536","536","536","536","536","536","536","536","536","536","536","536","536","536","536","536","536","536","536","536","536","536","536","536","536","536","536","536","536","536","536",NA,NA,NA,NA,NA,NA,NA,NA,NA,NA,NA,NA,NA,NA,NA,NA,NA,NA,NA,NA,NA,NA,NA,NA,"CA","rex sole","rex_sole",NA,NA,"700","total_catch_wt_kg ~ 0 + factor(year) + pass","delta_gamma","TRUE","iid, iid","03_4","factor(year)2010","0.655150369041324","0.595368942491337","-0.511751315755394","1.82205205383804"
"537","537","537","537","537","537","537","537","537","537","537","537","537","537","537","537","537","537","537","537","537","537","537","537","537","537","537","537","537","537","537","537","537","537","537","537","537","537",NA,NA,NA,NA,NA,NA,NA,NA,NA,NA,NA,NA,NA,NA,NA,NA,NA,NA,NA,NA,NA,NA,NA,NA,"CA","rex sole","rex_sole",NA,NA,"700","total_catch_wt_kg ~ 0 + factor(year) + pass","delta_gamma","TRUE","iid, iid","03_4","factor(year)2011","0.866005076257673","0.614695520712015","-0.33877600579597","2.07078615831132"
"538","538","538","538","538","538","538","538","538","538","538","538","538","538","538","538","538","538","538","538","538","538","538","538","538","538","538","538","538","538","538","538","538","538","538","538","538","538",NA,NA,NA,NA,NA,NA,NA,NA,NA,NA,NA,NA,NA,NA,NA,NA,NA,NA,NA,NA,NA,NA,NA,NA,"CA","rex sole","rex_sole",NA,NA,"700","total_catch_wt_kg ~ 0 + factor(year) + pass","delta_gamma","TRUE","iid, iid","03_4","factor(year)2012","0.723686315591947","0.615436811347279","-0.482547669408892","1.92992030059279"
"539","539","539","539","539","539","539","539","539","539","539","539","539","539","539","539","539","539","539","539","539","539","539","539","539","539","539","539","539","539","539","539","539","539","539","539","539","539",NA,NA,NA,NA,NA,NA,NA,NA,NA,NA,NA,NA,NA,NA,NA,NA,NA,NA,NA,NA,NA,NA,NA,NA,"CA","rex sole","rex_sole",NA,NA,"700","total_catch_wt_kg ~ 0 + factor(year) + pass","delta_gamma","TRUE","iid, iid","03_4","factor(year)2013","0.928700398591758","0.645550865000952","-0.336556046998786","2.1939568441823"
"540","540","540","540","540","540","540","540","540","540","540","540","540","540","540","540","540","540","540","540","540","540","540","540","540","540","540","540","540","540","540","540","540","540","540","540","540","540",NA,NA,NA,NA,NA,NA,NA,NA,NA,NA,NA,NA,NA,NA,NA,NA,NA,NA,NA,NA,NA,NA,NA,NA,"CA","rex sole","rex_sole",NA,NA,"700","total_catch_wt_kg ~ 0 + factor(year) + pass","delta_gamma","TRUE","iid, iid","03_4","factor(year)2014","0.775805831122672","0.612445408235751","-0.424565111516331","1.97617677376167"
"541","541","541","541","541","541","541","541","541","541","541","541","541","541","541","541","541","541","541","541","541","541","541","541","541","541","541","541","541","541","541","541","541","541","541","541","541","541",NA,NA,NA,NA,NA,NA,NA,NA,NA,NA,NA,NA,NA,NA,NA,NA,NA,NA,NA,NA,NA,NA,NA,NA,"CA","rex sole","rex_sole",NA,NA,"700","total_catch_wt_kg ~ 0 + factor(year) + pass","delta_gamma","TRUE","iid, iid","03_4","factor(year)2015","1.29353060121873","0.618183751359162","0.0819127127269148","2.50514848971055"
"542","542","542","542","542","542","542","542","542","542","542","542","542","542","542","542","542","542","542","542","542","542","542","542","542","542","542","542","542","542","542","542","542","542","542","542","542","542",NA,NA,NA,NA,NA,NA,NA,NA,NA,NA,NA,NA,NA,NA,NA,NA,NA,NA,NA,NA,NA,NA,NA,NA,"CA","rex sole","rex_sole",NA,NA,"700","total_catch_wt_kg ~ 0 + factor(year) + pass","delta_gamma","TRUE","iid, iid","03_4","factor(year)2016","0.777636371726451","0.608389488580202","-0.414785114463487","1.97005785791639"
"543","543","543","543","543","543","543","543","543","543","543","543","543","543","543","543","543","543","543","543","543","543","543","543","543","543","543","543","543","543","543","543","543","543","543","543","543","543",NA,NA,NA,NA,NA,NA,NA,NA,NA,NA,NA,NA,NA,NA,NA,NA,NA,NA,NA,NA,NA,NA,NA,NA,"CA","rex sole","rex_sole",NA,NA,"700","total_catch_wt_kg ~ 0 + factor(year) + pass","delta_gamma","TRUE","iid, iid","03_4","factor(year)2017","0.617610325944634","0.616325388158143","-0.590365237602994","1.82558588949226"
"544","544","544","544","544","544","544","544","544","544","544","544","544","544","544","544","544","544","544","544","544","544","544","544","544","544","544","544","544","544","544","544","544","544","544","544","544","544",NA,NA,NA,NA,NA,NA,NA,NA,NA,NA,NA,NA,NA,NA,NA,NA,NA,NA,NA,NA,NA,NA,NA,NA,"CA","rex sole","rex_sole",NA,NA,"700","total_catch_wt_kg ~ 0 + factor(year) + pass","delta_gamma","TRUE","iid, iid","03_4","factor(year)2018","1.01639023115933","0.61065672382822","-0.180474954461201","2.21325541677987"
"545","545","545","545","545","545","545","545","545","545","545","545","545","545","545","545","545","545","545","545","545","545","545","545","545","545","545","545","545","545","545","545","545","545","545","545","545","545",NA,NA,NA,NA,NA,NA,NA,NA,NA,NA,NA,NA,NA,NA,NA,NA,NA,NA,NA,NA,NA,NA,NA,NA,"CA","rex sole","rex_sole",NA,NA,"700","total_catch_wt_kg ~ 0 + factor(year) + pass","delta_gamma","TRUE","iid, iid","03_4","factor(year)2019","0.134635368268751","0.667450996816612","-1.17354454693717","1.44281528347467"
"546","546","546","546","546","546","546","546","546","546","546","546","546","546","546","546","546","546","546","546","546","546","546","546","546","546","546","546","546","546","546","546","546","546","546","546","546","546",NA,NA,NA,NA,NA,NA,NA,NA,NA,NA,NA,NA,NA,NA,NA,NA,NA,NA,NA,NA,NA,NA,NA,NA,"CA","rex sole","rex_sole",NA,NA,"700","total_catch_wt_kg ~ 0 + factor(year) + pass","delta_gamma","TRUE","iid, iid","03_4","factor(year)2021","0.589840386119243","0.603038116339082","-0.592092603210233","1.77177337544872"
"547","547","547","547","547","547","547","547","547","547","547","547","547","547","547","547","547","547","547","547","547","547","547","547","547","547","547","547","547","547","547","547","547","547","547","547","547","547",NA,NA,NA,NA,NA,NA,NA,NA,NA,NA,NA,NA,NA,NA,NA,NA,NA,NA,NA,NA,NA,NA,NA,NA,"CA","rex sole","rex_sole",NA,NA,"700","total_catch_wt_kg ~ 0 + factor(year) + pass","delta_gamma","TRUE","iid, iid","03_4","factor(year)2022","0.568555005634758","0.614538057954606","-0.635917455085457","1.77302746635497"
"548","548","548","548","548","548","548","548","548","548","548","548","548","548","548","548","548","548","548","548","548","548","548","548","548","548","548","548","548","548","548","548","548","548","548","548","548","548",NA,NA,NA,NA,NA,NA,NA,NA,NA,NA,NA,NA,NA,NA,NA,NA,NA,NA,NA,NA,NA,NA,NA,NA,"CA","rex sole","rex_sole",NA,NA,"700","total_catch_wt_kg ~ 0 + factor(year) + pass","delta_gamma","TRUE","iid, iid","03_4","factor(year)2023","1.01548694773041","0.613300491125755","-0.186559926576801","2.21753382203761"
"549","549","549","549","549","549","549","549","549","549","549","549","549","549","549","549","549","549","549","549","549","549","549","549","549","549","549","549","549","549","549","549","549","549","549","549","549","549",NA,NA,NA,NA,NA,NA,NA,NA,NA,NA,NA,NA,NA,NA,NA,NA,NA,NA,NA,NA,NA,NA,NA,NA,"CA","rex sole","rex_sole",NA,NA,"700","total_catch_wt_kg ~ 0 + factor(year) + pass","delta_gamma","TRUE","iid, iid","03_4","factor(year)2024","0.195213080139608","0.604679742239486","-0.989937436830747","1.38036359710996"
"550","550","550","550","550","550","550","550","550","550","550","550","550","550","550","550","550","550","550","550","550","550","550","550","550","550","550","550","550","550","550","550","550","550","550","550","550","550",NA,NA,NA,NA,NA,NA,NA,NA,NA,NA,NA,NA,NA,NA,NA,NA,NA,NA,NA,NA,NA,NA,NA,NA,"CA","rex sole","rex_sole",NA,NA,"700","total_catch_wt_kg ~ 0 + factor(year) + pass","delta_gamma","TRUE","iid, iid","03_4","pass","-0.176334124489842","0.129950807036707","-0.431033026043701","0.0783647770640183"
"551","551","551","551","551","551","551","551","551","551","551","551","551","551","551","551","551","551","551","551","551","551","551","551","551","551","551","551","551","551","551","551","551","551","551","551","551",NA,NA,NA,NA,NA,NA,NA,NA,NA,NA,NA,NA,NA,NA,NA,NA,NA,NA,NA,NA,NA,NA,NA,NA,NA,"CA","rex sole","rex_sole",NA,NA,"700","total_catch_wt_kg ~ 0 + factor(year) + pass","delta_gamma","TRUE","iid, iid","03_5","factor(year)2003","0.627805449747732","0.863433519847773","-1.06449315219855","2.32010405169402"
"552","552","552","552","552","552","552","552","552","552","552","552","552","552","552","552","552","552","552","552","552","552","552","552","552","552","552","552","552","552","552","552","552","552","552","552","552",NA,NA,NA,NA,NA,NA,NA,NA,NA,NA,NA,NA,NA,NA,NA,NA,NA,NA,NA,NA,NA,NA,NA,NA,NA,"CA","rex sole","rex_sole",NA,NA,"700","total_catch_wt_kg ~ 0 + factor(year) + pass","delta_gamma","TRUE","iid, iid","03_5","factor(year)2004","0.111959587762796","0.866654943788761","-1.58665288908676","1.81057206461235"
"553","553","553","553","553","553","553","553","553","553","553","553","553","553","553","553","553","553","553","553","553","553","553","553","553","553","553","553","553","553","553","553","553","553","553","553","553",NA,NA,NA,NA,NA,NA,NA,NA,NA,NA,NA,NA,NA,NA,NA,NA,NA,NA,NA,NA,NA,NA,NA,NA,NA,"CA","rex sole","rex_sole",NA,NA,"700","total_catch_wt_kg ~ 0 + factor(year) + pass","delta_gamma","TRUE","iid, iid","03_5","factor(year)2005","0.136797413592399","0.826238276128715","-1.48259985026834","1.75619467745314"
"554","554","554","554","554","554","554","554","554","554","554","554","554","554","554","554","554","554","554","554","554","554","554","554","554","554","554","554","554","554","554","554","554","554","554","554","554",NA,NA,NA,NA,NA,NA,NA,NA,NA,NA,NA,NA,NA,NA,NA,NA,NA,NA,NA,NA,NA,NA,NA,NA,NA,"CA","rex sole","rex_sole",NA,NA,"700","total_catch_wt_kg ~ 0 + factor(year) + pass","delta_gamma","TRUE","iid, iid","03_5","factor(year)2006","0.0412034150199575","0.8292985557614","-1.58419188670347","1.66659871674338"
"555","555","555","555","555","555","555","555","555","555","555","555","555","555","555","555","555","555","555","555","555","555","555","555","555","555","555","555","555","555","555","555","555","555","555","555","555",NA,NA,NA,NA,NA,NA,NA,NA,NA,NA,NA,NA,NA,NA,NA,NA,NA,NA,NA,NA,NA,NA,NA,NA,NA,"CA","rex sole","rex_sole",NA,NA,"700","total_catch_wt_kg ~ 0 + factor(year) + pass","delta_gamma","TRUE","iid, iid","03_5","factor(year)2007","-0.351670485902091","0.820650154194266","-1.96011523203009","1.25677426022591"
"556","556","556","556","556","556","556","556","556","556","556","556","556","556","556","556","556","556","556","556","556","556","556","556","556","556","556","556","556","556","556","556","556","556","556","556","556",NA,NA,NA,NA,NA,NA,NA,NA,NA,NA,NA,NA,NA,NA,NA,NA,NA,NA,NA,NA,NA,NA,NA,NA,NA,"CA","rex sole","rex_sole",NA,NA,"700","total_catch_wt_kg ~ 0 + factor(year) + pass","delta_gamma","TRUE","iid, iid","03_5","factor(year)2008","-0.476571916425465","0.823467432568941","-2.09053842670226","1.13739459385133"
"557","557","557","557","557","557","557","557","557","557","557","557","557","557","557","557","557","557","557","557","557","557","557","557","557","557","557","557","557","557","557","557","557","557","557","557","557",NA,NA,NA,NA,NA,NA,NA,NA,NA,NA,NA,NA,NA,NA,NA,NA,NA,NA,NA,NA,NA,NA,NA,NA,NA,"CA","rex sole","rex_sole",NA,NA,"700","total_catch_wt_kg ~ 0 + factor(year) + pass","delta_gamma","TRUE","iid, iid","03_5","factor(year)2009","-0.637492409687682","0.821765245624856","-2.24812269485911","0.973137875483746"
"558","558","558","558","558","558","558","558","558","558","558","558","558","558","558","558","558","558","558","558","558","558","558","558","558","558","558","558","558","558","558","558","558","558","558","558","558",NA,NA,NA,NA,NA,NA,NA,NA,NA,NA,NA,NA,NA,NA,NA,NA,NA,NA,NA,NA,NA,NA,NA,NA,NA,"CA","rex sole","rex_sole",NA,NA,"700","total_catch_wt_kg ~ 0 + factor(year) + pass","delta_gamma","TRUE","iid, iid","03_5","factor(year)2010","-0.0613084239681235","0.821159027597844","-1.67075054363983","1.54813369570358"
"559","559","559","559","559","559","559","559","559","559","559","559","559","559","559","559","559","559","559","559","559","559","559","559","559","559","559","559","559","559","559","559","559","559","559","559","559",NA,NA,NA,NA,NA,NA,NA,NA,NA,NA,NA,NA,NA,NA,NA,NA,NA,NA,NA,NA,NA,NA,NA,NA,NA,"CA","rex sole","rex_sole",NA,NA,"700","total_catch_wt_kg ~ 0 + factor(year) + pass","delta_gamma","TRUE","iid, iid","03_5","factor(year)2011","-0.627764840374162","0.824008407604971","-2.24279164223811","0.987261961489783"
"560","560","560","560","560","560","560","560","560","560","560","560","560","560","560","560","560","560","560","560","560","560","560","560","560","560","560","560","560","560","560","560","560","560","560","560","560",NA,NA,NA,NA,NA,NA,NA,NA,NA,NA,NA,NA,NA,NA,NA,NA,NA,NA,NA,NA,NA,NA,NA,NA,NA,"CA","rex sole","rex_sole",NA,NA,"700","total_catch_wt_kg ~ 0 + factor(year) + pass","delta_gamma","TRUE","iid, iid","03_5","factor(year)2012","0.242284612290217","0.830222011190375","-1.38492062881533","1.86948985339576"
"561","561","561","561","561","561","561","561","561","561","561","561","561","561","561","561","561","561","561","561","561","561","561","561","561","561","561","561","561","561","561","561","561","561","561","561","561",NA,NA,NA,NA,NA,NA,NA,NA,NA,NA,NA,NA,NA,NA,NA,NA,NA,NA,NA,NA,NA,NA,NA,NA,NA,"CA","rex sole","rex_sole",NA,NA,"700","total_catch_wt_kg ~ 0 + factor(year) + pass","delta_gamma","TRUE","iid, iid","03_5","factor(year)2013","-0.246263392168401","0.825147242520991","-1.86352226945208","1.37099548511528"
"562","562","562","562","562","562","562","562","562","562","562","562","562","562","562","562","562","562","562","562","562","562","562","562","562","562","562","562","562","562","562","562","562","562","562","562","562",NA,NA,NA,NA,NA,NA,NA,NA,NA,NA,NA,NA,NA,NA,NA,NA,NA,NA,NA,NA,NA,NA,NA,NA,NA,"CA","rex sole","rex_sole",NA,NA,"700","total_catch_wt_kg ~ 0 + factor(year) + pass","delta_gamma","TRUE","iid, iid","03_5","factor(year)2014","-0.0288943690243749","0.824173997699453","-1.6442457215097","1.58645698346095"
"563","563","563","563","563","563","563","563","563","563","563","563","563","563","563","563","563","563","563","563","563","563","563","563","563","563","563","563","563","563","563","563","563","563","563","563","563",NA,NA,NA,NA,NA,NA,NA,NA,NA,NA,NA,NA,NA,NA,NA,NA,NA,NA,NA,NA,NA,NA,NA,NA,NA,"CA","rex sole","rex_sole",NA,NA,"700","total_catch_wt_kg ~ 0 + factor(year) + pass","delta_gamma","TRUE","iid, iid","03_5","factor(year)2015","0.143443893102311","0.835204180809197","-1.49352622102099","1.78041400722562"
"564","564","564","564","564","564","564","564","564","564","564","564","564","564","564","564","564","564","564","564","564","564","564","564","564","564","564","564","564","564","564","564","564","564","564","564","564",NA,NA,NA,NA,NA,NA,NA,NA,NA,NA,NA,NA,NA,NA,NA,NA,NA,NA,NA,NA,NA,NA,NA,NA,NA,"CA","rex sole","rex_sole",NA,NA,"700","total_catch_wt_kg ~ 0 + factor(year) + pass","delta_gamma","TRUE","iid, iid","03_5","factor(year)2016","-0.0386970950822877","0.830906034904007","-1.66724299803112","1.58984880786655"
"565","565","565","565","565","565","565","565","565","565","565","565","565","565","565","565","565","565","565","565","565","565","565","565","565","565","565","565","565","565","565","565","565","565","565","565","565",NA,NA,NA,NA,NA,NA,NA,NA,NA,NA,NA,NA,NA,NA,NA,NA,NA,NA,NA,NA,NA,NA,NA,NA,NA,"CA","rex sole","rex_sole",NA,NA,"700","total_catch_wt_kg ~ 0 + factor(year) + pass","delta_gamma","TRUE","iid, iid","03_5","factor(year)2017","-0.00676121570010646","0.837826059114806","-1.64887011687425","1.63534768547404"
"566","566","566","566","566","566","566","566","566","566","566","566","566","566","566","566","566","566","566","566","566","566","566","566","566","566","566","566","566","566","566","566","566","566","566","566","566",NA,NA,NA,NA,NA,NA,NA,NA,NA,NA,NA,NA,NA,NA,NA,NA,NA,NA,NA,NA,NA,NA,NA,NA,NA,"CA","rex sole","rex_sole",NA,NA,"700","total_catch_wt_kg ~ 0 + factor(year) + pass","delta_gamma","TRUE","iid, iid","03_5","factor(year)2018","0.0251136465815298","0.825039751262087","-1.59193455170605","1.64216184486911"
"567","567","567","567","567","567","567","567","567","567","567","567","567","567","567","567","567","567","567","567","567","567","567","567","567","567","567","567","567","567","567","567","567","567","567","567","567",NA,NA,NA,NA,NA,NA,NA,NA,NA,NA,NA,NA,NA,NA,NA,NA,NA,NA,NA,NA,NA,NA,NA,NA,NA,"CA","rex sole","rex_sole",NA,NA,"700","total_catch_wt_kg ~ 0 + factor(year) + pass","delta_gamma","TRUE","iid, iid","03_5","factor(year)2019","-0.716672847490597","0.865418458142706","-2.41286185700648","0.97951616202529"
"568","568","568","568","568","568","568","568","568","568","568","568","568","568","568","568","568","568","568","568","568","568","568","568","568","568","568","568","568","568","568","568","568","568","568","568","568",NA,NA,NA,NA,NA,NA,NA,NA,NA,NA,NA,NA,NA,NA,NA,NA,NA,NA,NA,NA,NA,NA,NA,NA,NA,"CA","rex sole","rex_sole",NA,NA,"700","total_catch_wt_kg ~ 0 + factor(year) + pass","delta_gamma","TRUE","iid, iid","03_5","factor(year)2021","0.043914062632203","0.826786582888652","-1.5765578627305","1.6643859879949"
"569","569","569","569","569","569","569","569","569","569","569","569","569","569","569","569","569","569","569","569","569","569","569","569","569","569","569","569","569","569","569","569","569","569","569","569","569",NA,NA,NA,NA,NA,NA,NA,NA,NA,NA,NA,NA,NA,NA,NA,NA,NA,NA,NA,NA,NA,NA,NA,NA,NA,"CA","rex sole","rex_sole",NA,NA,"700","total_catch_wt_kg ~ 0 + factor(year) + pass","delta_gamma","TRUE","iid, iid","03_5","factor(year)2022","-0.199349582577668","0.826784042668944","-1.81981652920123","1.42111736404589"
"570","570","570","570","570","570","570","570","570","570","570","570","570","570","570","570","570","570","570","570","570","570","570","570","570","570","570","570","570","570","570","570","570","570","570","570","570",NA,NA,NA,NA,NA,NA,NA,NA,NA,NA,NA,NA,NA,NA,NA,NA,NA,NA,NA,NA,NA,NA,NA,NA,NA,"CA","rex sole","rex_sole",NA,NA,"700","total_catch_wt_kg ~ 0 + factor(year) + pass","delta_gamma","TRUE","iid, iid","03_5","factor(year)2023","-0.150319382647957","0.83295166320794","-1.78287464339826","1.48223587810234"
"571","571","571","571","571","571","571","571","571","571","571","571","571","571","571","571","571","571","571","571","571","571","571","571","571","571","571","571","571","571","571","571","571","571","571","571","571",NA,NA,NA,NA,NA,NA,NA,NA,NA,NA,NA,NA,NA,NA,NA,NA,NA,NA,NA,NA,NA,NA,NA,NA,NA,"CA","rex sole","rex_sole",NA,NA,"700","total_catch_wt_kg ~ 0 + factor(year) + pass","delta_gamma","TRUE","iid, iid","03_5","factor(year)2024","-1.16658130077873","0.826562028945178","-2.78661310849963","0.453450506942174"
"572","572","572","572","572","572","572","572","572","572","572","572","572","572","572","572","572","572","572","572","572","572","572","572","572","572","572","572","572","572","572","572","572","572","572","572","572",NA,NA,NA,NA,NA,NA,NA,NA,NA,NA,NA,NA,NA,NA,NA,NA,NA,NA,NA,NA,NA,NA,NA,NA,NA,"CA","rex sole","rex_sole",NA,NA,"700","total_catch_wt_kg ~ 0 + factor(year) + pass","delta_gamma","TRUE","iid, iid","03_5","pass","0.108345222306696","0.123288015592333","-0.133294847979689","0.349985292593081"
"573","573","573","573","573","573","573","573","573","573","573","573","573","573","573","573","573","573","573","573","573","573","573","573","573","573","573","573","573","573","573","573","573","573","573","573",NA,NA,NA,NA,NA,NA,NA,NA,NA,NA,NA,NA,NA,NA,NA,NA,NA,NA,NA,NA,NA,NA,NA,NA,NA,NA,"CA","rex sole","rex_sole",NA,NA,"700","total_catch_wt_kg ~ 0 + factor(year) + pass","delta_gamma","TRUE","iid, iid","03_6","factor(year)2003","0.767751827532337","0.643011140724249","-0.492526849945207","2.02803050500988"
"574","574","574","574","574","574","574","574","574","574","574","574","574","574","574","574","574","574","574","574","574","574","574","574","574","574","574","574","574","574","574","574","574","574","574","574",NA,NA,NA,NA,NA,NA,NA,NA,NA,NA,NA,NA,NA,NA,NA,NA,NA,NA,NA,NA,NA,NA,NA,NA,NA,NA,"CA","rex sole","rex_sole",NA,NA,"700","total_catch_wt_kg ~ 0 + factor(year) + pass","delta_gamma","TRUE","iid, iid","03_6","factor(year)2004","0.926134191943149","0.67375706017746","-0.394405380334259","2.24667376422056"
"575","575","575","575","575","575","575","575","575","575","575","575","575","575","575","575","575","575","575","575","575","575","575","575","575","575","575","575","575","575","575","575","575","575","575","575",NA,NA,NA,NA,NA,NA,NA,NA,NA,NA,NA,NA,NA,NA,NA,NA,NA,NA,NA,NA,NA,NA,NA,NA,NA,NA,"CA","rex sole","rex_sole",NA,NA,"700","total_catch_wt_kg ~ 0 + factor(year) + pass","delta_gamma","TRUE","iid, iid","03_6","factor(year)2005","0.251296995849083","0.6234218626003","-0.970587402022383","1.47318139372055"
"576","576","576","576","576","576","576","576","576","576","576","576","576","576","576","576","576","576","576","576","576","576","576","576","576","576","576","576","576","576","576","576","576","576","576","576",NA,NA,NA,NA,NA,NA,NA,NA,NA,NA,NA,NA,NA,NA,NA,NA,NA,NA,NA,NA,NA,NA,NA,NA,NA,NA,"CA","rex sole","rex_sole",NA,NA,"700","total_catch_wt_kg ~ 0 + factor(year) + pass","delta_gamma","TRUE","iid, iid","03_6","factor(year)2006","0.521156701133462","0.628843099795144","-0.711353126391546","1.75366652865847"
"577","577","577","577","577","577","577","577","577","577","577","577","577","577","577","577","577","577","577","577","577","577","577","577","577","577","577","577","577","577","577","577","577","577","577","577",NA,NA,NA,NA,NA,NA,NA,NA,NA,NA,NA,NA,NA,NA,NA,NA,NA,NA,NA,NA,NA,NA,NA,NA,NA,NA,"CA","rex sole","rex_sole",NA,NA,"700","total_catch_wt_kg ~ 0 + factor(year) + pass","delta_gamma","TRUE","iid, iid","03_6","factor(year)2007","0.132199138146788","0.619543575049","-1.08208395580244","1.34648223209602"
"578","578","578","578","578","578","578","578","578","578","578","578","578","578","578","578","578","578","578","578","578","578","578","578","578","578","578","578","578","578","578","578","578","578","578","578",NA,NA,NA,NA,NA,NA,NA,NA,NA,NA,NA,NA,NA,NA,NA,NA,NA,NA,NA,NA,NA,NA,NA,NA,NA,NA,"CA","rex sole","rex_sole",NA,NA,"700","total_catch_wt_kg ~ 0 + factor(year) + pass","delta_gamma","TRUE","iid, iid","03_6","factor(year)2008","-0.0712862742359419","0.612829346427476","-1.27240972190302","1.12983717343113"
"579","579","579","579","579","579","579","579","579","579","579","579","579","579","579","579","579","579","579","579","579","579","579","579","579","579","579","579","579","579","579","579","579","579","579","579",NA,NA,NA,NA,NA,NA,NA,NA,NA,NA,NA,NA,NA,NA,NA,NA,NA,NA,NA,NA,NA,NA,NA,NA,NA,NA,"CA","rex sole","rex_sole",NA,NA,"700","total_catch_wt_kg ~ 0 + factor(year) + pass","delta_gamma","TRUE","iid, iid","03_6","factor(year)2009","-0.119154504437479","0.617853656166461","-1.33012541824013","1.09181640936518"
"580","580","580","580","580","580","580","580","580","580","580","580","580","580","580","580","580","580","580","580","580","580","580","580","580","580","580","580","580","580","580","580","580","580","580","580",NA,NA,NA,NA,NA,NA,NA,NA,NA,NA,NA,NA,NA,NA,NA,NA,NA,NA,NA,NA,NA,NA,NA,NA,NA,NA,"CA","rex sole","rex_sole",NA,NA,"700","total_catch_wt_kg ~ 0 + factor(year) + pass","delta_gamma","TRUE","iid, iid","03_6","factor(year)2010","0.425594099866108","0.620146764261119","-0.789871223214736","1.64105942294695"
"581","581","581","581","581","581","581","581","581","581","581","581","581","581","581","581","581","581","581","581","581","581","581","581","581","581","581","581","581","581","581","581","581","581","581","581",NA,NA,NA,NA,NA,NA,NA,NA,NA,NA,NA,NA,NA,NA,NA,NA,NA,NA,NA,NA,NA,NA,NA,NA,NA,NA,"CA","rex sole","rex_sole",NA,NA,"700","total_catch_wt_kg ~ 0 + factor(year) + pass","delta_gamma","TRUE","iid, iid","03_6","factor(year)2011","-0.394340133435074","0.613203112695695","-1.59619614952649","0.807515882656343"
"582","582","582","582","582","582","582","582","582","582","582","582","582","582","582","582","582","582","582","582","582","582","582","582","582","582","582","582","582","582","582","582","582","582","582","582",NA,NA,NA,NA,NA,NA,NA,NA,NA,NA,NA,NA,NA,NA,NA,NA,NA,NA,NA,NA,NA,NA,NA,NA,NA,NA,"CA","rex sole","rex_sole",NA,NA,"700","total_catch_wt_kg ~ 0 + factor(year) + pass","delta_gamma","TRUE","iid, iid","03_6","factor(year)2012","0.133477335619222","0.614591739347961","-1.07110033869861","1.33805500993705"
"583","583","583","583","583","583","583","583","583","583","583","583","583","583","583","583","583","583","583","583","583","583","583","583","583","583","583","583","583","583","583","583","583","583","583","583",NA,NA,NA,NA,NA,NA,NA,NA,NA,NA,NA,NA,NA,NA,NA,NA,NA,NA,NA,NA,NA,NA,NA,NA,NA,NA,"CA","rex sole","rex_sole",NA,NA,"700","total_catch_wt_kg ~ 0 + factor(year) + pass","delta_gamma","TRUE","iid, iid","03_6","factor(year)2013","0.186544013999314","0.650945546463026","-1.08928581296496","1.46237384096359"
"584","584","584","584","584","584","584","584","584","584","584","584","584","584","584","584","584","584","584","584","584","584","584","584","584","584","584","584","584","584","584","584","584","584","584","584",NA,NA,NA,NA,NA,NA,NA,NA,NA,NA,NA,NA,NA,NA,NA,NA,NA,NA,NA,NA,NA,NA,NA,NA,NA,NA,"CA","rex sole","rex_sole",NA,NA,"700","total_catch_wt_kg ~ 0 + factor(year) + pass","delta_gamma","TRUE","iid, iid","03_6","factor(year)2014","0.0182459268894414","0.617183193517013","-1.19141090426732","1.2279027580462"
"585","585","585","585","585","585","585","585","585","585","585","585","585","585","585","585","585","585","585","585","585","585","585","585","585","585","585","585","585","585","585","585","585","585","585","585",NA,NA,NA,NA,NA,NA,NA,NA,NA,NA,NA,NA,NA,NA,NA,NA,NA,NA,NA,NA,NA,NA,NA,NA,NA,NA,"CA","rex sole","rex_sole",NA,NA,"700","total_catch_wt_kg ~ 0 + factor(year) + pass","delta_gamma","TRUE","iid, iid","03_6","factor(year)2015","0.481837509298522","0.620848228735648","-0.735002658888833","1.69867767748588"
"586","586","586","586","586","586","586","586","586","586","586","586","586","586","586","586","586","586","586","586","586","586","586","586","586","586","586","586","586","586","586","586","586","586","586","586",NA,NA,NA,NA,NA,NA,NA,NA,NA,NA,NA,NA,NA,NA,NA,NA,NA,NA,NA,NA,NA,NA,NA,NA,NA,NA,"CA","rex sole","rex_sole",NA,NA,"700","total_catch_wt_kg ~ 0 + factor(year) + pass","delta_gamma","TRUE","iid, iid","03_6","factor(year)2016","0.501680650268496","0.628014749459043","-0.729205640431173","1.73256694096817"
"587","587","587","587","587","587","587","587","587","587","587","587","587","587","587","587","587","587","587","587","587","587","587","587","587","587","587","587","587","587","587","587","587","587","587","587",NA,NA,NA,NA,NA,NA,NA,NA,NA,NA,NA,NA,NA,NA,NA,NA,NA,NA,NA,NA,NA,NA,NA,NA,NA,NA,"CA","rex sole","rex_sole",NA,NA,"700","total_catch_wt_kg ~ 0 + factor(year) + pass","delta_gamma","TRUE","iid, iid","03_6","factor(year)2017","-0.0320130027272379","0.611753228020224","-1.231027297073","1.16700129161852"
"588","588","588","588","588","588","588","588","588","588","588","588","588","588","588","588","588","588","588","588","588","588","588","588","588","588","588","588","588","588","588","588","588","588","588","588",NA,NA,NA,NA,NA,NA,NA,NA,NA,NA,NA,NA,NA,NA,NA,NA,NA,NA,NA,NA,NA,NA,NA,NA,NA,NA,"CA","rex sole","rex_sole",NA,NA,"700","total_catch_wt_kg ~ 0 + factor(year) + pass","delta_gamma","TRUE","iid, iid","03_6","factor(year)2018","0.141408509679218","0.615180747009138","-1.06432359844114","1.34714061779957"
"589","589","589","589","589","589","589","589","589","589","589","589","589","589","589","589","589","589","589","589","589","589","589","589","589","589","589","589","589","589","589","589","589","589","589","589",NA,NA,NA,NA,NA,NA,NA,NA,NA,NA,NA,NA,NA,NA,NA,NA,NA,NA,NA,NA,NA,NA,NA,NA,NA,NA,"CA","rex sole","rex_sole",NA,NA,"700","total_catch_wt_kg ~ 0 + factor(year) + pass","delta_gamma","TRUE","iid, iid","03_6","factor(year)2019","-0.187927521965571","0.673315584695789","-1.50760181819884","1.1317467742677"
"590","590","590","590","590","590","590","590","590","590","590","590","590","590","590","590","590","590","590","590","590","590","590","590","590","590","590","590","590","590","590","590","590","590","590","590",NA,NA,NA,NA,NA,NA,NA,NA,NA,NA,NA,NA,NA,NA,NA,NA,NA,NA,NA,NA,NA,NA,NA,NA,NA,NA,"CA","rex sole","rex_sole",NA,NA,"700","total_catch_wt_kg ~ 0 + factor(year) + pass","delta_gamma","TRUE","iid, iid","03_6","factor(year)2021","0.443912060267793","0.624393802995211","-0.779877305772818","1.6677014263084"
"591","591","591","591","591","591","591","591","591","591","591","591","591","591","591","591","591","591","591","591","591","591","591","591","591","591","591","591","591","591","591","591","591","591","591","591",NA,NA,NA,NA,NA,NA,NA,NA,NA,NA,NA,NA,NA,NA,NA,NA,NA,NA,NA,NA,NA,NA,NA,NA,NA,NA,"CA","rex sole","rex_sole",NA,NA,"700","total_catch_wt_kg ~ 0 + factor(year) + pass","delta_gamma","TRUE","iid, iid","03_6","factor(year)2022","0.356795754510201","0.626008436284284","-0.870158234625233","1.58374974364564"
"592","592","592","592","592","592","592","592","592","592","592","592","592","592","592","592","592","592","592","592","592","592","592","592","592","592","592","592","592","592","592","592","592","592","592","592",NA,NA,NA,NA,NA,NA,NA,NA,NA,NA,NA,NA,NA,NA,NA,NA,NA,NA,NA,NA,NA,NA,NA,NA,NA,NA,"CA","rex sole","rex_sole",NA,NA,"700","total_catch_wt_kg ~ 0 + factor(year) + pass","delta_gamma","TRUE","iid, iid","03_6","factor(year)2023","0.0322375365051359","0.627396894908001","-1.19743778152681","1.26191285453708"
"593","593","593","593","593","593","593","593","593","593","593","593","593","593","593","593","593","593","593","593","593","593","593","593","593","593","593","593","593","593","593","593","593","593","593","593",NA,NA,NA,NA,NA,NA,NA,NA,NA,NA,NA,NA,NA,NA,NA,NA,NA,NA,NA,NA,NA,NA,NA,NA,NA,NA,"CA","rex sole","rex_sole",NA,NA,"700","total_catch_wt_kg ~ 0 + factor(year) + pass","delta_gamma","TRUE","iid, iid","03_6","factor(year)2024","-0.112519515839183","0.626143094644494","-1.33973743051085","1.11469839883248"
"594","594","594","594","594","594","594","594","594","594","594","594","594","594","594","594","594","594","594","594","594","594","594","594","594","594","594","594","594","594","594","594","594","594","594","594",NA,NA,NA,NA,NA,NA,NA,NA,NA,NA,NA,NA,NA,NA,NA,NA,NA,NA,NA,NA,NA,NA,NA,NA,NA,NA,"CA","rex sole","rex_sole",NA,NA,"700","total_catch_wt_kg ~ 0 + factor(year) + pass","delta_gamma","TRUE","iid, iid","03_6","pass","0.0443869005168175","0.122178703395779","-0.195078957816711","0.283852758850346"
"595","595","595","595","595","595","595","595","595","595","595","595","595","595","595","595","595","595","595","595","595","595","595","595","595","595","595","595","595","595","595","595","595","595","595",NA,NA,NA,NA,NA,NA,NA,NA,NA,NA,NA,NA,NA,NA,NA,NA,NA,NA,NA,NA,NA,NA,NA,NA,NA,NA,NA,"CA","rex sole","rex_sole",NA,NA,"700","total_catch_wt_kg ~ 0 + factor(year) + pass","delta_gamma","TRUE","iid, iid","03_7","factor(year)2003","0.714357736296377","0.755825056125968","-0.767032152323484","2.19574762491624"
"596","596","596","596","596","596","596","596","596","596","596","596","596","596","596","596","596","596","596","596","596","596","596","596","596","596","596","596","596","596","596","596","596","596","596",NA,NA,NA,NA,NA,NA,NA,NA,NA,NA,NA,NA,NA,NA,NA,NA,NA,NA,NA,NA,NA,NA,NA,NA,NA,NA,NA,"CA","rex sole","rex_sole",NA,NA,"700","total_catch_wt_kg ~ 0 + factor(year) + pass","delta_gamma","TRUE","iid, iid","03_7","factor(year)2004","1.03197672834227","0.772514212113869","-0.482123304946248","2.54607676163079"
"597","597","597","597","597","597","597","597","597","597","597","597","597","597","597","597","597","597","597","597","597","597","597","597","597","597","597","597","597","597","597","597","597","597","597",NA,NA,NA,NA,NA,NA,NA,NA,NA,NA,NA,NA,NA,NA,NA,NA,NA,NA,NA,NA,NA,NA,NA,NA,NA,NA,NA,"CA","rex sole","rex_sole",NA,NA,"700","total_catch_wt_kg ~ 0 + factor(year) + pass","delta_gamma","TRUE","iid, iid","03_7","factor(year)2005","0.948166645119027","0.743099174108698","-0.50828097307548","2.40461426331353"
"598","598","598","598","598","598","598","598","598","598","598","598","598","598","598","598","598","598","598","598","598","598","598","598","598","598","598","598","598","598","598","598","598","598","598",NA,NA,NA,NA,NA,NA,NA,NA,NA,NA,NA,NA,NA,NA,NA,NA,NA,NA,NA,NA,NA,NA,NA,NA,NA,NA,NA,"CA","rex sole","rex_sole",NA,NA,"700","total_catch_wt_kg ~ 0 + factor(year) + pass","delta_gamma","TRUE","iid, iid","03_7","factor(year)2006","0.387302020479961","0.732550629911176","-1.04847083099807","1.823074871958"
"599","599","599","599","599","599","599","599","599","599","599","599","599","599","599","599","599","599","599","599","599","599","599","599","599","599","599","599","599","599","599","599","599","599","599",NA,NA,NA,NA,NA,NA,NA,NA,NA,NA,NA,NA,NA,NA,NA,NA,NA,NA,NA,NA,NA,NA,NA,NA,NA,NA,NA,"CA","rex sole","rex_sole",NA,NA,"700","total_catch_wt_kg ~ 0 + factor(year) + pass","delta_gamma","TRUE","iid, iid","03_7","factor(year)2007","0.0479345813219143","0.724599554898931","-1.37225444949374","1.46812361213757"
"600","600","600","600","600","600","600","600","600","600","600","600","600","600","600","600","600","600","600","600","600","600","600","600","600","600","600","600","600","600","600","600","600","600","600",NA,NA,NA,NA,NA,NA,NA,NA,NA,NA,NA,NA,NA,NA,NA,NA,NA,NA,NA,NA,NA,NA,NA,NA,NA,NA,NA,"CA","rex sole","rex_sole",NA,NA,"700","total_catch_wt_kg ~ 0 + factor(year) + pass","delta_gamma","TRUE","iid, iid","03_7","factor(year)2008","0.0395986848683774","0.721269599688723","-1.37406375366514","1.4532611234019"
"601","601","601","601","601","601","601","601","601","601","601","601","601","601","601","601","601","601","601","601","601","601","601","601","601","601","601","601","601","601","601","601","601","601","601",NA,NA,NA,NA,NA,NA,NA,NA,NA,NA,NA,NA,NA,NA,NA,NA,NA,NA,NA,NA,NA,NA,NA,NA,NA,NA,NA,"CA","rex sole","rex_sole",NA,NA,"700","total_catch_wt_kg ~ 0 + factor(year) + pass","delta_gamma","TRUE","iid, iid","03_7","factor(year)2009","-0.174553928074276","0.712711166466838","-1.57144214572881","1.22233428958026"
"602","602","602","602","602","602","602","602","602","602","602","602","602","602","602","602","602","602","602","602","602","602","602","602","602","602","602","602","602","602","602","602","602","602","602",NA,NA,NA,NA,NA,NA,NA,NA,NA,NA,NA,NA,NA,NA,NA,NA,NA,NA,NA,NA,NA,NA,NA,NA,NA,NA,NA,"CA","rex sole","rex_sole",NA,NA,"700","total_catch_wt_kg ~ 0 + factor(year) + pass","delta_gamma","TRUE","iid, iid","03_7","factor(year)2010","0.208625617007744","0.72117869093603","-1.20485864364462","1.62210987766011"
"603","603","603","603","603","603","603","603","603","603","603","603","603","603","603","603","603","603","603","603","603","603","603","603","603","603","603","603","603","603","603","603","603","603","603",NA,NA,NA,NA,NA,NA,NA,NA,NA,NA,NA,NA,NA,NA,NA,NA,NA,NA,NA,NA,NA,NA,NA,NA,NA,NA,NA,"CA","rex sole","rex_sole",NA,NA,"700","total_catch_wt_kg ~ 0 + factor(year) + pass","delta_gamma","TRUE","iid, iid","03_7","factor(year)2011","0.181781187904071","0.72249242588838","-1.23427794594013","1.59784032174827"
"604","604","604","604","604","604","604","604","604","604","604","604","604","604","604","604","604","604","604","604","604","604","604","604","604","604","604","604","604","604","604","604","604","604","604",NA,NA,NA,NA,NA,NA,NA,NA,NA,NA,NA,NA,NA,NA,NA,NA,NA,NA,NA,NA,NA,NA,NA,NA,NA,NA,NA,"CA","rex sole","rex_sole",NA,NA,"700","total_catch_wt_kg ~ 0 + factor(year) + pass","delta_gamma","TRUE","iid, iid","03_7","factor(year)2012","0.734970025186514","0.727983332498924","-0.691851087856824","2.16179113822985"
"605","605","605","605","605","605","605","605","605","605","605","605","605","605","605","605","605","605","605","605","605","605","605","605","605","605","605","605","605","605","605","605","605","605","605",NA,NA,NA,NA,NA,NA,NA,NA,NA,NA,NA,NA,NA,NA,NA,NA,NA,NA,NA,NA,NA,NA,NA,NA,NA,NA,NA,"CA","rex sole","rex_sole",NA,NA,"700","total_catch_wt_kg ~ 0 + factor(year) + pass","delta_gamma","TRUE","iid, iid","03_7","factor(year)2013","0.329266954073818","0.745055883756969","-1.1310157445595","1.78954965270714"
"606","606","606","606","606","606","606","606","606","606","606","606","606","606","606","606","606","606","606","606","606","606","606","606","606","606","606","606","606","606","606","606","606","606","606",NA,NA,NA,NA,NA,NA,NA,NA,NA,NA,NA,NA,NA,NA,NA,NA,NA,NA,NA,NA,NA,NA,NA,NA,NA,NA,NA,"CA","rex sole","rex_sole",NA,NA,"700","total_catch_wt_kg ~ 0 + factor(year) + pass","delta_gamma","TRUE","iid, iid","03_7","factor(year)2014","0.450070596091052","0.719193461578031","-0.95952268651858","1.85966387870068"
"607","607","607","607","607","607","607","607","607","607","607","607","607","607","607","607","607","607","607","607","607","607","607","607","607","607","607","607","607","607","607","607","607","607","607",NA,NA,NA,NA,NA,NA,NA,NA,NA,NA,NA,NA,NA,NA,NA,NA,NA,NA,NA,NA,NA,NA,NA,NA,NA,NA,NA,"CA","rex sole","rex_sole",NA,NA,"700","total_catch_wt_kg ~ 0 + factor(year) + pass","delta_gamma","TRUE","iid, iid","03_7","factor(year)2015","0.595218529352449","0.726998821918177","-0.829672978410226","2.02011003711512"
"608","608","608","608","608","608","608","608","608","608","608","608","608","608","608","608","608","608","608","608","608","608","608","608","608","608","608","608","608","608","608","608","608","608","608",NA,NA,NA,NA,NA,NA,NA,NA,NA,NA,NA,NA,NA,NA,NA,NA,NA,NA,NA,NA,NA,NA,NA,NA,NA,NA,NA,"CA","rex sole","rex_sole",NA,NA,"700","total_catch_wt_kg ~ 0 + factor(year) + pass","delta_gamma","TRUE","iid, iid","03_7","factor(year)2016","-0.0856006559592114","0.727610623424891","-1.51169127264073","1.34048996072231"
"609","609","609","609","609","609","609","609","609","609","609","609","609","609","609","609","609","609","609","609","609","609","609","609","609","609","609","609","609","609","609","609","609","609","609",NA,NA,NA,NA,NA,NA,NA,NA,NA,NA,NA,NA,NA,NA,NA,NA,NA,NA,NA,NA,NA,NA,NA,NA,NA,NA,NA,"CA","rex sole","rex_sole",NA,NA,"700","total_catch_wt_kg ~ 0 + factor(year) + pass","delta_gamma","TRUE","iid, iid","03_7","factor(year)2017","-0.0723278235261065","0.721278228214713","-1.48600717365981","1.34135152660759"
"610","610","610","610","610","610","610","610","610","610","610","610","610","610","610","610","610","610","610","610","610","610","610","610","610","610","610","610","610","610","610","610","610","610","610",NA,NA,NA,NA,NA,NA,NA,NA,NA,NA,NA,NA,NA,NA,NA,NA,NA,NA,NA,NA,NA,NA,NA,NA,NA,NA,NA,"CA","rex sole","rex_sole",NA,NA,"700","total_catch_wt_kg ~ 0 + factor(year) + pass","delta_gamma","TRUE","iid, iid","03_7","factor(year)2018","0.729740079960595","0.731483306263067","-0.703940855607299","2.16342101552849"
"611","611","611","611","611","611","611","611","611","611","611","611","611","611","611","611","611","611","611","611","611","611","611","611","611","611","611","611","611","611","611","611","611","611","611",NA,NA,NA,NA,NA,NA,NA,NA,NA,NA,NA,NA,NA,NA,NA,NA,NA,NA,NA,NA,NA,NA,NA,NA,NA,NA,NA,"CA","rex sole","rex_sole",NA,NA,"700","total_catch_wt_kg ~ 0 + factor(year) + pass","delta_gamma","TRUE","iid, iid","03_7","factor(year)2019","0.315269267139182","0.804829293823856","-1.26216716245838","1.89270569673674"
"612","612","612","612","612","612","612","612","612","612","612","612","612","612","612","612","612","612","612","612","612","612","612","612","612","612","612","612","612","612","612","612","612","612","612",NA,NA,NA,NA,NA,NA,NA,NA,NA,NA,NA,NA,NA,NA,NA,NA,NA,NA,NA,NA,NA,NA,NA,NA,NA,NA,NA,"CA","rex sole","rex_sole",NA,NA,"700","total_catch_wt_kg ~ 0 + factor(year) + pass","delta_gamma","TRUE","iid, iid","03_7","factor(year)2021","0.121691606796211","0.71824066224836","-1.28603422344277","1.52941743703519"
"613","613","613","613","613","613","613","613","613","613","613","613","613","613","613","613","613","613","613","613","613","613","613","613","613","613","613","613","613","613","613","613","613","613","613",NA,NA,NA,NA,NA,NA,NA,NA,NA,NA,NA,NA,NA,NA,NA,NA,NA,NA,NA,NA,NA,NA,NA,NA,NA,NA,NA,"CA","rex sole","rex_sole",NA,NA,"700","total_catch_wt_kg ~ 0 + factor(year) + pass","delta_gamma","TRUE","iid, iid","03_7","factor(year)2022","0.154126221692939","0.724583622587258","-1.26603158236565","1.57428402575153"
"614","614","614","614","614","614","614","614","614","614","614","614","614","614","614","614","614","614","614","614","614","614","614","614","614","614","614","614","614","614","614","614","614","614","614",NA,NA,NA,NA,NA,NA,NA,NA,NA,NA,NA,NA,NA,NA,NA,NA,NA,NA,NA,NA,NA,NA,NA,NA,NA,NA,NA,"CA","rex sole","rex_sole",NA,NA,"700","total_catch_wt_kg ~ 0 + factor(year) + pass","delta_gamma","TRUE","iid, iid","03_7","factor(year)2023","0.286188613928741","0.725725838983572","-1.13620789312917","1.70858512098666"
"615","615","615","615","615","615","615","615","615","615","615","615","615","615","615","615","615","615","615","615","615","615","615","615","615","615","615","615","615","615","615","615","615","615","615",NA,NA,NA,NA,NA,NA,NA,NA,NA,NA,NA,NA,NA,NA,NA,NA,NA,NA,NA,NA,NA,NA,NA,NA,NA,NA,NA,"CA","rex sole","rex_sole",NA,NA,"700","total_catch_wt_kg ~ 0 + factor(year) + pass","delta_gamma","TRUE","iid, iid","03_7","factor(year)2024","0.178237042300589","0.728051047094568","-1.24871678891144","1.60519087351262"
"616","616","616","616","616","616","616","616","616","616","616","616","616","616","616","616","616","616","616","616","616","616","616","616","616","616","616","616","616","616","616","616","616","616","616",NA,NA,NA,NA,NA,NA,NA,NA,NA,NA,NA,NA,NA,NA,NA,NA,NA,NA,NA,NA,NA,NA,NA,NA,NA,NA,NA,"CA","rex sole","rex_sole",NA,NA,"700","total_catch_wt_kg ~ 0 + factor(year) + pass","delta_gamma","TRUE","iid, iid","03_7","pass","-0.125644169069078","0.12323852374489","-0.367187237116947","0.115898898978791"
"617","617","617","617","617","617","617","617","617","617","617","617","617","617","617","617","617","617","617","617","617","617","617","617","617","617","617","617","617","617","617","617","617","617",NA,NA,NA,NA,NA,NA,NA,NA,NA,NA,NA,NA,NA,NA,NA,NA,NA,NA,NA,NA,NA,NA,NA,NA,NA,NA,NA,NA,"CA","rex sole","rex_sole",NA,NA,"700","total_catch_wt_kg ~ 0 + factor(year) + pass","delta_gamma","TRUE","iid, iid","03_8","factor(year)2003","0.811799856190349","0.762956447940945","-0.683567303546512","2.30716701592721"
"618","618","618","618","618","618","618","618","618","618","618","618","618","618","618","618","618","618","618","618","618","618","618","618","618","618","618","618","618","618","618","618","618","618",NA,NA,NA,NA,NA,NA,NA,NA,NA,NA,NA,NA,NA,NA,NA,NA,NA,NA,NA,NA,NA,NA,NA,NA,NA,NA,NA,NA,"CA","rex sole","rex_sole",NA,NA,"700","total_catch_wt_kg ~ 0 + factor(year) + pass","delta_gamma","TRUE","iid, iid","03_8","factor(year)2004","0.490965181891287","0.771952071879416","-1.02203307678344","2.00396344056602"
"619","619","619","619","619","619","619","619","619","619","619","619","619","619","619","619","619","619","619","619","619","619","619","619","619","619","619","619","619","619","619","619","619","619",NA,NA,NA,NA,NA,NA,NA,NA,NA,NA,NA,NA,NA,NA,NA,NA,NA,NA,NA,NA,NA,NA,NA,NA,NA,NA,NA,NA,"CA","rex sole","rex_sole",NA,NA,"700","total_catch_wt_kg ~ 0 + factor(year) + pass","delta_gamma","TRUE","iid, iid","03_8","factor(year)2005","0.579358297797366","0.763786188120962","-0.917635122808854","2.07635171840359"
"620","620","620","620","620","620","620","620","620","620","620","620","620","620","620","620","620","620","620","620","620","620","620","620","620","620","620","620","620","620","620","620","620","620",NA,NA,NA,NA,NA,NA,NA,NA,NA,NA,NA,NA,NA,NA,NA,NA,NA,NA,NA,NA,NA,NA,NA,NA,NA,NA,NA,NA,"CA","rex sole","rex_sole",NA,NA,"700","total_catch_wt_kg ~ 0 + factor(year) + pass","delta_gamma","TRUE","iid, iid","03_8","factor(year)2006","0.478120519876919","0.749866528693033","-0.991590869573496","1.94783190932733"
"621","621","621","621","621","621","621","621","621","621","621","621","621","621","621","621","621","621","621","621","621","621","621","621","621","621","621","621","621","621","621","621","621","621",NA,NA,NA,NA,NA,NA,NA,NA,NA,NA,NA,NA,NA,NA,NA,NA,NA,NA,NA,NA,NA,NA,NA,NA,NA,NA,NA,NA,"CA","rex sole","rex_sole",NA,NA,"700","total_catch_wt_kg ~ 0 + factor(year) + pass","delta_gamma","TRUE","iid, iid","03_8","factor(year)2007","0.402287715567626","0.752182055914417","-1.07196202384192","1.87653745497718"
"622","622","622","622","622","622","622","622","622","622","622","622","622","622","622","622","622","622","622","622","622","622","622","622","622","622","622","622","622","622","622","622","622","622",NA,NA,NA,NA,NA,NA,NA,NA,NA,NA,NA,NA,NA,NA,NA,NA,NA,NA,NA,NA,NA,NA,NA,NA,NA,NA,NA,NA,"CA","rex sole","rex_sole",NA,NA,"700","total_catch_wt_kg ~ 0 + factor(year) + pass","delta_gamma","TRUE","iid, iid","03_8","factor(year)2008","-0.245675979197853","0.746139100806433","-1.70808174423556","1.21672978583986"
"623","623","623","623","623","623","623","623","623","623","623","623","623","623","623","623","623","623","623","623","623","623","623","623","623","623","623","623","623","623","623","623","623","623",NA,NA,NA,NA,NA,NA,NA,NA,NA,NA,NA,NA,NA,NA,NA,NA,NA,NA,NA,NA,NA,NA,NA,NA,NA,NA,NA,NA,"CA","rex sole","rex_sole",NA,NA,"700","total_catch_wt_kg ~ 0 + factor(year) + pass","delta_gamma","TRUE","iid, iid","03_8","factor(year)2009","-0.0988545810344578","0.746086440138467","-1.56115713305955","1.36344797099064"
"624","624","624","624","624","624","624","624","624","624","624","624","624","624","624","624","624","624","624","624","624","624","624","624","624","624","624","624","624","624","624","624","624","624",NA,NA,NA,NA,NA,NA,NA,NA,NA,NA,NA,NA,NA,NA,NA,NA,NA,NA,NA,NA,NA,NA,NA,NA,NA,NA,NA,NA,"CA","rex sole","rex_sole",NA,NA,"700","total_catch_wt_kg ~ 0 + factor(year) + pass","delta_gamma","TRUE","iid, iid","03_8","factor(year)2010","0.44747241564517","0.743150367037241","-1.00907553884554","1.90402037013588"
"625","625","625","625","625","625","625","625","625","625","625","625","625","625","625","625","625","625","625","625","625","625","625","625","625","625","625","625","625","625","625","625","625","625",NA,NA,NA,NA,NA,NA,NA,NA,NA,NA,NA,NA,NA,NA,NA,NA,NA,NA,NA,NA,NA,NA,NA,NA,NA,NA,NA,NA,"CA","rex sole","rex_sole",NA,NA,"700","total_catch_wt_kg ~ 0 + factor(year) + pass","delta_gamma","TRUE","iid, iid","03_8","factor(year)2011","0.447213966505035","0.754773633192137","-1.032115171032","1.92654310404207"
"626","626","626","626","626","626","626","626","626","626","626","626","626","626","626","626","626","626","626","626","626","626","626","626","626","626","626","626","626","626","626","626","626","626",NA,NA,NA,NA,NA,NA,NA,NA,NA,NA,NA,NA,NA,NA,NA,NA,NA,NA,NA,NA,NA,NA,NA,NA,NA,NA,NA,NA,"CA","rex sole","rex_sole",NA,NA,"700","total_catch_wt_kg ~ 0 + factor(year) + pass","delta_gamma","TRUE","iid, iid","03_8","factor(year)2012","0.450963625677054","0.753828223053994","-1.0265125420386","1.92843979339271"
"627","627","627","627","627","627","627","627","627","627","627","627","627","627","627","627","627","627","627","627","627","627","627","627","627","627","627","627","627","627","627","627","627","627",NA,NA,NA,NA,NA,NA,NA,NA,NA,NA,NA,NA,NA,NA,NA,NA,NA,NA,NA,NA,NA,NA,NA,NA,NA,NA,NA,NA,"CA","rex sole","rex_sole",NA,NA,"700","total_catch_wt_kg ~ 0 + factor(year) + pass","delta_gamma","TRUE","iid, iid","03_8","factor(year)2013","0.843126571033359","0.78168903429116","-0.688955783287209","2.37520892535393"
"628","628","628","628","628","628","628","628","628","628","628","628","628","628","628","628","628","628","628","628","628","628","628","628","628","628","628","628","628","628","628","628","628","628",NA,NA,NA,NA,NA,NA,NA,NA,NA,NA,NA,NA,NA,NA,NA,NA,NA,NA,NA,NA,NA,NA,NA,NA,NA,NA,NA,NA,"CA","rex sole","rex_sole",NA,NA,"700","total_catch_wt_kg ~ 0 + factor(year) + pass","delta_gamma","TRUE","iid, iid","03_8","factor(year)2014","0.434102082286729","0.747024609985247","-1.03003924884943","1.89824341342289"
"629","629","629","629","629","629","629","629","629","629","629","629","629","629","629","629","629","629","629","629","629","629","629","629","629","629","629","629","629","629","629","629","629","629",NA,NA,NA,NA,NA,NA,NA,NA,NA,NA,NA,NA,NA,NA,NA,NA,NA,NA,NA,NA,NA,NA,NA,NA,NA,NA,NA,NA,"CA","rex sole","rex_sole",NA,NA,"700","total_catch_wt_kg ~ 0 + factor(year) + pass","delta_gamma","TRUE","iid, iid","03_8","factor(year)2015","0.242960201366133","0.75195663748566","-1.2308477260416","1.71676812877387"
"630","630","630","630","630","630","630","630","630","630","630","630","630","630","630","630","630","630","630","630","630","630","630","630","630","630","630","630","630","630","630","630","630","630",NA,NA,NA,NA,NA,NA,NA,NA,NA,NA,NA,NA,NA,NA,NA,NA,NA,NA,NA,NA,NA,NA,NA,NA,NA,NA,NA,NA,"CA","rex sole","rex_sole",NA,NA,"700","total_catch_wt_kg ~ 0 + factor(year) + pass","delta_gamma","TRUE","iid, iid","03_8","factor(year)2016","0.409938325457287","0.749271713966066","-1.0586072485508","1.87848389946537"
"631","631","631","631","631","631","631","631","631","631","631","631","631","631","631","631","631","631","631","631","631","631","631","631","631","631","631","631","631","631","631","631","631","631",NA,NA,NA,NA,NA,NA,NA,NA,NA,NA,NA,NA,NA,NA,NA,NA,NA,NA,NA,NA,NA,NA,NA,NA,NA,NA,NA,NA,"CA","rex sole","rex_sole",NA,NA,"700","total_catch_wt_kg ~ 0 + factor(year) + pass","delta_gamma","TRUE","iid, iid","03_8","factor(year)2017","0.385143701604129","0.749523749034895","-1.0838958520617","1.85418325526996"
"632","632","632","632","632","632","632","632","632","632","632","632","632","632","632","632","632","632","632","632","632","632","632","632","632","632","632","632","632","632","632","632","632","632",NA,NA,NA,NA,NA,NA,NA,NA,NA,NA,NA,NA,NA,NA,NA,NA,NA,NA,NA,NA,NA,NA,NA,NA,NA,NA,NA,NA,"CA","rex sole","rex_sole",NA,NA,"700","total_catch_wt_kg ~ 0 + factor(year) + pass","delta_gamma","TRUE","iid, iid","03_8","factor(year)2018","0.541279435049436","0.748402962559752","-0.925563417490756","2.00812228758963"
"633","633","633","633","633","633","633","633","633","633","633","633","633","633","633","633","633","633","633","633","633","633","633","633","633","633","633","633","633","633","633","633","633","633",NA,NA,NA,NA,NA,NA,NA,NA,NA,NA,NA,NA,NA,NA,NA,NA,NA,NA,NA,NA,NA,NA,NA,NA,NA,NA,NA,NA,"CA","rex sole","rex_sole",NA,NA,"700","total_catch_wt_kg ~ 0 + factor(year) + pass","delta_gamma","TRUE","iid, iid","03_8","factor(year)2019","0.087828775689505","0.800990970237639","-1.48208467791806","1.65774222929707"
"634","634","634","634","634","634","634","634","634","634","634","634","634","634","634","634","634","634","634","634","634","634","634","634","634","634","634","634","634","634","634","634","634","634",NA,NA,NA,NA,NA,NA,NA,NA,NA,NA,NA,NA,NA,NA,NA,NA,NA,NA,NA,NA,NA,NA,NA,NA,NA,NA,NA,NA,"CA","rex sole","rex_sole",NA,NA,"700","total_catch_wt_kg ~ 0 + factor(year) + pass","delta_gamma","TRUE","iid, iid","03_8","factor(year)2021","0.286411330870451","0.745037454069946","-1.17383524624006","1.74665790798096"
"635","635","635","635","635","635","635","635","635","635","635","635","635","635","635","635","635","635","635","635","635","635","635","635","635","635","635","635","635","635","635","635","635","635",NA,NA,NA,NA,NA,NA,NA,NA,NA,NA,NA,NA,NA,NA,NA,NA,NA,NA,NA,NA,NA,NA,NA,NA,NA,NA,NA,NA,"CA","rex sole","rex_sole",NA,NA,"700","total_catch_wt_kg ~ 0 + factor(year) + pass","delta_gamma","TRUE","iid, iid","03_8","factor(year)2022","0.290233661315586","0.756076755844929","-1.19164954968836","1.77211687231953"
"636","636","636","636","636","636","636","636","636","636","636","636","636","636","636","636","636","636","636","636","636","636","636","636","636","636","636","636","636","636","636","636","636","636",NA,NA,NA,NA,NA,NA,NA,NA,NA,NA,NA,NA,NA,NA,NA,NA,NA,NA,NA,NA,NA,NA,NA,NA,NA,NA,NA,NA,"CA","rex sole","rex_sole",NA,NA,"700","total_catch_wt_kg ~ 0 + factor(year) + pass","delta_gamma","TRUE","iid, iid","03_8","factor(year)2023","0.74721705353957","0.754041634640177","-0.730677393198885","2.22511150027803"
"637","637","637","637","637","637","637","637","637","637","637","637","637","637","637","637","637","637","637","637","637","637","637","637","637","637","637","637","637","637","637","637","637","637",NA,NA,NA,NA,NA,NA,NA,NA,NA,NA,NA,NA,NA,NA,NA,NA,NA,NA,NA,NA,NA,NA,NA,NA,NA,NA,NA,NA,"CA","rex sole","rex_sole",NA,NA,"700","total_catch_wt_kg ~ 0 + factor(year) + pass","delta_gamma","TRUE","iid, iid","03_8","factor(year)2024","0.0970351787478689","0.756029870836087","-1.38475613932733","1.57882649682307"
"638","638","638","638","638","638","638","638","638","638","638","638","638","638","638","638","638","638","638","638","638","638","638","638","638","638","638","638","638","638","638","638","638","638",NA,NA,NA,NA,NA,NA,NA,NA,NA,NA,NA,NA,NA,NA,NA,NA,NA,NA,NA,NA,NA,NA,NA,NA,NA,NA,NA,NA,"CA","rex sole","rex_sole",NA,NA,"700","total_catch_wt_kg ~ 0 + factor(year) + pass","delta_gamma","TRUE","iid, iid","03_8","pass","-0.191109681359712","0.123763773355181","-0.433682219726645","0.0514628570072218"
"639","639","639","639","639","639","639","639","639","639","639","639","639","639","639","639","639","639","639","639","639","639","639","639","639","639","639","639","639","639","639","639","639",NA,NA,NA,NA,NA,NA,NA,NA,NA,NA,NA,NA,NA,NA,NA,NA,NA,NA,NA,NA,NA,NA,NA,NA,NA,NA,NA,NA,NA,"CA","rex sole","rex_sole",NA,NA,"700","total_catch_wt_kg ~ 0 + factor(year) + pass","delta_gamma","TRUE","iid, iid","03_9","factor(year)2003","0.423233842324884","0.826772625554416","-1.19721072716539","2.04367841181516"
"640","640","640","640","640","640","640","640","640","640","640","640","640","640","640","640","640","640","640","640","640","640","640","640","640","640","640","640","640","640","640","640","640",NA,NA,NA,NA,NA,NA,NA,NA,NA,NA,NA,NA,NA,NA,NA,NA,NA,NA,NA,NA,NA,NA,NA,NA,NA,NA,NA,NA,NA,"CA","rex sole","rex_sole",NA,NA,"700","total_catch_wt_kg ~ 0 + factor(year) + pass","delta_gamma","TRUE","iid, iid","03_9","factor(year)2004","-0.0172787762877301","0.846427038374708","-1.67624528704306","1.6416877344676"
"641","641","641","641","641","641","641","641","641","641","641","641","641","641","641","641","641","641","641","641","641","641","641","641","641","641","641","641","641","641","641","641","641",NA,NA,NA,NA,NA,NA,NA,NA,NA,NA,NA,NA,NA,NA,NA,NA,NA,NA,NA,NA,NA,NA,NA,NA,NA,NA,NA,NA,NA,"CA","rex sole","rex_sole",NA,NA,"700","total_catch_wt_kg ~ 0 + factor(year) + pass","delta_gamma","TRUE","iid, iid","03_9","factor(year)2005","0.420020205147917","0.820869526330521","-1.18885450246636","2.02889491276219"
"642","642","642","642","642","642","642","642","642","642","642","642","642","642","642","642","642","642","642","642","642","642","642","642","642","642","642","642","642","642","642","642","642",NA,NA,NA,NA,NA,NA,NA,NA,NA,NA,NA,NA,NA,NA,NA,NA,NA,NA,NA,NA,NA,NA,NA,NA,NA,NA,NA,NA,NA,"CA","rex sole","rex_sole",NA,NA,"700","total_catch_wt_kg ~ 0 + factor(year) + pass","delta_gamma","TRUE","iid, iid","03_9","factor(year)2006","0.139706593500139","0.818906507291129","-1.46532066749596","1.74473385449624"
"643","643","643","643","643","643","643","643","643","643","643","643","643","643","643","643","643","643","643","643","643","643","643","643","643","643","643","643","643","643","643","643","643",NA,NA,NA,NA,NA,NA,NA,NA,NA,NA,NA,NA,NA,NA,NA,NA,NA,NA,NA,NA,NA,NA,NA,NA,NA,NA,NA,NA,NA,"CA","rex sole","rex_sole",NA,NA,"700","total_catch_wt_kg ~ 0 + factor(year) + pass","delta_gamma","TRUE","iid, iid","03_9","factor(year)2007","-0.639410037158839","0.802384407019072","-2.21205457667275","0.933234502355069"
"644","644","644","644","644","644","644","644","644","644","644","644","644","644","644","644","644","644","644","644","644","644","644","644","644","644","644","644","644","644","644","644","644",NA,NA,NA,NA,NA,NA,NA,NA,NA,NA,NA,NA,NA,NA,NA,NA,NA,NA,NA,NA,NA,NA,NA,NA,NA,NA,NA,NA,NA,"CA","rex sole","rex_sole",NA,NA,"700","total_catch_wt_kg ~ 0 + factor(year) + pass","delta_gamma","TRUE","iid, iid","03_9","factor(year)2008","-0.905226147817791","0.804487419917654","-2.48199251687194","0.671540221236362"
"645","645","645","645","645","645","645","645","645","645","645","645","645","645","645","645","645","645","645","645","645","645","645","645","645","645","645","645","645","645","645","645","645",NA,NA,NA,NA,NA,NA,NA,NA,NA,NA,NA,NA,NA,NA,NA,NA,NA,NA,NA,NA,NA,NA,NA,NA,NA,NA,NA,NA,NA,"CA","rex sole","rex_sole",NA,NA,"700","total_catch_wt_kg ~ 0 + factor(year) + pass","delta_gamma","TRUE","iid, iid","03_9","factor(year)2009","-0.552162629103379","0.802325579956589","-2.1246918696935","1.02036661148675"
"646","646","646","646","646","646","646","646","646","646","646","646","646","646","646","646","646","646","646","646","646","646","646","646","646","646","646","646","646","646","646","646","646",NA,NA,NA,NA,NA,NA,NA,NA,NA,NA,NA,NA,NA,NA,NA,NA,NA,NA,NA,NA,NA,NA,NA,NA,NA,NA,NA,NA,NA,"CA","rex sole","rex_sole",NA,NA,"700","total_catch_wt_kg ~ 0 + factor(year) + pass","delta_gamma","TRUE","iid, iid","03_9","factor(year)2010","-0.484082155265482","0.799497360924835","-2.05106818841298","1.08290387788202"
"647","647","647","647","647","647","647","647","647","647","647","647","647","647","647","647","647","647","647","647","647","647","647","647","647","647","647","647","647","647","647","647","647",NA,NA,NA,NA,NA,NA,NA,NA,NA,NA,NA,NA,NA,NA,NA,NA,NA,NA,NA,NA,NA,NA,NA,NA,NA,NA,NA,NA,NA,"CA","rex sole","rex_sole",NA,NA,"700","total_catch_wt_kg ~ 0 + factor(year) + pass","delta_gamma","TRUE","iid, iid","03_9","factor(year)2011","-0.632667656723287","0.801106992244269","-2.20280850928526","0.937473195838689"
"648","648","648","648","648","648","648","648","648","648","648","648","648","648","648","648","648","648","648","648","648","648","648","648","648","648","648","648","648","648","648","648","648",NA,NA,NA,NA,NA,NA,NA,NA,NA,NA,NA,NA,NA,NA,NA,NA,NA,NA,NA,NA,NA,NA,NA,NA,NA,NA,NA,NA,NA,"CA","rex sole","rex_sole",NA,NA,"700","total_catch_wt_kg ~ 0 + factor(year) + pass","delta_gamma","TRUE","iid, iid","03_9","factor(year)2012","0.00553680457765162","0.806079113619138","-1.57434922680583","1.58542283596113"
"649","649","649","649","649","649","649","649","649","649","649","649","649","649","649","649","649","649","649","649","649","649","649","649","649","649","649","649","649","649","649","649","649",NA,NA,NA,NA,NA,NA,NA,NA,NA,NA,NA,NA,NA,NA,NA,NA,NA,NA,NA,NA,NA,NA,NA,NA,NA,NA,NA,NA,NA,"CA","rex sole","rex_sole",NA,NA,"700","total_catch_wt_kg ~ 0 + factor(year) + pass","delta_gamma","TRUE","iid, iid","03_9","factor(year)2013","-0.165692828485768","0.817625399106246","-1.7682091635792","1.43682350660766"
"650","650","650","650","650","650","650","650","650","650","650","650","650","650","650","650","650","650","650","650","650","650","650","650","650","650","650","650","650","650","650","650","650",NA,NA,NA,NA,NA,NA,NA,NA,NA,NA,NA,NA,NA,NA,NA,NA,NA,NA,NA,NA,NA,NA,NA,NA,NA,NA,NA,NA,NA,"CA","rex sole","rex_sole",NA,NA,"700","total_catch_wt_kg ~ 0 + factor(year) + pass","delta_gamma","TRUE","iid, iid","03_9","factor(year)2014","0.309740501485932","0.81662736705876","-1.29081972673901","1.91030072971087"
"651","651","651","651","651","651","651","651","651","651","651","651","651","651","651","651","651","651","651","651","651","651","651","651","651","651","651","651","651","651","651","651","651",NA,NA,NA,NA,NA,NA,NA,NA,NA,NA,NA,NA,NA,NA,NA,NA,NA,NA,NA,NA,NA,NA,NA,NA,NA,NA,NA,NA,NA,"CA","rex sole","rex_sole",NA,NA,"700","total_catch_wt_kg ~ 0 + factor(year) + pass","delta_gamma","TRUE","iid, iid","03_9","factor(year)2015","0.399949071772543","0.811963122481522","-1.19146940506593","1.99136754861101"
"652","652","652","652","652","652","652","652","652","652","652","652","652","652","652","652","652","652","652","652","652","652","652","652","652","652","652","652","652","652","652","652","652",NA,NA,NA,NA,NA,NA,NA,NA,NA,NA,NA,NA,NA,NA,NA,NA,NA,NA,NA,NA,NA,NA,NA,NA,NA,NA,NA,NA,NA,"CA","rex sole","rex_sole",NA,NA,"700","total_catch_wt_kg ~ 0 + factor(year) + pass","delta_gamma","TRUE","iid, iid","03_9","factor(year)2016","-0.390904042854227","0.811425486493457","-1.98126877251929","1.19946068681084"
"653","653","653","653","653","653","653","653","653","653","653","653","653","653","653","653","653","653","653","653","653","653","653","653","653","653","653","653","653","653","653","653","653",NA,NA,NA,NA,NA,NA,NA,NA,NA,NA,NA,NA,NA,NA,NA,NA,NA,NA,NA,NA,NA,NA,NA,NA,NA,NA,NA,NA,NA,"CA","rex sole","rex_sole",NA,NA,"700","total_catch_wt_kg ~ 0 + factor(year) + pass","delta_gamma","TRUE","iid, iid","03_9","factor(year)2017","-0.372438490069238","0.806393827265114","-1.95294134886427","1.2080643687258"
"654","654","654","654","654","654","654","654","654","654","654","654","654","654","654","654","654","654","654","654","654","654","654","654","654","654","654","654","654","654","654","654","654",NA,NA,NA,NA,NA,NA,NA,NA,NA,NA,NA,NA,NA,NA,NA,NA,NA,NA,NA,NA,NA,NA,NA,NA,NA,NA,NA,NA,NA,"CA","rex sole","rex_sole",NA,NA,"700","total_catch_wt_kg ~ 0 + factor(year) + pass","delta_gamma","TRUE","iid, iid","03_9","factor(year)2018","-0.431933081877708","0.801111670122821","-2.00208310291317","1.13821693915775"
"655","655","655","655","655","655","655","655","655","655","655","655","655","655","655","655","655","655","655","655","655","655","655","655","655","655","655","655","655","655","655","655","655",NA,NA,NA,NA,NA,NA,NA,NA,NA,NA,NA,NA,NA,NA,NA,NA,NA,NA,NA,NA,NA,NA,NA,NA,NA,NA,NA,NA,NA,"CA","rex sole","rex_sole",NA,NA,"700","total_catch_wt_kg ~ 0 + factor(year) + pass","delta_gamma","TRUE","iid, iid","03_9","factor(year)2019","-0.313254579390128","0.844892303907241","-1.96921306586339","1.34270390708313"
"656","656","656","656","656","656","656","656","656","656","656","656","656","656","656","656","656","656","656","656","656","656","656","656","656","656","656","656","656","656","656","656","656",NA,NA,NA,NA,NA,NA,NA,NA,NA,NA,NA,NA,NA,NA,NA,NA,NA,NA,NA,NA,NA,NA,NA,NA,NA,NA,NA,NA,NA,"CA","rex sole","rex_sole",NA,NA,"700","total_catch_wt_kg ~ 0 + factor(year) + pass","delta_gamma","TRUE","iid, iid","03_9","factor(year)2021","-0.431726164145015","0.80270487888502","-2.00499881697424","1.14154648868421"
"657","657","657","657","657","657","657","657","657","657","657","657","657","657","657","657","657","657","657","657","657","657","657","657","657","657","657","657","657","657","657","657","657",NA,NA,NA,NA,NA,NA,NA,NA,NA,NA,NA,NA,NA,NA,NA,NA,NA,NA,NA,NA,NA,NA,NA,NA,NA,NA,NA,NA,NA,"CA","rex sole","rex_sole",NA,NA,"700","total_catch_wt_kg ~ 0 + factor(year) + pass","delta_gamma","TRUE","iid, iid","03_9","factor(year)2022","-0.266912799272514","0.810565910605419","-1.85559279115505","1.32176719261002"
"658","658","658","658","658","658","658","658","658","658","658","658","658","658","658","658","658","658","658","658","658","658","658","658","658","658","658","658","658","658","658","658","658",NA,NA,NA,NA,NA,NA,NA,NA,NA,NA,NA,NA,NA,NA,NA,NA,NA,NA,NA,NA,NA,NA,NA,NA,NA,NA,NA,NA,NA,"CA","rex sole","rex_sole",NA,NA,"700","total_catch_wt_kg ~ 0 + factor(year) + pass","delta_gamma","TRUE","iid, iid","03_9","factor(year)2023","-0.0890566690216452","0.817553592741811","-1.69143226622692","1.51331892818363"
"659","659","659","659","659","659","659","659","659","659","659","659","659","659","659","659","659","659","659","659","659","659","659","659","659","659","659","659","659","659","659","659","659",NA,NA,NA,NA,NA,NA,NA,NA,NA,NA,NA,NA,NA,NA,NA,NA,NA,NA,NA,NA,NA,NA,NA,NA,NA,NA,NA,NA,NA,"CA","rex sole","rex_sole",NA,NA,"700","total_catch_wt_kg ~ 0 + factor(year) + pass","delta_gamma","TRUE","iid, iid","03_9","factor(year)2024","-0.696293137634674","0.815272090537691","-2.29419707268923","0.901610797419878"
"660","660","660","660","660","660","660","660","660","660","660","660","660","660","660","660","660","660","660","660","660","660","660","660","660","660","660","660","660","660","660","660","660",NA,NA,NA,NA,NA,NA,NA,NA,NA,NA,NA,NA,NA,NA,NA,NA,NA,NA,NA,NA,NA,NA,NA,NA,NA,NA,NA,NA,NA,"CA","rex sole","rex_sole",NA,NA,"700","total_catch_wt_kg ~ 0 + factor(year) + pass","delta_gamma","TRUE","iid, iid","03_9","pass","-0.100095084237672","0.123371112759305","-0.341898021978541","0.141707853503196"
"661","661","661","661","661","661","661","661","661","661","661","661","661","661","661","661","661","661","661","661","661","661","661","661","661","661","661","661","661","661","661","661",NA,NA,NA,NA,NA,NA,NA,NA,NA,NA,NA,NA,NA,NA,NA,NA,NA,NA,NA,NA,NA,NA,NA,NA,NA,NA,NA,NA,NA,NA,"CA","rex sole","rex_sole",NA,NA,"700","total_catch_wt_kg ~ 0 + factor(year) + pass","delta_gamma","TRUE","iid, iid","04_1","factor(year)2003","0.946340460079687","0.689137176720445","-0.404343586699998","2.29702450685937"
"662","662","662","662","662","662","662","662","662","662","662","662","662","662","662","662","662","662","662","662","662","662","662","662","662","662","662","662","662","662","662","662",NA,NA,NA,NA,NA,NA,NA,NA,NA,NA,NA,NA,NA,NA,NA,NA,NA,NA,NA,NA,NA,NA,NA,NA,NA,NA,NA,NA,NA,NA,"CA","rex sole","rex_sole",NA,NA,"700","total_catch_wt_kg ~ 0 + factor(year) + pass","delta_gamma","TRUE","iid, iid","04_1","factor(year)2004","0.574839933011984","0.703791109343075","-0.804565293939935","1.9542451599639"
"663","663","663","663","663","663","663","663","663","663","663","663","663","663","663","663","663","663","663","663","663","663","663","663","663","663","663","663","663","663","663","663",NA,NA,NA,NA,NA,NA,NA,NA,NA,NA,NA,NA,NA,NA,NA,NA,NA,NA,NA,NA,NA,NA,NA,NA,NA,NA,NA,NA,NA,NA,"CA","rex sole","rex_sole",NA,NA,"700","total_catch_wt_kg ~ 0 + factor(year) + pass","delta_gamma","TRUE","iid, iid","04_1","factor(year)2005","1.0779293820866","0.677169356015849","-0.249298167138647","2.40515693131184"
"664","664","664","664","664","664","664","664","664","664","664","664","664","664","664","664","664","664","664","664","664","664","664","664","664","664","664","664","664","664","664","664",NA,NA,NA,NA,NA,NA,NA,NA,NA,NA,NA,NA,NA,NA,NA,NA,NA,NA,NA,NA,NA,NA,NA,NA,NA,NA,NA,NA,NA,NA,"CA","rex sole","rex_sole",NA,NA,"700","total_catch_wt_kg ~ 0 + factor(year) + pass","delta_gamma","TRUE","iid, iid","04_1","factor(year)2006","0.9319687324774","0.674511296839115","-0.39004911649267","2.25398658144747"
"665","665","665","665","665","665","665","665","665","665","665","665","665","665","665","665","665","665","665","665","665","665","665","665","665","665","665","665","665","665","665","665",NA,NA,NA,NA,NA,NA,NA,NA,NA,NA,NA,NA,NA,NA,NA,NA,NA,NA,NA,NA,NA,NA,NA,NA,NA,NA,NA,NA,NA,NA,"CA","rex sole","rex_sole",NA,NA,"700","total_catch_wt_kg ~ 0 + factor(year) + pass","delta_gamma","TRUE","iid, iid","04_1","factor(year)2007","0.493582408918183","0.671094211910145","-0.821738076658991","1.80890289449536"
"666","666","666","666","666","666","666","666","666","666","666","666","666","666","666","666","666","666","666","666","666","666","666","666","666","666","666","666","666","666","666","666",NA,NA,NA,NA,NA,NA,NA,NA,NA,NA,NA,NA,NA,NA,NA,NA,NA,NA,NA,NA,NA,NA,NA,NA,NA,NA,NA,NA,NA,NA,"CA","rex sole","rex_sole",NA,NA,"700","total_catch_wt_kg ~ 0 + factor(year) + pass","delta_gamma","TRUE","iid, iid","04_1","factor(year)2008","-0.314217894758359","0.661823670736956","-1.61136845351889","0.982932664002169"
"667","667","667","667","667","667","667","667","667","667","667","667","667","667","667","667","667","667","667","667","667","667","667","667","667","667","667","667","667","667","667","667",NA,NA,NA,NA,NA,NA,NA,NA,NA,NA,NA,NA,NA,NA,NA,NA,NA,NA,NA,NA,NA,NA,NA,NA,NA,NA,NA,NA,NA,NA,"CA","rex sole","rex_sole",NA,NA,"700","total_catch_wt_kg ~ 0 + factor(year) + pass","delta_gamma","TRUE","iid, iid","04_1","factor(year)2009","0.0143611150221018","0.663534217221895","-1.28614205324279","1.31486428328699"
"668","668","668","668","668","668","668","668","668","668","668","668","668","668","668","668","668","668","668","668","668","668","668","668","668","668","668","668","668","668","668","668",NA,NA,NA,NA,NA,NA,NA,NA,NA,NA,NA,NA,NA,NA,NA,NA,NA,NA,NA,NA,NA,NA,NA,NA,NA,NA,NA,NA,NA,NA,"CA","rex sole","rex_sole",NA,NA,"700","total_catch_wt_kg ~ 0 + factor(year) + pass","delta_gamma","TRUE","iid, iid","04_1","factor(year)2010","0.385738894662228","0.660708613523025","-0.909226192118294","1.68070398144275"
"669","669","669","669","669","669","669","669","669","669","669","669","669","669","669","669","669","669","669","669","669","669","669","669","669","669","669","669","669","669","669","669",NA,NA,NA,NA,NA,NA,NA,NA,NA,NA,NA,NA,NA,NA,NA,NA,NA,NA,NA,NA,NA,NA,NA,NA,NA,NA,NA,NA,NA,NA,"CA","rex sole","rex_sole",NA,NA,"700","total_catch_wt_kg ~ 0 + factor(year) + pass","delta_gamma","TRUE","iid, iid","04_1","factor(year)2011","0.172856565555966","0.662643827119136","-1.12590147017533","1.47161460128726"
"670","670","670","670","670","670","670","670","670","670","670","670","670","670","670","670","670","670","670","670","670","670","670","670","670","670","670","670","670","670","670","670",NA,NA,NA,NA,NA,NA,NA,NA,NA,NA,NA,NA,NA,NA,NA,NA,NA,NA,NA,NA,NA,NA,NA,NA,NA,NA,NA,NA,NA,NA,"CA","rex sole","rex_sole",NA,NA,"700","total_catch_wt_kg ~ 0 + factor(year) + pass","delta_gamma","TRUE","iid, iid","04_1","factor(year)2012","0.267331999556605","0.66576499401307","-1.03754341087654","1.57220740998975"
"671","671","671","671","671","671","671","671","671","671","671","671","671","671","671","671","671","671","671","671","671","671","671","671","671","671","671","671","671","671","671","671",NA,NA,NA,NA,NA,NA,NA,NA,NA,NA,NA,NA,NA,NA,NA,NA,NA,NA,NA,NA,NA,NA,NA,NA,NA,NA,NA,NA,NA,NA,"CA","rex sole","rex_sole",NA,NA,"700","total_catch_wt_kg ~ 0 + factor(year) + pass","delta_gamma","TRUE","iid, iid","04_1","factor(year)2013","0.479182555101587","0.6898995641317","-0.872995743546426","1.8313608537496"
"672","672","672","672","672","672","672","672","672","672","672","672","672","672","672","672","672","672","672","672","672","672","672","672","672","672","672","672","672","672","672","672",NA,NA,NA,NA,NA,NA,NA,NA,NA,NA,NA,NA,NA,NA,NA,NA,NA,NA,NA,NA,NA,NA,NA,NA,NA,NA,NA,NA,NA,NA,"CA","rex sole","rex_sole",NA,NA,"700","total_catch_wt_kg ~ 0 + factor(year) + pass","delta_gamma","TRUE","iid, iid","04_1","factor(year)2014","0.351898374247806","0.663455854930758","-0.94845120674871","1.65224795524432"
"673","673","673","673","673","673","673","673","673","673","673","673","673","673","673","673","673","673","673","673","673","673","673","673","673","673","673","673","673","673","673","673",NA,NA,NA,NA,NA,NA,NA,NA,NA,NA,NA,NA,NA,NA,NA,NA,NA,NA,NA,NA,NA,NA,NA,NA,NA,NA,NA,NA,NA,NA,"CA","rex sole","rex_sole",NA,NA,"700","total_catch_wt_kg ~ 0 + factor(year) + pass","delta_gamma","TRUE","iid, iid","04_1","factor(year)2015","0.570601123709473","0.664293783237691","-0.731390766590257","1.8725930140092"
"674","674","674","674","674","674","674","674","674","674","674","674","674","674","674","674","674","674","674","674","674","674","674","674","674","674","674","674","674","674","674","674",NA,NA,NA,NA,NA,NA,NA,NA,NA,NA,NA,NA,NA,NA,NA,NA,NA,NA,NA,NA,NA,NA,NA,NA,NA,NA,NA,NA,NA,NA,"CA","rex sole","rex_sole",NA,NA,"700","total_catch_wt_kg ~ 0 + factor(year) + pass","delta_gamma","TRUE","iid, iid","04_1","factor(year)2016","0.390190182209472","0.66909751319913","-0.921216845806135","1.70159721022508"
"675","675","675","675","675","675","675","675","675","675","675","675","675","675","675","675","675","675","675","675","675","675","675","675","675","675","675","675","675","675","675","675",NA,NA,NA,NA,NA,NA,NA,NA,NA,NA,NA,NA,NA,NA,NA,NA,NA,NA,NA,NA,NA,NA,NA,NA,NA,NA,NA,NA,NA,NA,"CA","rex sole","rex_sole",NA,NA,"700","total_catch_wt_kg ~ 0 + factor(year) + pass","delta_gamma","TRUE","iid, iid","04_1","factor(year)2017","0.158882121218455","0.665824761955338","-1.14611043222896","1.46387467466587"
"676","676","676","676","676","676","676","676","676","676","676","676","676","676","676","676","676","676","676","676","676","676","676","676","676","676","676","676","676","676","676","676",NA,NA,NA,NA,NA,NA,NA,NA,NA,NA,NA,NA,NA,NA,NA,NA,NA,NA,NA,NA,NA,NA,NA,NA,NA,NA,NA,NA,NA,NA,"CA","rex sole","rex_sole",NA,NA,"700","total_catch_wt_kg ~ 0 + factor(year) + pass","delta_gamma","TRUE","iid, iid","04_1","factor(year)2018","0.487247142104745","0.661657284681457","-0.809577305979476","1.78407159018897"
"677","677","677","677","677","677","677","677","677","677","677","677","677","677","677","677","677","677","677","677","677","677","677","677","677","677","677","677","677","677","677","677",NA,NA,NA,NA,NA,NA,NA,NA,NA,NA,NA,NA,NA,NA,NA,NA,NA,NA,NA,NA,NA,NA,NA,NA,NA,NA,NA,NA,NA,NA,"CA","rex sole","rex_sole",NA,NA,"700","total_catch_wt_kg ~ 0 + factor(year) + pass","delta_gamma","TRUE","iid, iid","04_1","factor(year)2019","0.241105462494067","0.726862548261427","-1.18351895380934","1.66572987879747"
"678","678","678","678","678","678","678","678","678","678","678","678","678","678","678","678","678","678","678","678","678","678","678","678","678","678","678","678","678","678","678","678",NA,NA,NA,NA,NA,NA,NA,NA,NA,NA,NA,NA,NA,NA,NA,NA,NA,NA,NA,NA,NA,NA,NA,NA,NA,NA,NA,NA,NA,NA,"CA","rex sole","rex_sole",NA,NA,"700","total_catch_wt_kg ~ 0 + factor(year) + pass","delta_gamma","TRUE","iid, iid","04_1","factor(year)2021","0.170936234305017","0.665737135576939","-1.13388457459664","1.47575704320668"
"679","679","679","679","679","679","679","679","679","679","679","679","679","679","679","679","679","679","679","679","679","679","679","679","679","679","679","679","679","679","679","679",NA,NA,NA,NA,NA,NA,NA,NA,NA,NA,NA,NA,NA,NA,NA,NA,NA,NA,NA,NA,NA,NA,NA,NA,NA,NA,NA,NA,NA,NA,"CA","rex sole","rex_sole",NA,NA,"700","total_catch_wt_kg ~ 0 + factor(year) + pass","delta_gamma","TRUE","iid, iid","04_1","factor(year)2022","0.102940675803209","0.664368844446286","-1.19919833176201","1.40507968336842"
"680","680","680","680","680","680","680","680","680","680","680","680","680","680","680","680","680","680","680","680","680","680","680","680","680","680","680","680","680","680","680","680",NA,NA,NA,NA,NA,NA,NA,NA,NA,NA,NA,NA,NA,NA,NA,NA,NA,NA,NA,NA,NA,NA,NA,NA,NA,NA,NA,NA,NA,NA,"CA","rex sole","rex_sole",NA,NA,"700","total_catch_wt_kg ~ 0 + factor(year) + pass","delta_gamma","TRUE","iid, iid","04_1","factor(year)2023","0.098203192923718","0.67447013932048","-1.22373398879214","1.42014037463957"
"681","681","681","681","681","681","681","681","681","681","681","681","681","681","681","681","681","681","681","681","681","681","681","681","681","681","681","681","681","681","681","681",NA,NA,NA,NA,NA,NA,NA,NA,NA,NA,NA,NA,NA,NA,NA,NA,NA,NA,NA,NA,NA,NA,NA,NA,NA,NA,NA,NA,NA,NA,"CA","rex sole","rex_sole",NA,NA,"700","total_catch_wt_kg ~ 0 + factor(year) + pass","delta_gamma","TRUE","iid, iid","04_1","factor(year)2024","-0.197909739168916","0.664061857274244","-1.49944706293321","1.10362758459538"
"682","682","682","682","682","682","682","682","682","682","682","682","682","682","682","682","682","682","682","682","682","682","682","682","682","682","682","682","682","682","682","682",NA,NA,NA,NA,NA,NA,NA,NA,NA,NA,NA,NA,NA,NA,NA,NA,NA,NA,NA,NA,NA,NA,NA,NA,NA,NA,NA,NA,NA,NA,"CA","rex sole","rex_sole",NA,NA,"700","total_catch_wt_kg ~ 0 + factor(year) + pass","delta_gamma","TRUE","iid, iid","04_1","pass","-0.0403934433669463","0.113785444525489","-0.263408816601785","0.182621929867893"
"683","683","683","683","683","683","683","683","683","683","683","683","683","683","683","683","683","683","683","683","683","683","683","683","683","683","683","683","683","683","683",NA,NA,NA,NA,NA,NA,NA,NA,NA,NA,NA,NA,NA,NA,NA,NA,NA,NA,NA,NA,NA,NA,NA,NA,NA,NA,NA,NA,NA,NA,NA,"CA","rex sole","rex_sole",NA,NA,"700","total_catch_wt_kg ~ 0 + factor(year) + pass","delta_gamma","TRUE","iid, iid","04_10","factor(year)2003","0.511263531716069","0.699331866316287","-0.859401739505034","1.88192880293717"
"684","684","684","684","684","684","684","684","684","684","684","684","684","684","684","684","684","684","684","684","684","684","684","684","684","684","684","684","684","684","684",NA,NA,NA,NA,NA,NA,NA,NA,NA,NA,NA,NA,NA,NA,NA,NA,NA,NA,NA,NA,NA,NA,NA,NA,NA,NA,NA,NA,NA,NA,NA,"CA","rex sole","rex_sole",NA,NA,"700","total_catch_wt_kg ~ 0 + factor(year) + pass","delta_gamma","TRUE","iid, iid","04_10","factor(year)2004","0.476024293815215","0.710616146520103","-0.916757760196825","1.86880634782726"
"685","685","685","685","685","685","685","685","685","685","685","685","685","685","685","685","685","685","685","685","685","685","685","685","685","685","685","685","685","685","685",NA,NA,NA,NA,NA,NA,NA,NA,NA,NA,NA,NA,NA,NA,NA,NA,NA,NA,NA,NA,NA,NA,NA,NA,NA,NA,NA,NA,NA,NA,NA,"CA","rex sole","rex_sole",NA,NA,"700","total_catch_wt_kg ~ 0 + factor(year) + pass","delta_gamma","TRUE","iid, iid","04_10","factor(year)2005","0.34079880375052","0.687587730607288","-1.00684838445139","1.68844599195243"
"686","686","686","686","686","686","686","686","686","686","686","686","686","686","686","686","686","686","686","686","686","686","686","686","686","686","686","686","686","686","686",NA,NA,NA,NA,NA,NA,NA,NA,NA,NA,NA,NA,NA,NA,NA,NA,NA,NA,NA,NA,NA,NA,NA,NA,NA,NA,NA,NA,NA,NA,NA,"CA","rex sole","rex_sole",NA,NA,"700","total_catch_wt_kg ~ 0 + factor(year) + pass","delta_gamma","TRUE","iid, iid","04_10","factor(year)2006","0.577890579510551","0.687531127776245","-0.769645669181094","1.9254268282022"
"687","687","687","687","687","687","687","687","687","687","687","687","687","687","687","687","687","687","687","687","687","687","687","687","687","687","687","687","687","687","687",NA,NA,NA,NA,NA,NA,NA,NA,NA,NA,NA,NA,NA,NA,NA,NA,NA,NA,NA,NA,NA,NA,NA,NA,NA,NA,NA,NA,NA,NA,NA,"CA","rex sole","rex_sole",NA,NA,"700","total_catch_wt_kg ~ 0 + factor(year) + pass","delta_gamma","TRUE","iid, iid","04_10","factor(year)2007","0.235541123543908","0.677075281367923","-1.09150204275954","1.56258428984736"
"688","688","688","688","688","688","688","688","688","688","688","688","688","688","688","688","688","688","688","688","688","688","688","688","688","688","688","688","688","688","688",NA,NA,NA,NA,NA,NA,NA,NA,NA,NA,NA,NA,NA,NA,NA,NA,NA,NA,NA,NA,NA,NA,NA,NA,NA,NA,NA,NA,NA,NA,NA,"CA","rex sole","rex_sole",NA,NA,"700","total_catch_wt_kg ~ 0 + factor(year) + pass","delta_gamma","TRUE","iid, iid","04_10","factor(year)2008","-0.0815251115496049","0.670115647390932","-1.39492764591257","1.23187742281336"
"689","689","689","689","689","689","689","689","689","689","689","689","689","689","689","689","689","689","689","689","689","689","689","689","689","689","689","689","689","689","689",NA,NA,NA,NA,NA,NA,NA,NA,NA,NA,NA,NA,NA,NA,NA,NA,NA,NA,NA,NA,NA,NA,NA,NA,NA,NA,NA,NA,NA,NA,NA,"CA","rex sole","rex_sole",NA,NA,"700","total_catch_wt_kg ~ 0 + factor(year) + pass","delta_gamma","TRUE","iid, iid","04_10","factor(year)2009","-0.150632853002026","0.67745358259612","-1.47841747608805","1.177151770084"
"690","690","690","690","690","690","690","690","690","690","690","690","690","690","690","690","690","690","690","690","690","690","690","690","690","690","690","690","690","690","690",NA,NA,NA,NA,NA,NA,NA,NA,NA,NA,NA,NA,NA,NA,NA,NA,NA,NA,NA,NA,NA,NA,NA,NA,NA,NA,NA,NA,NA,NA,NA,"CA","rex sole","rex_sole",NA,NA,"700","total_catch_wt_kg ~ 0 + factor(year) + pass","delta_gamma","TRUE","iid, iid","04_10","factor(year)2010","0.101847173948438","0.666594036242974","-1.20465312939698","1.40834747729385"
"691","691","691","691","691","691","691","691","691","691","691","691","691","691","691","691","691","691","691","691","691","691","691","691","691","691","691","691","691","691","691",NA,NA,NA,NA,NA,NA,NA,NA,NA,NA,NA,NA,NA,NA,NA,NA,NA,NA,NA,NA,NA,NA,NA,NA,NA,NA,NA,NA,NA,NA,NA,"CA","rex sole","rex_sole",NA,NA,"700","total_catch_wt_kg ~ 0 + factor(year) + pass","delta_gamma","TRUE","iid, iid","04_10","factor(year)2011","0.0452445553691086","0.676536084340319","-1.28074180417967","1.37123091491788"
"692","692","692","692","692","692","692","692","692","692","692","692","692","692","692","692","692","692","692","692","692","692","692","692","692","692","692","692","692","692","692",NA,NA,NA,NA,NA,NA,NA,NA,NA,NA,NA,NA,NA,NA,NA,NA,NA,NA,NA,NA,NA,NA,NA,NA,NA,NA,NA,NA,NA,NA,NA,"CA","rex sole","rex_sole",NA,NA,"700","total_catch_wt_kg ~ 0 + factor(year) + pass","delta_gamma","TRUE","iid, iid","04_10","factor(year)2012","0.198497686159933","0.676455267925783","-1.12733027612699","1.52432564844686"
"693","693","693","693","693","693","693","693","693","693","693","693","693","693","693","693","693","693","693","693","693","693","693","693","693","693","693","693","693","693","693",NA,NA,NA,NA,NA,NA,NA,NA,NA,NA,NA,NA,NA,NA,NA,NA,NA,NA,NA,NA,NA,NA,NA,NA,NA,NA,NA,NA,NA,NA,NA,"CA","rex sole","rex_sole",NA,NA,"700","total_catch_wt_kg ~ 0 + factor(year) + pass","delta_gamma","TRUE","iid, iid","04_10","factor(year)2013","0.604794017922566","0.695558737946751","-0.758476057585198","1.96806409343033"
"694","694","694","694","694","694","694","694","694","694","694","694","694","694","694","694","694","694","694","694","694","694","694","694","694","694","694","694","694","694","694",NA,NA,NA,NA,NA,NA,NA,NA,NA,NA,NA,NA,NA,NA,NA,NA,NA,NA,NA,NA,NA,NA,NA,NA,NA,NA,NA,NA,NA,NA,NA,"CA","rex sole","rex_sole",NA,NA,"700","total_catch_wt_kg ~ 0 + factor(year) + pass","delta_gamma","TRUE","iid, iid","04_10","factor(year)2014","0.62978778026671","0.685676870168682","-0.714114190296053","1.97368975082947"
"695","695","695","695","695","695","695","695","695","695","695","695","695","695","695","695","695","695","695","695","695","695","695","695","695","695","695","695","695","695","695",NA,NA,NA,NA,NA,NA,NA,NA,NA,NA,NA,NA,NA,NA,NA,NA,NA,NA,NA,NA,NA,NA,NA,NA,NA,NA,NA,NA,NA,NA,NA,"CA","rex sole","rex_sole",NA,NA,"700","total_catch_wt_kg ~ 0 + factor(year) + pass","delta_gamma","TRUE","iid, iid","04_10","factor(year)2015","0.428533982011888","0.682142277551238","-0.908440314320663","1.76550827834444"
"696","696","696","696","696","696","696","696","696","696","696","696","696","696","696","696","696","696","696","696","696","696","696","696","696","696","696","696","696","696","696",NA,NA,NA,NA,NA,NA,NA,NA,NA,NA,NA,NA,NA,NA,NA,NA,NA,NA,NA,NA,NA,NA,NA,NA,NA,NA,NA,NA,NA,NA,NA,"CA","rex sole","rex_sole",NA,NA,"700","total_catch_wt_kg ~ 0 + factor(year) + pass","delta_gamma","TRUE","iid, iid","04_10","factor(year)2016","0.326014367919517","0.681914076578241","-1.01051266272472","1.66254139856376"
"697","697","697","697","697","697","697","697","697","697","697","697","697","697","697","697","697","697","697","697","697","697","697","697","697","697","697","697","697","697","697",NA,NA,NA,NA,NA,NA,NA,NA,NA,NA,NA,NA,NA,NA,NA,NA,NA,NA,NA,NA,NA,NA,NA,NA,NA,NA,NA,NA,NA,NA,NA,"CA","rex sole","rex_sole",NA,NA,"700","total_catch_wt_kg ~ 0 + factor(year) + pass","delta_gamma","TRUE","iid, iid","04_10","factor(year)2017","0.240904062872888","0.676592085937271","-1.08519205778899","1.56700018353477"
"698","698","698","698","698","698","698","698","698","698","698","698","698","698","698","698","698","698","698","698","698","698","698","698","698","698","698","698","698","698","698",NA,NA,NA,NA,NA,NA,NA,NA,NA,NA,NA,NA,NA,NA,NA,NA,NA,NA,NA,NA,NA,NA,NA,NA,NA,NA,NA,NA,NA,NA,NA,"CA","rex sole","rex_sole",NA,NA,"700","total_catch_wt_kg ~ 0 + factor(year) + pass","delta_gamma","TRUE","iid, iid","04_10","factor(year)2018","0.0315469320330076","0.672314722839689","-1.28616571100881","1.34925957507483"
"699","699","699","699","699","699","699","699","699","699","699","699","699","699","699","699","699","699","699","699","699","699","699","699","699","699","699","699","699","699","699",NA,NA,NA,NA,NA,NA,NA,NA,NA,NA,NA,NA,NA,NA,NA,NA,NA,NA,NA,NA,NA,NA,NA,NA,NA,NA,NA,NA,NA,NA,NA,"CA","rex sole","rex_sole",NA,NA,"700","total_catch_wt_kg ~ 0 + factor(year) + pass","delta_gamma","TRUE","iid, iid","04_10","factor(year)2019","-0.382093484642803","0.724421493160716","-1.80193352086453","1.03774655157893"
"700","700","700","700","700","700","700","700","700","700","700","700","700","700","700","700","700","700","700","700","700","700","700","700","700","700","700","700","700","700","700",NA,NA,NA,NA,NA,NA,NA,NA,NA,NA,NA,NA,NA,NA,NA,NA,NA,NA,NA,NA,NA,NA,NA,NA,NA,NA,NA,NA,NA,NA,NA,"CA","rex sole","rex_sole",NA,NA,"700","total_catch_wt_kg ~ 0 + factor(year) + pass","delta_gamma","TRUE","iid, iid","04_10","factor(year)2021","0.475190943926761","0.683102771786568","-0.863665886514397","1.81404777436792"
"701","701","701","701","701","701","701","701","701","701","701","701","701","701","701","701","701","701","701","701","701","701","701","701","701","701","701","701","701","701","701",NA,NA,NA,NA,NA,NA,NA,NA,NA,NA,NA,NA,NA,NA,NA,NA,NA,NA,NA,NA,NA,NA,NA,NA,NA,NA,NA,NA,NA,NA,NA,"CA","rex sole","rex_sole",NA,NA,"700","total_catch_wt_kg ~ 0 + factor(year) + pass","delta_gamma","TRUE","iid, iid","04_10","factor(year)2022","0.113178223126318","0.677491697031268","-1.21468110287989","1.44103754913252"
"702","702","702","702","702","702","702","702","702","702","702","702","702","702","702","702","702","702","702","702","702","702","702","702","702","702","702","702","702","702","702",NA,NA,NA,NA,NA,NA,NA,NA,NA,NA,NA,NA,NA,NA,NA,NA,NA,NA,NA,NA,NA,NA,NA,NA,NA,NA,NA,NA,NA,NA,NA,"CA","rex sole","rex_sole",NA,NA,"700","total_catch_wt_kg ~ 0 + factor(year) + pass","delta_gamma","TRUE","iid, iid","04_10","factor(year)2023","0.21282904384977","0.683210788372982","-1.12623949521049","1.55189758291003"
"703","703","703","703","703","703","703","703","703","703","703","703","703","703","703","703","703","703","703","703","703","703","703","703","703","703","703","703","703","703","703",NA,NA,NA,NA,NA,NA,NA,NA,NA,NA,NA,NA,NA,NA,NA,NA,NA,NA,NA,NA,NA,NA,NA,NA,NA,NA,NA,NA,NA,NA,NA,"CA","rex sole","rex_sole",NA,NA,"700","total_catch_wt_kg ~ 0 + factor(year) + pass","delta_gamma","TRUE","iid, iid","04_10","factor(year)2024","-0.604450040355065","0.679139994676634","-1.93553997038199","0.72663988967186"
"704","704","704","704","704","704","704","704","704","704","704","704","704","704","704","704","704","704","704","704","704","704","704","704","704","704","704","704","704","704","704",NA,NA,NA,NA,NA,NA,NA,NA,NA,NA,NA,NA,NA,NA,NA,NA,NA,NA,NA,NA,NA,NA,NA,NA,NA,NA,NA,NA,NA,NA,NA,"CA","rex sole","rex_sole",NA,NA,"700","total_catch_wt_kg ~ 0 + factor(year) + pass","delta_gamma","TRUE","iid, iid","04_10","pass","-0.0841574123882114","0.106992402237718","-0.293858667393561","0.125543842617139"
"705","705","705","705","705","705","705","705","705","705","705","705","705","705","705","705","705","705","705","705","705","705","705","705","705","705","705","705","705","705",NA,NA,NA,NA,NA,NA,NA,NA,NA,NA,NA,NA,NA,NA,NA,NA,NA,NA,NA,NA,NA,NA,NA,NA,NA,NA,NA,NA,NA,NA,NA,NA,"CA","rex sole","rex_sole",NA,NA,"700","total_catch_wt_kg ~ 0 + factor(year) + pass","delta_gamma","TRUE","iid, iid","04_2","factor(year)2003","1.18015367710893","0.618333517615476","-0.0317577478513644","2.39206510206923"
"706","706","706","706","706","706","706","706","706","706","706","706","706","706","706","706","706","706","706","706","706","706","706","706","706","706","706","706","706","706",NA,NA,NA,NA,NA,NA,NA,NA,NA,NA,NA,NA,NA,NA,NA,NA,NA,NA,NA,NA,NA,NA,NA,NA,NA,NA,NA,NA,NA,NA,NA,NA,"CA","rex sole","rex_sole",NA,NA,"700","total_catch_wt_kg ~ 0 + factor(year) + pass","delta_gamma","TRUE","iid, iid","04_2","factor(year)2004","1.31277524722137","0.619226334572987","0.0991139331795701","2.52643656126318"
"707","707","707","707","707","707","707","707","707","707","707","707","707","707","707","707","707","707","707","707","707","707","707","707","707","707","707","707","707","707",NA,NA,NA,NA,NA,NA,NA,NA,NA,NA,NA,NA,NA,NA,NA,NA,NA,NA,NA,NA,NA,NA,NA,NA,NA,NA,NA,NA,NA,NA,NA,NA,"CA","rex sole","rex_sole",NA,NA,"700","total_catch_wt_kg ~ 0 + factor(year) + pass","delta_gamma","TRUE","iid, iid","04_2","factor(year)2005","0.791843686210196","0.595926728556299","-0.376151239184927","1.95983861160532"
"708","708","708","708","708","708","708","708","708","708","708","708","708","708","708","708","708","708","708","708","708","708","708","708","708","708","708","708","708","708",NA,NA,NA,NA,NA,NA,NA,NA,NA,NA,NA,NA,NA,NA,NA,NA,NA,NA,NA,NA,NA,NA,NA,NA,NA,NA,NA,NA,NA,NA,NA,NA,"CA","rex sole","rex_sole",NA,NA,"700","total_catch_wt_kg ~ 0 + factor(year) + pass","delta_gamma","TRUE","iid, iid","04_2","factor(year)2006","0.714854482518245","0.597067456656622","-0.455376228869665","1.88508519390615"
"709","709","709","709","709","709","709","709","709","709","709","709","709","709","709","709","709","709","709","709","709","709","709","709","709","709","709","709","709","709",NA,NA,NA,NA,NA,NA,NA,NA,NA,NA,NA,NA,NA,NA,NA,NA,NA,NA,NA,NA,NA,NA,NA,NA,NA,NA,NA,NA,NA,NA,NA,NA,"CA","rex sole","rex_sole",NA,NA,"700","total_catch_wt_kg ~ 0 + factor(year) + pass","delta_gamma","TRUE","iid, iid","04_2","factor(year)2007","0.282478546799677","0.589899859124169","-0.873703931568945","1.4386610251683"
"710","710","710","710","710","710","710","710","710","710","710","710","710","710","710","710","710","710","710","710","710","710","710","710","710","710","710","710","710","710",NA,NA,NA,NA,NA,NA,NA,NA,NA,NA,NA,NA,NA,NA,NA,NA,NA,NA,NA,NA,NA,NA,NA,NA,NA,NA,NA,NA,NA,NA,NA,NA,"CA","rex sole","rex_sole",NA,NA,"700","total_catch_wt_kg ~ 0 + factor(year) + pass","delta_gamma","TRUE","iid, iid","04_2","factor(year)2008","0.459682688904194","0.59080882478947","-0.698281329431603","1.61764670723999"
"711","711","711","711","711","711","711","711","711","711","711","711","711","711","711","711","711","711","711","711","711","711","711","711","711","711","711","711","711","711",NA,NA,NA,NA,NA,NA,NA,NA,NA,NA,NA,NA,NA,NA,NA,NA,NA,NA,NA,NA,NA,NA,NA,NA,NA,NA,NA,NA,NA,NA,NA,NA,"CA","rex sole","rex_sole",NA,NA,"700","total_catch_wt_kg ~ 0 + factor(year) + pass","delta_gamma","TRUE","iid, iid","04_2","factor(year)2009","0.0440277659013949","0.589243697535426","-1.11086865938525","1.19892419118804"
"712","712","712","712","712","712","712","712","712","712","712","712","712","712","712","712","712","712","712","712","712","712","712","712","712","712","712","712","712","712",NA,NA,NA,NA,NA,NA,NA,NA,NA,NA,NA,NA,NA,NA,NA,NA,NA,NA,NA,NA,NA,NA,NA,NA,NA,NA,NA,NA,NA,NA,NA,NA,"CA","rex sole","rex_sole",NA,NA,"700","total_catch_wt_kg ~ 0 + factor(year) + pass","delta_gamma","TRUE","iid, iid","04_2","factor(year)2010","0.724780747845642","0.591903254297849","-0.435328312910195","1.88488980860148"
"713","713","713","713","713","713","713","713","713","713","713","713","713","713","713","713","713","713","713","713","713","713","713","713","713","713","713","713","713","713",NA,NA,NA,NA,NA,NA,NA,NA,NA,NA,NA,NA,NA,NA,NA,NA,NA,NA,NA,NA,NA,NA,NA,NA,NA,NA,NA,NA,NA,NA,NA,NA,"CA","rex sole","rex_sole",NA,NA,"700","total_catch_wt_kg ~ 0 + factor(year) + pass","delta_gamma","TRUE","iid, iid","04_2","factor(year)2011","0.404547872722704","0.591465566400861","-0.754703335518567","1.56379908096398"
"714","714","714","714","714","714","714","714","714","714","714","714","714","714","714","714","714","714","714","714","714","714","714","714","714","714","714","714","714","714",NA,NA,NA,NA,NA,NA,NA,NA,NA,NA,NA,NA,NA,NA,NA,NA,NA,NA,NA,NA,NA,NA,NA,NA,NA,NA,NA,NA,NA,NA,NA,NA,"CA","rex sole","rex_sole",NA,NA,"700","total_catch_wt_kg ~ 0 + factor(year) + pass","delta_gamma","TRUE","iid, iid","04_2","factor(year)2012","0.762130932542768","0.591765025086651","-0.397707203937508","1.92196906902304"
"715","715","715","715","715","715","715","715","715","715","715","715","715","715","715","715","715","715","715","715","715","715","715","715","715","715","715","715","715","715",NA,NA,NA,NA,NA,NA,NA,NA,NA,NA,NA,NA,NA,NA,NA,NA,NA,NA,NA,NA,NA,NA,NA,NA,NA,NA,NA,NA,NA,NA,NA,NA,"CA","rex sole","rex_sole",NA,NA,"700","total_catch_wt_kg ~ 0 + factor(year) + pass","delta_gamma","TRUE","iid, iid","04_2","factor(year)2013","0.978035118770756","0.616354200067878","-0.229996915082278","2.18606715262379"
"716","716","716","716","716","716","716","716","716","716","716","716","716","716","716","716","716","716","716","716","716","716","716","716","716","716","716","716","716","716",NA,NA,NA,NA,NA,NA,NA,NA,NA,NA,NA,NA,NA,NA,NA,NA,NA,NA,NA,NA,NA,NA,NA,NA,NA,NA,NA,NA,NA,NA,NA,NA,"CA","rex sole","rex_sole",NA,NA,"700","total_catch_wt_kg ~ 0 + factor(year) + pass","delta_gamma","TRUE","iid, iid","04_2","factor(year)2014","0.640613197605536","0.593494951754933","-0.522615532840468","1.80384192805154"
"717","717","717","717","717","717","717","717","717","717","717","717","717","717","717","717","717","717","717","717","717","717","717","717","717","717","717","717","717","717",NA,NA,NA,NA,NA,NA,NA,NA,NA,NA,NA,NA,NA,NA,NA,NA,NA,NA,NA,NA,NA,NA,NA,NA,NA,NA,NA,NA,NA,NA,NA,NA,"CA","rex sole","rex_sole",NA,NA,"700","total_catch_wt_kg ~ 0 + factor(year) + pass","delta_gamma","TRUE","iid, iid","04_2","factor(year)2015","0.942844018450146","0.595021164212846","-0.223376033446126","2.10906407034642"
"718","718","718","718","718","718","718","718","718","718","718","718","718","718","718","718","718","718","718","718","718","718","718","718","718","718","718","718","718","718",NA,NA,NA,NA,NA,NA,NA,NA,NA,NA,NA,NA,NA,NA,NA,NA,NA,NA,NA,NA,NA,NA,NA,NA,NA,NA,NA,NA,NA,NA,NA,NA,"CA","rex sole","rex_sole",NA,NA,"700","total_catch_wt_kg ~ 0 + factor(year) + pass","delta_gamma","TRUE","iid, iid","04_2","factor(year)2016","0.506393105534144","0.59917639667953","-0.66797105234422","1.68075726341251"
"719","719","719","719","719","719","719","719","719","719","719","719","719","719","719","719","719","719","719","719","719","719","719","719","719","719","719","719","719","719",NA,NA,NA,NA,NA,NA,NA,NA,NA,NA,NA,NA,NA,NA,NA,NA,NA,NA,NA,NA,NA,NA,NA,NA,NA,NA,NA,NA,NA,NA,NA,NA,"CA","rex sole","rex_sole",NA,NA,"700","total_catch_wt_kg ~ 0 + factor(year) + pass","delta_gamma","TRUE","iid, iid","04_2","factor(year)2017","0.473812588606963","0.592483892809768","-0.687434502720271","1.6350596799342"
"720","720","720","720","720","720","720","720","720","720","720","720","720","720","720","720","720","720","720","720","720","720","720","720","720","720","720","720","720","720",NA,NA,NA,NA,NA,NA,NA,NA,NA,NA,NA,NA,NA,NA,NA,NA,NA,NA,NA,NA,NA,NA,NA,NA,NA,NA,NA,NA,NA,NA,NA,NA,"CA","rex sole","rex_sole",NA,NA,"700","total_catch_wt_kg ~ 0 + factor(year) + pass","delta_gamma","TRUE","iid, iid","04_2","factor(year)2018","0.45678832691313","0.5906347403489","-0.700834492188879","1.61441114601514"
"721","721","721","721","721","721","721","721","721","721","721","721","721","721","721","721","721","721","721","721","721","721","721","721","721","721","721","721","721","721",NA,NA,NA,NA,NA,NA,NA,NA,NA,NA,NA,NA,NA,NA,NA,NA,NA,NA,NA,NA,NA,NA,NA,NA,NA,NA,NA,NA,NA,NA,NA,NA,"CA","rex sole","rex_sole",NA,NA,"700","total_catch_wt_kg ~ 0 + factor(year) + pass","delta_gamma","TRUE","iid, iid","04_2","factor(year)2019","0.265056083752996","0.634906059123737","-0.979336925695786","1.50944909320178"
"722","722","722","722","722","722","722","722","722","722","722","722","722","722","722","722","722","722","722","722","722","722","722","722","722","722","722","722","722","722",NA,NA,NA,NA,NA,NA,NA,NA,NA,NA,NA,NA,NA,NA,NA,NA,NA,NA,NA,NA,NA,NA,NA,NA,NA,NA,NA,NA,NA,NA,NA,NA,"CA","rex sole","rex_sole",NA,NA,"700","total_catch_wt_kg ~ 0 + factor(year) + pass","delta_gamma","TRUE","iid, iid","04_2","factor(year)2021","0.321135569268317","0.591998597944991","-0.839160361602073","1.48143150013871"
"723","723","723","723","723","723","723","723","723","723","723","723","723","723","723","723","723","723","723","723","723","723","723","723","723","723","723","723","723","723",NA,NA,NA,NA,NA,NA,NA,NA,NA,NA,NA,NA,NA,NA,NA,NA,NA,NA,NA,NA,NA,NA,NA,NA,NA,NA,NA,NA,NA,NA,NA,NA,"CA","rex sole","rex_sole",NA,NA,"700","total_catch_wt_kg ~ 0 + factor(year) + pass","delta_gamma","TRUE","iid, iid","04_2","factor(year)2022","0.264241770060399","0.600566797310925","-0.91284752297958","1.44133106310038"
"724","724","724","724","724","724","724","724","724","724","724","724","724","724","724","724","724","724","724","724","724","724","724","724","724","724","724","724","724","724",NA,NA,NA,NA,NA,NA,NA,NA,NA,NA,NA,NA,NA,NA,NA,NA,NA,NA,NA,NA,NA,NA,NA,NA,NA,NA,NA,NA,NA,NA,NA,NA,"CA","rex sole","rex_sole",NA,NA,"700","total_catch_wt_kg ~ 0 + factor(year) + pass","delta_gamma","TRUE","iid, iid","04_2","factor(year)2023","0.880907441552676","0.602003325842649","-0.298997395672248","2.0608122787776"
"725","725","725","725","725","725","725","725","725","725","725","725","725","725","725","725","725","725","725","725","725","725","725","725","725","725","725","725","725","725",NA,NA,NA,NA,NA,NA,NA,NA,NA,NA,NA,NA,NA,NA,NA,NA,NA,NA,NA,NA,NA,NA,NA,NA,NA,NA,NA,NA,NA,NA,NA,NA,"CA","rex sole","rex_sole",NA,NA,"700","total_catch_wt_kg ~ 0 + factor(year) + pass","delta_gamma","TRUE","iid, iid","04_2","factor(year)2024","0.216322566779536","0.596011049830261","-0.951837625275683","1.38448275883475"
"726","726","726","726","726","726","726","726","726","726","726","726","726","726","726","726","726","726","726","726","726","726","726","726","726","726","726","726","726","726",NA,NA,NA,NA,NA,NA,NA,NA,NA,NA,NA,NA,NA,NA,NA,NA,NA,NA,NA,NA,NA,NA,NA,NA,NA,NA,NA,NA,NA,NA,NA,NA,"CA","rex sole","rex_sole",NA,NA,"700","total_catch_wt_kg ~ 0 + factor(year) + pass","delta_gamma","TRUE","iid, iid","04_2","pass","-0.207887131262432","0.10589070281778","-0.415429095082915","-0.000345167441949901"
"727","727","727","727","727","727","727","727","727","727","727","727","727","727","727","727","727","727","727","727","727","727","727","727","727","727","727","727","727",NA,NA,NA,NA,NA,NA,NA,NA,NA,NA,NA,NA,NA,NA,NA,NA,NA,NA,NA,NA,NA,NA,NA,NA,NA,NA,NA,NA,NA,NA,NA,NA,NA,"CA","rex sole","rex_sole",NA,NA,"700","total_catch_wt_kg ~ 0 + factor(year) + pass","delta_gamma","TRUE","iid, iid","04_3","factor(year)2003","0.392362743389256","0.754195139050687","-1.08583256646527","1.87055805324378"
"728","728","728","728","728","728","728","728","728","728","728","728","728","728","728","728","728","728","728","728","728","728","728","728","728","728","728","728","728",NA,NA,NA,NA,NA,NA,NA,NA,NA,NA,NA,NA,NA,NA,NA,NA,NA,NA,NA,NA,NA,NA,NA,NA,NA,NA,NA,NA,NA,NA,NA,NA,NA,"CA","rex sole","rex_sole",NA,NA,"700","total_catch_wt_kg ~ 0 + factor(year) + pass","delta_gamma","TRUE","iid, iid","04_3","factor(year)2004","0.758040519844594","0.778979458299084","-0.768731163118131","2.28481220280732"
"729","729","729","729","729","729","729","729","729","729","729","729","729","729","729","729","729","729","729","729","729","729","729","729","729","729","729","729","729",NA,NA,NA,NA,NA,NA,NA,NA,NA,NA,NA,NA,NA,NA,NA,NA,NA,NA,NA,NA,NA,NA,NA,NA,NA,NA,NA,NA,NA,NA,NA,NA,NA,"CA","rex sole","rex_sole",NA,NA,"700","total_catch_wt_kg ~ 0 + factor(year) + pass","delta_gamma","TRUE","iid, iid","04_3","factor(year)2005","0.557165332039639","0.739883461712905","-0.892979605674473","2.00731026975375"
"730","730","730","730","730","730","730","730","730","730","730","730","730","730","730","730","730","730","730","730","730","730","730","730","730","730","730","730","730",NA,NA,NA,NA,NA,NA,NA,NA,NA,NA,NA,NA,NA,NA,NA,NA,NA,NA,NA,NA,NA,NA,NA,NA,NA,NA,NA,NA,NA,NA,NA,NA,NA,"CA","rex sole","rex_sole",NA,NA,"700","total_catch_wt_kg ~ 0 + factor(year) + pass","delta_gamma","TRUE","iid, iid","04_3","factor(year)2006","0.308988026847325","0.74201070946213","-1.14532623984146","1.76330229353611"
"731","731","731","731","731","731","731","731","731","731","731","731","731","731","731","731","731","731","731","731","731","731","731","731","731","731","731","731","731",NA,NA,NA,NA,NA,NA,NA,NA,NA,NA,NA,NA,NA,NA,NA,NA,NA,NA,NA,NA,NA,NA,NA,NA,NA,NA,NA,NA,NA,NA,NA,NA,NA,"CA","rex sole","rex_sole",NA,NA,"700","total_catch_wt_kg ~ 0 + factor(year) + pass","delta_gamma","TRUE","iid, iid","04_3","factor(year)2007","0.0430642069990581","0.733044469530509","-1.39367655234701","1.47980496634512"
"732","732","732","732","732","732","732","732","732","732","732","732","732","732","732","732","732","732","732","732","732","732","732","732","732","732","732","732","732",NA,NA,NA,NA,NA,NA,NA,NA,NA,NA,NA,NA,NA,NA,NA,NA,NA,NA,NA,NA,NA,NA,NA,NA,NA,NA,NA,NA,NA,NA,NA,NA,NA,"CA","rex sole","rex_sole",NA,NA,"700","total_catch_wt_kg ~ 0 + factor(year) + pass","delta_gamma","TRUE","iid, iid","04_3","factor(year)2008","-0.6524884442725","0.734340098784725","-2.09176859029415","0.786791701749146"
"733","733","733","733","733","733","733","733","733","733","733","733","733","733","733","733","733","733","733","733","733","733","733","733","733","733","733","733","733",NA,NA,NA,NA,NA,NA,NA,NA,NA,NA,NA,NA,NA,NA,NA,NA,NA,NA,NA,NA,NA,NA,NA,NA,NA,NA,NA,NA,NA,NA,NA,NA,NA,"CA","rex sole","rex_sole",NA,NA,"700","total_catch_wt_kg ~ 0 + factor(year) + pass","delta_gamma","TRUE","iid, iid","04_3","factor(year)2009","-0.351038850815363","0.727242517636381","-1.77640799340891","1.07433029177818"
"734","734","734","734","734","734","734","734","734","734","734","734","734","734","734","734","734","734","734","734","734","734","734","734","734","734","734","734","734",NA,NA,NA,NA,NA,NA,NA,NA,NA,NA,NA,NA,NA,NA,NA,NA,NA,NA,NA,NA,NA,NA,NA,NA,NA,NA,NA,NA,NA,NA,NA,NA,NA,"CA","rex sole","rex_sole",NA,NA,"700","total_catch_wt_kg ~ 0 + factor(year) + pass","delta_gamma","TRUE","iid, iid","04_3","factor(year)2010","0.207069210386339","0.728879294785425","-1.22150795647005","1.63564637724273"
"735","735","735","735","735","735","735","735","735","735","735","735","735","735","735","735","735","735","735","735","735","735","735","735","735","735","735","735","735",NA,NA,NA,NA,NA,NA,NA,NA,NA,NA,NA,NA,NA,NA,NA,NA,NA,NA,NA,NA,NA,NA,NA,NA,NA,NA,NA,NA,NA,NA,NA,NA,NA,"CA","rex sole","rex_sole",NA,NA,"700","total_catch_wt_kg ~ 0 + factor(year) + pass","delta_gamma","TRUE","iid, iid","04_3","factor(year)2011","-0.317162664624227","0.727363321551113","-1.74276857853984","1.10844324929138"
"736","736","736","736","736","736","736","736","736","736","736","736","736","736","736","736","736","736","736","736","736","736","736","736","736","736","736","736","736",NA,NA,NA,NA,NA,NA,NA,NA,NA,NA,NA,NA,NA,NA,NA,NA,NA,NA,NA,NA,NA,NA,NA,NA,NA,NA,NA,NA,NA,NA,NA,NA,NA,"CA","rex sole","rex_sole",NA,NA,"700","total_catch_wt_kg ~ 0 + factor(year) + pass","delta_gamma","TRUE","iid, iid","04_3","factor(year)2012","-0.183761225098782","0.730472668567994","-1.61546134718291","1.24793889698535"
"737","737","737","737","737","737","737","737","737","737","737","737","737","737","737","737","737","737","737","737","737","737","737","737","737","737","737","737","737",NA,NA,NA,NA,NA,NA,NA,NA,NA,NA,NA,NA,NA,NA,NA,NA,NA,NA,NA,NA,NA,NA,NA,NA,NA,NA,NA,NA,NA,NA,NA,NA,NA,"CA","rex sole","rex_sole",NA,NA,"700","total_catch_wt_kg ~ 0 + factor(year) + pass","delta_gamma","TRUE","iid, iid","04_3","factor(year)2013","0.59661035256369","0.756559519958965","-0.886219058716794","2.07943976384417"
"738","738","738","738","738","738","738","738","738","738","738","738","738","738","738","738","738","738","738","738","738","738","738","738","738","738","738","738","738",NA,NA,NA,NA,NA,NA,NA,NA,NA,NA,NA,NA,NA,NA,NA,NA,NA,NA,NA,NA,NA,NA,NA,NA,NA,NA,NA,NA,NA,NA,NA,NA,NA,"CA","rex sole","rex_sole",NA,NA,"700","total_catch_wt_kg ~ 0 + factor(year) + pass","delta_gamma","TRUE","iid, iid","04_3","factor(year)2014","0.10922458882093","0.730363035482805","-1.32226065636472","1.54070983400658"
"739","739","739","739","739","739","739","739","739","739","739","739","739","739","739","739","739","739","739","739","739","739","739","739","739","739","739","739","739",NA,NA,NA,NA,NA,NA,NA,NA,NA,NA,NA,NA,NA,NA,NA,NA,NA,NA,NA,NA,NA,NA,NA,NA,NA,NA,NA,NA,NA,NA,NA,NA,NA,"CA","rex sole","rex_sole",NA,NA,"700","total_catch_wt_kg ~ 0 + factor(year) + pass","delta_gamma","TRUE","iid, iid","04_3","factor(year)2015","0.44043768414165","0.733053793942668","-0.996321350716426","1.87719671899972"
"740","740","740","740","740","740","740","740","740","740","740","740","740","740","740","740","740","740","740","740","740","740","740","740","740","740","740","740","740",NA,NA,NA,NA,NA,NA,NA,NA,NA,NA,NA,NA,NA,NA,NA,NA,NA,NA,NA,NA,NA,NA,NA,NA,NA,NA,NA,NA,NA,NA,NA,NA,NA,"CA","rex sole","rex_sole",NA,NA,"700","total_catch_wt_kg ~ 0 + factor(year) + pass","delta_gamma","TRUE","iid, iid","04_3","factor(year)2016","0.115846573738923","0.736199100115541","-1.32707714793833","1.55877029541618"
"741","741","741","741","741","741","741","741","741","741","741","741","741","741","741","741","741","741","741","741","741","741","741","741","741","741","741","741","741",NA,NA,NA,NA,NA,NA,NA,NA,NA,NA,NA,NA,NA,NA,NA,NA,NA,NA,NA,NA,NA,NA,NA,NA,NA,NA,NA,NA,NA,NA,NA,NA,NA,"CA","rex sole","rex_sole",NA,NA,"700","total_catch_wt_kg ~ 0 + factor(year) + pass","delta_gamma","TRUE","iid, iid","04_3","factor(year)2017","-0.222950397464478","0.729808686829877","-1.65334913925551","1.20744834432655"
"742","742","742","742","742","742","742","742","742","742","742","742","742","742","742","742","742","742","742","742","742","742","742","742","742","742","742","742","742",NA,NA,NA,NA,NA,NA,NA,NA,NA,NA,NA,NA,NA,NA,NA,NA,NA,NA,NA,NA,NA,NA,NA,NA,NA,NA,NA,NA,NA,NA,NA,NA,NA,"CA","rex sole","rex_sole",NA,NA,"700","total_catch_wt_kg ~ 0 + factor(year) + pass","delta_gamma","TRUE","iid, iid","04_3","factor(year)2018","0.210840430666535","0.73178553685509","-1.22343286597675","1.64511372730982"
"743","743","743","743","743","743","743","743","743","743","743","743","743","743","743","743","743","743","743","743","743","743","743","743","743","743","743","743","743",NA,NA,NA,NA,NA,NA,NA,NA,NA,NA,NA,NA,NA,NA,NA,NA,NA,NA,NA,NA,NA,NA,NA,NA,NA,NA,NA,NA,NA,NA,NA,NA,NA,"CA","rex sole","rex_sole",NA,NA,"700","total_catch_wt_kg ~ 0 + factor(year) + pass","delta_gamma","TRUE","iid, iid","04_3","factor(year)2019","0.138090402508701","0.765899105436273","-1.36304425993784","1.63922506495524"
"744","744","744","744","744","744","744","744","744","744","744","744","744","744","744","744","744","744","744","744","744","744","744","744","744","744","744","744","744",NA,NA,NA,NA,NA,NA,NA,NA,NA,NA,NA,NA,NA,NA,NA,NA,NA,NA,NA,NA,NA,NA,NA,NA,NA,NA,NA,NA,NA,NA,NA,NA,NA,"CA","rex sole","rex_sole",NA,NA,"700","total_catch_wt_kg ~ 0 + factor(year) + pass","delta_gamma","TRUE","iid, iid","04_3","factor(year)2021","-0.0293629995914889","0.729985808389077","-1.46010889325944","1.40138289407646"
"745","745","745","745","745","745","745","745","745","745","745","745","745","745","745","745","745","745","745","745","745","745","745","745","745","745","745","745","745",NA,NA,NA,NA,NA,NA,NA,NA,NA,NA,NA,NA,NA,NA,NA,NA,NA,NA,NA,NA,NA,NA,NA,NA,NA,NA,NA,NA,NA,NA,NA,NA,NA,"CA","rex sole","rex_sole",NA,NA,"700","total_catch_wt_kg ~ 0 + factor(year) + pass","delta_gamma","TRUE","iid, iid","04_3","factor(year)2022","-0.0568772278387054","0.731495382756454","-1.4905818328987","1.37682737722129"
"746","746","746","746","746","746","746","746","746","746","746","746","746","746","746","746","746","746","746","746","746","746","746","746","746","746","746","746","746",NA,NA,NA,NA,NA,NA,NA,NA,NA,NA,NA,NA,NA,NA,NA,NA,NA,NA,NA,NA,NA,NA,NA,NA,NA,NA,NA,NA,NA,NA,NA,NA,NA,"CA","rex sole","rex_sole",NA,NA,"700","total_catch_wt_kg ~ 0 + factor(year) + pass","delta_gamma","TRUE","iid, iid","04_3","factor(year)2023","-0.309691929445296","0.733038345633004","-1.74642068617281","1.12703682728222"
"747","747","747","747","747","747","747","747","747","747","747","747","747","747","747","747","747","747","747","747","747","747","747","747","747","747","747","747","747",NA,NA,NA,NA,NA,NA,NA,NA,NA,NA,NA,NA,NA,NA,NA,NA,NA,NA,NA,NA,NA,NA,NA,NA,NA,NA,NA,NA,NA,NA,NA,NA,NA,"CA","rex sole","rex_sole",NA,NA,"700","total_catch_wt_kg ~ 0 + factor(year) + pass","delta_gamma","TRUE","iid, iid","04_3","factor(year)2024","-0.628437037553922","0.731730944622597","-2.06260333538769","0.805729260279841"
"748","748","748","748","748","748","748","748","748","748","748","748","748","748","748","748","748","748","748","748","748","748","748","748","748","748","748","748","748",NA,NA,NA,NA,NA,NA,NA,NA,NA,NA,NA,NA,NA,NA,NA,NA,NA,NA,NA,NA,NA,NA,NA,NA,NA,NA,NA,NA,NA,NA,NA,NA,NA,"CA","rex sole","rex_sole",NA,NA,"700","total_catch_wt_kg ~ 0 + factor(year) + pass","delta_gamma","TRUE","iid, iid","04_3","pass","-0.0886983726433298","0.109079150184278","-0.302489578468751","0.125092833182092"
"749","749","749","749","749","749","749","749","749","749","749","749","749","749","749","749","749","749","749","749","749","749","749","749","749","749","749","749",NA,NA,NA,NA,NA,NA,NA,NA,NA,NA,NA,NA,NA,NA,NA,NA,NA,NA,NA,NA,NA,NA,NA,NA,NA,NA,NA,NA,NA,NA,NA,NA,NA,NA,"CA","rex sole","rex_sole",NA,NA,"700","total_catch_wt_kg ~ 0 + factor(year) + pass","delta_gamma","TRUE","iid, iid","04_4","factor(year)2003","1.13890051777548","0.674282235654352","-0.182668379522205","2.46046941507316"
"750","750","750","750","750","750","750","750","750","750","750","750","750","750","750","750","750","750","750","750","750","750","750","750","750","750","750","750",NA,NA,NA,NA,NA,NA,NA,NA,NA,NA,NA,NA,NA,NA,NA,NA,NA,NA,NA,NA,NA,NA,NA,NA,NA,NA,NA,NA,NA,NA,NA,NA,NA,NA,"CA","rex sole","rex_sole",NA,NA,"700","total_catch_wt_kg ~ 0 + factor(year) + pass","delta_gamma","TRUE","iid, iid","04_4","factor(year)2004","0.996495724352054","0.689196959271211","-0.354305494074038","2.34729694277815"
"751","751","751","751","751","751","751","751","751","751","751","751","751","751","751","751","751","751","751","751","751","751","751","751","751","751","751","751",NA,NA,NA,NA,NA,NA,NA,NA,NA,NA,NA,NA,NA,NA,NA,NA,NA,NA,NA,NA,NA,NA,NA,NA,NA,NA,NA,NA,NA,NA,NA,NA,NA,NA,"CA","rex sole","rex_sole",NA,NA,"700","total_catch_wt_kg ~ 0 + factor(year) + pass","delta_gamma","TRUE","iid, iid","04_4","factor(year)2005","0.775112510626722","0.661352822146884","-0.521115201855094","2.07134022310854"
"752","752","752","752","752","752","752","752","752","752","752","752","752","752","752","752","752","752","752","752","752","752","752","752","752","752","752","752",NA,NA,NA,NA,NA,NA,NA,NA,NA,NA,NA,NA,NA,NA,NA,NA,NA,NA,NA,NA,NA,NA,NA,NA,NA,NA,NA,NA,NA,NA,NA,NA,NA,NA,"CA","rex sole","rex_sole",NA,NA,"700","total_catch_wt_kg ~ 0 + factor(year) + pass","delta_gamma","TRUE","iid, iid","04_4","factor(year)2006","0.322834614073159","0.655178661781197","-0.961291966457135","1.60696119460345"
"753","753","753","753","753","753","753","753","753","753","753","753","753","753","753","753","753","753","753","753","753","753","753","753","753","753","753","753",NA,NA,NA,NA,NA,NA,NA,NA,NA,NA,NA,NA,NA,NA,NA,NA,NA,NA,NA,NA,NA,NA,NA,NA,NA,NA,NA,NA,NA,NA,NA,NA,NA,NA,"CA","rex sole","rex_sole",NA,NA,"700","total_catch_wt_kg ~ 0 + factor(year) + pass","delta_gamma","TRUE","iid, iid","04_4","factor(year)2007","-0.046671758388821","0.649941131787912","-1.32053296876433","1.22718945198669"
"754","754","754","754","754","754","754","754","754","754","754","754","754","754","754","754","754","754","754","754","754","754","754","754","754","754","754","754",NA,NA,NA,NA,NA,NA,NA,NA,NA,NA,NA,NA,NA,NA,NA,NA,NA,NA,NA,NA,NA,NA,NA,NA,NA,NA,NA,NA,NA,NA,NA,NA,NA,NA,"CA","rex sole","rex_sole",NA,NA,"700","total_catch_wt_kg ~ 0 + factor(year) + pass","delta_gamma","TRUE","iid, iid","04_4","factor(year)2008","0.000294731246260706","0.654604065339668","-1.28270566095299","1.28329512344551"
"755","755","755","755","755","755","755","755","755","755","755","755","755","755","755","755","755","755","755","755","755","755","755","755","755","755","755","755",NA,NA,NA,NA,NA,NA,NA,NA,NA,NA,NA,NA,NA,NA,NA,NA,NA,NA,NA,NA,NA,NA,NA,NA,NA,NA,NA,NA,NA,NA,NA,NA,NA,NA,"CA","rex sole","rex_sole",NA,NA,"700","total_catch_wt_kg ~ 0 + factor(year) + pass","delta_gamma","TRUE","iid, iid","04_4","factor(year)2009","0.0130982520990058","0.649706121922194","-1.26030234740368","1.28649885160169"
"756","756","756","756","756","756","756","756","756","756","756","756","756","756","756","756","756","756","756","756","756","756","756","756","756","756","756","756",NA,NA,NA,NA,NA,NA,NA,NA,NA,NA,NA,NA,NA,NA,NA,NA,NA,NA,NA,NA,NA,NA,NA,NA,NA,NA,NA,NA,NA,NA,NA,NA,NA,NA,"CA","rex sole","rex_sole",NA,NA,"700","total_catch_wt_kg ~ 0 + factor(year) + pass","delta_gamma","TRUE","iid, iid","04_4","factor(year)2010","0.0912565481853657","0.640797875294772","-1.16468420876218","1.34719730513291"
"757","757","757","757","757","757","757","757","757","757","757","757","757","757","757","757","757","757","757","757","757","757","757","757","757","757","757","757",NA,NA,NA,NA,NA,NA,NA,NA,NA,NA,NA,NA,NA,NA,NA,NA,NA,NA,NA,NA,NA,NA,NA,NA,NA,NA,NA,NA,NA,NA,NA,NA,NA,NA,"CA","rex sole","rex_sole",NA,NA,"700","total_catch_wt_kg ~ 0 + factor(year) + pass","delta_gamma","TRUE","iid, iid","04_4","factor(year)2011","0.438410891018389","0.653543631897688","-0.842511089826581","1.71933287186336"
"758","758","758","758","758","758","758","758","758","758","758","758","758","758","758","758","758","758","758","758","758","758","758","758","758","758","758","758",NA,NA,NA,NA,NA,NA,NA,NA,NA,NA,NA,NA,NA,NA,NA,NA,NA,NA,NA,NA,NA,NA,NA,NA,NA,NA,NA,NA,NA,NA,NA,NA,NA,NA,"CA","rex sole","rex_sole",NA,NA,"700","total_catch_wt_kg ~ 0 + factor(year) + pass","delta_gamma","TRUE","iid, iid","04_4","factor(year)2012","0.379022126147442","0.652063827705329","-0.898999491776334","1.65704374407122"
"759","759","759","759","759","759","759","759","759","759","759","759","759","759","759","759","759","759","759","759","759","759","759","759","759","759","759","759",NA,NA,NA,NA,NA,NA,NA,NA,NA,NA,NA,NA,NA,NA,NA,NA,NA,NA,NA,NA,NA,NA,NA,NA,NA,NA,NA,NA,NA,NA,NA,NA,NA,NA,"CA","rex sole","rex_sole",NA,NA,"700","total_catch_wt_kg ~ 0 + factor(year) + pass","delta_gamma","TRUE","iid, iid","04_4","factor(year)2013","0.486287085051718","0.675988217355602","-0.838625474938694","1.81119964504213"
"760","760","760","760","760","760","760","760","760","760","760","760","760","760","760","760","760","760","760","760","760","760","760","760","760","760","760","760",NA,NA,NA,NA,NA,NA,NA,NA,NA,NA,NA,NA,NA,NA,NA,NA,NA,NA,NA,NA,NA,NA,NA,NA,NA,NA,NA,NA,NA,NA,NA,NA,NA,NA,"CA","rex sole","rex_sole",NA,NA,"700","total_catch_wt_kg ~ 0 + factor(year) + pass","delta_gamma","TRUE","iid, iid","04_4","factor(year)2014","0.280560031520748","0.65351968652883","-1.00031501726366","1.56143508030516"
"761","761","761","761","761","761","761","761","761","761","761","761","761","761","761","761","761","761","761","761","761","761","761","761","761","761","761","761",NA,NA,NA,NA,NA,NA,NA,NA,NA,NA,NA,NA,NA,NA,NA,NA,NA,NA,NA,NA,NA,NA,NA,NA,NA,NA,NA,NA,NA,NA,NA,NA,NA,NA,"CA","rex sole","rex_sole",NA,NA,"700","total_catch_wt_kg ~ 0 + factor(year) + pass","delta_gamma","TRUE","iid, iid","04_4","factor(year)2015","0.754514089073189","0.657501579060262","-0.534165325663138","2.04319350380952"
"762","762","762","762","762","762","762","762","762","762","762","762","762","762","762","762","762","762","762","762","762","762","762","762","762","762","762","762",NA,NA,NA,NA,NA,NA,NA,NA,NA,NA,NA,NA,NA,NA,NA,NA,NA,NA,NA,NA,NA,NA,NA,NA,NA,NA,NA,NA,NA,NA,NA,NA,NA,NA,"CA","rex sole","rex_sole",NA,NA,"700","total_catch_wt_kg ~ 0 + factor(year) + pass","delta_gamma","TRUE","iid, iid","04_4","factor(year)2016","0.429075594959037","0.650602018637332","-0.84608092983919","1.70423211975726"
"763","763","763","763","763","763","763","763","763","763","763","763","763","763","763","763","763","763","763","763","763","763","763","763","763","763","763","763",NA,NA,NA,NA,NA,NA,NA,NA,NA,NA,NA,NA,NA,NA,NA,NA,NA,NA,NA,NA,NA,NA,NA,NA,NA,NA,NA,NA,NA,NA,NA,NA,NA,NA,"CA","rex sole","rex_sole",NA,NA,"700","total_catch_wt_kg ~ 0 + factor(year) + pass","delta_gamma","TRUE","iid, iid","04_4","factor(year)2017","0.0132178678153344","0.6516331766634","-1.26395968957636","1.29039542520703"
"764","764","764","764","764","764","764","764","764","764","764","764","764","764","764","764","764","764","764","764","764","764","764","764","764","764","764","764",NA,NA,NA,NA,NA,NA,NA,NA,NA,NA,NA,NA,NA,NA,NA,NA,NA,NA,NA,NA,NA,NA,NA,NA,NA,NA,NA,NA,NA,NA,NA,NA,NA,NA,"CA","rex sole","rex_sole",NA,NA,"700","total_catch_wt_kg ~ 0 + factor(year) + pass","delta_gamma","TRUE","iid, iid","04_4","factor(year)2018","0.49789152533299","0.654101705556568","-0.784124259784107","1.77990731045009"
"765","765","765","765","765","765","765","765","765","765","765","765","765","765","765","765","765","765","765","765","765","765","765","765","765","765","765","765",NA,NA,NA,NA,NA,NA,NA,NA,NA,NA,NA,NA,NA,NA,NA,NA,NA,NA,NA,NA,NA,NA,NA,NA,NA,NA,NA,NA,NA,NA,NA,NA,NA,NA,"CA","rex sole","rex_sole",NA,NA,"700","total_catch_wt_kg ~ 0 + factor(year) + pass","delta_gamma","TRUE","iid, iid","04_4","factor(year)2019","-0.136648289005258","0.69759504345534","-1.50390944997138","1.23061287196086"
"766","766","766","766","766","766","766","766","766","766","766","766","766","766","766","766","766","766","766","766","766","766","766","766","766","766","766","766",NA,NA,NA,NA,NA,NA,NA,NA,NA,NA,NA,NA,NA,NA,NA,NA,NA,NA,NA,NA,NA,NA,NA,NA,NA,NA,NA,NA,NA,NA,NA,NA,NA,NA,"CA","rex sole","rex_sole",NA,NA,"700","total_catch_wt_kg ~ 0 + factor(year) + pass","delta_gamma","TRUE","iid, iid","04_4","factor(year)2021","0.19523785593538","0.648911746583766","-1.07660579651378","1.46708150838454"
"767","767","767","767","767","767","767","767","767","767","767","767","767","767","767","767","767","767","767","767","767","767","767","767","767","767","767","767",NA,NA,NA,NA,NA,NA,NA,NA,NA,NA,NA,NA,NA,NA,NA,NA,NA,NA,NA,NA,NA,NA,NA,NA,NA,NA,NA,NA,NA,NA,NA,NA,NA,NA,"CA","rex sole","rex_sole",NA,NA,"700","total_catch_wt_kg ~ 0 + factor(year) + pass","delta_gamma","TRUE","iid, iid","04_4","factor(year)2022","0.0959493768523816","0.653209646958916","-1.18431800554122","1.37621675924598"
"768","768","768","768","768","768","768","768","768","768","768","768","768","768","768","768","768","768","768","768","768","768","768","768","768","768","768","768",NA,NA,NA,NA,NA,NA,NA,NA,NA,NA,NA,NA,NA,NA,NA,NA,NA,NA,NA,NA,NA,NA,NA,NA,NA,NA,NA,NA,NA,NA,NA,NA,NA,NA,"CA","rex sole","rex_sole",NA,NA,"700","total_catch_wt_kg ~ 0 + factor(year) + pass","delta_gamma","TRUE","iid, iid","04_4","factor(year)2023","0.508039685614434","0.650709345066913","-0.767327195120362","1.78340656634923"
"769","769","769","769","769","769","769","769","769","769","769","769","769","769","769","769","769","769","769","769","769","769","769","769","769","769","769","769",NA,NA,NA,NA,NA,NA,NA,NA,NA,NA,NA,NA,NA,NA,NA,NA,NA,NA,NA,NA,NA,NA,NA,NA,NA,NA,NA,NA,NA,NA,NA,NA,NA,NA,"CA","rex sole","rex_sole",NA,NA,"700","total_catch_wt_kg ~ 0 + factor(year) + pass","delta_gamma","TRUE","iid, iid","04_4","factor(year)2024","-0.281138397929194","0.646918942011004","-1.54907622518752","0.986799429329128"
"770","770","770","770","770","770","770","770","770","770","770","770","770","770","770","770","770","770","770","770","770","770","770","770","770","770","770","770",NA,NA,NA,NA,NA,NA,NA,NA,NA,NA,NA,NA,NA,NA,NA,NA,NA,NA,NA,NA,NA,NA,NA,NA,NA,NA,NA,NA,NA,NA,NA,NA,NA,NA,"CA","rex sole","rex_sole",NA,NA,"700","total_catch_wt_kg ~ 0 + factor(year) + pass","delta_gamma","TRUE","iid, iid","04_4","pass","-0.154780791001704","0.113458056943988","-0.377154496367815","0.0675929143644056"
"771","771","771","771","771","771","771","771","771","771","771","771","771","771","771","771","771","771","771","771","771","771","771","771","771","771","771",NA,NA,NA,NA,NA,NA,NA,NA,NA,NA,NA,NA,NA,NA,NA,NA,NA,NA,NA,NA,NA,NA,NA,NA,NA,NA,NA,NA,NA,NA,NA,NA,NA,NA,NA,"CA","rex sole","rex_sole",NA,NA,"700","total_catch_wt_kg ~ 0 + factor(year) + pass","delta_gamma","TRUE","iid, iid","04_5","factor(year)2003","0.798902433261486","0.688985965710977","-0.551485245385577","2.14929011190855"
"772","772","772","772","772","772","772","772","772","772","772","772","772","772","772","772","772","772","772","772","772","772","772","772","772","772","772",NA,NA,NA,NA,NA,NA,NA,NA,NA,NA,NA,NA,NA,NA,NA,NA,NA,NA,NA,NA,NA,NA,NA,NA,NA,NA,NA,NA,NA,NA,NA,NA,NA,NA,NA,"CA","rex sole","rex_sole",NA,NA,"700","total_catch_wt_kg ~ 0 + factor(year) + pass","delta_gamma","TRUE","iid, iid","04_5","factor(year)2004","0.478248772197686","0.688264793991096","-0.870725435851742","1.82722298024711"
"773","773","773","773","773","773","773","773","773","773","773","773","773","773","773","773","773","773","773","773","773","773","773","773","773","773","773",NA,NA,NA,NA,NA,NA,NA,NA,NA,NA,NA,NA,NA,NA,NA,NA,NA,NA,NA,NA,NA,NA,NA,NA,NA,NA,NA,NA,NA,NA,NA,NA,NA,NA,NA,"CA","rex sole","rex_sole",NA,NA,"700","total_catch_wt_kg ~ 0 + factor(year) + pass","delta_gamma","TRUE","iid, iid","04_5","factor(year)2005","0.719828555148789","0.658176272176036","-0.570173233795073","2.00983034409265"
"774","774","774","774","774","774","774","774","774","774","774","774","774","774","774","774","774","774","774","774","774","774","774","774","774","774","774",NA,NA,NA,NA,NA,NA,NA,NA,NA,NA,NA,NA,NA,NA,NA,NA,NA,NA,NA,NA,NA,NA,NA,NA,NA,NA,NA,NA,NA,NA,NA,NA,NA,NA,NA,"CA","rex sole","rex_sole",NA,NA,"700","total_catch_wt_kg ~ 0 + factor(year) + pass","delta_gamma","TRUE","iid, iid","04_5","factor(year)2006","0.455896250754463","0.664253857793757","-0.846017387113092","1.75780988862202"
"775","775","775","775","775","775","775","775","775","775","775","775","775","775","775","775","775","775","775","775","775","775","775","775","775","775","775",NA,NA,NA,NA,NA,NA,NA,NA,NA,NA,NA,NA,NA,NA,NA,NA,NA,NA,NA,NA,NA,NA,NA,NA,NA,NA,NA,NA,NA,NA,NA,NA,NA,NA,NA,"CA","rex sole","rex_sole",NA,NA,"700","total_catch_wt_kg ~ 0 + factor(year) + pass","delta_gamma","TRUE","iid, iid","04_5","factor(year)2007","-0.238465206936839","0.647101978309589","-1.50676177874825","1.02983136487458"
"776","776","776","776","776","776","776","776","776","776","776","776","776","776","776","776","776","776","776","776","776","776","776","776","776","776","776",NA,NA,NA,NA,NA,NA,NA,NA,NA,NA,NA,NA,NA,NA,NA,NA,NA,NA,NA,NA,NA,NA,NA,NA,NA,NA,NA,NA,NA,NA,NA,NA,NA,NA,NA,"CA","rex sole","rex_sole",NA,NA,"700","total_catch_wt_kg ~ 0 + factor(year) + pass","delta_gamma","TRUE","iid, iid","04_5","factor(year)2008","-0.412568334715172","0.650762680449243","-1.68803975087844","0.862903081448093"
"777","777","777","777","777","777","777","777","777","777","777","777","777","777","777","777","777","777","777","777","777","777","777","777","777","777","777",NA,NA,NA,NA,NA,NA,NA,NA,NA,NA,NA,NA,NA,NA,NA,NA,NA,NA,NA,NA,NA,NA,NA,NA,NA,NA,NA,NA,NA,NA,NA,NA,NA,NA,NA,"CA","rex sole","rex_sole",NA,NA,"700","total_catch_wt_kg ~ 0 + factor(year) + pass","delta_gamma","TRUE","iid, iid","04_5","factor(year)2009","-0.0937344004259623","0.646636611669455","-1.36111887038311","1.17365006953118"
"778","778","778","778","778","778","778","778","778","778","778","778","778","778","778","778","778","778","778","778","778","778","778","778","778","778","778",NA,NA,NA,NA,NA,NA,NA,NA,NA,NA,NA,NA,NA,NA,NA,NA,NA,NA,NA,NA,NA,NA,NA,NA,NA,NA,NA,NA,NA,NA,NA,NA,NA,NA,NA,"CA","rex sole","rex_sole",NA,NA,"700","total_catch_wt_kg ~ 0 + factor(year) + pass","delta_gamma","TRUE","iid, iid","04_5","factor(year)2010","0.16355725953582","0.649374363260269","-1.10919310493794","1.43630762400958"
"779","779","779","779","779","779","779","779","779","779","779","779","779","779","779","779","779","779","779","779","779","779","779","779","779","779","779",NA,NA,NA,NA,NA,NA,NA,NA,NA,NA,NA,NA,NA,NA,NA,NA,NA,NA,NA,NA,NA,NA,NA,NA,NA,NA,NA,NA,NA,NA,NA,NA,NA,NA,NA,"CA","rex sole","rex_sole",NA,NA,"700","total_catch_wt_kg ~ 0 + factor(year) + pass","delta_gamma","TRUE","iid, iid","04_5","factor(year)2011","-0.248948585945077","0.65030489192667","-1.52352275309156","1.02562558120141"
"780","780","780","780","780","780","780","780","780","780","780","780","780","780","780","780","780","780","780","780","780","780","780","780","780","780","780",NA,NA,NA,NA,NA,NA,NA,NA,NA,NA,NA,NA,NA,NA,NA,NA,NA,NA,NA,NA,NA,NA,NA,NA,NA,NA,NA,NA,NA,NA,NA,NA,NA,NA,NA,"CA","rex sole","rex_sole",NA,NA,"700","total_catch_wt_kg ~ 0 + factor(year) + pass","delta_gamma","TRUE","iid, iid","04_5","factor(year)2012","0.178393574910374","0.658666350983648","-1.11256875084599","1.46935590066674"
"781","781","781","781","781","781","781","781","781","781","781","781","781","781","781","781","781","781","781","781","781","781","781","781","781","781","781",NA,NA,NA,NA,NA,NA,NA,NA,NA,NA,NA,NA,NA,NA,NA,NA,NA,NA,NA,NA,NA,NA,NA,NA,NA,NA,NA,NA,NA,NA,NA,NA,NA,NA,NA,"CA","rex sole","rex_sole",NA,NA,"700","total_catch_wt_kg ~ 0 + factor(year) + pass","delta_gamma","TRUE","iid, iid","04_5","factor(year)2013","0.0713240584791928","0.662988749506472","-1.22811001270874","1.37075812966713"
"782","782","782","782","782","782","782","782","782","782","782","782","782","782","782","782","782","782","782","782","782","782","782","782","782","782","782",NA,NA,NA,NA,NA,NA,NA,NA,NA,NA,NA,NA,NA,NA,NA,NA,NA,NA,NA,NA,NA,NA,NA,NA,NA,NA,NA,NA,NA,NA,NA,NA,NA,NA,NA,"CA","rex sole","rex_sole",NA,NA,"700","total_catch_wt_kg ~ 0 + factor(year) + pass","delta_gamma","TRUE","iid, iid","04_5","factor(year)2014","0.121600048036424","0.650930398398954","-1.15420008926783","1.39740018534068"
"783","783","783","783","783","783","783","783","783","783","783","783","783","783","783","783","783","783","783","783","783","783","783","783","783","783","783",NA,NA,NA,NA,NA,NA,NA,NA,NA,NA,NA,NA,NA,NA,NA,NA,NA,NA,NA,NA,NA,NA,NA,NA,NA,NA,NA,NA,NA,NA,NA,NA,NA,NA,NA,"CA","rex sole","rex_sole",NA,NA,"700","total_catch_wt_kg ~ 0 + factor(year) + pass","delta_gamma","TRUE","iid, iid","04_5","factor(year)2015","0.386153619429053","0.660238035200814","-0.907889150788031","1.68019638964614"
"784","784","784","784","784","784","784","784","784","784","784","784","784","784","784","784","784","784","784","784","784","784","784","784","784","784","784",NA,NA,NA,NA,NA,NA,NA,NA,NA,NA,NA,NA,NA,NA,NA,NA,NA,NA,NA,NA,NA,NA,NA,NA,NA,NA,NA,NA,NA,NA,NA,NA,NA,NA,NA,"CA","rex sole","rex_sole",NA,NA,"700","total_catch_wt_kg ~ 0 + factor(year) + pass","delta_gamma","TRUE","iid, iid","04_5","factor(year)2016","0.127858432491691","0.656681014848061","-1.15921270594172","1.4149295709251"
"785","785","785","785","785","785","785","785","785","785","785","785","785","785","785","785","785","785","785","785","785","785","785","785","785","785","785",NA,NA,NA,NA,NA,NA,NA,NA,NA,NA,NA,NA,NA,NA,NA,NA,NA,NA,NA,NA,NA,NA,NA,NA,NA,NA,NA,NA,NA,NA,NA,NA,NA,NA,NA,"CA","rex sole","rex_sole",NA,NA,"700","total_catch_wt_kg ~ 0 + factor(year) + pass","delta_gamma","TRUE","iid, iid","04_5","factor(year)2017","0.182236481892315","0.659982548481163","-1.11130554355573","1.47577850734035"
"786","786","786","786","786","786","786","786","786","786","786","786","786","786","786","786","786","786","786","786","786","786","786","786","786","786","786",NA,NA,NA,NA,NA,NA,NA,NA,NA,NA,NA,NA,NA,NA,NA,NA,NA,NA,NA,NA,NA,NA,NA,NA,NA,NA,NA,NA,NA,NA,NA,NA,NA,NA,NA,"CA","rex sole","rex_sole",NA,NA,"700","total_catch_wt_kg ~ 0 + factor(year) + pass","delta_gamma","TRUE","iid, iid","04_5","factor(year)2018","0.256485517033417","0.654722139706739","-1.02674629667279","1.53971733073963"
"787","787","787","787","787","787","787","787","787","787","787","787","787","787","787","787","787","787","787","787","787","787","787","787","787","787","787",NA,NA,NA,NA,NA,NA,NA,NA,NA,NA,NA,NA,NA,NA,NA,NA,NA,NA,NA,NA,NA,NA,NA,NA,NA,NA,NA,NA,NA,NA,NA,NA,NA,NA,NA,"CA","rex sole","rex_sole",NA,NA,"700","total_catch_wt_kg ~ 0 + factor(year) + pass","delta_gamma","TRUE","iid, iid","04_5","factor(year)2019","-0.521752462227906","0.698155782847516","-1.8901126522074","0.846607727751592"
"788","788","788","788","788","788","788","788","788","788","788","788","788","788","788","788","788","788","788","788","788","788","788","788","788","788","788",NA,NA,NA,NA,NA,NA,NA,NA,NA,NA,NA,NA,NA,NA,NA,NA,NA,NA,NA,NA,NA,NA,NA,NA,NA,NA,NA,NA,NA,NA,NA,NA,NA,NA,NA,"CA","rex sole","rex_sole",NA,NA,"700","total_catch_wt_kg ~ 0 + factor(year) + pass","delta_gamma","TRUE","iid, iid","04_5","factor(year)2021","0.135524126552373","0.648736753323359","-1.13597654540886","1.4070247985136"
"789","789","789","789","789","789","789","789","789","789","789","789","789","789","789","789","789","789","789","789","789","789","789","789","789","789","789",NA,NA,NA,NA,NA,NA,NA,NA,NA,NA,NA,NA,NA,NA,NA,NA,NA,NA,NA,NA,NA,NA,NA,NA,NA,NA,NA,NA,NA,NA,NA,NA,NA,NA,NA,"CA","rex sole","rex_sole",NA,NA,"700","total_catch_wt_kg ~ 0 + factor(year) + pass","delta_gamma","TRUE","iid, iid","04_5","factor(year)2022","-0.0616032103283902","0.648615716215148","-1.33286665391673","1.20966023325995"
"790","790","790","790","790","790","790","790","790","790","790","790","790","790","790","790","790","790","790","790","790","790","790","790","790","790","790",NA,NA,NA,NA,NA,NA,NA,NA,NA,NA,NA,NA,NA,NA,NA,NA,NA,NA,NA,NA,NA,NA,NA,NA,NA,NA,NA,NA,NA,NA,NA,NA,NA,NA,NA,"CA","rex sole","rex_sole",NA,NA,"700","total_catch_wt_kg ~ 0 + factor(year) + pass","delta_gamma","TRUE","iid, iid","04_5","factor(year)2023","0.183950909890633","0.662329828228918","-1.11419169932465","1.48209351910591"
"791","791","791","791","791","791","791","791","791","791","791","791","791","791","791","791","791","791","791","791","791","791","791","791","791","791","791",NA,NA,NA,NA,NA,NA,NA,NA,NA,NA,NA,NA,NA,NA,NA,NA,NA,NA,NA,NA,NA,NA,NA,NA,NA,NA,NA,NA,NA,NA,NA,NA,NA,NA,NA,"CA","rex sole","rex_sole",NA,NA,"700","total_catch_wt_kg ~ 0 + factor(year) + pass","delta_gamma","TRUE","iid, iid","04_5","factor(year)2024","-0.714250452987585","0.653846133501878","-1.99576532608203","0.567264420106864"
"792","792","792","792","792","792","792","792","792","792","792","792","792","792","792","792","792","792","792","792","792","792","792","792","792","792","792",NA,NA,NA,NA,NA,NA,NA,NA,NA,NA,NA,NA,NA,NA,NA,NA,NA,NA,NA,NA,NA,NA,NA,NA,NA,NA,NA,NA,NA,NA,NA,NA,NA,NA,NA,"CA","rex sole","rex_sole",NA,NA,"700","total_catch_wt_kg ~ 0 + factor(year) + pass","delta_gamma","TRUE","iid, iid","04_5","pass","0.0260422545093497","0.110588278764263","-0.190706788980882","0.242791297999581"
"793","793","793","793","793","793","793","793","793","793","793","793","793","793","793","793","793","793","793","793","793","793","793","793","793","793",NA,NA,NA,NA,NA,NA,NA,NA,NA,NA,NA,NA,NA,NA,NA,NA,NA,NA,NA,NA,NA,NA,NA,NA,NA,NA,NA,NA,NA,NA,NA,NA,NA,NA,NA,NA,"CA","rex sole","rex_sole",NA,NA,"700","total_catch_wt_kg ~ 0 + factor(year) + pass","delta_gamma","TRUE","iid, iid","04_6","factor(year)2003","0.449083933573629","0.617097085015232","-0.760404128020877","1.65857199516813"
"794","794","794","794","794","794","794","794","794","794","794","794","794","794","794","794","794","794","794","794","794","794","794","794","794","794",NA,NA,NA,NA,NA,NA,NA,NA,NA,NA,NA,NA,NA,NA,NA,NA,NA,NA,NA,NA,NA,NA,NA,NA,NA,NA,NA,NA,NA,NA,NA,NA,NA,NA,NA,NA,"CA","rex sole","rex_sole",NA,NA,"700","total_catch_wt_kg ~ 0 + factor(year) + pass","delta_gamma","TRUE","iid, iid","04_6","factor(year)2004","0.667868464340896","0.632289110387806","-0.571395419836074","1.90713234851787"
"795","795","795","795","795","795","795","795","795","795","795","795","795","795","795","795","795","795","795","795","795","795","795","795","795","795",NA,NA,NA,NA,NA,NA,NA,NA,NA,NA,NA,NA,NA,NA,NA,NA,NA,NA,NA,NA,NA,NA,NA,NA,NA,NA,NA,NA,NA,NA,NA,NA,NA,NA,NA,NA,"CA","rex sole","rex_sole",NA,NA,"700","total_catch_wt_kg ~ 0 + factor(year) + pass","delta_gamma","TRUE","iid, iid","04_6","factor(year)2005","0.37042058225702","0.602031712456048","-0.809539891707808","1.55038105622185"
"796","796","796","796","796","796","796","796","796","796","796","796","796","796","796","796","796","796","796","796","796","796","796","796","796","796",NA,NA,NA,NA,NA,NA,NA,NA,NA,NA,NA,NA,NA,NA,NA,NA,NA,NA,NA,NA,NA,NA,NA,NA,NA,NA,NA,NA,NA,NA,NA,NA,NA,NA,NA,NA,"CA","rex sole","rex_sole",NA,NA,"700","total_catch_wt_kg ~ 0 + factor(year) + pass","delta_gamma","TRUE","iid, iid","04_6","factor(year)2006","0.325696978622009","0.607460064342702","-0.86490286953607","1.51629682678009"
"797","797","797","797","797","797","797","797","797","797","797","797","797","797","797","797","797","797","797","797","797","797","797","797","797","797",NA,NA,NA,NA,NA,NA,NA,NA,NA,NA,NA,NA,NA,NA,NA,NA,NA,NA,NA,NA,NA,NA,NA,NA,NA,NA,NA,NA,NA,NA,NA,NA,NA,NA,NA,NA,"CA","rex sole","rex_sole",NA,NA,"700","total_catch_wt_kg ~ 0 + factor(year) + pass","delta_gamma","TRUE","iid, iid","04_6","factor(year)2007","0.0775218971582851","0.599157053696545","-1.09680434917007","1.25184814348664"
"798","798","798","798","798","798","798","798","798","798","798","798","798","798","798","798","798","798","798","798","798","798","798","798","798","798",NA,NA,NA,NA,NA,NA,NA,NA,NA,NA,NA,NA,NA,NA,NA,NA,NA,NA,NA,NA,NA,NA,NA,NA,NA,NA,NA,NA,NA,NA,NA,NA,NA,NA,NA,NA,"CA","rex sole","rex_sole",NA,NA,"700","total_catch_wt_kg ~ 0 + factor(year) + pass","delta_gamma","TRUE","iid, iid","04_6","factor(year)2008","-0.177337725217502","0.593491153096753","-1.34055901043028","0.98588355999528"
"799","799","799","799","799","799","799","799","799","799","799","799","799","799","799","799","799","799","799","799","799","799","799","799","799","799",NA,NA,NA,NA,NA,NA,NA,NA,NA,NA,NA,NA,NA,NA,NA,NA,NA,NA,NA,NA,NA,NA,NA,NA,NA,NA,NA,NA,NA,NA,NA,NA,NA,NA,NA,NA,"CA","rex sole","rex_sole",NA,NA,"700","total_catch_wt_kg ~ 0 + factor(year) + pass","delta_gamma","TRUE","iid, iid","04_6","factor(year)2009","-0.362093421731397","0.59305833203795","-1.52446639325718","0.800279549794381"
"800","800","800","800","800","800","800","800","800","800","800","800","800","800","800","800","800","800","800","800","800","800","800","800","800","800",NA,NA,NA,NA,NA,NA,NA,NA,NA,NA,NA,NA,NA,NA,NA,NA,NA,NA,NA,NA,NA,NA,NA,NA,NA,NA,NA,NA,NA,NA,NA,NA,NA,NA,NA,NA,"CA","rex sole","rex_sole",NA,NA,"700","total_catch_wt_kg ~ 0 + factor(year) + pass","delta_gamma","TRUE","iid, iid","04_6","factor(year)2010","0.235090668957107","0.593588146820946","-0.92832072046182","1.39850205837603"
"801","801","801","801","801","801","801","801","801","801","801","801","801","801","801","801","801","801","801","801","801","801","801","801","801","801",NA,NA,NA,NA,NA,NA,NA,NA,NA,NA,NA,NA,NA,NA,NA,NA,NA,NA,NA,NA,NA,NA,NA,NA,NA,NA,NA,NA,NA,NA,NA,NA,NA,NA,NA,NA,"CA","rex sole","rex_sole",NA,NA,"700","total_catch_wt_kg ~ 0 + factor(year) + pass","delta_gamma","TRUE","iid, iid","04_6","factor(year)2011","-0.612012380665213","0.592971397792408","-1.77421496420071","0.550190202870281"
"802","802","802","802","802","802","802","802","802","802","802","802","802","802","802","802","802","802","802","802","802","802","802","802","802","802",NA,NA,NA,NA,NA,NA,NA,NA,NA,NA,NA,NA,NA,NA,NA,NA,NA,NA,NA,NA,NA,NA,NA,NA,NA,NA,NA,NA,NA,NA,NA,NA,NA,NA,NA,NA,"CA","rex sole","rex_sole",NA,NA,"700","total_catch_wt_kg ~ 0 + factor(year) + pass","delta_gamma","TRUE","iid, iid","04_6","factor(year)2012","0.219113981079373","0.59295872835299","-0.943063770811157","1.3812917329699"
"803","803","803","803","803","803","803","803","803","803","803","803","803","803","803","803","803","803","803","803","803","803","803","803","803","803",NA,NA,NA,NA,NA,NA,NA,NA,NA,NA,NA,NA,NA,NA,NA,NA,NA,NA,NA,NA,NA,NA,NA,NA,NA,NA,NA,NA,NA,NA,NA,NA,NA,NA,NA,NA,"CA","rex sole","rex_sole",NA,NA,"700","total_catch_wt_kg ~ 0 + factor(year) + pass","delta_gamma","TRUE","iid, iid","04_6","factor(year)2013","0.44565816108864","0.619040599235166","-0.767639118380378","1.65895544055766"
"804","804","804","804","804","804","804","804","804","804","804","804","804","804","804","804","804","804","804","804","804","804","804","804","804","804",NA,NA,NA,NA,NA,NA,NA,NA,NA,NA,NA,NA,NA,NA,NA,NA,NA,NA,NA,NA,NA,NA,NA,NA,NA,NA,NA,NA,NA,NA,NA,NA,NA,NA,NA,NA,"CA","rex sole","rex_sole",NA,NA,"700","total_catch_wt_kg ~ 0 + factor(year) + pass","delta_gamma","TRUE","iid, iid","04_6","factor(year)2014","-0.0787112188532978","0.59329478623768","-1.24154763209454","1.08412519438794"
"805","805","805","805","805","805","805","805","805","805","805","805","805","805","805","805","805","805","805","805","805","805","805","805","805","805",NA,NA,NA,NA,NA,NA,NA,NA,NA,NA,NA,NA,NA,NA,NA,NA,NA,NA,NA,NA,NA,NA,NA,NA,NA,NA,NA,NA,NA,NA,NA,NA,NA,NA,NA,NA,"CA","rex sole","rex_sole",NA,NA,"700","total_catch_wt_kg ~ 0 + factor(year) + pass","delta_gamma","TRUE","iid, iid","04_6","factor(year)2015","0.361808572515133","0.597187603154446","-0.808657621681379","1.53227476671165"
"806","806","806","806","806","806","806","806","806","806","806","806","806","806","806","806","806","806","806","806","806","806","806","806","806","806",NA,NA,NA,NA,NA,NA,NA,NA,NA,NA,NA,NA,NA,NA,NA,NA,NA,NA,NA,NA,NA,NA,NA,NA,NA,NA,NA,NA,NA,NA,NA,NA,NA,NA,NA,NA,"CA","rex sole","rex_sole",NA,NA,"700","total_catch_wt_kg ~ 0 + factor(year) + pass","delta_gamma","TRUE","iid, iid","04_6","factor(year)2016","0.347289795560113","0.598057097024048","-0.824880575305597","1.51946016642582"
"807","807","807","807","807","807","807","807","807","807","807","807","807","807","807","807","807","807","807","807","807","807","807","807","807","807",NA,NA,NA,NA,NA,NA,NA,NA,NA,NA,NA,NA,NA,NA,NA,NA,NA,NA,NA,NA,NA,NA,NA,NA,NA,NA,NA,NA,NA,NA,NA,NA,NA,NA,NA,NA,"CA","rex sole","rex_sole",NA,NA,"700","total_catch_wt_kg ~ 0 + factor(year) + pass","delta_gamma","TRUE","iid, iid","04_6","factor(year)2017","-0.130715737362081","0.589121631096252","-1.28537291682423","1.02394144210006"
"808","808","808","808","808","808","808","808","808","808","808","808","808","808","808","808","808","808","808","808","808","808","808","808","808","808",NA,NA,NA,NA,NA,NA,NA,NA,NA,NA,NA,NA,NA,NA,NA,NA,NA,NA,NA,NA,NA,NA,NA,NA,NA,NA,NA,NA,NA,NA,NA,NA,NA,NA,NA,NA,"CA","rex sole","rex_sole",NA,NA,"700","total_catch_wt_kg ~ 0 + factor(year) + pass","delta_gamma","TRUE","iid, iid","04_6","factor(year)2018","0.0510077292977164","0.588089771575047","-1.10162704266576","1.2036425012612"
"809","809","809","809","809","809","809","809","809","809","809","809","809","809","809","809","809","809","809","809","809","809","809","809","809","809",NA,NA,NA,NA,NA,NA,NA,NA,NA,NA,NA,NA,NA,NA,NA,NA,NA,NA,NA,NA,NA,NA,NA,NA,NA,NA,NA,NA,NA,NA,NA,NA,NA,NA,NA,NA,"CA","rex sole","rex_sole",NA,NA,"700","total_catch_wt_kg ~ 0 + factor(year) + pass","delta_gamma","TRUE","iid, iid","04_6","factor(year)2019","-0.243987308364224","0.636377682719682","-1.49126464705986","1.00329003033141"
"810","810","810","810","810","810","810","810","810","810","810","810","810","810","810","810","810","810","810","810","810","810","810","810","810","810",NA,NA,NA,NA,NA,NA,NA,NA,NA,NA,NA,NA,NA,NA,NA,NA,NA,NA,NA,NA,NA,NA,NA,NA,NA,NA,NA,NA,NA,NA,NA,NA,NA,NA,NA,NA,"CA","rex sole","rex_sole",NA,NA,"700","total_catch_wt_kg ~ 0 + factor(year) + pass","delta_gamma","TRUE","iid, iid","04_6","factor(year)2021","0.194177017410692","0.593259480936573","-0.968590198711918","1.3569442335333"
"811","811","811","811","811","811","811","811","811","811","811","811","811","811","811","811","811","811","811","811","811","811","811","811","811","811",NA,NA,NA,NA,NA,NA,NA,NA,NA,NA,NA,NA,NA,NA,NA,NA,NA,NA,NA,NA,NA,NA,NA,NA,NA,NA,NA,NA,NA,NA,NA,NA,NA,NA,NA,NA,"CA","rex sole","rex_sole",NA,NA,"700","total_catch_wt_kg ~ 0 + factor(year) + pass","delta_gamma","TRUE","iid, iid","04_6","factor(year)2022","0.266712404645378","0.609405145881241","-0.927699733275232","1.46112454256599"
"812","812","812","812","812","812","812","812","812","812","812","812","812","812","812","812","812","812","812","812","812","812","812","812","812","812",NA,NA,NA,NA,NA,NA,NA,NA,NA,NA,NA,NA,NA,NA,NA,NA,NA,NA,NA,NA,NA,NA,NA,NA,NA,NA,NA,NA,NA,NA,NA,NA,NA,NA,NA,NA,"CA","rex sole","rex_sole",NA,NA,"700","total_catch_wt_kg ~ 0 + factor(year) + pass","delta_gamma","TRUE","iid, iid","04_6","factor(year)2023","-0.0849421853990223","0.604301341830591","-1.26935105119621","1.09946668039816"
"813","813","813","813","813","813","813","813","813","813","813","813","813","813","813","813","813","813","813","813","813","813","813","813","813","813",NA,NA,NA,NA,NA,NA,NA,NA,NA,NA,NA,NA,NA,NA,NA,NA,NA,NA,NA,NA,NA,NA,NA,NA,NA,NA,NA,NA,NA,NA,NA,NA,NA,NA,NA,NA,"CA","rex sole","rex_sole",NA,NA,"700","total_catch_wt_kg ~ 0 + factor(year) + pass","delta_gamma","TRUE","iid, iid","04_6","factor(year)2024","-0.222026433168144","0.603600246307036","-1.40506117698944","0.961008310653152"
"814","814","814","814","814","814","814","814","814","814","814","814","814","814","814","814","814","814","814","814","814","814","814","814","814","814",NA,NA,NA,NA,NA,NA,NA,NA,NA,NA,NA,NA,NA,NA,NA,NA,NA,NA,NA,NA,NA,NA,NA,NA,NA,NA,NA,NA,NA,NA,NA,NA,NA,NA,NA,NA,"CA","rex sole","rex_sole",NA,NA,"700","total_catch_wt_kg ~ 0 + factor(year) + pass","delta_gamma","TRUE","iid, iid","04_6","pass","0.0166089138660762","0.106425815097097","-0.191981850749554","0.225199678481706"
"815","815","815","815","815","815","815","815","815","815","815","815","815","815","815","815","815","815","815","815","815","815","815","815","815",NA,NA,NA,NA,NA,NA,NA,NA,NA,NA,NA,NA,NA,NA,NA,NA,NA,NA,NA,NA,NA,NA,NA,NA,NA,NA,NA,NA,NA,NA,NA,NA,NA,NA,NA,NA,NA,"CA","rex sole","rex_sole",NA,NA,"700","total_catch_wt_kg ~ 0 + factor(year) + pass","delta_gamma","TRUE","iid, iid","04_7","factor(year)2003","0.225879598354787","0.813557027603429","-1.36866287511739","1.82042207182696"
"816","816","816","816","816","816","816","816","816","816","816","816","816","816","816","816","816","816","816","816","816","816","816","816","816",NA,NA,NA,NA,NA,NA,NA,NA,NA,NA,NA,NA,NA,NA,NA,NA,NA,NA,NA,NA,NA,NA,NA,NA,NA,NA,NA,NA,NA,NA,NA,NA,NA,NA,NA,NA,NA,"CA","rex sole","rex_sole",NA,NA,"700","total_catch_wt_kg ~ 0 + factor(year) + pass","delta_gamma","TRUE","iid, iid","04_7","factor(year)2004","0.482241436973551","0.819579020275099","-1.12410392525026","2.08858679919737"
"817","817","817","817","817","817","817","817","817","817","817","817","817","817","817","817","817","817","817","817","817","817","817","817","817",NA,NA,NA,NA,NA,NA,NA,NA,NA,NA,NA,NA,NA,NA,NA,NA,NA,NA,NA,NA,NA,NA,NA,NA,NA,NA,NA,NA,NA,NA,NA,NA,NA,NA,NA,NA,NA,"CA","rex sole","rex_sole",NA,NA,"700","total_catch_wt_kg ~ 0 + factor(year) + pass","delta_gamma","TRUE","iid, iid","04_7","factor(year)2005","0.646932080192592","0.808317640633234","-0.937341383516936","2.23120554390212"
"818","818","818","818","818","818","818","818","818","818","818","818","818","818","818","818","818","818","818","818","818","818","818","818","818",NA,NA,NA,NA,NA,NA,NA,NA,NA,NA,NA,NA,NA,NA,NA,NA,NA,NA,NA,NA,NA,NA,NA,NA,NA,NA,NA,NA,NA,NA,NA,NA,NA,NA,NA,NA,NA,"CA","rex sole","rex_sole",NA,NA,"700","total_catch_wt_kg ~ 0 + factor(year) + pass","delta_gamma","TRUE","iid, iid","04_7","factor(year)2006","0.242445171546359","0.798704632745036","-1.3229871429192","1.80787748601192"
"819","819","819","819","819","819","819","819","819","819","819","819","819","819","819","819","819","819","819","819","819","819","819","819","819",NA,NA,NA,NA,NA,NA,NA,NA,NA,NA,NA,NA,NA,NA,NA,NA,NA,NA,NA,NA,NA,NA,NA,NA,NA,NA,NA,NA,NA,NA,NA,NA,NA,NA,NA,NA,NA,"CA","rex sole","rex_sole",NA,NA,"700","total_catch_wt_kg ~ 0 + factor(year) + pass","delta_gamma","TRUE","iid, iid","04_7","factor(year)2007","-0.111108979555892","0.798355227679571","-1.67585647267713","1.45363851356534"
"820","820","820","820","820","820","820","820","820","820","820","820","820","820","820","820","820","820","820","820","820","820","820","820","820",NA,NA,NA,NA,NA,NA,NA,NA,NA,NA,NA,NA,NA,NA,NA,NA,NA,NA,NA,NA,NA,NA,NA,NA,NA,NA,NA,NA,NA,NA,NA,NA,NA,NA,NA,NA,NA,"CA","rex sole","rex_sole",NA,NA,"700","total_catch_wt_kg ~ 0 + factor(year) + pass","delta_gamma","TRUE","iid, iid","04_7","factor(year)2008","-0.449508045531338","0.795803079757613","-2.00925342064231","1.11023732957964"
"821","821","821","821","821","821","821","821","821","821","821","821","821","821","821","821","821","821","821","821","821","821","821","821","821",NA,NA,NA,NA,NA,NA,NA,NA,NA,NA,NA,NA,NA,NA,NA,NA,NA,NA,NA,NA,NA,NA,NA,NA,NA,NA,NA,NA,NA,NA,NA,NA,NA,NA,NA,NA,NA,"CA","rex sole","rex_sole",NA,NA,"700","total_catch_wt_kg ~ 0 + factor(year) + pass","delta_gamma","TRUE","iid, iid","04_7","factor(year)2009","-0.396960752474806","0.791424068452632","-1.94812342314013","1.15420191819051"
"822","822","822","822","822","822","822","822","822","822","822","822","822","822","822","822","822","822","822","822","822","822","822","822","822",NA,NA,NA,NA,NA,NA,NA,NA,NA,NA,NA,NA,NA,NA,NA,NA,NA,NA,NA,NA,NA,NA,NA,NA,NA,NA,NA,NA,NA,NA,NA,NA,NA,NA,NA,NA,NA,"CA","rex sole","rex_sole",NA,NA,"700","total_catch_wt_kg ~ 0 + factor(year) + pass","delta_gamma","TRUE","iid, iid","04_7","factor(year)2010","0.0355165882508742","0.794200359116766","-1.52108751212676","1.59212068862851"
"823","823","823","823","823","823","823","823","823","823","823","823","823","823","823","823","823","823","823","823","823","823","823","823","823",NA,NA,NA,NA,NA,NA,NA,NA,NA,NA,NA,NA,NA,NA,NA,NA,NA,NA,NA,NA,NA,NA,NA,NA,NA,NA,NA,NA,NA,NA,NA,NA,NA,NA,NA,NA,NA,"CA","rex sole","rex_sole",NA,NA,"700","total_catch_wt_kg ~ 0 + factor(year) + pass","delta_gamma","TRUE","iid, iid","04_7","factor(year)2011","-0.213068296102938","0.798648604324018","-1.77839079688119","1.35225420467532"
"824","824","824","824","824","824","824","824","824","824","824","824","824","824","824","824","824","824","824","824","824","824","824","824","824",NA,NA,NA,NA,NA,NA,NA,NA,NA,NA,NA,NA,NA,NA,NA,NA,NA,NA,NA,NA,NA,NA,NA,NA,NA,NA,NA,NA,NA,NA,NA,NA,NA,NA,NA,NA,NA,"CA","rex sole","rex_sole",NA,NA,"700","total_catch_wt_kg ~ 0 + factor(year) + pass","delta_gamma","TRUE","iid, iid","04_7","factor(year)2012","0.39146329004265","0.800296522297748","-1.17708907061359","1.96001565069889"
"825","825","825","825","825","825","825","825","825","825","825","825","825","825","825","825","825","825","825","825","825","825","825","825","825",NA,NA,NA,NA,NA,NA,NA,NA,NA,NA,NA,NA,NA,NA,NA,NA,NA,NA,NA,NA,NA,NA,NA,NA,NA,NA,NA,NA,NA,NA,NA,NA,NA,NA,NA,NA,NA,"CA","rex sole","rex_sole",NA,NA,"700","total_catch_wt_kg ~ 0 + factor(year) + pass","delta_gamma","TRUE","iid, iid","04_7","factor(year)2013","0.0310086350162932","0.810697033593513","-1.55792835320045","1.61994562323304"
"826","826","826","826","826","826","826","826","826","826","826","826","826","826","826","826","826","826","826","826","826","826","826","826","826",NA,NA,NA,NA,NA,NA,NA,NA,NA,NA,NA,NA,NA,NA,NA,NA,NA,NA,NA,NA,NA,NA,NA,NA,NA,NA,NA,NA,NA,NA,NA,NA,NA,NA,NA,NA,NA,"CA","rex sole","rex_sole",NA,NA,"700","total_catch_wt_kg ~ 0 + factor(year) + pass","delta_gamma","TRUE","iid, iid","04_7","factor(year)2014","-0.0590283275792197","0.792154095960648","-1.61162182586798","1.49356517070954"
"827","827","827","827","827","827","827","827","827","827","827","827","827","827","827","827","827","827","827","827","827","827","827","827","827",NA,NA,NA,NA,NA,NA,NA,NA,NA,NA,NA,NA,NA,NA,NA,NA,NA,NA,NA,NA,NA,NA,NA,NA,NA,NA,NA,NA,NA,NA,NA,NA,NA,NA,NA,NA,NA,"CA","rex sole","rex_sole",NA,NA,"700","total_catch_wt_kg ~ 0 + factor(year) + pass","delta_gamma","TRUE","iid, iid","04_7","factor(year)2015","0.323459013125585","0.802357276683612","-1.24913235190793","1.8960503781591"
"828","828","828","828","828","828","828","828","828","828","828","828","828","828","828","828","828","828","828","828","828","828","828","828","828",NA,NA,NA,NA,NA,NA,NA,NA,NA,NA,NA,NA,NA,NA,NA,NA,NA,NA,NA,NA,NA,NA,NA,NA,NA,NA,NA,NA,NA,NA,NA,NA,NA,NA,NA,NA,NA,"CA","rex sole","rex_sole",NA,NA,"700","total_catch_wt_kg ~ 0 + factor(year) + pass","delta_gamma","TRUE","iid, iid","04_7","factor(year)2016","-0.175227852459095","0.801646052405635","-1.74642524352285","1.39596953860466"
"829","829","829","829","829","829","829","829","829","829","829","829","829","829","829","829","829","829","829","829","829","829","829","829","829",NA,NA,NA,NA,NA,NA,NA,NA,NA,NA,NA,NA,NA,NA,NA,NA,NA,NA,NA,NA,NA,NA,NA,NA,NA,NA,NA,NA,NA,NA,NA,NA,NA,NA,NA,NA,NA,"CA","rex sole","rex_sole",NA,NA,"700","total_catch_wt_kg ~ 0 + factor(year) + pass","delta_gamma","TRUE","iid, iid","04_7","factor(year)2017","-0.358200386652102","0.798610124845486","-1.92344746903829","1.20704669573409"
"830","830","830","830","830","830","830","830","830","830","830","830","830","830","830","830","830","830","830","830","830","830","830","830","830",NA,NA,NA,NA,NA,NA,NA,NA,NA,NA,NA,NA,NA,NA,NA,NA,NA,NA,NA,NA,NA,NA,NA,NA,NA,NA,NA,NA,NA,NA,NA,NA,NA,NA,NA,NA,NA,"CA","rex sole","rex_sole",NA,NA,"700","total_catch_wt_kg ~ 0 + factor(year) + pass","delta_gamma","TRUE","iid, iid","04_7","factor(year)2018","0.311131670627473","0.803088903471791","-1.262893656561","1.88515699781595"
"831","831","831","831","831","831","831","831","831","831","831","831","831","831","831","831","831","831","831","831","831","831","831","831","831",NA,NA,NA,NA,NA,NA,NA,NA,NA,NA,NA,NA,NA,NA,NA,NA,NA,NA,NA,NA,NA,NA,NA,NA,NA,NA,NA,NA,NA,NA,NA,NA,NA,NA,NA,NA,NA,"CA","rex sole","rex_sole",NA,NA,"700","total_catch_wt_kg ~ 0 + factor(year) + pass","delta_gamma","TRUE","iid, iid","04_7","factor(year)2019","0.130607592132739","0.847012494566389","-1.52950639167281","1.79072157593829"
"832","832","832","832","832","832","832","832","832","832","832","832","832","832","832","832","832","832","832","832","832","832","832","832","832",NA,NA,NA,NA,NA,NA,NA,NA,NA,NA,NA,NA,NA,NA,NA,NA,NA,NA,NA,NA,NA,NA,NA,NA,NA,NA,NA,NA,NA,NA,NA,NA,NA,NA,NA,NA,NA,"CA","rex sole","rex_sole",NA,NA,"700","total_catch_wt_kg ~ 0 + factor(year) + pass","delta_gamma","TRUE","iid, iid","04_7","factor(year)2021","-0.153499701133726","0.794710491891376","-1.71110364337693","1.40410424110948"
"833","833","833","833","833","833","833","833","833","833","833","833","833","833","833","833","833","833","833","833","833","833","833","833","833",NA,NA,NA,NA,NA,NA,NA,NA,NA,NA,NA,NA,NA,NA,NA,NA,NA,NA,NA,NA,NA,NA,NA,NA,NA,NA,NA,NA,NA,NA,NA,NA,NA,NA,NA,NA,NA,"CA","rex sole","rex_sole",NA,NA,"700","total_catch_wt_kg ~ 0 + factor(year) + pass","delta_gamma","TRUE","iid, iid","04_7","factor(year)2022","-0.272034414773179","0.798158545970764","-1.83639641882873","1.29232758928238"
"834","834","834","834","834","834","834","834","834","834","834","834","834","834","834","834","834","834","834","834","834","834","834","834","834",NA,NA,NA,NA,NA,NA,NA,NA,NA,NA,NA,NA,NA,NA,NA,NA,NA,NA,NA,NA,NA,NA,NA,NA,NA,NA,NA,NA,NA,NA,NA,NA,NA,NA,NA,NA,NA,"CA","rex sole","rex_sole",NA,NA,"700","total_catch_wt_kg ~ 0 + factor(year) + pass","delta_gamma","TRUE","iid, iid","04_7","factor(year)2023","-0.178470229335259","0.795132650567236","-1.73690158737891","1.37996112870839"
"835","835","835","835","835","835","835","835","835","835","835","835","835","835","835","835","835","835","835","835","835","835","835","835","835",NA,NA,NA,NA,NA,NA,NA,NA,NA,NA,NA,NA,NA,NA,NA,NA,NA,NA,NA,NA,NA,NA,NA,NA,NA,NA,NA,NA,NA,NA,NA,NA,NA,NA,NA,NA,NA,"CA","rex sole","rex_sole",NA,NA,"700","total_catch_wt_kg ~ 0 + factor(year) + pass","delta_gamma","TRUE","iid, iid","04_7","factor(year)2024","-0.34782275694092","0.80197101680764","-1.91965706652886","1.22401155264702"
"836","836","836","836","836","836","836","836","836","836","836","836","836","836","836","836","836","836","836","836","836","836","836","836","836",NA,NA,NA,NA,NA,NA,NA,NA,NA,NA,NA,NA,NA,NA,NA,NA,NA,NA,NA,NA,NA,NA,NA,NA,NA,NA,NA,NA,NA,NA,NA,NA,NA,NA,NA,NA,NA,"CA","rex sole","rex_sole",NA,NA,"700","total_catch_wt_kg ~ 0 + factor(year) + pass","delta_gamma","TRUE","iid, iid","04_7","pass","-0.0681074405996329","0.111437913680488","-0.286521737925674","0.150306856726408"
"837","837","837","837","837","837","837","837","837","837","837","837","837","837","837","837","837","837","837","837","837","837","837","837",NA,NA,NA,NA,NA,NA,NA,NA,NA,NA,NA,NA,NA,NA,NA,NA,NA,NA,NA,NA,NA,NA,NA,NA,NA,NA,NA,NA,NA,NA,NA,NA,NA,NA,NA,NA,NA,NA,"CA","rex sole","rex_sole",NA,NA,"700","total_catch_wt_kg ~ 0 + factor(year) + pass","delta_gamma","TRUE","iid, iid","04_8","factor(year)2003","0.716785948983085","0.721644479440689","-0.69761124036282","2.13118313832899"
"838","838","838","838","838","838","838","838","838","838","838","838","838","838","838","838","838","838","838","838","838","838","838","838",NA,NA,NA,NA,NA,NA,NA,NA,NA,NA,NA,NA,NA,NA,NA,NA,NA,NA,NA,NA,NA,NA,NA,NA,NA,NA,NA,NA,NA,NA,NA,NA,NA,NA,NA,NA,NA,NA,"CA","rex sole","rex_sole",NA,NA,"700","total_catch_wt_kg ~ 0 + factor(year) + pass","delta_gamma","TRUE","iid, iid","04_8","factor(year)2004","0.229967100007148","0.73445762070661","-1.20954338474879","1.66947758476308"
"839","839","839","839","839","839","839","839","839","839","839","839","839","839","839","839","839","839","839","839","839","839","839","839",NA,NA,NA,NA,NA,NA,NA,NA,NA,NA,NA,NA,NA,NA,NA,NA,NA,NA,NA,NA,NA,NA,NA,NA,NA,NA,NA,NA,NA,NA,NA,NA,NA,NA,NA,NA,NA,NA,"CA","rex sole","rex_sole",NA,NA,"700","total_catch_wt_kg ~ 0 + factor(year) + pass","delta_gamma","TRUE","iid, iid","04_8","factor(year)2005","0.125996662349459","0.719623479680174","-1.28443944025307","1.53643276495199"
"840","840","840","840","840","840","840","840","840","840","840","840","840","840","840","840","840","840","840","840","840","840","840","840",NA,NA,NA,NA,NA,NA,NA,NA,NA,NA,NA,NA,NA,NA,NA,NA,NA,NA,NA,NA,NA,NA,NA,NA,NA,NA,NA,NA,NA,NA,NA,NA,NA,NA,NA,NA,NA,NA,"CA","rex sole","rex_sole",NA,NA,"700","total_catch_wt_kg ~ 0 + factor(year) + pass","delta_gamma","TRUE","iid, iid","04_8","factor(year)2006","0.437251698439544","0.716932088686562","-0.967909374747194","1.84241277162628"
"841","841","841","841","841","841","841","841","841","841","841","841","841","841","841","841","841","841","841","841","841","841","841","841",NA,NA,NA,NA,NA,NA,NA,NA,NA,NA,NA,NA,NA,NA,NA,NA,NA,NA,NA,NA,NA,NA,NA,NA,NA,NA,NA,NA,NA,NA,NA,NA,NA,NA,NA,NA,NA,NA,"CA","rex sole","rex_sole",NA,NA,"700","total_catch_wt_kg ~ 0 + factor(year) + pass","delta_gamma","TRUE","iid, iid","04_8","factor(year)2007","0.0269589101416402","0.716701536493799","-1.37775028905072","1.431668109334"
"842","842","842","842","842","842","842","842","842","842","842","842","842","842","842","842","842","842","842","842","842","842","842","842",NA,NA,NA,NA,NA,NA,NA,NA,NA,NA,NA,NA,NA,NA,NA,NA,NA,NA,NA,NA,NA,NA,NA,NA,NA,NA,NA,NA,NA,NA,NA,NA,NA,NA,NA,NA,NA,NA,"CA","rex sole","rex_sole",NA,NA,"700","total_catch_wt_kg ~ 0 + factor(year) + pass","delta_gamma","TRUE","iid, iid","04_8","factor(year)2008","-0.468592929561272","0.70961078347358","-1.85940450821074","0.922218649088194"
"843","843","843","843","843","843","843","843","843","843","843","843","843","843","843","843","843","843","843","843","843","843","843","843",NA,NA,NA,NA,NA,NA,NA,NA,NA,NA,NA,NA,NA,NA,NA,NA,NA,NA,NA,NA,NA,NA,NA,NA,NA,NA,NA,NA,NA,NA,NA,NA,NA,NA,NA,NA,NA,NA,"CA","rex sole","rex_sole",NA,NA,"700","total_catch_wt_kg ~ 0 + factor(year) + pass","delta_gamma","TRUE","iid, iid","04_8","factor(year)2009","-0.230081646310824","0.710218430464817","-1.62208419117843","1.16192089855678"
"844","844","844","844","844","844","844","844","844","844","844","844","844","844","844","844","844","844","844","844","844","844","844","844",NA,NA,NA,NA,NA,NA,NA,NA,NA,NA,NA,NA,NA,NA,NA,NA,NA,NA,NA,NA,NA,NA,NA,NA,NA,NA,NA,NA,NA,NA,NA,NA,NA,NA,NA,NA,NA,NA,"CA","rex sole","rex_sole",NA,NA,"700","total_catch_wt_kg ~ 0 + factor(year) + pass","delta_gamma","TRUE","iid, iid","04_8","factor(year)2010","0.131743909180479","0.709563737496957","-1.25897546104919","1.52246327941015"
"845","845","845","845","845","845","845","845","845","845","845","845","845","845","845","845","845","845","845","845","845","845","845","845",NA,NA,NA,NA,NA,NA,NA,NA,NA,NA,NA,NA,NA,NA,NA,NA,NA,NA,NA,NA,NA,NA,NA,NA,NA,NA,NA,NA,NA,NA,NA,NA,NA,NA,NA,NA,NA,NA,"CA","rex sole","rex_sole",NA,NA,"700","total_catch_wt_kg ~ 0 + factor(year) + pass","delta_gamma","TRUE","iid, iid","04_8","factor(year)2011","0.0984088551463401","0.714423654607425","-1.3018357775877","1.49865348788038"
"846","846","846","846","846","846","846","846","846","846","846","846","846","846","846","846","846","846","846","846","846","846","846","846",NA,NA,NA,NA,NA,NA,NA,NA,NA,NA,NA,NA,NA,NA,NA,NA,NA,NA,NA,NA,NA,NA,NA,NA,NA,NA,NA,NA,NA,NA,NA,NA,NA,NA,NA,NA,NA,NA,"CA","rex sole","rex_sole",NA,NA,"700","total_catch_wt_kg ~ 0 + factor(year) + pass","delta_gamma","TRUE","iid, iid","04_8","factor(year)2012","0.0741317633049577","0.717386105360296","-1.33191916621068","1.48018269282059"
"847","847","847","847","847","847","847","847","847","847","847","847","847","847","847","847","847","847","847","847","847","847","847","847",NA,NA,NA,NA,NA,NA,NA,NA,NA,NA,NA,NA,NA,NA,NA,NA,NA,NA,NA,NA,NA,NA,NA,NA,NA,NA,NA,NA,NA,NA,NA,NA,NA,NA,NA,NA,NA,NA,"CA","rex sole","rex_sole",NA,NA,"700","total_catch_wt_kg ~ 0 + factor(year) + pass","delta_gamma","TRUE","iid, iid","04_8","factor(year)2013","0.78160441320579","0.736811288337337","-0.662519175337948","2.22572800174953"
"848","848","848","848","848","848","848","848","848","848","848","848","848","848","848","848","848","848","848","848","848","848","848","848",NA,NA,NA,NA,NA,NA,NA,NA,NA,NA,NA,NA,NA,NA,NA,NA,NA,NA,NA,NA,NA,NA,NA,NA,NA,NA,NA,NA,NA,NA,NA,NA,NA,NA,NA,NA,NA,NA,"CA","rex sole","rex_sole",NA,NA,"700","total_catch_wt_kg ~ 0 + factor(year) + pass","delta_gamma","TRUE","iid, iid","04_8","factor(year)2014","0.208688944118254","0.71287197469386","-1.18851445186966","1.60589234010617"
"849","849","849","849","849","849","849","849","849","849","849","849","849","849","849","849","849","849","849","849","849","849","849","849",NA,NA,NA,NA,NA,NA,NA,NA,NA,NA,NA,NA,NA,NA,NA,NA,NA,NA,NA,NA,NA,NA,NA,NA,NA,NA,NA,NA,NA,NA,NA,NA,NA,NA,NA,NA,NA,NA,"CA","rex sole","rex_sole",NA,NA,"700","total_catch_wt_kg ~ 0 + factor(year) + pass","delta_gamma","TRUE","iid, iid","04_8","factor(year)2015","-0.0440082070187243","0.714071977958323","-1.44356356618632","1.35554715214887"
"850","850","850","850","850","850","850","850","850","850","850","850","850","850","850","850","850","850","850","850","850","850","850","850",NA,NA,NA,NA,NA,NA,NA,NA,NA,NA,NA,NA,NA,NA,NA,NA,NA,NA,NA,NA,NA,NA,NA,NA,NA,NA,NA,NA,NA,NA,NA,NA,NA,NA,NA,NA,NA,NA,"CA","rex sole","rex_sole",NA,NA,"700","total_catch_wt_kg ~ 0 + factor(year) + pass","delta_gamma","TRUE","iid, iid","04_8","factor(year)2016","0.175938368379196","0.716489622817754","-1.22835548764029","1.58023222439868"
"851","851","851","851","851","851","851","851","851","851","851","851","851","851","851","851","851","851","851","851","851","851","851","851",NA,NA,NA,NA,NA,NA,NA,NA,NA,NA,NA,NA,NA,NA,NA,NA,NA,NA,NA,NA,NA,NA,NA,NA,NA,NA,NA,NA,NA,NA,NA,NA,NA,NA,NA,NA,NA,NA,"CA","rex sole","rex_sole",NA,NA,"700","total_catch_wt_kg ~ 0 + factor(year) + pass","delta_gamma","TRUE","iid, iid","04_8","factor(year)2017","0.197830377897554","0.712187651472477","-1.19803176922266","1.59369252501777"
"852","852","852","852","852","852","852","852","852","852","852","852","852","852","852","852","852","852","852","852","852","852","852","852",NA,NA,NA,NA,NA,NA,NA,NA,NA,NA,NA,NA,NA,NA,NA,NA,NA,NA,NA,NA,NA,NA,NA,NA,NA,NA,NA,NA,NA,NA,NA,NA,NA,NA,NA,NA,NA,NA,"CA","rex sole","rex_sole",NA,NA,"700","total_catch_wt_kg ~ 0 + factor(year) + pass","delta_gamma","TRUE","iid, iid","04_8","factor(year)2018","0.268854326237645","0.709761850099901","-1.12225333755868","1.65996199003397"
"853","853","853","853","853","853","853","853","853","853","853","853","853","853","853","853","853","853","853","853","853","853","853","853",NA,NA,NA,NA,NA,NA,NA,NA,NA,NA,NA,NA,NA,NA,NA,NA,NA,NA,NA,NA,NA,NA,NA,NA,NA,NA,NA,NA,NA,NA,NA,NA,NA,NA,NA,NA,NA,NA,"CA","rex sole","rex_sole",NA,NA,"700","total_catch_wt_kg ~ 0 + factor(year) + pass","delta_gamma","TRUE","iid, iid","04_8","factor(year)2019","-0.344718431508964","0.758492098187794","-1.83133562651526","1.14189876349733"
"854","854","854","854","854","854","854","854","854","854","854","854","854","854","854","854","854","854","854","854","854","854","854","854",NA,NA,NA,NA,NA,NA,NA,NA,NA,NA,NA,NA,NA,NA,NA,NA,NA,NA,NA,NA,NA,NA,NA,NA,NA,NA,NA,NA,NA,NA,NA,NA,NA,NA,NA,NA,NA,NA,"CA","rex sole","rex_sole",NA,NA,"700","total_catch_wt_kg ~ 0 + factor(year) + pass","delta_gamma","TRUE","iid, iid","04_8","factor(year)2021","0.0669907938734728","0.713044348873797","-1.33055044929898","1.46453203704593"
"855","855","855","855","855","855","855","855","855","855","855","855","855","855","855","855","855","855","855","855","855","855","855","855",NA,NA,NA,NA,NA,NA,NA,NA,NA,NA,NA,NA,NA,NA,NA,NA,NA,NA,NA,NA,NA,NA,NA,NA,NA,NA,NA,NA,NA,NA,NA,NA,NA,NA,NA,NA,NA,NA,"CA","rex sole","rex_sole",NA,NA,"700","total_catch_wt_kg ~ 0 + factor(year) + pass","delta_gamma","TRUE","iid, iid","04_8","factor(year)2022","-0.0116693932760259","0.719086057177485","-1.42105216712881","1.39771338057675"
"856","856","856","856","856","856","856","856","856","856","856","856","856","856","856","856","856","856","856","856","856","856","856","856",NA,NA,NA,NA,NA,NA,NA,NA,NA,NA,NA,NA,NA,NA,NA,NA,NA,NA,NA,NA,NA,NA,NA,NA,NA,NA,NA,NA,NA,NA,NA,NA,NA,NA,NA,NA,NA,NA,"CA","rex sole","rex_sole",NA,NA,"700","total_catch_wt_kg ~ 0 + factor(year) + pass","delta_gamma","TRUE","iid, iid","04_8","factor(year)2023","0.497529739801681","0.719251272557342","-0.912176850245312","1.90723632984867"
"857","857","857","857","857","857","857","857","857","857","857","857","857","857","857","857","857","857","857","857","857","857","857","857",NA,NA,NA,NA,NA,NA,NA,NA,NA,NA,NA,NA,NA,NA,NA,NA,NA,NA,NA,NA,NA,NA,NA,NA,NA,NA,NA,NA,NA,NA,NA,NA,NA,NA,NA,NA,NA,NA,"CA","rex sole","rex_sole",NA,NA,"700","total_catch_wt_kg ~ 0 + factor(year) + pass","delta_gamma","TRUE","iid, iid","04_8","factor(year)2024","-0.232231352151749","0.719749512333157","-1.642914474215","1.17845176991151"
"858","858","858","858","858","858","858","858","858","858","858","858","858","858","858","858","858","858","858","858","858","858","858","858",NA,NA,NA,NA,NA,NA,NA,NA,NA,NA,NA,NA,NA,NA,NA,NA,NA,NA,NA,NA,NA,NA,NA,NA,NA,NA,NA,NA,NA,NA,NA,NA,NA,NA,NA,NA,NA,NA,"CA","rex sole","rex_sole",NA,NA,"700","total_catch_wt_kg ~ 0 + factor(year) + pass","delta_gamma","TRUE","iid, iid","04_8","pass","-0.1902083830506","0.11000860264096","-0.405821282216459","0.0254045161152584"
"859","859","859","859","859","859","859","859","859","859","859","859","859","859","859","859","859","859","859","859","859","859","859",NA,NA,NA,NA,NA,NA,NA,NA,NA,NA,NA,NA,NA,NA,NA,NA,NA,NA,NA,NA,NA,NA,NA,NA,NA,NA,NA,NA,NA,NA,NA,NA,NA,NA,NA,NA,NA,NA,NA,"CA","rex sole","rex_sole",NA,NA,"700","total_catch_wt_kg ~ 0 + factor(year) + pass","delta_gamma","TRUE","iid, iid","04_9","factor(year)2003","0.819147960125215","0.689274634488767","-0.531805498929778","2.17010141918021"
"860","860","860","860","860","860","860","860","860","860","860","860","860","860","860","860","860","860","860","860","860","860","860",NA,NA,NA,NA,NA,NA,NA,NA,NA,NA,NA,NA,NA,NA,NA,NA,NA,NA,NA,NA,NA,NA,NA,NA,NA,NA,NA,NA,NA,NA,NA,NA,NA,NA,NA,NA,NA,NA,NA,"CA","rex sole","rex_sole",NA,NA,"700","total_catch_wt_kg ~ 0 + factor(year) + pass","delta_gamma","TRUE","iid, iid","04_9","factor(year)2004","0.64797119179323","0.700002751586103","-0.72400899039447","2.01995137398093"
"861","861","861","861","861","861","861","861","861","861","861","861","861","861","861","861","861","861","861","861","861","861","861",NA,NA,NA,NA,NA,NA,NA,NA,NA,NA,NA,NA,NA,NA,NA,NA,NA,NA,NA,NA,NA,NA,NA,NA,NA,NA,NA,NA,NA,NA,NA,NA,NA,NA,NA,NA,NA,NA,NA,"CA","rex sole","rex_sole",NA,NA,"700","total_catch_wt_kg ~ 0 + factor(year) + pass","delta_gamma","TRUE","iid, iid","04_9","factor(year)2005","0.860175344989015","0.679961547786262","-0.472524799544168","2.1928754895222"
"862","862","862","862","862","862","862","862","862","862","862","862","862","862","862","862","862","862","862","862","862","862","862",NA,NA,NA,NA,NA,NA,NA,NA,NA,NA,NA,NA,NA,NA,NA,NA,NA,NA,NA,NA,NA,NA,NA,NA,NA,NA,NA,NA,NA,NA,NA,NA,NA,NA,NA,NA,NA,NA,NA,"CA","rex sole","rex_sole",NA,NA,"700","total_catch_wt_kg ~ 0 + factor(year) + pass","delta_gamma","TRUE","iid, iid","04_9","factor(year)2006","0.657642328197734","0.67840347663155","-0.672004052986863","1.98728870938233"
"863","863","863","863","863","863","863","863","863","863","863","863","863","863","863","863","863","863","863","863","863","863","863",NA,NA,NA,NA,NA,NA,NA,NA,NA,NA,NA,NA,NA,NA,NA,NA,NA,NA,NA,NA,NA,NA,NA,NA,NA,NA,NA,NA,NA,NA,NA,NA,NA,NA,NA,NA,NA,NA,NA,"CA","rex sole","rex_sole",NA,NA,"700","total_catch_wt_kg ~ 0 + factor(year) + pass","delta_gamma","TRUE","iid, iid","04_9","factor(year)2007","-0.199846175449782","0.660259440974001","-1.49393090021137","1.09423854931181"
"864","864","864","864","864","864","864","864","864","864","864","864","864","864","864","864","864","864","864","864","864","864","864",NA,NA,NA,NA,NA,NA,NA,NA,NA,NA,NA,NA,NA,NA,NA,NA,NA,NA,NA,NA,NA,NA,NA,NA,NA,NA,NA,NA,NA,NA,NA,NA,NA,NA,NA,NA,NA,NA,NA,"CA","rex sole","rex_sole",NA,NA,"700","total_catch_wt_kg ~ 0 + factor(year) + pass","delta_gamma","TRUE","iid, iid","04_9","factor(year)2008","-0.272440942848871","0.664826469340862","-1.57547687872588","1.03059499302814"
"865","865","865","865","865","865","865","865","865","865","865","865","865","865","865","865","865","865","865","865","865","865","865",NA,NA,NA,NA,NA,NA,NA,NA,NA,NA,NA,NA,NA,NA,NA,NA,NA,NA,NA,NA,NA,NA,NA,NA,NA,NA,NA,NA,NA,NA,NA,NA,NA,NA,NA,NA,NA,NA,NA,"CA","rex sole","rex_sole",NA,NA,"700","total_catch_wt_kg ~ 0 + factor(year) + pass","delta_gamma","TRUE","iid, iid","04_9","factor(year)2009","-0.222206386600728","0.663790857850596","-1.52321256125484","1.07879978805339"
"866","866","866","866","866","866","866","866","866","866","866","866","866","866","866","866","866","866","866","866","866","866","866",NA,NA,NA,NA,NA,NA,NA,NA,NA,NA,NA,NA,NA,NA,NA,NA,NA,NA,NA,NA,NA,NA,NA,NA,NA,NA,NA,NA,NA,NA,NA,NA,NA,NA,NA,NA,NA,NA,NA,"CA","rex sole","rex_sole",NA,NA,"700","total_catch_wt_kg ~ 0 + factor(year) + pass","delta_gamma","TRUE","iid, iid","04_9","factor(year)2010","0.0709132374544171","0.660812535517451","-1.22425553269238","1.36608200760122"
"867","867","867","867","867","867","867","867","867","867","867","867","867","867","867","867","867","867","867","867","867","867","867",NA,NA,NA,NA,NA,NA,NA,NA,NA,NA,NA,NA,NA,NA,NA,NA,NA,NA,NA,NA,NA,NA,NA,NA,NA,NA,NA,NA,NA,NA,NA,NA,NA,NA,NA,NA,NA,NA,NA,"CA","rex sole","rex_sole",NA,NA,"700","total_catch_wt_kg ~ 0 + factor(year) + pass","delta_gamma","TRUE","iid, iid","04_9","factor(year)2011","-0.157979362722421","0.663087223405964","-1.45760643920678","1.14164771376193"
"868","868","868","868","868","868","868","868","868","868","868","868","868","868","868","868","868","868","868","868","868","868","868",NA,NA,NA,NA,NA,NA,NA,NA,NA,NA,NA,NA,NA,NA,NA,NA,NA,NA,NA,NA,NA,NA,NA,NA,NA,NA,NA,NA,NA,NA,NA,NA,NA,NA,NA,NA,NA,NA,NA,"CA","rex sole","rex_sole",NA,NA,"700","total_catch_wt_kg ~ 0 + factor(year) + pass","delta_gamma","TRUE","iid, iid","04_9","factor(year)2012","0.528149758972671","0.66886960244888","-0.782810572180757","1.8391100901261"
"869","869","869","869","869","869","869","869","869","869","869","869","869","869","869","869","869","869","869","869","869","869","869",NA,NA,NA,NA,NA,NA,NA,NA,NA,NA,NA,NA,NA,NA,NA,NA,NA,NA,NA,NA,NA,NA,NA,NA,NA,NA,NA,NA,NA,NA,NA,NA,NA,NA,NA,NA,NA,NA,NA,"CA","rex sole","rex_sole",NA,NA,"700","total_catch_wt_kg ~ 0 + factor(year) + pass","delta_gamma","TRUE","iid, iid","04_9","factor(year)2013","0.227355082123835","0.672898338955215","-1.09150142748521","1.54621159173288"
"870","870","870","870","870","870","870","870","870","870","870","870","870","870","870","870","870","870","870","870","870","870","870",NA,NA,NA,NA,NA,NA,NA,NA,NA,NA,NA,NA,NA,NA,NA,NA,NA,NA,NA,NA,NA,NA,NA,NA,NA,NA,NA,NA,NA,NA,NA,NA,NA,NA,NA,NA,NA,NA,NA,"CA","rex sole","rex_sole",NA,NA,"700","total_catch_wt_kg ~ 0 + factor(year) + pass","delta_gamma","TRUE","iid, iid","04_9","factor(year)2014","0.469075110115724","0.670894860360335","-0.845854653603561","1.78400487383501"
"871","871","871","871","871","871","871","871","871","871","871","871","871","871","871","871","871","871","871","871","871","871","871",NA,NA,NA,NA,NA,NA,NA,NA,NA,NA,NA,NA,NA,NA,NA,NA,NA,NA,NA,NA,NA,NA,NA,NA,NA,NA,NA,NA,NA,NA,NA,NA,NA,NA,NA,NA,NA,NA,NA,"CA","rex sole","rex_sole",NA,NA,"700","total_catch_wt_kg ~ 0 + factor(year) + pass","delta_gamma","TRUE","iid, iid","04_9","factor(year)2015","0.593233542590667","0.67122195486785","-0.722337314582888","1.90880439976422"
"872","872","872","872","872","872","872","872","872","872","872","872","872","872","872","872","872","872","872","872","872","872","872",NA,NA,NA,NA,NA,NA,NA,NA,NA,NA,NA,NA,NA,NA,NA,NA,NA,NA,NA,NA,NA,NA,NA,NA,NA,NA,NA,NA,NA,NA,NA,NA,NA,NA,NA,NA,NA,NA,NA,"CA","rex sole","rex_sole",NA,NA,"700","total_catch_wt_kg ~ 0 + factor(year) + pass","delta_gamma","TRUE","iid, iid","04_9","factor(year)2016","0.0624703453518862","0.671272996635669","-1.2532005518483","1.37814124255207"
"873","873","873","873","873","873","873","873","873","873","873","873","873","873","873","873","873","873","873","873","873","873","873",NA,NA,NA,NA,NA,NA,NA,NA,NA,NA,NA,NA,NA,NA,NA,NA,NA,NA,NA,NA,NA,NA,NA,NA,NA,NA,NA,NA,NA,NA,NA,NA,NA,NA,NA,NA,NA,NA,NA,"CA","rex sole","rex_sole",NA,NA,"700","total_catch_wt_kg ~ 0 + factor(year) + pass","delta_gamma","TRUE","iid, iid","04_9","factor(year)2017","-0.0149602059353158","0.667911725156825","-1.32404313209471","1.29412272022408"
"874","874","874","874","874","874","874","874","874","874","874","874","874","874","874","874","874","874","874","874","874","874","874",NA,NA,NA,NA,NA,NA,NA,NA,NA,NA,NA,NA,NA,NA,NA,NA,NA,NA,NA,NA,NA,NA,NA,NA,NA,NA,NA,NA,NA,NA,NA,NA,NA,NA,NA,NA,NA,NA,NA,"CA","rex sole","rex_sole",NA,NA,"700","total_catch_wt_kg ~ 0 + factor(year) + pass","delta_gamma","TRUE","iid, iid","04_9","factor(year)2018","0.0100378221171761","0.662819759389679","-1.2890650345281","1.30914067876245"
"875","875","875","875","875","875","875","875","875","875","875","875","875","875","875","875","875","875","875","875","875","875","875",NA,NA,NA,NA,NA,NA,NA,NA,NA,NA,NA,NA,NA,NA,NA,NA,NA,NA,NA,NA,NA,NA,NA,NA,NA,NA,NA,NA,NA,NA,NA,NA,NA,NA,NA,NA,NA,NA,NA,"CA","rex sole","rex_sole",NA,NA,"700","total_catch_wt_kg ~ 0 + factor(year) + pass","delta_gamma","TRUE","iid, iid","04_9","factor(year)2019","-0.100853796896687","0.693623771013385","-1.46033140690378","1.2586238131104"
"876","876","876","876","876","876","876","876","876","876","876","876","876","876","876","876","876","876","876","876","876","876","876",NA,NA,NA,NA,NA,NA,NA,NA,NA,NA,NA,NA,NA,NA,NA,NA,NA,NA,NA,NA,NA,NA,NA,NA,NA,NA,NA,NA,NA,NA,NA,NA,NA,NA,NA,NA,NA,NA,NA,"CA","rex sole","rex_sole",NA,NA,"700","total_catch_wt_kg ~ 0 + factor(year) + pass","delta_gamma","TRUE","iid, iid","04_9","factor(year)2021","0.103018354303629","0.663905949546665","-1.1982133959297","1.40425010453696"
"877","877","877","877","877","877","877","877","877","877","877","877","877","877","877","877","877","877","877","877","877","877","877",NA,NA,NA,NA,NA,NA,NA,NA,NA,NA,NA,NA,NA,NA,NA,NA,NA,NA,NA,NA,NA,NA,NA,NA,NA,NA,NA,NA,NA,NA,NA,NA,NA,NA,NA,NA,NA,NA,NA,"CA","rex sole","rex_sole",NA,NA,"700","total_catch_wt_kg ~ 0 + factor(year) + pass","delta_gamma","TRUE","iid, iid","04_9","factor(year)2022","0.29299234108072","0.670974686753252","-1.0220938794937","1.60807856165514"
"878","878","878","878","878","878","878","878","878","878","878","878","878","878","878","878","878","878","878","878","878","878","878",NA,NA,NA,NA,NA,NA,NA,NA,NA,NA,NA,NA,NA,NA,NA,NA,NA,NA,NA,NA,NA,NA,NA,NA,NA,NA,NA,NA,NA,NA,NA,NA,NA,NA,NA,NA,NA,NA,NA,"CA","rex sole","rex_sole",NA,NA,"700","total_catch_wt_kg ~ 0 + factor(year) + pass","delta_gamma","TRUE","iid, iid","04_9","factor(year)2023","0.319262705126607","0.675044063577838","-1.00379934746352","1.64232475771674"
"879","879","879","879","879","879","879","879","879","879","879","879","879","879","879","879","879","879","879","879","879","879","879",NA,NA,NA,NA,NA,NA,NA,NA,NA,NA,NA,NA,NA,NA,NA,NA,NA,NA,NA,NA,NA,NA,NA,NA,NA,NA,NA,NA,NA,NA,NA,NA,NA,NA,NA,NA,NA,NA,NA,"CA","rex sole","rex_sole",NA,NA,"700","total_catch_wt_kg ~ 0 + factor(year) + pass","delta_gamma","TRUE","iid, iid","04_9","factor(year)2024","-0.259910883992609","0.669943978952885","-1.57297695439972","1.05315518641451"
"880","880","880","880","880","880","880","880","880","880","880","880","880","880","880","880","880","880","880","880","880","880","880",NA,NA,NA,NA,NA,NA,NA,NA,NA,NA,NA,NA,NA,NA,NA,NA,NA,NA,NA,NA,NA,NA,NA,NA,NA,NA,NA,NA,NA,NA,NA,NA,NA,NA,NA,NA,NA,NA,NA,"CA","rex sole","rex_sole",NA,NA,"700","total_catch_wt_kg ~ 0 + factor(year) + pass","delta_gamma","TRUE","iid, iid","04_9","pass","-0.162371180429037","0.109743546516729","-0.377464579137522","0.0527222182794484"
"881","881","881","881","881","881","881","881","881","881","881","881","881","881","881","881","881","881","881","881","881","881",NA,NA,NA,NA,NA,NA,NA,NA,NA,NA,NA,NA,NA,NA,NA,NA,NA,NA,NA,NA,NA,NA,NA,NA,NA,NA,NA,NA,NA,NA,NA,NA,NA,NA,NA,NA,NA,NA,NA,NA,"CA","rex sole","rex_sole",NA,NA,"700","total_catch_wt_kg ~ 0 + factor(year) + pass","delta_gamma","TRUE","iid, iid","05_1","factor(year)2003","-0.474914378755075","1.121363761035","-2.67274696395206","1.72291820644191"
"882","882","882","882","882","882","882","882","882","882","882","882","882","882","882","882","882","882","882","882","882","882",NA,NA,NA,NA,NA,NA,NA,NA,NA,NA,NA,NA,NA,NA,NA,NA,NA,NA,NA,NA,NA,NA,NA,NA,NA,NA,NA,NA,NA,NA,NA,NA,NA,NA,NA,NA,NA,NA,NA,NA,"CA","rex sole","rex_sole",NA,NA,"700","total_catch_wt_kg ~ 0 + factor(year) + pass","delta_gamma","TRUE","iid, iid","05_1","factor(year)2004","-0.906620784882122","1.12767341541965","-3.11682006542791","1.30357849566367"
"883","883","883","883","883","883","883","883","883","883","883","883","883","883","883","883","883","883","883","883","883","883",NA,NA,NA,NA,NA,NA,NA,NA,NA,NA,NA,NA,NA,NA,NA,NA,NA,NA,NA,NA,NA,NA,NA,NA,NA,NA,NA,NA,NA,NA,NA,NA,NA,NA,NA,NA,NA,NA,NA,NA,"CA","rex sole","rex_sole",NA,NA,"700","total_catch_wt_kg ~ 0 + factor(year) + pass","delta_gamma","TRUE","iid, iid","05_1","factor(year)2005","-0.205954625281808","1.12085944022514","-2.4027987598548","1.99088950929118"
"884","884","884","884","884","884","884","884","884","884","884","884","884","884","884","884","884","884","884","884","884","884",NA,NA,NA,NA,NA,NA,NA,NA,NA,NA,NA,NA,NA,NA,NA,NA,NA,NA,NA,NA,NA,NA,NA,NA,NA,NA,NA,NA,NA,NA,NA,NA,NA,NA,NA,NA,NA,NA,NA,NA,"CA","rex sole","rex_sole",NA,NA,"700","total_catch_wt_kg ~ 0 + factor(year) + pass","delta_gamma","TRUE","iid, iid","05_1","factor(year)2006","-0.705402732729823","1.11477204852237","-2.89031579880561","1.47951033334596"
"885","885","885","885","885","885","885","885","885","885","885","885","885","885","885","885","885","885","885","885","885","885",NA,NA,NA,NA,NA,NA,NA,NA,NA,NA,NA,NA,NA,NA,NA,NA,NA,NA,NA,NA,NA,NA,NA,NA,NA,NA,NA,NA,NA,NA,NA,NA,NA,NA,NA,NA,NA,NA,NA,NA,"CA","rex sole","rex_sole",NA,NA,"700","total_catch_wt_kg ~ 0 + factor(year) + pass","delta_gamma","TRUE","iid, iid","05_1","factor(year)2007","-1.02792484560906","1.11501204547773","-3.21330829707374","1.15745860585562"
"886","886","886","886","886","886","886","886","886","886","886","886","886","886","886","886","886","886","886","886","886","886",NA,NA,NA,NA,NA,NA,NA,NA,NA,NA,NA,NA,NA,NA,NA,NA,NA,NA,NA,NA,NA,NA,NA,NA,NA,NA,NA,NA,NA,NA,NA,NA,NA,NA,NA,NA,NA,NA,NA,NA,"CA","rex sole","rex_sole",NA,NA,"700","total_catch_wt_kg ~ 0 + factor(year) + pass","delta_gamma","TRUE","iid, iid","05_1","factor(year)2008","-1.56511608844567","1.11222373841694","-3.74503455849336","0.614802381602022"
"887","887","887","887","887","887","887","887","887","887","887","887","887","887","887","887","887","887","887","887","887","887",NA,NA,NA,NA,NA,NA,NA,NA,NA,NA,NA,NA,NA,NA,NA,NA,NA,NA,NA,NA,NA,NA,NA,NA,NA,NA,NA,NA,NA,NA,NA,NA,NA,NA,NA,NA,NA,NA,NA,NA,"CA","rex sole","rex_sole",NA,NA,"700","total_catch_wt_kg ~ 0 + factor(year) + pass","delta_gamma","TRUE","iid, iid","05_1","factor(year)2009","-1.5077661284331","1.1102459907837","-3.68380828434914","0.668276027482943"
"888","888","888","888","888","888","888","888","888","888","888","888","888","888","888","888","888","888","888","888","888","888",NA,NA,NA,NA,NA,NA,NA,NA,NA,NA,NA,NA,NA,NA,NA,NA,NA,NA,NA,NA,NA,NA,NA,NA,NA,NA,NA,NA,NA,NA,NA,NA,NA,NA,NA,NA,NA,NA,NA,NA,"CA","rex sole","rex_sole",NA,NA,"700","total_catch_wt_kg ~ 0 + factor(year) + pass","delta_gamma","TRUE","iid, iid","05_1","factor(year)2010","-0.970043821451898","1.11028957921507","-3.14617140912357","1.20608376621977"
"889","889","889","889","889","889","889","889","889","889","889","889","889","889","889","889","889","889","889","889","889","889",NA,NA,NA,NA,NA,NA,NA,NA,NA,NA,NA,NA,NA,NA,NA,NA,NA,NA,NA,NA,NA,NA,NA,NA,NA,NA,NA,NA,NA,NA,NA,NA,NA,NA,NA,NA,NA,NA,NA,NA,"CA","rex sole","rex_sole",NA,NA,"700","total_catch_wt_kg ~ 0 + factor(year) + pass","delta_gamma","TRUE","iid, iid","05_1","factor(year)2011","-1.1386191236081","1.11142615182087","-3.31697435265296","1.03973610543675"
"890","890","890","890","890","890","890","890","890","890","890","890","890","890","890","890","890","890","890","890","890","890",NA,NA,NA,NA,NA,NA,NA,NA,NA,NA,NA,NA,NA,NA,NA,NA,NA,NA,NA,NA,NA,NA,NA,NA,NA,NA,NA,NA,NA,NA,NA,NA,NA,NA,NA,NA,NA,NA,NA,NA,"CA","rex sole","rex_sole",NA,NA,"700","total_catch_wt_kg ~ 0 + factor(year) + pass","delta_gamma","TRUE","iid, iid","05_1","factor(year)2012","-1.22891444584721","1.1126991122139","-3.40976463141615","0.951935739721736"
"891","891","891","891","891","891","891","891","891","891","891","891","891","891","891","891","891","891","891","891","891","891",NA,NA,NA,NA,NA,NA,NA,NA,NA,NA,NA,NA,NA,NA,NA,NA,NA,NA,NA,NA,NA,NA,NA,NA,NA,NA,NA,NA,NA,NA,NA,NA,NA,NA,NA,NA,NA,NA,NA,NA,"CA","rex sole","rex_sole",NA,NA,"700","total_catch_wt_kg ~ 0 + factor(year) + pass","delta_gamma","TRUE","iid, iid","05_1","factor(year)2013","-0.68976472090991","1.12638079487891","-2.89743051175018","1.51790106993036"
"892","892","892","892","892","892","892","892","892","892","892","892","892","892","892","892","892","892","892","892","892","892",NA,NA,NA,NA,NA,NA,NA,NA,NA,NA,NA,NA,NA,NA,NA,NA,NA,NA,NA,NA,NA,NA,NA,NA,NA,NA,NA,NA,NA,NA,NA,NA,NA,NA,NA,NA,NA,NA,NA,NA,"CA","rex sole","rex_sole",NA,NA,"700","total_catch_wt_kg ~ 0 + factor(year) + pass","delta_gamma","TRUE","iid, iid","05_1","factor(year)2014","-0.895708722186991","1.11073342366484","-3.07270622899494","1.28128878462096"
"893","893","893","893","893","893","893","893","893","893","893","893","893","893","893","893","893","893","893","893","893","893",NA,NA,NA,NA,NA,NA,NA,NA,NA,NA,NA,NA,NA,NA,NA,NA,NA,NA,NA,NA,NA,NA,NA,NA,NA,NA,NA,NA,NA,NA,NA,NA,NA,NA,NA,NA,NA,NA,NA,NA,"CA","rex sole","rex_sole",NA,NA,"700","total_catch_wt_kg ~ 0 + factor(year) + pass","delta_gamma","TRUE","iid, iid","05_1","factor(year)2015","-0.719476264722365","1.11221726759491","-2.89938205219193","1.4604295227472"
"894","894","894","894","894","894","894","894","894","894","894","894","894","894","894","894","894","894","894","894","894","894",NA,NA,NA,NA,NA,NA,NA,NA,NA,NA,NA,NA,NA,NA,NA,NA,NA,NA,NA,NA,NA,NA,NA,NA,NA,NA,NA,NA,NA,NA,NA,NA,NA,NA,NA,NA,NA,NA,NA,NA,"CA","rex sole","rex_sole",NA,NA,"700","total_catch_wt_kg ~ 0 + factor(year) + pass","delta_gamma","TRUE","iid, iid","05_1","factor(year)2016","-0.864449565545163","1.11160603825702","-3.04315736552618","1.31425823443585"
"895","895","895","895","895","895","895","895","895","895","895","895","895","895","895","895","895","895","895","895","895","895",NA,NA,NA,NA,NA,NA,NA,NA,NA,NA,NA,NA,NA,NA,NA,NA,NA,NA,NA,NA,NA,NA,NA,NA,NA,NA,NA,NA,NA,NA,NA,NA,NA,NA,NA,NA,NA,NA,NA,NA,"CA","rex sole","rex_sole",NA,NA,"700","total_catch_wt_kg ~ 0 + factor(year) + pass","delta_gamma","TRUE","iid, iid","05_1","factor(year)2017","-1.21862788863204","1.11387208653149","-3.40177706161824","0.964521284354161"
"896","896","896","896","896","896","896","896","896","896","896","896","896","896","896","896","896","896","896","896","896","896",NA,NA,NA,NA,NA,NA,NA,NA,NA,NA,NA,NA,NA,NA,NA,NA,NA,NA,NA,NA,NA,NA,NA,NA,NA,NA,NA,NA,NA,NA,NA,NA,NA,NA,NA,NA,NA,NA,NA,NA,"CA","rex sole","rex_sole",NA,NA,"700","total_catch_wt_kg ~ 0 + factor(year) + pass","delta_gamma","TRUE","iid, iid","05_1","factor(year)2018","-0.865203351389573","1.1110707583983","-3.04286202212584","1.3124553193467"
"897","897","897","897","897","897","897","897","897","897","897","897","897","897","897","897","897","897","897","897","897","897",NA,NA,NA,NA,NA,NA,NA,NA,NA,NA,NA,NA,NA,NA,NA,NA,NA,NA,NA,NA,NA,NA,NA,NA,NA,NA,NA,NA,NA,NA,NA,NA,NA,NA,NA,NA,NA,NA,NA,NA,"CA","rex sole","rex_sole",NA,NA,"700","total_catch_wt_kg ~ 0 + factor(year) + pass","delta_gamma","TRUE","iid, iid","05_1","factor(year)2019","-1.16166044343321","1.14062035447189","-3.39723525823143","1.073914371365"
"898","898","898","898","898","898","898","898","898","898","898","898","898","898","898","898","898","898","898","898","898","898",NA,NA,NA,NA,NA,NA,NA,NA,NA,NA,NA,NA,NA,NA,NA,NA,NA,NA,NA,NA,NA,NA,NA,NA,NA,NA,NA,NA,NA,NA,NA,NA,NA,NA,NA,NA,NA,NA,NA,NA,"CA","rex sole","rex_sole",NA,NA,"700","total_catch_wt_kg ~ 0 + factor(year) + pass","delta_gamma","TRUE","iid, iid","05_1","factor(year)2021","-1.08331122121246","1.11193627083674","-3.26266626515625","1.09604382273133"
"899","899","899","899","899","899","899","899","899","899","899","899","899","899","899","899","899","899","899","899","899","899",NA,NA,NA,NA,NA,NA,NA,NA,NA,NA,NA,NA,NA,NA,NA,NA,NA,NA,NA,NA,NA,NA,NA,NA,NA,NA,NA,NA,NA,NA,NA,NA,NA,NA,NA,NA,NA,NA,NA,NA,"CA","rex sole","rex_sole",NA,NA,"700","total_catch_wt_kg ~ 0 + factor(year) + pass","delta_gamma","TRUE","iid, iid","05_1","factor(year)2022","-1.20466174543292","1.11415486038538","-3.38836514498852","0.979041654122671"
"900","900","900","900","900","900","900","900","900","900","900","900","900","900","900","900","900","900","900","900","900","900",NA,NA,NA,NA,NA,NA,NA,NA,NA,NA,NA,NA,NA,NA,NA,NA,NA,NA,NA,NA,NA,NA,NA,NA,NA,NA,NA,NA,NA,NA,NA,NA,NA,NA,NA,NA,NA,NA,NA,NA,"CA","rex sole","rex_sole",NA,NA,"700","total_catch_wt_kg ~ 0 + factor(year) + pass","delta_gamma","TRUE","iid, iid","05_1","factor(year)2023","-1.11225909480219","1.11545776013029","-3.29851613093327","1.0739979413289"
"901","901","901","901","901","901","901","901","901","901","901","901","901","901","901","901","901","901","901","901","901","901",NA,NA,NA,NA,NA,NA,NA,NA,NA,NA,NA,NA,NA,NA,NA,NA,NA,NA,NA,NA,NA,NA,NA,NA,NA,NA,NA,NA,NA,NA,NA,NA,NA,NA,NA,NA,NA,NA,NA,NA,"CA","rex sole","rex_sole",NA,NA,"700","total_catch_wt_kg ~ 0 + factor(year) + pass","delta_gamma","TRUE","iid, iid","05_1","factor(year)2024","-1.87623520569639","1.11593627664117","-4.06343011695481","0.310959705562036"
"902","902","902","902","902","902","902","902","902","902","902","902","902","902","902","902","902","902","902","902","902","902",NA,NA,NA,NA,NA,NA,NA,NA,NA,NA,NA,NA,NA,NA,NA,NA,NA,NA,NA,NA,NA,NA,NA,NA,NA,NA,NA,NA,NA,NA,NA,NA,NA,NA,NA,NA,NA,NA,NA,NA,"CA","rex sole","rex_sole",NA,NA,"700","total_catch_wt_kg ~ 0 + factor(year) + pass","delta_gamma","TRUE","iid, iid","05_1","pass","-0.118889950014811","0.101371946682166","-0.317575314554572","0.0797954145249498"
"903","903","903","903","903","903","903","903","903","903","903","903","903","903","903","903","903","903","903","903","903",NA,NA,NA,NA,NA,NA,NA,NA,NA,NA,NA,NA,NA,NA,NA,NA,NA,NA,NA,NA,NA,NA,NA,NA,NA,NA,NA,NA,NA,NA,NA,NA,NA,NA,NA,NA,NA,NA,NA,NA,NA,"CA","rex sole","rex_sole",NA,NA,"700","total_catch_wt_kg ~ 0 + factor(year) + pass","delta_gamma","TRUE","iid, iid","05_10","factor(year)2003","0.32867924927525","0.722932299341015","-1.08824202069387","1.74560051924437"
"904","904","904","904","904","904","904","904","904","904","904","904","904","904","904","904","904","904","904","904","904",NA,NA,NA,NA,NA,NA,NA,NA,NA,NA,NA,NA,NA,NA,NA,NA,NA,NA,NA,NA,NA,NA,NA,NA,NA,NA,NA,NA,NA,NA,NA,NA,NA,NA,NA,NA,NA,NA,NA,NA,NA,"CA","rex sole","rex_sole",NA,NA,"700","total_catch_wt_kg ~ 0 + factor(year) + pass","delta_gamma","TRUE","iid, iid","05_10","factor(year)2004","0.26271431205699","0.724692449415082","-1.15765678866468","1.68308541277867"
"905","905","905","905","905","905","905","905","905","905","905","905","905","905","905","905","905","905","905","905","905",NA,NA,NA,NA,NA,NA,NA,NA,NA,NA,NA,NA,NA,NA,NA,NA,NA,NA,NA,NA,NA,NA,NA,NA,NA,NA,NA,NA,NA,NA,NA,NA,NA,NA,NA,NA,NA,NA,NA,NA,NA,"CA","rex sole","rex_sole",NA,NA,"700","total_catch_wt_kg ~ 0 + factor(year) + pass","delta_gamma","TRUE","iid, iid","05_10","factor(year)2005","0.160575711456443","0.707399026600607","-1.22590090337944","1.54705232629232"
"906","906","906","906","906","906","906","906","906","906","906","906","906","906","906","906","906","906","906","906","906",NA,NA,NA,NA,NA,NA,NA,NA,NA,NA,NA,NA,NA,NA,NA,NA,NA,NA,NA,NA,NA,NA,NA,NA,NA,NA,NA,NA,NA,NA,NA,NA,NA,NA,NA,NA,NA,NA,NA,NA,NA,"CA","rex sole","rex_sole",NA,NA,"700","total_catch_wt_kg ~ 0 + factor(year) + pass","delta_gamma","TRUE","iid, iid","05_10","factor(year)2006","0.484778254789485","0.708916018467294","-0.904671609469943","1.87422811904891"
"907","907","907","907","907","907","907","907","907","907","907","907","907","907","907","907","907","907","907","907","907",NA,NA,NA,NA,NA,NA,NA,NA,NA,NA,NA,NA,NA,NA,NA,NA,NA,NA,NA,NA,NA,NA,NA,NA,NA,NA,NA,NA,NA,NA,NA,NA,NA,NA,NA,NA,NA,NA,NA,NA,NA,"CA","rex sole","rex_sole",NA,NA,"700","total_catch_wt_kg ~ 0 + factor(year) + pass","delta_gamma","TRUE","iid, iid","05_10","factor(year)2007","0.173529745972999","0.70320720855602","-1.20473105646575","1.55179054841174"
"908","908","908","908","908","908","908","908","908","908","908","908","908","908","908","908","908","908","908","908","908",NA,NA,NA,NA,NA,NA,NA,NA,NA,NA,NA,NA,NA,NA,NA,NA,NA,NA,NA,NA,NA,NA,NA,NA,NA,NA,NA,NA,NA,NA,NA,NA,NA,NA,NA,NA,NA,NA,NA,NA,NA,"CA","rex sole","rex_sole",NA,NA,"700","total_catch_wt_kg ~ 0 + factor(year) + pass","delta_gamma","TRUE","iid, iid","05_10","factor(year)2008","-0.110888245849996","0.695449405068746","-1.47394403285455","1.25216754115455"
"909","909","909","909","909","909","909","909","909","909","909","909","909","909","909","909","909","909","909","909","909",NA,NA,NA,NA,NA,NA,NA,NA,NA,NA,NA,NA,NA,NA,NA,NA,NA,NA,NA,NA,NA,NA,NA,NA,NA,NA,NA,NA,NA,NA,NA,NA,NA,NA,NA,NA,NA,NA,NA,NA,NA,"CA","rex sole","rex_sole",NA,NA,"700","total_catch_wt_kg ~ 0 + factor(year) + pass","delta_gamma","TRUE","iid, iid","05_10","factor(year)2009","-0.483361735877206","0.698614648067195","-1.85262128516103","0.885897813406621"
"910","910","910","910","910","910","910","910","910","910","910","910","910","910","910","910","910","910","910","910","910",NA,NA,NA,NA,NA,NA,NA,NA,NA,NA,NA,NA,NA,NA,NA,NA,NA,NA,NA,NA,NA,NA,NA,NA,NA,NA,NA,NA,NA,NA,NA,NA,NA,NA,NA,NA,NA,NA,NA,NA,NA,"CA","rex sole","rex_sole",NA,NA,"700","total_catch_wt_kg ~ 0 + factor(year) + pass","delta_gamma","TRUE","iid, iid","05_10","factor(year)2010","0.0287421619829173","0.693106880146423","-1.32972236054099","1.38720668450683"
"911","911","911","911","911","911","911","911","911","911","911","911","911","911","911","911","911","911","911","911","911",NA,NA,NA,NA,NA,NA,NA,NA,NA,NA,NA,NA,NA,NA,NA,NA,NA,NA,NA,NA,NA,NA,NA,NA,NA,NA,NA,NA,NA,NA,NA,NA,NA,NA,NA,NA,NA,NA,NA,NA,NA,"CA","rex sole","rex_sole",NA,NA,"700","total_catch_wt_kg ~ 0 + factor(year) + pass","delta_gamma","TRUE","iid, iid","05_10","factor(year)2011","-0.137980715087057","0.69809449995419","-1.50622079280277","1.23025936262865"
"912","912","912","912","912","912","912","912","912","912","912","912","912","912","912","912","912","912","912","912","912",NA,NA,NA,NA,NA,NA,NA,NA,NA,NA,NA,NA,NA,NA,NA,NA,NA,NA,NA,NA,NA,NA,NA,NA,NA,NA,NA,NA,NA,NA,NA,NA,NA,NA,NA,NA,NA,NA,NA,NA,NA,"CA","rex sole","rex_sole",NA,NA,"700","total_catch_wt_kg ~ 0 + factor(year) + pass","delta_gamma","TRUE","iid, iid","05_10","factor(year)2012","0.237920457917984","0.701334569759858","-1.13667003992423","1.6125109557602"
"913","913","913","913","913","913","913","913","913","913","913","913","913","913","913","913","913","913","913","913","913",NA,NA,NA,NA,NA,NA,NA,NA,NA,NA,NA,NA,NA,NA,NA,NA,NA,NA,NA,NA,NA,NA,NA,NA,NA,NA,NA,NA,NA,NA,NA,NA,NA,NA,NA,NA,NA,NA,NA,NA,NA,"CA","rex sole","rex_sole",NA,NA,"700","total_catch_wt_kg ~ 0 + factor(year) + pass","delta_gamma","TRUE","iid, iid","05_10","factor(year)2013","0.560934419400738","0.71886564670665","-0.848016357867391","1.96988519666887"
"914","914","914","914","914","914","914","914","914","914","914","914","914","914","914","914","914","914","914","914","914",NA,NA,NA,NA,NA,NA,NA,NA,NA,NA,NA,NA,NA,NA,NA,NA,NA,NA,NA,NA,NA,NA,NA,NA,NA,NA,NA,NA,NA,NA,NA,NA,NA,NA,NA,NA,NA,NA,NA,NA,NA,"CA","rex sole","rex_sole",NA,NA,"700","total_catch_wt_kg ~ 0 + factor(year) + pass","delta_gamma","TRUE","iid, iid","05_10","factor(year)2014","0.377171824859937","0.705346186432811","-1.00528129718105","1.75962494690092"
"915","915","915","915","915","915","915","915","915","915","915","915","915","915","915","915","915","915","915","915","915",NA,NA,NA,NA,NA,NA,NA,NA,NA,NA,NA,NA,NA,NA,NA,NA,NA,NA,NA,NA,NA,NA,NA,NA,NA,NA,NA,NA,NA,NA,NA,NA,NA,NA,NA,NA,NA,NA,NA,NA,NA,"CA","rex sole","rex_sole",NA,NA,"700","total_catch_wt_kg ~ 0 + factor(year) + pass","delta_gamma","TRUE","iid, iid","05_10","factor(year)2015","0.31034230105753","0.705873700434196","-1.07314472942751","1.69382933154257"
"916","916","916","916","916","916","916","916","916","916","916","916","916","916","916","916","916","916","916","916","916",NA,NA,NA,NA,NA,NA,NA,NA,NA,NA,NA,NA,NA,NA,NA,NA,NA,NA,NA,NA,NA,NA,NA,NA,NA,NA,NA,NA,NA,NA,NA,NA,NA,NA,NA,NA,NA,NA,NA,NA,NA,"CA","rex sole","rex_sole",NA,NA,"700","total_catch_wt_kg ~ 0 + factor(year) + pass","delta_gamma","TRUE","iid, iid","05_10","factor(year)2016","-0.00827289275330685","0.702416082716144","-1.38498311703866","1.36843733153204"
"917","917","917","917","917","917","917","917","917","917","917","917","917","917","917","917","917","917","917","917","917",NA,NA,NA,NA,NA,NA,NA,NA,NA,NA,NA,NA,NA,NA,NA,NA,NA,NA,NA,NA,NA,NA,NA,NA,NA,NA,NA,NA,NA,NA,NA,NA,NA,NA,NA,NA,NA,NA,NA,NA,NA,"CA","rex sole","rex_sole",NA,NA,"700","total_catch_wt_kg ~ 0 + factor(year) + pass","delta_gamma","TRUE","iid, iid","05_10","factor(year)2017","-0.0988842868400945","0.697022488475092","-1.46502326066576","1.26725468698557"
"918","918","918","918","918","918","918","918","918","918","918","918","918","918","918","918","918","918","918","918","918",NA,NA,NA,NA,NA,NA,NA,NA,NA,NA,NA,NA,NA,NA,NA,NA,NA,NA,NA,NA,NA,NA,NA,NA,NA,NA,NA,NA,NA,NA,NA,NA,NA,NA,NA,NA,NA,NA,NA,NA,NA,"CA","rex sole","rex_sole",NA,NA,"700","total_catch_wt_kg ~ 0 + factor(year) + pass","delta_gamma","TRUE","iid, iid","05_10","factor(year)2018","-0.126826118605858","0.697857198215028","-1.49460109345934","1.24094885624763"
"919","919","919","919","919","919","919","919","919","919","919","919","919","919","919","919","919","919","919","919","919",NA,NA,NA,NA,NA,NA,NA,NA,NA,NA,NA,NA,NA,NA,NA,NA,NA,NA,NA,NA,NA,NA,NA,NA,NA,NA,NA,NA,NA,NA,NA,NA,NA,NA,NA,NA,NA,NA,NA,NA,NA,"CA","rex sole","rex_sole",NA,NA,"700","total_catch_wt_kg ~ 0 + factor(year) + pass","delta_gamma","TRUE","iid, iid","05_10","factor(year)2019","-0.413126916591765","0.739064107450122","-1.86166594946024","1.03541211627671"
"920","920","920","920","920","920","920","920","920","920","920","920","920","920","920","920","920","920","920","920","920",NA,NA,NA,NA,NA,NA,NA,NA,NA,NA,NA,NA,NA,NA,NA,NA,NA,NA,NA,NA,NA,NA,NA,NA,NA,NA,NA,NA,NA,NA,NA,NA,NA,NA,NA,NA,NA,NA,NA,NA,NA,"CA","rex sole","rex_sole",NA,NA,"700","total_catch_wt_kg ~ 0 + factor(year) + pass","delta_gamma","TRUE","iid, iid","05_10","factor(year)2021","0.012587297730898","0.700130180877225","-1.35964264127798","1.38481723673977"
"921","921","921","921","921","921","921","921","921","921","921","921","921","921","921","921","921","921","921","921","921",NA,NA,NA,NA,NA,NA,NA,NA,NA,NA,NA,NA,NA,NA,NA,NA,NA,NA,NA,NA,NA,NA,NA,NA,NA,NA,NA,NA,NA,NA,NA,NA,NA,NA,NA,NA,NA,NA,NA,NA,NA,"CA","rex sole","rex_sole",NA,NA,"700","total_catch_wt_kg ~ 0 + factor(year) + pass","delta_gamma","TRUE","iid, iid","05_10","factor(year)2022","-0.156990025219337","0.702538536159464","-1.53394025384338","1.2199602034047"
"922","922","922","922","922","922","922","922","922","922","922","922","922","922","922","922","922","922","922","922","922",NA,NA,NA,NA,NA,NA,NA,NA,NA,NA,NA,NA,NA,NA,NA,NA,NA,NA,NA,NA,NA,NA,NA,NA,NA,NA,NA,NA,NA,NA,NA,NA,NA,NA,NA,NA,NA,NA,NA,NA,NA,"CA","rex sole","rex_sole",NA,NA,"700","total_catch_wt_kg ~ 0 + factor(year) + pass","delta_gamma","TRUE","iid, iid","05_10","factor(year)2023","-0.00552651169375444","0.703691444495411","-1.38473639913373","1.37368337574622"
"923","923","923","923","923","923","923","923","923","923","923","923","923","923","923","923","923","923","923","923","923",NA,NA,NA,NA,NA,NA,NA,NA,NA,NA,NA,NA,NA,NA,NA,NA,NA,NA,NA,NA,NA,NA,NA,NA,NA,NA,NA,NA,NA,NA,NA,NA,NA,NA,NA,NA,NA,NA,NA,NA,NA,"CA","rex sole","rex_sole",NA,NA,"700","total_catch_wt_kg ~ 0 + factor(year) + pass","delta_gamma","TRUE","iid, iid","05_10","factor(year)2024","-0.865339966094878","0.701876387029384","-2.24099240627157","0.510312474081811"
"924","924","924","924","924","924","924","924","924","924","924","924","924","924","924","924","924","924","924","924","924",NA,NA,NA,NA,NA,NA,NA,NA,NA,NA,NA,NA,NA,NA,NA,NA,NA,NA,NA,NA,NA,NA,NA,NA,NA,NA,NA,NA,NA,NA,NA,NA,NA,NA,NA,NA,NA,NA,NA,NA,NA,"CA","rex sole","rex_sole",NA,NA,"700","total_catch_wt_kg ~ 0 + factor(year) + pass","delta_gamma","TRUE","iid, iid","05_10","pass","-0.118342238396054","0.0960777297218137","-0.306651128367182","0.0699666515750746"
"925","925","925","925","925","925","925","925","925","925","925","925","925","925","925","925","925","925","925","925",NA,NA,NA,NA,NA,NA,NA,NA,NA,NA,NA,NA,NA,NA,NA,NA,NA,NA,NA,NA,NA,NA,NA,NA,NA,NA,NA,NA,NA,NA,NA,NA,NA,NA,NA,NA,NA,NA,NA,NA,NA,NA,"CA","rex sole","rex_sole",NA,NA,"700","total_catch_wt_kg ~ 0 + factor(year) + pass","delta_gamma","TRUE","iid, iid","05_2","factor(year)2003","0.760805882706326","0.65527596495745","-0.523511408545005","2.04512317395766"
"926","926","926","926","926","926","926","926","926","926","926","926","926","926","926","926","926","926","926","926",NA,NA,NA,NA,NA,NA,NA,NA,NA,NA,NA,NA,NA,NA,NA,NA,NA,NA,NA,NA,NA,NA,NA,NA,NA,NA,NA,NA,NA,NA,NA,NA,NA,NA,NA,NA,NA,NA,NA,NA,NA,NA,"CA","rex sole","rex_sole",NA,NA,"700","total_catch_wt_kg ~ 0 + factor(year) + pass","delta_gamma","TRUE","iid, iid","05_2","factor(year)2004","1.07477239771119","0.665462178080091","-0.229509504399364","2.37905429982175"
"927","927","927","927","927","927","927","927","927","927","927","927","927","927","927","927","927","927","927","927",NA,NA,NA,NA,NA,NA,NA,NA,NA,NA,NA,NA,NA,NA,NA,NA,NA,NA,NA,NA,NA,NA,NA,NA,NA,NA,NA,NA,NA,NA,NA,NA,NA,NA,NA,NA,NA,NA,NA,NA,NA,NA,"CA","rex sole","rex_sole",NA,NA,"700","total_catch_wt_kg ~ 0 + factor(year) + pass","delta_gamma","TRUE","iid, iid","05_2","factor(year)2005","0.53146562946267","0.64161275679971","-0.726072265886218","1.78900352481156"
"928","928","928","928","928","928","928","928","928","928","928","928","928","928","928","928","928","928","928","928",NA,NA,NA,NA,NA,NA,NA,NA,NA,NA,NA,NA,NA,NA,NA,NA,NA,NA,NA,NA,NA,NA,NA,NA,NA,NA,NA,NA,NA,NA,NA,NA,NA,NA,NA,NA,NA,NA,NA,NA,NA,NA,"CA","rex sole","rex_sole",NA,NA,"700","total_catch_wt_kg ~ 0 + factor(year) + pass","delta_gamma","TRUE","iid, iid","05_2","factor(year)2006","0.471610730288784","0.643060001058538","-0.788763711684239","1.73198517226181"
"929","929","929","929","929","929","929","929","929","929","929","929","929","929","929","929","929","929","929","929",NA,NA,NA,NA,NA,NA,NA,NA,NA,NA,NA,NA,NA,NA,NA,NA,NA,NA,NA,NA,NA,NA,NA,NA,NA,NA,NA,NA,NA,NA,NA,NA,NA,NA,NA,NA,NA,NA,NA,NA,NA,NA,"CA","rex sole","rex_sole",NA,NA,"700","total_catch_wt_kg ~ 0 + factor(year) + pass","delta_gamma","TRUE","iid, iid","05_2","factor(year)2007","0.0322591353000905","0.635314080073349","-1.21293358051487","1.27745185111505"
"930","930","930","930","930","930","930","930","930","930","930","930","930","930","930","930","930","930","930","930",NA,NA,NA,NA,NA,NA,NA,NA,NA,NA,NA,NA,NA,NA,NA,NA,NA,NA,NA,NA,NA,NA,NA,NA,NA,NA,NA,NA,NA,NA,NA,NA,NA,NA,NA,NA,NA,NA,NA,NA,NA,NA,"CA","rex sole","rex_sole",NA,NA,"700","total_catch_wt_kg ~ 0 + factor(year) + pass","delta_gamma","TRUE","iid, iid","05_2","factor(year)2008","-0.0543675563084009","0.636988137284784","-1.30284136396583","1.19410625134903"
"931","931","931","931","931","931","931","931","931","931","931","931","931","931","931","931","931","931","931","931",NA,NA,NA,NA,NA,NA,NA,NA,NA,NA,NA,NA,NA,NA,NA,NA,NA,NA,NA,NA,NA,NA,NA,NA,NA,NA,NA,NA,NA,NA,NA,NA,NA,NA,NA,NA,NA,NA,NA,NA,NA,NA,"CA","rex sole","rex_sole",NA,NA,"700","total_catch_wt_kg ~ 0 + factor(year) + pass","delta_gamma","TRUE","iid, iid","05_2","factor(year)2009","-0.263389313277918","0.63409620986283","-1.50619504734242","0.979416420786581"
"932","932","932","932","932","932","932","932","932","932","932","932","932","932","932","932","932","932","932","932",NA,NA,NA,NA,NA,NA,NA,NA,NA,NA,NA,NA,NA,NA,NA,NA,NA,NA,NA,NA,NA,NA,NA,NA,NA,NA,NA,NA,NA,NA,NA,NA,NA,NA,NA,NA,NA,NA,NA,NA,NA,NA,"CA","rex sole","rex_sole",NA,NA,"700","total_catch_wt_kg ~ 0 + factor(year) + pass","delta_gamma","TRUE","iid, iid","05_2","factor(year)2010","0.248220379768877","0.632663465759925","-0.991777227454866","1.48821798699262"
"933","933","933","933","933","933","933","933","933","933","933","933","933","933","933","933","933","933","933","933",NA,NA,NA,NA,NA,NA,NA,NA,NA,NA,NA,NA,NA,NA,NA,NA,NA,NA,NA,NA,NA,NA,NA,NA,NA,NA,NA,NA,NA,NA,NA,NA,NA,NA,NA,NA,NA,NA,NA,NA,NA,NA,"CA","rex sole","rex_sole",NA,NA,"700","total_catch_wt_kg ~ 0 + factor(year) + pass","delta_gamma","TRUE","iid, iid","05_2","factor(year)2011","0.0384697033323363","0.634036899224084","-1.20421978401632","1.28115919068099"
"934","934","934","934","934","934","934","934","934","934","934","934","934","934","934","934","934","934","934","934",NA,NA,NA,NA,NA,NA,NA,NA,NA,NA,NA,NA,NA,NA,NA,NA,NA,NA,NA,NA,NA,NA,NA,NA,NA,NA,NA,NA,NA,NA,NA,NA,NA,NA,NA,NA,NA,NA,NA,NA,NA,NA,"CA","rex sole","rex_sole",NA,NA,"700","total_catch_wt_kg ~ 0 + factor(year) + pass","delta_gamma","TRUE","iid, iid","05_2","factor(year)2012","0.350953008868401","0.636670460506341","-0.896898163744558","1.59880418148136"
"935","935","935","935","935","935","935","935","935","935","935","935","935","935","935","935","935","935","935","935",NA,NA,NA,NA,NA,NA,NA,NA,NA,NA,NA,NA,NA,NA,NA,NA,NA,NA,NA,NA,NA,NA,NA,NA,NA,NA,NA,NA,NA,NA,NA,NA,NA,NA,NA,NA,NA,NA,NA,NA,NA,NA,"CA","rex sole","rex_sole",NA,NA,"700","total_catch_wt_kg ~ 0 + factor(year) + pass","delta_gamma","TRUE","iid, iid","05_2","factor(year)2013","0.493177941074723","0.651244305788421","-0.783237443407373","1.76959332555682"
"936","936","936","936","936","936","936","936","936","936","936","936","936","936","936","936","936","936","936","936",NA,NA,NA,NA,NA,NA,NA,NA,NA,NA,NA,NA,NA,NA,NA,NA,NA,NA,NA,NA,NA,NA,NA,NA,NA,NA,NA,NA,NA,NA,NA,NA,NA,NA,NA,NA,NA,NA,NA,NA,NA,NA,"CA","rex sole","rex_sole",NA,NA,"700","total_catch_wt_kg ~ 0 + factor(year) + pass","delta_gamma","TRUE","iid, iid","05_2","factor(year)2014","0.203160595370217","0.635010654389954","-1.0414374170333","1.44775860777374"
"937","937","937","937","937","937","937","937","937","937","937","937","937","937","937","937","937","937","937","937",NA,NA,NA,NA,NA,NA,NA,NA,NA,NA,NA,NA,NA,NA,NA,NA,NA,NA,NA,NA,NA,NA,NA,NA,NA,NA,NA,NA,NA,NA,NA,NA,NA,NA,NA,NA,NA,NA,NA,NA,NA,NA,"CA","rex sole","rex_sole",NA,NA,"700","total_catch_wt_kg ~ 0 + factor(year) + pass","delta_gamma","TRUE","iid, iid","05_2","factor(year)2015","0.646945587717219","0.64035927050631","-0.60813551964149","1.90202669507593"
"938","938","938","938","938","938","938","938","938","938","938","938","938","938","938","938","938","938","938","938",NA,NA,NA,NA,NA,NA,NA,NA,NA,NA,NA,NA,NA,NA,NA,NA,NA,NA,NA,NA,NA,NA,NA,NA,NA,NA,NA,NA,NA,NA,NA,NA,NA,NA,NA,NA,NA,NA,NA,NA,NA,NA,"CA","rex sole","rex_sole",NA,NA,"700","total_catch_wt_kg ~ 0 + factor(year) + pass","delta_gamma","TRUE","iid, iid","05_2","factor(year)2016","0.0471710406766548","0.637609313664721","-1.2025202503135","1.29686233166681"
"939","939","939","939","939","939","939","939","939","939","939","939","939","939","939","939","939","939","939","939",NA,NA,NA,NA,NA,NA,NA,NA,NA,NA,NA,NA,NA,NA,NA,NA,NA,NA,NA,NA,NA,NA,NA,NA,NA,NA,NA,NA,NA,NA,NA,NA,NA,NA,NA,NA,NA,NA,NA,NA,NA,NA,"CA","rex sole","rex_sole",NA,NA,"700","total_catch_wt_kg ~ 0 + factor(year) + pass","delta_gamma","TRUE","iid, iid","05_2","factor(year)2017","0.115562080842525","0.635179196635879","-1.12936626829288","1.36049042997793"
"940","940","940","940","940","940","940","940","940","940","940","940","940","940","940","940","940","940","940","940",NA,NA,NA,NA,NA,NA,NA,NA,NA,NA,NA,NA,NA,NA,NA,NA,NA,NA,NA,NA,NA,NA,NA,NA,NA,NA,NA,NA,NA,NA,NA,NA,NA,NA,NA,NA,NA,NA,NA,NA,NA,NA,"CA","rex sole","rex_sole",NA,NA,"700","total_catch_wt_kg ~ 0 + factor(year) + pass","delta_gamma","TRUE","iid, iid","05_2","factor(year)2018","0.106491896649094","0.635075110913843","-1.13823244821982","1.35121624151801"
"941","941","941","941","941","941","941","941","941","941","941","941","941","941","941","941","941","941","941","941",NA,NA,NA,NA,NA,NA,NA,NA,NA,NA,NA,NA,NA,NA,NA,NA,NA,NA,NA,NA,NA,NA,NA,NA,NA,NA,NA,NA,NA,NA,NA,NA,NA,NA,NA,NA,NA,NA,NA,NA,NA,NA,"CA","rex sole","rex_sole",NA,NA,"700","total_catch_wt_kg ~ 0 + factor(year) + pass","delta_gamma","TRUE","iid, iid","05_2","factor(year)2019","-0.0831924961863705","0.672850343556296","-1.40195493654211","1.23556994416937"
"942","942","942","942","942","942","942","942","942","942","942","942","942","942","942","942","942","942","942","942",NA,NA,NA,NA,NA,NA,NA,NA,NA,NA,NA,NA,NA,NA,NA,NA,NA,NA,NA,NA,NA,NA,NA,NA,NA,NA,NA,NA,NA,NA,NA,NA,NA,NA,NA,NA,NA,NA,NA,NA,NA,NA,"CA","rex sole","rex_sole",NA,NA,"700","total_catch_wt_kg ~ 0 + factor(year) + pass","delta_gamma","TRUE","iid, iid","05_2","factor(year)2021","0.16531525307227","0.639647802625193","-1.08837140286329","1.41900190900783"
"943","943","943","943","943","943","943","943","943","943","943","943","943","943","943","943","943","943","943","943",NA,NA,NA,NA,NA,NA,NA,NA,NA,NA,NA,NA,NA,NA,NA,NA,NA,NA,NA,NA,NA,NA,NA,NA,NA,NA,NA,NA,NA,NA,NA,NA,NA,NA,NA,NA,NA,NA,NA,NA,NA,NA,"CA","rex sole","rex_sole",NA,NA,"700","total_catch_wt_kg ~ 0 + factor(year) + pass","delta_gamma","TRUE","iid, iid","05_2","factor(year)2022","-0.148723440846756","0.643183340506325","-1.40933962369532","1.1118927420018"
"944","944","944","944","944","944","944","944","944","944","944","944","944","944","944","944","944","944","944","944",NA,NA,NA,NA,NA,NA,NA,NA,NA,NA,NA,NA,NA,NA,NA,NA,NA,NA,NA,NA,NA,NA,NA,NA,NA,NA,NA,NA,NA,NA,NA,NA,NA,NA,NA,NA,NA,NA,NA,NA,NA,NA,"CA","rex sole","rex_sole",NA,NA,"700","total_catch_wt_kg ~ 0 + factor(year) + pass","delta_gamma","TRUE","iid, iid","05_2","factor(year)2023","0.275747596608262","0.641568811758991","-0.981704168043518","1.53319936126004"
"945","945","945","945","945","945","945","945","945","945","945","945","945","945","945","945","945","945","945","945",NA,NA,NA,NA,NA,NA,NA,NA,NA,NA,NA,NA,NA,NA,NA,NA,NA,NA,NA,NA,NA,NA,NA,NA,NA,NA,NA,NA,NA,NA,NA,NA,NA,NA,NA,NA,NA,NA,NA,NA,NA,NA,"CA","rex sole","rex_sole",NA,NA,"700","total_catch_wt_kg ~ 0 + factor(year) + pass","delta_gamma","TRUE","iid, iid","05_2","factor(year)2024","-0.4325099922275","0.638313584928987","-1.68358162953096","0.818561645075964"
"946","946","946","946","946","946","946","946","946","946","946","946","946","946","946","946","946","946","946","946",NA,NA,NA,NA,NA,NA,NA,NA,NA,NA,NA,NA,NA,NA,NA,NA,NA,NA,NA,NA,NA,NA,NA,NA,NA,NA,NA,NA,NA,NA,NA,NA,NA,NA,NA,NA,NA,NA,NA,NA,NA,NA,"CA","rex sole","rex_sole",NA,NA,"700","total_catch_wt_kg ~ 0 + factor(year) + pass","delta_gamma","TRUE","iid, iid","05_2","pass","-0.175133759746496","0.0984130012420541","-0.368019697791418","0.0177521782984256"
"947","947","947","947","947","947","947","947","947","947","947","947","947","947","947","947","947","947","947",NA,NA,NA,NA,NA,NA,NA,NA,NA,NA,NA,NA,NA,NA,NA,NA,NA,NA,NA,NA,NA,NA,NA,NA,NA,NA,NA,NA,NA,NA,NA,NA,NA,NA,NA,NA,NA,NA,NA,NA,NA,NA,NA,"CA","rex sole","rex_sole",NA,NA,"700","total_catch_wt_kg ~ 0 + factor(year) + pass","delta_gamma","TRUE","iid, iid","05_3","factor(year)2003","0.0488914558622338","0.846954968278559","-1.61110977849101","1.70889269021547"
"948","948","948","948","948","948","948","948","948","948","948","948","948","948","948","948","948","948","948",NA,NA,NA,NA,NA,NA,NA,NA,NA,NA,NA,NA,NA,NA,NA,NA,NA,NA,NA,NA,NA,NA,NA,NA,NA,NA,NA,NA,NA,NA,NA,NA,NA,NA,NA,NA,NA,NA,NA,NA,NA,NA,NA,"CA","rex sole","rex_sole",NA,NA,"700","total_catch_wt_kg ~ 0 + factor(year) + pass","delta_gamma","TRUE","iid, iid","05_3","factor(year)2004","0.327213724732301","0.860712334700857","-1.35975145233076","2.01417890179536"
"949","949","949","949","949","949","949","949","949","949","949","949","949","949","949","949","949","949","949",NA,NA,NA,NA,NA,NA,NA,NA,NA,NA,NA,NA,NA,NA,NA,NA,NA,NA,NA,NA,NA,NA,NA,NA,NA,NA,NA,NA,NA,NA,NA,NA,NA,NA,NA,NA,NA,NA,NA,NA,NA,NA,NA,"CA","rex sole","rex_sole",NA,NA,"700","total_catch_wt_kg ~ 0 + factor(year) + pass","delta_gamma","TRUE","iid, iid","05_3","factor(year)2005","0.0511372336034608","0.83740191127764","-1.59014035308572","1.69241482029264"
"950","950","950","950","950","950","950","950","950","950","950","950","950","950","950","950","950","950","950",NA,NA,NA,NA,NA,NA,NA,NA,NA,NA,NA,NA,NA,NA,NA,NA,NA,NA,NA,NA,NA,NA,NA,NA,NA,NA,NA,NA,NA,NA,NA,NA,NA,NA,NA,NA,NA,NA,NA,NA,NA,NA,NA,"CA","rex sole","rex_sole",NA,NA,"700","total_catch_wt_kg ~ 0 + factor(year) + pass","delta_gamma","TRUE","iid, iid","05_3","factor(year)2006","0.0515582625073438","0.844959999018471","-1.60453290394586","1.70764942896055"
"951","951","951","951","951","951","951","951","951","951","951","951","951","951","951","951","951","951","951",NA,NA,NA,NA,NA,NA,NA,NA,NA,NA,NA,NA,NA,NA,NA,NA,NA,NA,NA,NA,NA,NA,NA,NA,NA,NA,NA,NA,NA,NA,NA,NA,NA,NA,NA,NA,NA,NA,NA,NA,NA,NA,NA,"CA","rex sole","rex_sole",NA,NA,"700","total_catch_wt_kg ~ 0 + factor(year) + pass","delta_gamma","TRUE","iid, iid","05_3","factor(year)2007","-0.458041916661475","0.834665328179616","-2.09395589903783","1.17787206571488"
"952","952","952","952","952","952","952","952","952","952","952","952","952","952","952","952","952","952","952",NA,NA,NA,NA,NA,NA,NA,NA,NA,NA,NA,NA,NA,NA,NA,NA,NA,NA,NA,NA,NA,NA,NA,NA,NA,NA,NA,NA,NA,NA,NA,NA,NA,NA,NA,NA,NA,NA,NA,NA,NA,NA,NA,"CA","rex sole","rex_sole",NA,NA,"700","total_catch_wt_kg ~ 0 + factor(year) + pass","delta_gamma","TRUE","iid, iid","05_3","factor(year)2008","-0.879688071454292","0.83602006915164","-2.51825729734419","0.758881154435607"
"953","953","953","953","953","953","953","953","953","953","953","953","953","953","953","953","953","953","953",NA,NA,NA,NA,NA,NA,NA,NA,NA,NA,NA,NA,NA,NA,NA,NA,NA,NA,NA,NA,NA,NA,NA,NA,NA,NA,NA,NA,NA,NA,NA,NA,NA,NA,NA,NA,NA,NA,NA,NA,NA,NA,NA,"CA","rex sole","rex_sole",NA,NA,"700","total_catch_wt_kg ~ 0 + factor(year) + pass","delta_gamma","TRUE","iid, iid","05_3","factor(year)2009","-0.64655874680258","0.831398802148581","-2.27607045580354","0.98295296219838"
"954","954","954","954","954","954","954","954","954","954","954","954","954","954","954","954","954","954","954",NA,NA,NA,NA,NA,NA,NA,NA,NA,NA,NA,NA,NA,NA,NA,NA,NA,NA,NA,NA,NA,NA,NA,NA,NA,NA,NA,NA,NA,NA,NA,NA,NA,NA,NA,NA,NA,NA,NA,NA,NA,NA,NA,"CA","rex sole","rex_sole",NA,NA,"700","total_catch_wt_kg ~ 0 + factor(year) + pass","delta_gamma","TRUE","iid, iid","05_3","factor(year)2010","-0.369655830106881","0.831141234089769","-1.998662714989","1.25935105477524"
"955","955","955","955","955","955","955","955","955","955","955","955","955","955","955","955","955","955","955",NA,NA,NA,NA,NA,NA,NA,NA,NA,NA,NA,NA,NA,NA,NA,NA,NA,NA,NA,NA,NA,NA,NA,NA,NA,NA,NA,NA,NA,NA,NA,NA,NA,NA,NA,NA,NA,NA,NA,NA,NA,NA,NA,"CA","rex sole","rex_sole",NA,NA,"700","total_catch_wt_kg ~ 0 + factor(year) + pass","delta_gamma","TRUE","iid, iid","05_3","factor(year)2011","-0.743245683186242","0.830259652714645","-2.37052470032368","0.884033333951196"
"956","956","956","956","956","956","956","956","956","956","956","956","956","956","956","956","956","956","956",NA,NA,NA,NA,NA,NA,NA,NA,NA,NA,NA,NA,NA,NA,NA,NA,NA,NA,NA,NA,NA,NA,NA,NA,NA,NA,NA,NA,NA,NA,NA,NA,NA,NA,NA,NA,NA,NA,NA,NA,NA,NA,NA,"CA","rex sole","rex_sole",NA,NA,"700","total_catch_wt_kg ~ 0 + factor(year) + pass","delta_gamma","TRUE","iid, iid","05_3","factor(year)2012","-0.496373527892978","0.83255533045987","-2.12815199073116","1.13540493494521"
"957","957","957","957","957","957","957","957","957","957","957","957","957","957","957","957","957","957","957",NA,NA,NA,NA,NA,NA,NA,NA,NA,NA,NA,NA,NA,NA,NA,NA,NA,NA,NA,NA,NA,NA,NA,NA,NA,NA,NA,NA,NA,NA,NA,NA,NA,NA,NA,NA,NA,NA,NA,NA,NA,NA,NA,"CA","rex sole","rex_sole",NA,NA,"700","total_catch_wt_kg ~ 0 + factor(year) + pass","delta_gamma","TRUE","iid, iid","05_3","factor(year)2013","0.107534058926293","0.851223209174123","-1.56083277385959","1.77590089171218"
"958","958","958","958","958","958","958","958","958","958","958","958","958","958","958","958","958","958","958",NA,NA,NA,NA,NA,NA,NA,NA,NA,NA,NA,NA,NA,NA,NA,NA,NA,NA,NA,NA,NA,NA,NA,NA,NA,NA,NA,NA,NA,NA,NA,NA,NA,NA,NA,NA,NA,NA,NA,NA,NA,NA,NA,"CA","rex sole","rex_sole",NA,NA,"700","total_catch_wt_kg ~ 0 + factor(year) + pass","delta_gamma","TRUE","iid, iid","05_3","factor(year)2014","-0.49620672634507","0.832794520829902","-2.12845399369397","1.13604054100383"
"959","959","959","959","959","959","959","959","959","959","959","959","959","959","959","959","959","959","959",NA,NA,NA,NA,NA,NA,NA,NA,NA,NA,NA,NA,NA,NA,NA,NA,NA,NA,NA,NA,NA,NA,NA,NA,NA,NA,NA,NA,NA,NA,NA,NA,NA,NA,NA,NA,NA,NA,NA,NA,NA,NA,NA,"CA","rex sole","rex_sole",NA,NA,"700","total_catch_wt_kg ~ 0 + factor(year) + pass","delta_gamma","TRUE","iid, iid","05_3","factor(year)2015","-0.291230325180542","0.833190902609869","-1.92425448654231","1.34179383618122"
"960","960","960","960","960","960","960","960","960","960","960","960","960","960","960","960","960","960","960",NA,NA,NA,NA,NA,NA,NA,NA,NA,NA,NA,NA,NA,NA,NA,NA,NA,NA,NA,NA,NA,NA,NA,NA,NA,NA,NA,NA,NA,NA,NA,NA,NA,NA,NA,NA,NA,NA,NA,NA,NA,NA,NA,"CA","rex sole","rex_sole",NA,NA,"700","total_catch_wt_kg ~ 0 + factor(year) + pass","delta_gamma","TRUE","iid, iid","05_3","factor(year)2016","-0.336054103243077","0.836849521816782","-1.97624902648354","1.30414081999738"
"961","961","961","961","961","961","961","961","961","961","961","961","961","961","961","961","961","961","961",NA,NA,NA,NA,NA,NA,NA,NA,NA,NA,NA,NA,NA,NA,NA,NA,NA,NA,NA,NA,NA,NA,NA,NA,NA,NA,NA,NA,NA,NA,NA,NA,NA,NA,NA,NA,NA,NA,NA,NA,NA,NA,NA,"CA","rex sole","rex_sole",NA,NA,"700","total_catch_wt_kg ~ 0 + factor(year) + pass","delta_gamma","TRUE","iid, iid","05_3","factor(year)2017","-0.682413434461979","0.831595504325705","-2.31231067264578","0.947483803721825"
"962","962","962","962","962","962","962","962","962","962","962","962","962","962","962","962","962","962","962",NA,NA,NA,NA,NA,NA,NA,NA,NA,NA,NA,NA,NA,NA,NA,NA,NA,NA,NA,NA,NA,NA,NA,NA,NA,NA,NA,NA,NA,NA,NA,NA,NA,NA,NA,NA,NA,NA,NA,NA,NA,NA,NA,"CA","rex sole","rex_sole",NA,NA,"700","total_catch_wt_kg ~ 0 + factor(year) + pass","delta_gamma","TRUE","iid, iid","05_3","factor(year)2018","-0.560873463081316","0.832760256804963","-2.19305357417537","1.07130664801274"
"963","963","963","963","963","963","963","963","963","963","963","963","963","963","963","963","963","963","963",NA,NA,NA,NA,NA,NA,NA,NA,NA,NA,NA,NA,NA,NA,NA,NA,NA,NA,NA,NA,NA,NA,NA,NA,NA,NA,NA,NA,NA,NA,NA,NA,NA,NA,NA,NA,NA,NA,NA,NA,NA,NA,NA,"CA","rex sole","rex_sole",NA,NA,"700","total_catch_wt_kg ~ 0 + factor(year) + pass","delta_gamma","TRUE","iid, iid","05_3","factor(year)2019","-0.208103949130484","0.859255633446078","-1.89221404419795","1.47600614593698"
"964","964","964","964","964","964","964","964","964","964","964","964","964","964","964","964","964","964","964",NA,NA,NA,NA,NA,NA,NA,NA,NA,NA,NA,NA,NA,NA,NA,NA,NA,NA,NA,NA,NA,NA,NA,NA,NA,NA,NA,NA,NA,NA,NA,NA,NA,NA,NA,NA,NA,NA,NA,NA,NA,NA,NA,"CA","rex sole","rex_sole",NA,NA,"700","total_catch_wt_kg ~ 0 + factor(year) + pass","delta_gamma","TRUE","iid, iid","05_3","factor(year)2021","-0.411706066806108","0.831910349538986","-2.04222039026865","1.21880825665643"
"965","965","965","965","965","965","965","965","965","965","965","965","965","965","965","965","965","965","965",NA,NA,NA,NA,NA,NA,NA,NA,NA,NA,NA,NA,NA,NA,NA,NA,NA,NA,NA,NA,NA,NA,NA,NA,NA,NA,NA,NA,NA,NA,NA,NA,NA,NA,NA,NA,NA,NA,NA,NA,NA,NA,NA,"CA","rex sole","rex_sole",NA,NA,"700","total_catch_wt_kg ~ 0 + factor(year) + pass","delta_gamma","TRUE","iid, iid","05_3","factor(year)2022","-0.616214348175564","0.832077610686738","-2.24705649746371","1.01462780111258"
"966","966","966","966","966","966","966","966","966","966","966","966","966","966","966","966","966","966","966",NA,NA,NA,NA,NA,NA,NA,NA,NA,NA,NA,NA,NA,NA,NA,NA,NA,NA,NA,NA,NA,NA,NA,NA,NA,NA,NA,NA,NA,NA,NA,NA,NA,NA,NA,NA,NA,NA,NA,NA,NA,NA,NA,"CA","rex sole","rex_sole",NA,NA,"700","total_catch_wt_kg ~ 0 + factor(year) + pass","delta_gamma","TRUE","iid, iid","05_3","factor(year)2023","-0.633968973323735","0.835820049906878","-2.27214616869769","1.00420822205022"
"967","967","967","967","967","967","967","967","967","967","967","967","967","967","967","967","967","967","967",NA,NA,NA,NA,NA,NA,NA,NA,NA,NA,NA,NA,NA,NA,NA,NA,NA,NA,NA,NA,NA,NA,NA,NA,NA,NA,NA,NA,NA,NA,NA,NA,NA,NA,NA,NA,NA,NA,NA,NA,NA,NA,NA,"CA","rex sole","rex_sole",NA,NA,"700","total_catch_wt_kg ~ 0 + factor(year) + pass","delta_gamma","TRUE","iid, iid","05_3","factor(year)2024","-0.997684206861817","0.837254418185293","-2.63867271240203","0.643304298678394"
"968","968","968","968","968","968","968","968","968","968","968","968","968","968","968","968","968","968","968",NA,NA,NA,NA,NA,NA,NA,NA,NA,NA,NA,NA,NA,NA,NA,NA,NA,NA,NA,NA,NA,NA,NA,NA,NA,NA,NA,NA,NA,NA,NA,NA,NA,NA,NA,NA,NA,NA,NA,NA,NA,NA,NA,"CA","rex sole","rex_sole",NA,NA,"700","total_catch_wt_kg ~ 0 + factor(year) + pass","delta_gamma","TRUE","iid, iid","05_3","pass","-0.134305944723182","0.0985148338941352","-0.327391471098633","0.0587795816522685"
"969","969","969","969","969","969","969","969","969","969","969","969","969","969","969","969","969","969",NA,NA,NA,NA,NA,NA,NA,NA,NA,NA,NA,NA,NA,NA,NA,NA,NA,NA,NA,NA,NA,NA,NA,NA,NA,NA,NA,NA,NA,NA,NA,NA,NA,NA,NA,NA,NA,NA,NA,NA,NA,NA,NA,NA,"CA","rex sole","rex_sole",NA,NA,"700","total_catch_wt_kg ~ 0 + factor(year) + pass","delta_gamma","TRUE","iid, iid","05_4","factor(year)2003","0.453231764886601","0.792366432291498","-1.09977790496323","2.00624143473643"
"970","970","970","970","970","970","970","970","970","970","970","970","970","970","970","970","970","970",NA,NA,NA,NA,NA,NA,NA,NA,NA,NA,NA,NA,NA,NA,NA,NA,NA,NA,NA,NA,NA,NA,NA,NA,NA,NA,NA,NA,NA,NA,NA,NA,NA,NA,NA,NA,NA,NA,NA,NA,NA,NA,NA,NA,"CA","rex sole","rex_sole",NA,NA,"700","total_catch_wt_kg ~ 0 + factor(year) + pass","delta_gamma","TRUE","iid, iid","05_4","factor(year)2004","0.281109933466702","0.796474486120956","-1.27995137393542","1.84217124086882"
"971","971","971","971","971","971","971","971","971","971","971","971","971","971","971","971","971","971",NA,NA,NA,NA,NA,NA,NA,NA,NA,NA,NA,NA,NA,NA,NA,NA,NA,NA,NA,NA,NA,NA,NA,NA,NA,NA,NA,NA,NA,NA,NA,NA,NA,NA,NA,NA,NA,NA,NA,NA,NA,NA,NA,NA,"CA","rex sole","rex_sole",NA,NA,"700","total_catch_wt_kg ~ 0 + factor(year) + pass","delta_gamma","TRUE","iid, iid","05_4","factor(year)2005","0.146932499804083","0.777800408160738","-1.37752828735152","1.67139328695968"
"972","972","972","972","972","972","972","972","972","972","972","972","972","972","972","972","972","972",NA,NA,NA,NA,NA,NA,NA,NA,NA,NA,NA,NA,NA,NA,NA,NA,NA,NA,NA,NA,NA,NA,NA,NA,NA,NA,NA,NA,NA,NA,NA,NA,NA,NA,NA,NA,NA,NA,NA,NA,NA,NA,NA,NA,"CA","rex sole","rex_sole",NA,NA,"700","total_catch_wt_kg ~ 0 + factor(year) + pass","delta_gamma","TRUE","iid, iid","05_4","factor(year)2006","-0.366961367453087","0.781884614238206","-1.89942705142596","1.16550431651979"
"973","973","973","973","973","973","973","973","973","973","973","973","973","973","973","973","973","973",NA,NA,NA,NA,NA,NA,NA,NA,NA,NA,NA,NA,NA,NA,NA,NA,NA,NA,NA,NA,NA,NA,NA,NA,NA,NA,NA,NA,NA,NA,NA,NA,NA,NA,NA,NA,NA,NA,NA,NA,NA,NA,NA,NA,"CA","rex sole","rex_sole",NA,NA,"700","total_catch_wt_kg ~ 0 + factor(year) + pass","delta_gamma","TRUE","iid, iid","05_4","factor(year)2007","-0.65026636668292","0.775312873014761","-2.16985167454213","0.869318941176287"
"974","974","974","974","974","974","974","974","974","974","974","974","974","974","974","974","974","974",NA,NA,NA,NA,NA,NA,NA,NA,NA,NA,NA,NA,NA,NA,NA,NA,NA,NA,NA,NA,NA,NA,NA,NA,NA,NA,NA,NA,NA,NA,NA,NA,NA,NA,NA,NA,NA,NA,NA,NA,NA,NA,NA,NA,"CA","rex sole","rex_sole",NA,NA,"700","total_catch_wt_kg ~ 0 + factor(year) + pass","delta_gamma","TRUE","iid, iid","05_4","factor(year)2008","-0.764411033467102","0.777398102252263","-2.28808331553132","0.759261248597119"
"975","975","975","975","975","975","975","975","975","975","975","975","975","975","975","975","975","975",NA,NA,NA,NA,NA,NA,NA,NA,NA,NA,NA,NA,NA,NA,NA,NA,NA,NA,NA,NA,NA,NA,NA,NA,NA,NA,NA,NA,NA,NA,NA,NA,NA,NA,NA,NA,NA,NA,NA,NA,NA,NA,NA,NA,"CA","rex sole","rex_sole",NA,NA,"700","total_catch_wt_kg ~ 0 + factor(year) + pass","delta_gamma","TRUE","iid, iid","05_4","factor(year)2009","-0.853741879882194","0.772966562633843","-2.36872850389825","0.661244744133862"
"976","976","976","976","976","976","976","976","976","976","976","976","976","976","976","976","976","976",NA,NA,NA,NA,NA,NA,NA,NA,NA,NA,NA,NA,NA,NA,NA,NA,NA,NA,NA,NA,NA,NA,NA,NA,NA,NA,NA,NA,NA,NA,NA,NA,NA,NA,NA,NA,NA,NA,NA,NA,NA,NA,NA,NA,"CA","rex sole","rex_sole",NA,NA,"700","total_catch_wt_kg ~ 0 + factor(year) + pass","delta_gamma","TRUE","iid, iid","05_4","factor(year)2010","-0.484479435482762","0.76724989934087","-1.98826160533285","1.01930273436732"
"977","977","977","977","977","977","977","977","977","977","977","977","977","977","977","977","977","977",NA,NA,NA,NA,NA,NA,NA,NA,NA,NA,NA,NA,NA,NA,NA,NA,NA,NA,NA,NA,NA,NA,NA,NA,NA,NA,NA,NA,NA,NA,NA,NA,NA,NA,NA,NA,NA,NA,NA,NA,NA,NA,NA,NA,"CA","rex sole","rex_sole",NA,NA,"700","total_catch_wt_kg ~ 0 + factor(year) + pass","delta_gamma","TRUE","iid, iid","05_4","factor(year)2011","-0.121595796966414","0.774520783740355","-1.63962863837525","1.39643704444242"
"978","978","978","978","978","978","978","978","978","978","978","978","978","978","978","978","978","978",NA,NA,NA,NA,NA,NA,NA,NA,NA,NA,NA,NA,NA,NA,NA,NA,NA,NA,NA,NA,NA,NA,NA,NA,NA,NA,NA,NA,NA,NA,NA,NA,NA,NA,NA,NA,NA,NA,NA,NA,NA,NA,NA,NA,"CA","rex sole","rex_sole",NA,NA,"700","total_catch_wt_kg ~ 0 + factor(year) + pass","delta_gamma","TRUE","iid, iid","05_4","factor(year)2012","-0.35498357996617","0.773050745727777","-1.87013519981444","1.1601680398821"
"979","979","979","979","979","979","979","979","979","979","979","979","979","979","979","979","979","979",NA,NA,NA,NA,NA,NA,NA,NA,NA,NA,NA,NA,NA,NA,NA,NA,NA,NA,NA,NA,NA,NA,NA,NA,NA,NA,NA,NA,NA,NA,NA,NA,NA,NA,NA,NA,NA,NA,NA,NA,NA,NA,NA,NA,"CA","rex sole","rex_sole",NA,NA,"700","total_catch_wt_kg ~ 0 + factor(year) + pass","delta_gamma","TRUE","iid, iid","05_4","factor(year)2013","-0.331287368091756","0.798294391571495","-1.8959156246322","1.23334088844869"
"980","980","980","980","980","980","980","980","980","980","980","980","980","980","980","980","980","980",NA,NA,NA,NA,NA,NA,NA,NA,NA,NA,NA,NA,NA,NA,NA,NA,NA,NA,NA,NA,NA,NA,NA,NA,NA,NA,NA,NA,NA,NA,NA,NA,NA,NA,NA,NA,NA,NA,NA,NA,NA,NA,NA,NA,"CA","rex sole","rex_sole",NA,NA,"700","total_catch_wt_kg ~ 0 + factor(year) + pass","delta_gamma","TRUE","iid, iid","05_4","factor(year)2014","-0.306670235931776","0.776427440866802","-1.82844005663931","1.21509958477576"
"981","981","981","981","981","981","981","981","981","981","981","981","981","981","981","981","981","981",NA,NA,NA,NA,NA,NA,NA,NA,NA,NA,NA,NA,NA,NA,NA,NA,NA,NA,NA,NA,NA,NA,NA,NA,NA,NA,NA,NA,NA,NA,NA,NA,NA,NA,NA,NA,NA,NA,NA,NA,NA,NA,NA,NA,"CA","rex sole","rex_sole",NA,NA,"700","total_catch_wt_kg ~ 0 + factor(year) + pass","delta_gamma","TRUE","iid, iid","05_4","factor(year)2015","-0.0462303857113477","0.775910129261274","-1.56698629430326","1.47452552288057"
"982","982","982","982","982","982","982","982","982","982","982","982","982","982","982","982","982","982",NA,NA,NA,NA,NA,NA,NA,NA,NA,NA,NA,NA,NA,NA,NA,NA,NA,NA,NA,NA,NA,NA,NA,NA,NA,NA,NA,NA,NA,NA,NA,NA,NA,NA,NA,NA,NA,NA,NA,NA,NA,NA,NA,NA,"CA","rex sole","rex_sole",NA,NA,"700","total_catch_wt_kg ~ 0 + factor(year) + pass","delta_gamma","TRUE","iid, iid","05_4","factor(year)2016","-0.323799061597923","0.776703751236345","-1.84611044067832","1.19851231748247"
"983","983","983","983","983","983","983","983","983","983","983","983","983","983","983","983","983","983",NA,NA,NA,NA,NA,NA,NA,NA,NA,NA,NA,NA,NA,NA,NA,NA,NA,NA,NA,NA,NA,NA,NA,NA,NA,NA,NA,NA,NA,NA,NA,NA,NA,NA,NA,NA,NA,NA,NA,NA,NA,NA,NA,NA,"CA","rex sole","rex_sole",NA,NA,"700","total_catch_wt_kg ~ 0 + factor(year) + pass","delta_gamma","TRUE","iid, iid","05_4","factor(year)2017","-0.645471280948064","0.774865333933641","-2.1641794283266","0.873236866430473"
"984","984","984","984","984","984","984","984","984","984","984","984","984","984","984","984","984","984",NA,NA,NA,NA,NA,NA,NA,NA,NA,NA,NA,NA,NA,NA,NA,NA,NA,NA,NA,NA,NA,NA,NA,NA,NA,NA,NA,NA,NA,NA,NA,NA,NA,NA,NA,NA,NA,NA,NA,NA,NA,NA,NA,NA,"CA","rex sole","rex_sole",NA,NA,"700","total_catch_wt_kg ~ 0 + factor(year) + pass","delta_gamma","TRUE","iid, iid","05_4","factor(year)2018","-0.384032385215336","0.775481910071044","-1.90394899961691","1.13588422918624"
"985","985","985","985","985","985","985","985","985","985","985","985","985","985","985","985","985","985",NA,NA,NA,NA,NA,NA,NA,NA,NA,NA,NA,NA,NA,NA,NA,NA,NA,NA,NA,NA,NA,NA,NA,NA,NA,NA,NA,NA,NA,NA,NA,NA,NA,NA,NA,NA,NA,NA,NA,NA,NA,NA,NA,NA,"CA","rex sole","rex_sole",NA,NA,"700","total_catch_wt_kg ~ 0 + factor(year) + pass","delta_gamma","TRUE","iid, iid","05_4","factor(year)2019","-0.863823422753916","0.809161872766592","-2.44975155103942","0.722104705531586"
"986","986","986","986","986","986","986","986","986","986","986","986","986","986","986","986","986","986",NA,NA,NA,NA,NA,NA,NA,NA,NA,NA,NA,NA,NA,NA,NA,NA,NA,NA,NA,NA,NA,NA,NA,NA,NA,NA,NA,NA,NA,NA,NA,NA,NA,NA,NA,NA,NA,NA,NA,NA,NA,NA,NA,NA,"CA","rex sole","rex_sole",NA,NA,"700","total_catch_wt_kg ~ 0 + factor(year) + pass","delta_gamma","TRUE","iid, iid","05_4","factor(year)2021","-0.393315056477233","0.773193697564148","-1.90874685677632","1.12211674382185"
"987","987","987","987","987","987","987","987","987","987","987","987","987","987","987","987","987","987",NA,NA,NA,NA,NA,NA,NA,NA,NA,NA,NA,NA,NA,NA,NA,NA,NA,NA,NA,NA,NA,NA,NA,NA,NA,NA,NA,NA,NA,NA,NA,NA,NA,NA,NA,NA,NA,NA,NA,NA,NA,NA,NA,NA,"CA","rex sole","rex_sole",NA,NA,"700","total_catch_wt_kg ~ 0 + factor(year) + pass","delta_gamma","TRUE","iid, iid","05_4","factor(year)2022","-0.585314774105324","0.775286539788997","-2.10484846979044","0.93421892157979"
"988","988","988","988","988","988","988","988","988","988","988","988","988","988","988","988","988","988",NA,NA,NA,NA,NA,NA,NA,NA,NA,NA,NA,NA,NA,NA,NA,NA,NA,NA,NA,NA,NA,NA,NA,NA,NA,NA,NA,NA,NA,NA,NA,NA,NA,NA,NA,NA,NA,NA,NA,NA,NA,NA,NA,NA,"CA","rex sole","rex_sole",NA,NA,"700","total_catch_wt_kg ~ 0 + factor(year) + pass","delta_gamma","TRUE","iid, iid","05_4","factor(year)2023","-0.270155353602056","0.775680257240899","-1.79046072131298","1.25015001410887"
"989","989","989","989","989","989","989","989","989","989","989","989","989","989","989","989","989","989",NA,NA,NA,NA,NA,NA,NA,NA,NA,NA,NA,NA,NA,NA,NA,NA,NA,NA,NA,NA,NA,NA,NA,NA,NA,NA,NA,NA,NA,NA,NA,NA,NA,NA,NA,NA,NA,NA,NA,NA,NA,NA,NA,NA,"CA","rex sole","rex_sole",NA,NA,"700","total_catch_wt_kg ~ 0 + factor(year) + pass","delta_gamma","TRUE","iid, iid","05_4","factor(year)2024","-1.06540584292463","0.774112307881526","-2.5826380863616","0.451826400512342"
"990","990","990","990","990","990","990","990","990","990","990","990","990","990","990","990","990","990",NA,NA,NA,NA,NA,NA,NA,NA,NA,NA,NA,NA,NA,NA,NA,NA,NA,NA,NA,NA,NA,NA,NA,NA,NA,NA,NA,NA,NA,NA,NA,NA,NA,NA,NA,NA,NA,NA,NA,NA,NA,NA,NA,NA,"CA","rex sole","rex_sole",NA,NA,"700","total_catch_wt_kg ~ 0 + factor(year) + pass","delta_gamma","TRUE","iid, iid","05_4","pass","-0.193939947408386","0.100962393065783","-0.391822601610297","0.00394270679352515"
"991","991","991","991","991","991","991","991","991","991","991","991","991","991","991","991","991",NA,NA,NA,NA,NA,NA,NA,NA,NA,NA,NA,NA,NA,NA,NA,NA,NA,NA,NA,NA,NA,NA,NA,NA,NA,NA,NA,NA,NA,NA,NA,NA,NA,NA,NA,NA,NA,NA,NA,NA,NA,NA,NA,NA,NA,"CA","rex sole","rex_sole",NA,NA,"700","total_catch_wt_kg ~ 0 + factor(year) + pass","delta_gamma","TRUE","iid, iid","05_5","factor(year)2003","0.601830960610506","0.665279737521551","-0.702093364575993","1.90575528579701"
"992","992","992","992","992","992","992","992","992","992","992","992","992","992","992","992","992",NA,NA,NA,NA,NA,NA,NA,NA,NA,NA,NA,NA,NA,NA,NA,NA,NA,NA,NA,NA,NA,NA,NA,NA,NA,NA,NA,NA,NA,NA,NA,NA,NA,NA,NA,NA,NA,NA,NA,NA,NA,NA,NA,NA,NA,"CA","rex sole","rex_sole",NA,NA,"700","total_catch_wt_kg ~ 0 + factor(year) + pass","delta_gamma","TRUE","iid, iid","05_5","factor(year)2004","0.48447947281336","0.667563716582106","-0.823921369073272","1.79288031469999"
"993","993","993","993","993","993","993","993","993","993","993","993","993","993","993","993","993",NA,NA,NA,NA,NA,NA,NA,NA,NA,NA,NA,NA,NA,NA,NA,NA,NA,NA,NA,NA,NA,NA,NA,NA,NA,NA,NA,NA,NA,NA,NA,NA,NA,NA,NA,NA,NA,NA,NA,NA,NA,NA,NA,NA,NA,"CA","rex sole","rex_sole",NA,NA,"700","total_catch_wt_kg ~ 0 + factor(year) + pass","delta_gamma","TRUE","iid, iid","05_5","factor(year)2005","0.459488960755428","0.648414563229219","-0.811380230225111","1.73035815173597"
"994","994","994","994","994","994","994","994","994","994","994","994","994","994","994","994","994",NA,NA,NA,NA,NA,NA,NA,NA,NA,NA,NA,NA,NA,NA,NA,NA,NA,NA,NA,NA,NA,NA,NA,NA,NA,NA,NA,NA,NA,NA,NA,NA,NA,NA,NA,NA,NA,NA,NA,NA,NA,NA,NA,NA,NA,"CA","rex sole","rex_sole",NA,NA,"700","total_catch_wt_kg ~ 0 + factor(year) + pass","delta_gamma","TRUE","iid, iid","05_5","factor(year)2006","0.478087507258998","0.651146046791969","-0.798135293128893","1.75431030764689"
"995","995","995","995","995","995","995","995","995","995","995","995","995","995","995","995","995",NA,NA,NA,NA,NA,NA,NA,NA,NA,NA,NA,NA,NA,NA,NA,NA,NA,NA,NA,NA,NA,NA,NA,NA,NA,NA,NA,NA,NA,NA,NA,NA,NA,NA,NA,NA,NA,NA,NA,NA,NA,NA,NA,NA,NA,"CA","rex sole","rex_sole",NA,NA,"700","total_catch_wt_kg ~ 0 + factor(year) + pass","delta_gamma","TRUE","iid, iid","05_5","factor(year)2007","-0.232004949776956","0.644712249147484","-1.49561773849784","1.03160783894393"
"996","996","996","996","996","996","996","996","996","996","996","996","996","996","996","996","996",NA,NA,NA,NA,NA,NA,NA,NA,NA,NA,NA,NA,NA,NA,NA,NA,NA,NA,NA,NA,NA,NA,NA,NA,NA,NA,NA,NA,NA,NA,NA,NA,NA,NA,NA,NA,NA,NA,NA,NA,NA,NA,NA,NA,NA,"CA","rex sole","rex_sole",NA,NA,"700","total_catch_wt_kg ~ 0 + factor(year) + pass","delta_gamma","TRUE","iid, iid","05_5","factor(year)2008","-0.334070627119092","0.645830739483185","-1.599875616615","0.931734362376822"
"997","997","997","997","997","997","997","997","997","997","997","997","997","997","997","997","997",NA,NA,NA,NA,NA,NA,NA,NA,NA,NA,NA,NA,NA,NA,NA,NA,NA,NA,NA,NA,NA,NA,NA,NA,NA,NA,NA,NA,NA,NA,NA,NA,NA,NA,NA,NA,NA,NA,NA,NA,NA,NA,NA,NA,NA,"CA","rex sole","rex_sole",NA,NA,"700","total_catch_wt_kg ~ 0 + factor(year) + pass","delta_gamma","TRUE","iid, iid","05_5","factor(year)2009","-0.0934165799470556","0.641296500006614","-1.35033462337161","1.1635014634775"
"998","998","998","998","998","998","998","998","998","998","998","998","998","998","998","998","998",NA,NA,NA,NA,NA,NA,NA,NA,NA,NA,NA,NA,NA,NA,NA,NA,NA,NA,NA,NA,NA,NA,NA,NA,NA,NA,NA,NA,NA,NA,NA,NA,NA,NA,NA,NA,NA,NA,NA,NA,NA,NA,NA,NA,NA,"CA","rex sole","rex_sole",NA,NA,"700","total_catch_wt_kg ~ 0 + factor(year) + pass","delta_gamma","TRUE","iid, iid","05_5","factor(year)2010","0.14527632841036","0.64278673498718","-1.1145625219046","1.40511517872532"
"999","999","999","999","999","999","999","999","999","999","999","999","999","999","999","999","999",NA,NA,NA,NA,NA,NA,NA,NA,NA,NA,NA,NA,NA,NA,NA,NA,NA,NA,NA,NA,NA,NA,NA,NA,NA,NA,NA,NA,NA,NA,NA,NA,NA,NA,NA,NA,NA,NA,NA,NA,NA,NA,NA,NA,NA,"CA","rex sole","rex_sole",NA,NA,"700","total_catch_wt_kg ~ 0 + factor(year) + pass","delta_gamma","TRUE","iid, iid","05_5","factor(year)2011","-0.244321931829546","0.645207368440096","-1.508905136532","1.02026127287291"
"1000","1000","1000","1000","1000","1000","1000","1000","1000","1000","1000","1000","1000","1000","1000","1000","1000",NA,NA,NA,NA,NA,NA,NA,NA,NA,NA,NA,NA,NA,NA,NA,NA,NA,NA,NA,NA,NA,NA,NA,NA,NA,NA,NA,NA,NA,NA,NA,NA,NA,NA,NA,NA,NA,NA,NA,NA,NA,NA,NA,NA,NA,"CA","rex sole","rex_sole",NA,NA,"700","total_catch_wt_kg ~ 0 + factor(year) + pass","delta_gamma","TRUE","iid, iid","05_5","factor(year)2012","0.151859248579185","0.650380279933425","-1.12286267634541","1.42658117350378"
"1001","1001","1001","1001","1001","1001","1001","1001","1001","1001","1001","1001","1001","1001","1001","1001","1001",NA,NA,NA,NA,NA,NA,NA,NA,NA,NA,NA,NA,NA,NA,NA,NA,NA,NA,NA,NA,NA,NA,NA,NA,NA,NA,NA,NA,NA,NA,NA,NA,NA,NA,NA,NA,NA,NA,NA,NA,NA,NA,NA,NA,NA,"CA","rex sole","rex_sole",NA,NA,"700","total_catch_wt_kg ~ 0 + factor(year) + pass","delta_gamma","TRUE","iid, iid","05_5","factor(year)2013","0.304333811749847","0.656753704340095","-0.982879795470005","1.5915474189697"
"1002","1002","1002","1002","1002","1002","1002","1002","1002","1002","1002","1002","1002","1002","1002","1002","1002",NA,NA,NA,NA,NA,NA,NA,NA,NA,NA,NA,NA,NA,NA,NA,NA,NA,NA,NA,NA,NA,NA,NA,NA,NA,NA,NA,NA,NA,NA,NA,NA,NA,NA,NA,NA,NA,NA,NA,NA,NA,NA,NA,NA,NA,"CA","rex sole","rex_sole",NA,NA,"700","total_catch_wt_kg ~ 0 + factor(year) + pass","delta_gamma","TRUE","iid, iid","05_5","factor(year)2014","0.237827209180196","0.646517059104516","-1.02932294205541","1.5049773604158"
"1003","1003","1003","1003","1003","1003","1003","1003","1003","1003","1003","1003","1003","1003","1003","1003","1003",NA,NA,NA,NA,NA,NA,NA,NA,NA,NA,NA,NA,NA,NA,NA,NA,NA,NA,NA,NA,NA,NA,NA,NA,NA,NA,NA,NA,NA,NA,NA,NA,NA,NA,NA,NA,NA,NA,NA,NA,NA,NA,NA,NA,NA,"CA","rex sole","rex_sole",NA,NA,"700","total_catch_wt_kg ~ 0 + factor(year) + pass","delta_gamma","TRUE","iid, iid","05_5","factor(year)2015","0.211112567571155","0.652837559058683","-1.0684255359389","1.49065067108121"
"1004","1004","1004","1004","1004","1004","1004","1004","1004","1004","1004","1004","1004","1004","1004","1004","1004",NA,NA,NA,NA,NA,NA,NA,NA,NA,NA,NA,NA,NA,NA,NA,NA,NA,NA,NA,NA,NA,NA,NA,NA,NA,NA,NA,NA,NA,NA,NA,NA,NA,NA,NA,NA,NA,NA,NA,NA,NA,NA,NA,NA,NA,"CA","rex sole","rex_sole",NA,NA,"700","total_catch_wt_kg ~ 0 + factor(year) + pass","delta_gamma","TRUE","iid, iid","05_5","factor(year)2016","0.143449109637269","0.644649738120365","-1.12004115972182","1.40693937899636"
"1005","1005","1005","1005","1005","1005","1005","1005","1005","1005","1005","1005","1005","1005","1005","1005","1005",NA,NA,NA,NA,NA,NA,NA,NA,NA,NA,NA,NA,NA,NA,NA,NA,NA,NA,NA,NA,NA,NA,NA,NA,NA,NA,NA,NA,NA,NA,NA,NA,NA,NA,NA,NA,NA,NA,NA,NA,NA,NA,NA,NA,NA,"CA","rex sole","rex_sole",NA,NA,"700","total_catch_wt_kg ~ 0 + factor(year) + pass","delta_gamma","TRUE","iid, iid","05_5","factor(year)2017","0.071920246616478","0.652245862753035","-1.20645815344473","1.35029864667768"
"1006","1006","1006","1006","1006","1006","1006","1006","1006","1006","1006","1006","1006","1006","1006","1006","1006",NA,NA,NA,NA,NA,NA,NA,NA,NA,NA,NA,NA,NA,NA,NA,NA,NA,NA,NA,NA,NA,NA,NA,NA,NA,NA,NA,NA,NA,NA,NA,NA,NA,NA,NA,NA,NA,NA,NA,NA,NA,NA,NA,NA,NA,"CA","rex sole","rex_sole",NA,NA,"700","total_catch_wt_kg ~ 0 + factor(year) + pass","delta_gamma","TRUE","iid, iid","05_5","factor(year)2018","0.173317197830989","0.64769943985534","-1.09615037709224","1.44278477275422"
"1007","1007","1007","1007","1007","1007","1007","1007","1007","1007","1007","1007","1007","1007","1007","1007","1007",NA,NA,NA,NA,NA,NA,NA,NA,NA,NA,NA,NA,NA,NA,NA,NA,NA,NA,NA,NA,NA,NA,NA,NA,NA,NA,NA,NA,NA,NA,NA,NA,NA,NA,NA,NA,NA,NA,NA,NA,NA,NA,NA,NA,NA,"CA","rex sole","rex_sole",NA,NA,"700","total_catch_wt_kg ~ 0 + factor(year) + pass","delta_gamma","TRUE","iid, iid","05_5","factor(year)2019","-0.248859099089381","0.681471101653759","-1.58451791483558","1.08679971665682"
"1008","1008","1008","1008","1008","1008","1008","1008","1008","1008","1008","1008","1008","1008","1008","1008","1008",NA,NA,NA,NA,NA,NA,NA,NA,NA,NA,NA,NA,NA,NA,NA,NA,NA,NA,NA,NA,NA,NA,NA,NA,NA,NA,NA,NA,NA,NA,NA,NA,NA,NA,NA,NA,NA,NA,NA,NA,NA,NA,NA,NA,NA,"CA","rex sole","rex_sole",NA,NA,"700","total_catch_wt_kg ~ 0 + factor(year) + pass","delta_gamma","TRUE","iid, iid","05_5","factor(year)2021","0.0424860881361969","0.642218425146052","-1.2162388953581","1.30121107163049"
"1009","1009","1009","1009","1009","1009","1009","1009","1009","1009","1009","1009","1009","1009","1009","1009","1009",NA,NA,NA,NA,NA,NA,NA,NA,NA,NA,NA,NA,NA,NA,NA,NA,NA,NA,NA,NA,NA,NA,NA,NA,NA,NA,NA,NA,NA,NA,NA,NA,NA,NA,NA,NA,NA,NA,NA,NA,NA,NA,NA,NA,NA,"CA","rex sole","rex_sole",NA,NA,"700","total_catch_wt_kg ~ 0 + factor(year) + pass","delta_gamma","TRUE","iid, iid","05_5","factor(year)2022","0.0115537632970033","0.648124421732947","-1.25874676080042","1.28185428739443"
"1010","1010","1010","1010","1010","1010","1010","1010","1010","1010","1010","1010","1010","1010","1010","1010","1010",NA,NA,NA,NA,NA,NA,NA,NA,NA,NA,NA,NA,NA,NA,NA,NA,NA,NA,NA,NA,NA,NA,NA,NA,NA,NA,NA,NA,NA,NA,NA,NA,NA,NA,NA,NA,NA,NA,NA,NA,NA,NA,NA,NA,NA,"CA","rex sole","rex_sole",NA,NA,"700","total_catch_wt_kg ~ 0 + factor(year) + pass","delta_gamma","TRUE","iid, iid","05_5","factor(year)2023","0.122540504898274","0.653937041301159","-1.15915254420868","1.40423355400523"
"1011","1011","1011","1011","1011","1011","1011","1011","1011","1011","1011","1011","1011","1011","1011","1011","1011",NA,NA,NA,NA,NA,NA,NA,NA,NA,NA,NA,NA,NA,NA,NA,NA,NA,NA,NA,NA,NA,NA,NA,NA,NA,NA,NA,NA,NA,NA,NA,NA,NA,NA,NA,NA,NA,NA,NA,NA,NA,NA,NA,NA,NA,"CA","rex sole","rex_sole",NA,NA,"700","total_catch_wt_kg ~ 0 + factor(year) + pass","delta_gamma","TRUE","iid, iid","05_5","factor(year)2024","-0.634059667141027","0.648818154387671","-1.90571988225661","0.637600547974556"
"1012","1012","1012","1012","1012","1012","1012","1012","1012","1012","1012","1012","1012","1012","1012","1012","1012",NA,NA,NA,NA,NA,NA,NA,NA,NA,NA,NA,NA,NA,NA,NA,NA,NA,NA,NA,NA,NA,NA,NA,NA,NA,NA,NA,NA,NA,NA,NA,NA,NA,NA,NA,NA,NA,NA,NA,NA,NA,NA,NA,NA,NA,"CA","rex sole","rex_sole",NA,NA,"700","total_catch_wt_kg ~ 0 + factor(year) + pass","delta_gamma","TRUE","iid, iid","05_5","pass","-0.121335083273517","0.10039274336467","-0.318101244577442","0.0754310780304079"
"1013","1013","1013","1013","1013","1013","1013","1013","1013","1013","1013","1013","1013","1013","1013","1013",NA,NA,NA,NA,NA,NA,NA,NA,NA,NA,NA,NA,NA,NA,NA,NA,NA,NA,NA,NA,NA,NA,NA,NA,NA,NA,NA,NA,NA,NA,NA,NA,NA,NA,NA,NA,NA,NA,NA,NA,NA,NA,NA,NA,NA,NA,"CA","rex sole","rex_sole",NA,NA,"700","total_catch_wt_kg ~ 0 + factor(year) + pass","delta_gamma","TRUE","iid, iid","05_6","factor(year)2003","0.0354943252501245","0.810578987779432","-1.55321129742249","1.62419994792274"
"1014","1014","1014","1014","1014","1014","1014","1014","1014","1014","1014","1014","1014","1014","1014","1014",NA,NA,NA,NA,NA,NA,NA,NA,NA,NA,NA,NA,NA,NA,NA,NA,NA,NA,NA,NA,NA,NA,NA,NA,NA,NA,NA,NA,NA,NA,NA,NA,NA,NA,NA,NA,NA,NA,NA,NA,NA,NA,NA,NA,NA,NA,"CA","rex sole","rex_sole",NA,NA,"700","total_catch_wt_kg ~ 0 + factor(year) + pass","delta_gamma","TRUE","iid, iid","05_6","factor(year)2004","-0.14426484846609","0.812438514175088","-1.7366150759025","1.44808537897032"
"1015","1015","1015","1015","1015","1015","1015","1015","1015","1015","1015","1015","1015","1015","1015","1015",NA,NA,NA,NA,NA,NA,NA,NA,NA,NA,NA,NA,NA,NA,NA,NA,NA,NA,NA,NA,NA,NA,NA,NA,NA,NA,NA,NA,NA,NA,NA,NA,NA,NA,NA,NA,NA,NA,NA,NA,NA,NA,NA,NA,NA,NA,"CA","rex sole","rex_sole",NA,NA,"700","total_catch_wt_kg ~ 0 + factor(year) + pass","delta_gamma","TRUE","iid, iid","05_6","factor(year)2005","0.109493193927371","0.798614125942348","-1.45576173046457","1.67474811831931"
"1016","1016","1016","1016","1016","1016","1016","1016","1016","1016","1016","1016","1016","1016","1016","1016",NA,NA,NA,NA,NA,NA,NA,NA,NA,NA,NA,NA,NA,NA,NA,NA,NA,NA,NA,NA,NA,NA,NA,NA,NA,NA,NA,NA,NA,NA,NA,NA,NA,NA,NA,NA,NA,NA,NA,NA,NA,NA,NA,NA,NA,NA,"CA","rex sole","rex_sole",NA,NA,"700","total_catch_wt_kg ~ 0 + factor(year) + pass","delta_gamma","TRUE","iid, iid","05_6","factor(year)2006","-0.358184596575145","0.798376132011177","-1.92297306143345","1.20660386828316"
"1017","1017","1017","1017","1017","1017","1017","1017","1017","1017","1017","1017","1017","1017","1017","1017",NA,NA,NA,NA,NA,NA,NA,NA,NA,NA,NA,NA,NA,NA,NA,NA,NA,NA,NA,NA,NA,NA,NA,NA,NA,NA,NA,NA,NA,NA,NA,NA,NA,NA,NA,NA,NA,NA,NA,NA,NA,NA,NA,NA,NA,NA,"CA","rex sole","rex_sole",NA,NA,"700","total_catch_wt_kg ~ 0 + factor(year) + pass","delta_gamma","TRUE","iid, iid","05_6","factor(year)2007","-0.594643010541416","0.7972472733894","-2.1572189531574","0.967932932074565"
"1018","1018","1018","1018","1018","1018","1018","1018","1018","1018","1018","1018","1018","1018","1018","1018",NA,NA,NA,NA,NA,NA,NA,NA,NA,NA,NA,NA,NA,NA,NA,NA,NA,NA,NA,NA,NA,NA,NA,NA,NA,NA,NA,NA,NA,NA,NA,NA,NA,NA,NA,NA,NA,NA,NA,NA,NA,NA,NA,NA,NA,NA,"CA","rex sole","rex_sole",NA,NA,"700","total_catch_wt_kg ~ 0 + factor(year) + pass","delta_gamma","TRUE","iid, iid","05_6","factor(year)2008","-0.676472613530122","0.791363203746187","-2.22751599156288","0.874570764502637"
"1019","1019","1019","1019","1019","1019","1019","1019","1019","1019","1019","1019","1019","1019","1019","1019",NA,NA,NA,NA,NA,NA,NA,NA,NA,NA,NA,NA,NA,NA,NA,NA,NA,NA,NA,NA,NA,NA,NA,NA,NA,NA,NA,NA,NA,NA,NA,NA,NA,NA,NA,NA,NA,NA,NA,NA,NA,NA,NA,NA,NA,NA,"CA","rex sole","rex_sole",NA,NA,"700","total_catch_wt_kg ~ 0 + factor(year) + pass","delta_gamma","TRUE","iid, iid","05_6","factor(year)2009","-0.969206413179952","0.791187261396037","-2.51990495054306","0.581492124183158"
"1020","1020","1020","1020","1020","1020","1020","1020","1020","1020","1020","1020","1020","1020","1020","1020",NA,NA,NA,NA,NA,NA,NA,NA,NA,NA,NA,NA,NA,NA,NA,NA,NA,NA,NA,NA,NA,NA,NA,NA,NA,NA,NA,NA,NA,NA,NA,NA,NA,NA,NA,NA,NA,NA,NA,NA,NA,NA,NA,NA,NA,NA,"CA","rex sole","rex_sole",NA,NA,"700","total_catch_wt_kg ~ 0 + factor(year) + pass","delta_gamma","TRUE","iid, iid","05_6","factor(year)2010","-0.24449435287279","0.792034153165766","-1.79685276760337","1.30786406185779"
"1021","1021","1021","1021","1021","1021","1021","1021","1021","1021","1021","1021","1021","1021","1021","1021",NA,NA,NA,NA,NA,NA,NA,NA,NA,NA,NA,NA,NA,NA,NA,NA,NA,NA,NA,NA,NA,NA,NA,NA,NA,NA,NA,NA,NA,NA,NA,NA,NA,NA,NA,NA,NA,NA,NA,NA,NA,NA,NA,NA,NA,NA,"CA","rex sole","rex_sole",NA,NA,"700","total_catch_wt_kg ~ 0 + factor(year) + pass","delta_gamma","TRUE","iid, iid","05_6","factor(year)2011","-1.20260462813354","0.790321706898017","-2.75160670985387","0.346397453586795"
"1022","1022","1022","1022","1022","1022","1022","1022","1022","1022","1022","1022","1022","1022","1022","1022",NA,NA,NA,NA,NA,NA,NA,NA,NA,NA,NA,NA,NA,NA,NA,NA,NA,NA,NA,NA,NA,NA,NA,NA,NA,NA,NA,NA,NA,NA,NA,NA,NA,NA,NA,NA,NA,NA,NA,NA,NA,NA,NA,NA,NA,NA,"CA","rex sole","rex_sole",NA,NA,"700","total_catch_wt_kg ~ 0 + factor(year) + pass","delta_gamma","TRUE","iid, iid","05_6","factor(year)2012","-0.542321843240532","0.79131394876615","-2.09326868328636","1.00862499680529"
"1023","1023","1023","1023","1023","1023","1023","1023","1023","1023","1023","1023","1023","1023","1023","1023",NA,NA,NA,NA,NA,NA,NA,NA,NA,NA,NA,NA,NA,NA,NA,NA,NA,NA,NA,NA,NA,NA,NA,NA,NA,NA,NA,NA,NA,NA,NA,NA,NA,NA,NA,NA,NA,NA,NA,NA,NA,NA,NA,NA,NA,NA,"CA","rex sole","rex_sole",NA,NA,"700","total_catch_wt_kg ~ 0 + factor(year) + pass","delta_gamma","TRUE","iid, iid","05_6","factor(year)2013","-0.150109167798534","0.801264092142794","-1.72055793050359","1.42033959490652"
"1024","1024","1024","1024","1024","1024","1024","1024","1024","1024","1024","1024","1024","1024","1024","1024",NA,NA,NA,NA,NA,NA,NA,NA,NA,NA,NA,NA,NA,NA,NA,NA,NA,NA,NA,NA,NA,NA,NA,NA,NA,NA,NA,NA,NA,NA,NA,NA,NA,NA,NA,NA,NA,NA,NA,NA,NA,NA,NA,NA,NA,NA,"CA","rex sole","rex_sole",NA,NA,"700","total_catch_wt_kg ~ 0 + factor(year) + pass","delta_gamma","TRUE","iid, iid","05_6","factor(year)2014","-0.649895928986107","0.792290954708775","-2.20275766549216","0.902965807519946"
"1025","1025","1025","1025","1025","1025","1025","1025","1025","1025","1025","1025","1025","1025","1025","1025",NA,NA,NA,NA,NA,NA,NA,NA,NA,NA,NA,NA,NA,NA,NA,NA,NA,NA,NA,NA,NA,NA,NA,NA,NA,NA,NA,NA,NA,NA,NA,NA,NA,NA,NA,NA,NA,NA,NA,NA,NA,NA,NA,NA,NA,NA,"CA","rex sole","rex_sole",NA,NA,"700","total_catch_wt_kg ~ 0 + factor(year) + pass","delta_gamma","TRUE","iid, iid","05_6","factor(year)2015","-0.171138950605831","0.79360573805658","-1.72657761512106","1.38429971390939"
"1026","1026","1026","1026","1026","1026","1026","1026","1026","1026","1026","1026","1026","1026","1026","1026",NA,NA,NA,NA,NA,NA,NA,NA,NA,NA,NA,NA,NA,NA,NA,NA,NA,NA,NA,NA,NA,NA,NA,NA,NA,NA,NA,NA,NA,NA,NA,NA,NA,NA,NA,NA,NA,NA,NA,NA,NA,NA,NA,NA,NA,NA,"CA","rex sole","rex_sole",NA,NA,"700","total_catch_wt_kg ~ 0 + factor(year) + pass","delta_gamma","TRUE","iid, iid","05_6","factor(year)2016","-0.422936024193236","0.793363211268764","-1.97789934493905","1.13202729655258"
"1027","1027","1027","1027","1027","1027","1027","1027","1027","1027","1027","1027","1027","1027","1027","1027",NA,NA,NA,NA,NA,NA,NA,NA,NA,NA,NA,NA,NA,NA,NA,NA,NA,NA,NA,NA,NA,NA,NA,NA,NA,NA,NA,NA,NA,NA,NA,NA,NA,NA,NA,NA,NA,NA,NA,NA,NA,NA,NA,NA,NA,NA,"CA","rex sole","rex_sole",NA,NA,"700","total_catch_wt_kg ~ 0 + factor(year) + pass","delta_gamma","TRUE","iid, iid","05_6","factor(year)2017","-0.708479127572557","0.79034207354431","-2.25752112718611","0.840562872040997"
"1028","1028","1028","1028","1028","1028","1028","1028","1028","1028","1028","1028","1028","1028","1028","1028",NA,NA,NA,NA,NA,NA,NA,NA,NA,NA,NA,NA,NA,NA,NA,NA,NA,NA,NA,NA,NA,NA,NA,NA,NA,NA,NA,NA,NA,NA,NA,NA,NA,NA,NA,NA,NA,NA,NA,NA,NA,NA,NA,NA,NA,NA,"CA","rex sole","rex_sole",NA,NA,"700","total_catch_wt_kg ~ 0 + factor(year) + pass","delta_gamma","TRUE","iid, iid","05_6","factor(year)2018","-0.456039455332181","0.789788554500657","-2.00399657755542","1.09191766689106"
"1029","1029","1029","1029","1029","1029","1029","1029","1029","1029","1029","1029","1029","1029","1029","1029",NA,NA,NA,NA,NA,NA,NA,NA,NA,NA,NA,NA,NA,NA,NA,NA,NA,NA,NA,NA,NA,NA,NA,NA,NA,NA,NA,NA,NA,NA,NA,NA,NA,NA,NA,NA,NA,NA,NA,NA,NA,NA,NA,NA,NA,NA,"CA","rex sole","rex_sole",NA,NA,"700","total_catch_wt_kg ~ 0 + factor(year) + pass","delta_gamma","TRUE","iid, iid","05_6","factor(year)2019","-0.80181482889776","0.824296416306668","-2.41740611744426","0.813776459648744"
"1030","1030","1030","1030","1030","1030","1030","1030","1030","1030","1030","1030","1030","1030","1030","1030",NA,NA,NA,NA,NA,NA,NA,NA,NA,NA,NA,NA,NA,NA,NA,NA,NA,NA,NA,NA,NA,NA,NA,NA,NA,NA,NA,NA,NA,NA,NA,NA,NA,NA,NA,NA,NA,NA,NA,NA,NA,NA,NA,NA,NA,NA,"CA","rex sole","rex_sole",NA,NA,"700","total_catch_wt_kg ~ 0 + factor(year) + pass","delta_gamma","TRUE","iid, iid","05_6","factor(year)2021","-0.457826761064499","0.791830576920776","-2.00978617368679","1.09413265155779"
"1031","1031","1031","1031","1031","1031","1031","1031","1031","1031","1031","1031","1031","1031","1031","1031",NA,NA,NA,NA,NA,NA,NA,NA,NA,NA,NA,NA,NA,NA,NA,NA,NA,NA,NA,NA,NA,NA,NA,NA,NA,NA,NA,NA,NA,NA,NA,NA,NA,NA,NA,NA,NA,NA,NA,NA,NA,NA,NA,NA,NA,NA,"CA","rex sole","rex_sole",NA,NA,"700","total_catch_wt_kg ~ 0 + factor(year) + pass","delta_gamma","TRUE","iid, iid","05_6","factor(year)2022","-0.577170235784939","0.798452200084484","-2.1421077913273","0.987767319757418"
"1032","1032","1032","1032","1032","1032","1032","1032","1032","1032","1032","1032","1032","1032","1032","1032",NA,NA,NA,NA,NA,NA,NA,NA,NA,NA,NA,NA,NA,NA,NA,NA,NA,NA,NA,NA,NA,NA,NA,NA,NA,NA,NA,NA,NA,NA,NA,NA,NA,NA,NA,NA,NA,NA,NA,NA,NA,NA,NA,NA,NA,NA,"CA","rex sole","rex_sole",NA,NA,"700","total_catch_wt_kg ~ 0 + factor(year) + pass","delta_gamma","TRUE","iid, iid","05_6","factor(year)2023","-0.679074815697234","0.794342798228595","-2.23595809160405","0.877808460209579"
"1033","1033","1033","1033","1033","1033","1033","1033","1033","1033","1033","1033","1033","1033","1033","1033",NA,NA,NA,NA,NA,NA,NA,NA,NA,NA,NA,NA,NA,NA,NA,NA,NA,NA,NA,NA,NA,NA,NA,NA,NA,NA,NA,NA,NA,NA,NA,NA,NA,NA,NA,NA,NA,NA,NA,NA,NA,NA,NA,NA,NA,NA,"CA","rex sole","rex_sole",NA,NA,"700","total_catch_wt_kg ~ 0 + factor(year) + pass","delta_gamma","TRUE","iid, iid","05_6","factor(year)2024","-0.906104351804662","0.797162862807124","-2.46851485271947","0.656306149110145"
"1034","1034","1034","1034","1034","1034","1034","1034","1034","1034","1034","1034","1034","1034","1034","1034",NA,NA,NA,NA,NA,NA,NA,NA,NA,NA,NA,NA,NA,NA,NA,NA,NA,NA,NA,NA,NA,NA,NA,NA,NA,NA,NA,NA,NA,NA,NA,NA,NA,NA,NA,NA,NA,NA,NA,NA,NA,NA,NA,NA,NA,NA,"CA","rex sole","rex_sole",NA,NA,"700","total_catch_wt_kg ~ 0 + factor(year) + pass","delta_gamma","TRUE","iid, iid","05_6","pass","-0.0346000575376462","0.0970955573547422","-0.224903853011784","0.155703737936492"
"1035","1035","1035","1035","1035","1035","1035","1035","1035","1035","1035","1035","1035","1035","1035",NA,NA,NA,NA,NA,NA,NA,NA,NA,NA,NA,NA,NA,NA,NA,NA,NA,NA,NA,NA,NA,NA,NA,NA,NA,NA,NA,NA,NA,NA,NA,NA,NA,NA,NA,NA,NA,NA,NA,NA,NA,NA,NA,NA,NA,NA,NA,"CA","rex sole","rex_sole",NA,NA,"700","total_catch_wt_kg ~ 0 + factor(year) + pass","delta_gamma","TRUE","iid, iid","05_7","factor(year)2003","-0.318929420113645","0.903516842452381","-2.08978989074566","1.45193105051837"
"1036","1036","1036","1036","1036","1036","1036","1036","1036","1036","1036","1036","1036","1036","1036",NA,NA,NA,NA,NA,NA,NA,NA,NA,NA,NA,NA,NA,NA,NA,NA,NA,NA,NA,NA,NA,NA,NA,NA,NA,NA,NA,NA,NA,NA,NA,NA,NA,NA,NA,NA,NA,NA,NA,NA,NA,NA,NA,NA,NA,NA,NA,"CA","rex sole","rex_sole",NA,NA,"700","total_catch_wt_kg ~ 0 + factor(year) + pass","delta_gamma","TRUE","iid, iid","05_7","factor(year)2004","-0.308975021799633","0.909637357055118","-2.09183148061987","1.4738814370206"
"1037","1037","1037","1037","1037","1037","1037","1037","1037","1037","1037","1037","1037","1037","1037",NA,NA,NA,NA,NA,NA,NA,NA,NA,NA,NA,NA,NA,NA,NA,NA,NA,NA,NA,NA,NA,NA,NA,NA,NA,NA,NA,NA,NA,NA,NA,NA,NA,NA,NA,NA,NA,NA,NA,NA,NA,NA,NA,NA,NA,NA,NA,"CA","rex sole","rex_sole",NA,NA,"700","total_catch_wt_kg ~ 0 + factor(year) + pass","delta_gamma","TRUE","iid, iid","05_7","factor(year)2005","0.202136594904196","0.9019570541166","-1.56566674676618","1.96993993657458"
"1038","1038","1038","1038","1038","1038","1038","1038","1038","1038","1038","1038","1038","1038","1038",NA,NA,NA,NA,NA,NA,NA,NA,NA,NA,NA,NA,NA,NA,NA,NA,NA,NA,NA,NA,NA,NA,NA,NA,NA,NA,NA,NA,NA,NA,NA,NA,NA,NA,NA,NA,NA,NA,NA,NA,NA,NA,NA,NA,NA,NA,NA,"CA","rex sole","rex_sole",NA,NA,"700","total_catch_wt_kg ~ 0 + factor(year) + pass","delta_gamma","TRUE","iid, iid","05_7","factor(year)2006","-0.524830961308955","0.892099290581626","-2.27331344148267","1.22365151886476"
"1039","1039","1039","1039","1039","1039","1039","1039","1039","1039","1039","1039","1039","1039","1039",NA,NA,NA,NA,NA,NA,NA,NA,NA,NA,NA,NA,NA,NA,NA,NA,NA,NA,NA,NA,NA,NA,NA,NA,NA,NA,NA,NA,NA,NA,NA,NA,NA,NA,NA,NA,NA,NA,NA,NA,NA,NA,NA,NA,NA,NA,NA,"CA","rex sole","rex_sole",NA,NA,"700","total_catch_wt_kg ~ 0 + factor(year) + pass","delta_gamma","TRUE","iid, iid","05_7","factor(year)2007","-0.713381543931425","0.895202748148146","-2.46794668916307","1.04118360130022"
"1040","1040","1040","1040","1040","1040","1040","1040","1040","1040","1040","1040","1040","1040","1040",NA,NA,NA,NA,NA,NA,NA,NA,NA,NA,NA,NA,NA,NA,NA,NA,NA,NA,NA,NA,NA,NA,NA,NA,NA,NA,NA,NA,NA,NA,NA,NA,NA,NA,NA,NA,NA,NA,NA,NA,NA,NA,NA,NA,NA,NA,NA,"CA","rex sole","rex_sole",NA,NA,"700","total_catch_wt_kg ~ 0 + factor(year) + pass","delta_gamma","TRUE","iid, iid","05_7","factor(year)2008","-1.02120010548219","0.892317289391351","-2.77010985547164","0.727709644507262"
"1041","1041","1041","1041","1041","1041","1041","1041","1041","1041","1041","1041","1041","1041","1041",NA,NA,NA,NA,NA,NA,NA,NA,NA,NA,NA,NA,NA,NA,NA,NA,NA,NA,NA,NA,NA,NA,NA,NA,NA,NA,NA,NA,NA,NA,NA,NA,NA,NA,NA,NA,NA,NA,NA,NA,NA,NA,NA,NA,NA,NA,NA,"CA","rex sole","rex_sole",NA,NA,"700","total_catch_wt_kg ~ 0 + factor(year) + pass","delta_gamma","TRUE","iid, iid","05_7","factor(year)2009","-1.1264913029381","0.891639434965893","-2.87407248266689","0.621089876790695"
"1042","1042","1042","1042","1042","1042","1042","1042","1042","1042","1042","1042","1042","1042","1042",NA,NA,NA,NA,NA,NA,NA,NA,NA,NA,NA,NA,NA,NA,NA,NA,NA,NA,NA,NA,NA,NA,NA,NA,NA,NA,NA,NA,NA,NA,NA,NA,NA,NA,NA,NA,NA,NA,NA,NA,NA,NA,NA,NA,NA,NA,NA,"CA","rex sole","rex_sole",NA,NA,"700","total_catch_wt_kg ~ 0 + factor(year) + pass","delta_gamma","TRUE","iid, iid","05_7","factor(year)2010","-0.517519602187351","0.889628156453025","-2.26115874846804","1.22611954409334"
"1043","1043","1043","1043","1043","1043","1043","1043","1043","1043","1043","1043","1043","1043","1043",NA,NA,NA,NA,NA,NA,NA,NA,NA,NA,NA,NA,NA,NA,NA,NA,NA,NA,NA,NA,NA,NA,NA,NA,NA,NA,NA,NA,NA,NA,NA,NA,NA,NA,NA,NA,NA,NA,NA,NA,NA,NA,NA,NA,NA,NA,NA,"CA","rex sole","rex_sole",NA,NA,"700","total_catch_wt_kg ~ 0 + factor(year) + pass","delta_gamma","TRUE","iid, iid","05_7","factor(year)2011","-0.981999782077301","0.894961939627383","-2.73609295128108","0.77209338712648"
"1044","1044","1044","1044","1044","1044","1044","1044","1044","1044","1044","1044","1044","1044","1044",NA,NA,NA,NA,NA,NA,NA,NA,NA,NA,NA,NA,NA,NA,NA,NA,NA,NA,NA,NA,NA,NA,NA,NA,NA,NA,NA,NA,NA,NA,NA,NA,NA,NA,NA,NA,NA,NA,NA,NA,NA,NA,NA,NA,NA,NA,NA,"CA","rex sole","rex_sole",NA,NA,"700","total_catch_wt_kg ~ 0 + factor(year) + pass","delta_gamma","TRUE","iid, iid","05_7","factor(year)2012","-0.489232413299552","0.893800104665092","-2.24104842782126","1.26258360122216"
"1045","1045","1045","1045","1045","1045","1045","1045","1045","1045","1045","1045","1045","1045","1045",NA,NA,NA,NA,NA,NA,NA,NA,NA,NA,NA,NA,NA,NA,NA,NA,NA,NA,NA,NA,NA,NA,NA,NA,NA,NA,NA,NA,NA,NA,NA,NA,NA,NA,NA,NA,NA,NA,NA,NA,NA,NA,NA,NA,NA,NA,NA,"CA","rex sole","rex_sole",NA,NA,"700","total_catch_wt_kg ~ 0 + factor(year) + pass","delta_gamma","TRUE","iid, iid","05_7","factor(year)2013","-0.555383760636835","0.904869545498969","-2.32889548052194","1.21812795924827"
"1046","1046","1046","1046","1046","1046","1046","1046","1046","1046","1046","1046","1046","1046","1046",NA,NA,NA,NA,NA,NA,NA,NA,NA,NA,NA,NA,NA,NA,NA,NA,NA,NA,NA,NA,NA,NA,NA,NA,NA,NA,NA,NA,NA,NA,NA,NA,NA,NA,NA,NA,NA,NA,NA,NA,NA,NA,NA,NA,NA,NA,NA,"CA","rex sole","rex_sole",NA,NA,"700","total_catch_wt_kg ~ 0 + factor(year) + pass","delta_gamma","TRUE","iid, iid","05_7","factor(year)2014","-0.75520271788905","0.886856628108366","-2.49340976843208","0.98300433265398"
"1047","1047","1047","1047","1047","1047","1047","1047","1047","1047","1047","1047","1047","1047","1047",NA,NA,NA,NA,NA,NA,NA,NA,NA,NA,NA,NA,NA,NA,NA,NA,NA,NA,NA,NA,NA,NA,NA,NA,NA,NA,NA,NA,NA,NA,NA,NA,NA,NA,NA,NA,NA,NA,NA,NA,NA,NA,NA,NA,NA,NA,NA,"CA","rex sole","rex_sole",NA,NA,"700","total_catch_wt_kg ~ 0 + factor(year) + pass","delta_gamma","TRUE","iid, iid","05_7","factor(year)2015","-0.431546533188331","0.897133123248353","-2.18989514409304","1.32680207771637"
"1048","1048","1048","1048","1048","1048","1048","1048","1048","1048","1048","1048","1048","1048","1048",NA,NA,NA,NA,NA,NA,NA,NA,NA,NA,NA,NA,NA,NA,NA,NA,NA,NA,NA,NA,NA,NA,NA,NA,NA,NA,NA,NA,NA,NA,NA,NA,NA,NA,NA,NA,NA,NA,NA,NA,NA,NA,NA,NA,NA,NA,NA,"CA","rex sole","rex_sole",NA,NA,"700","total_catch_wt_kg ~ 0 + factor(year) + pass","delta_gamma","TRUE","iid, iid","05_7","factor(year)2016","-0.642571541872752","0.895159825113563","-2.39705255950251","1.111909475757"
"1049","1049","1049","1049","1049","1049","1049","1049","1049","1049","1049","1049","1049","1049","1049",NA,NA,NA,NA,NA,NA,NA,NA,NA,NA,NA,NA,NA,NA,NA,NA,NA,NA,NA,NA,NA,NA,NA,NA,NA,NA,NA,NA,NA,NA,NA,NA,NA,NA,NA,NA,NA,NA,NA,NA,NA,NA,NA,NA,NA,NA,NA,"CA","rex sole","rex_sole",NA,NA,"700","total_catch_wt_kg ~ 0 + factor(year) + pass","delta_gamma","TRUE","iid, iid","05_7","factor(year)2017","-1.11832262158491","0.891872871356417","-2.86636132823181","0.629716085061993"
"1050","1050","1050","1050","1050","1050","1050","1050","1050","1050","1050","1050","1050","1050","1050",NA,NA,NA,NA,NA,NA,NA,NA,NA,NA,NA,NA,NA,NA,NA,NA,NA,NA,NA,NA,NA,NA,NA,NA,NA,NA,NA,NA,NA,NA,NA,NA,NA,NA,NA,NA,NA,NA,NA,NA,NA,NA,NA,NA,NA,NA,NA,"CA","rex sole","rex_sole",NA,NA,"700","total_catch_wt_kg ~ 0 + factor(year) + pass","delta_gamma","TRUE","iid, iid","05_7","factor(year)2018","-0.560368864093485","0.893784073192564","-2.31215345750642","1.19141572931945"
"1051","1051","1051","1051","1051","1051","1051","1051","1051","1051","1051","1051","1051","1051","1051",NA,NA,NA,NA,NA,NA,NA,NA,NA,NA,NA,NA,NA,NA,NA,NA,NA,NA,NA,NA,NA,NA,NA,NA,NA,NA,NA,NA,NA,NA,NA,NA,NA,NA,NA,NA,NA,NA,NA,NA,NA,NA,NA,NA,NA,NA,NA,"CA","rex sole","rex_sole",NA,NA,"700","total_catch_wt_kg ~ 0 + factor(year) + pass","delta_gamma","TRUE","iid, iid","05_7","factor(year)2019","-0.558220208048474","0.926102693966995","-2.3733481342093","1.25690771811236"
"1052","1052","1052","1052","1052","1052","1052","1052","1052","1052","1052","1052","1052","1052","1052",NA,NA,NA,NA,NA,NA,NA,NA,NA,NA,NA,NA,NA,NA,NA,NA,NA,NA,NA,NA,NA,NA,NA,NA,NA,NA,NA,NA,NA,NA,NA,NA,NA,NA,NA,NA,NA,NA,NA,NA,NA,NA,NA,NA,NA,NA,NA,"CA","rex sole","rex_sole",NA,NA,"700","total_catch_wt_kg ~ 0 + factor(year) + pass","delta_gamma","TRUE","iid, iid","05_7","factor(year)2021","-0.71361481719533","0.890867709273878","-2.45968344236183","1.03245380797117"
"1053","1053","1053","1053","1053","1053","1053","1053","1053","1053","1053","1053","1053","1053","1053",NA,NA,NA,NA,NA,NA,NA,NA,NA,NA,NA,NA,NA,NA,NA,NA,NA,NA,NA,NA,NA,NA,NA,NA,NA,NA,NA,NA,NA,NA,NA,NA,NA,NA,NA,NA,NA,NA,NA,NA,NA,NA,NA,NA,NA,NA,NA,"CA","rex sole","rex_sole",NA,NA,"700","total_catch_wt_kg ~ 0 + factor(year) + pass","delta_gamma","TRUE","iid, iid","05_7","factor(year)2022","-0.883154203106172","0.892477836249763","-2.63237861915594","0.866070212943599"
"1054","1054","1054","1054","1054","1054","1054","1054","1054","1054","1054","1054","1054","1054","1054",NA,NA,NA,NA,NA,NA,NA,NA,NA,NA,NA,NA,NA,NA,NA,NA,NA,NA,NA,NA,NA,NA,NA,NA,NA,NA,NA,NA,NA,NA,NA,NA,NA,NA,NA,NA,NA,NA,NA,NA,NA,NA,NA,NA,NA,NA,NA,"CA","rex sole","rex_sole",NA,NA,"700","total_catch_wt_kg ~ 0 + factor(year) + pass","delta_gamma","TRUE","iid, iid","05_7","factor(year)2023","-0.754154266363995","0.895414477663636","-2.50913439382047","1.00082586109248"
"1055","1055","1055","1055","1055","1055","1055","1055","1055","1055","1055","1055","1055","1055","1055",NA,NA,NA,NA,NA,NA,NA,NA,NA,NA,NA,NA,NA,NA,NA,NA,NA,NA,NA,NA,NA,NA,NA,NA,NA,NA,NA,NA,NA,NA,NA,NA,NA,NA,NA,NA,NA,NA,NA,NA,NA,NA,NA,NA,NA,NA,NA,"CA","rex sole","rex_sole",NA,NA,"700","total_catch_wt_kg ~ 0 + factor(year) + pass","delta_gamma","TRUE","iid, iid","05_7","factor(year)2024","-1.0836430327243","0.898808870497495","-2.84527604788452","0.677989982435916"
"1056","1056","1056","1056","1056","1056","1056","1056","1056","1056","1056","1056","1056","1056","1056",NA,NA,NA,NA,NA,NA,NA,NA,NA,NA,NA,NA,NA,NA,NA,NA,NA,NA,NA,NA,NA,NA,NA,NA,NA,NA,NA,NA,NA,NA,NA,NA,NA,NA,NA,NA,NA,NA,NA,NA,NA,NA,NA,NA,NA,NA,NA,"CA","rex sole","rex_sole",NA,NA,"700","total_catch_wt_kg ~ 0 + factor(year) + pass","delta_gamma","TRUE","iid, iid","05_7","pass","-0.0717839495004806","0.0989399089600075","-0.265702607695767","0.122134708694806"
"1057","1057","1057","1057","1057","1057","1057","1057","1057","1057","1057","1057","1057","1057",NA,NA,NA,NA,NA,NA,NA,NA,NA,NA,NA,NA,NA,NA,NA,NA,NA,NA,NA,NA,NA,NA,NA,NA,NA,NA,NA,NA,NA,NA,NA,NA,NA,NA,NA,NA,NA,NA,NA,NA,NA,NA,NA,NA,NA,NA,NA,NA,"CA","rex sole","rex_sole",NA,NA,"700","total_catch_wt_kg ~ 0 + factor(year) + pass","delta_gamma","TRUE","iid, iid","05_8","factor(year)2003","0.393559344506401","0.851783712550028","-1.27590605470947","2.06302474372227"
"1058","1058","1058","1058","1058","1058","1058","1058","1058","1058","1058","1058","1058","1058",NA,NA,NA,NA,NA,NA,NA,NA,NA,NA,NA,NA,NA,NA,NA,NA,NA,NA,NA,NA,NA,NA,NA,NA,NA,NA,NA,NA,NA,NA,NA,NA,NA,NA,NA,NA,NA,NA,NA,NA,NA,NA,NA,NA,NA,NA,NA,NA,"CA","rex sole","rex_sole",NA,NA,"700","total_catch_wt_kg ~ 0 + factor(year) + pass","delta_gamma","TRUE","iid, iid","05_8","factor(year)2004","-0.150661943106836","0.855164653874967","-1.82675386555343","1.52542997933976"
"1059","1059","1059","1059","1059","1059","1059","1059","1059","1059","1059","1059","1059","1059",NA,NA,NA,NA,NA,NA,NA,NA,NA,NA,NA,NA,NA,NA,NA,NA,NA,NA,NA,NA,NA,NA,NA,NA,NA,NA,NA,NA,NA,NA,NA,NA,NA,NA,NA,NA,NA,NA,NA,NA,NA,NA,NA,NA,NA,NA,NA,NA,"CA","rex sole","rex_sole",NA,NA,"700","total_catch_wt_kg ~ 0 + factor(year) + pass","delta_gamma","TRUE","iid, iid","05_8","factor(year)2005","0.0295963091036526","0.8433208943809","-1.62328227129302","1.68247488950032"
"1060","1060","1060","1060","1060","1060","1060","1060","1060","1060","1060","1060","1060","1060",NA,NA,NA,NA,NA,NA,NA,NA,NA,NA,NA,NA,NA,NA,NA,NA,NA,NA,NA,NA,NA,NA,NA,NA,NA,NA,NA,NA,NA,NA,NA,NA,NA,NA,NA,NA,NA,NA,NA,NA,NA,NA,NA,NA,NA,NA,NA,NA,"CA","rex sole","rex_sole",NA,NA,"700","total_catch_wt_kg ~ 0 + factor(year) + pass","delta_gamma","TRUE","iid, iid","05_8","factor(year)2006","0.0107130164158705","0.843386747056961","-1.64229463285417","1.66372066568591"
"1061","1061","1061","1061","1061","1061","1061","1061","1061","1061","1061","1061","1061","1061",NA,NA,NA,NA,NA,NA,NA,NA,NA,NA,NA,NA,NA,NA,NA,NA,NA,NA,NA,NA,NA,NA,NA,NA,NA,NA,NA,NA,NA,NA,NA,NA,NA,NA,NA,NA,NA,NA,NA,NA,NA,NA,NA,NA,NA,NA,NA,NA,"CA","rex sole","rex_sole",NA,NA,"700","total_catch_wt_kg ~ 0 + factor(year) + pass","delta_gamma","TRUE","iid, iid","05_8","factor(year)2007","-0.441319839718568","0.846829769357645","-2.10107568869591","1.21843600925878"
"1062","1062","1062","1062","1062","1062","1062","1062","1062","1062","1062","1062","1062","1062",NA,NA,NA,NA,NA,NA,NA,NA,NA,NA,NA,NA,NA,NA,NA,NA,NA,NA,NA,NA,NA,NA,NA,NA,NA,NA,NA,NA,NA,NA,NA,NA,NA,NA,NA,NA,NA,NA,NA,NA,NA,NA,NA,NA,NA,NA,NA,NA,"CA","rex sole","rex_sole",NA,NA,"700","total_catch_wt_kg ~ 0 + factor(year) + pass","delta_gamma","TRUE","iid, iid","05_8","factor(year)2008","-0.817060714808316","0.841487209835291","-2.46634533953659","0.832223909919953"
"1063","1063","1063","1063","1063","1063","1063","1063","1063","1063","1063","1063","1063","1063",NA,NA,NA,NA,NA,NA,NA,NA,NA,NA,NA,NA,NA,NA,NA,NA,NA,NA,NA,NA,NA,NA,NA,NA,NA,NA,NA,NA,NA,NA,NA,NA,NA,NA,NA,NA,NA,NA,NA,NA,NA,NA,NA,NA,NA,NA,NA,NA,"CA","rex sole","rex_sole",NA,NA,"700","total_catch_wt_kg ~ 0 + factor(year) + pass","delta_gamma","TRUE","iid, iid","05_8","factor(year)2009","-0.5743036486874","0.839520986950333","-2.21973454737557","1.07112725000077"
"1064","1064","1064","1064","1064","1064","1064","1064","1064","1064","1064","1064","1064","1064",NA,NA,NA,NA,NA,NA,NA,NA,NA,NA,NA,NA,NA,NA,NA,NA,NA,NA,NA,NA,NA,NA,NA,NA,NA,NA,NA,NA,NA,NA,NA,NA,NA,NA,NA,NA,NA,NA,NA,NA,NA,NA,NA,NA,NA,NA,NA,NA,"CA","rex sole","rex_sole",NA,NA,"700","total_catch_wt_kg ~ 0 + factor(year) + pass","delta_gamma","TRUE","iid, iid","05_8","factor(year)2010","-0.357828503650944","0.837042355899247","-1.99840137474803","1.28274436744614"
"1065","1065","1065","1065","1065","1065","1065","1065","1065","1065","1065","1065","1065","1065",NA,NA,NA,NA,NA,NA,NA,NA,NA,NA,NA,NA,NA,NA,NA,NA,NA,NA,NA,NA,NA,NA,NA,NA,NA,NA,NA,NA,NA,NA,NA,NA,NA,NA,NA,NA,NA,NA,NA,NA,NA,NA,NA,NA,NA,NA,NA,NA,"CA","rex sole","rex_sole",NA,NA,"700","total_catch_wt_kg ~ 0 + factor(year) + pass","delta_gamma","TRUE","iid, iid","05_8","factor(year)2011","-0.319798591376225","0.84038981308085","-1.96693235798904","1.32733517523659"
"1066","1066","1066","1066","1066","1066","1066","1066","1066","1066","1066","1066","1066","1066",NA,NA,NA,NA,NA,NA,NA,NA,NA,NA,NA,NA,NA,NA,NA,NA,NA,NA,NA,NA,NA,NA,NA,NA,NA,NA,NA,NA,NA,NA,NA,NA,NA,NA,NA,NA,NA,NA,NA,NA,NA,NA,NA,NA,NA,NA,NA,NA,"CA","rex sole","rex_sole",NA,NA,"700","total_catch_wt_kg ~ 0 + factor(year) + pass","delta_gamma","TRUE","iid, iid","05_8","factor(year)2012","-0.417165605826469","0.840959924036977","-2.06541676938048","1.23108555772755"
"1067","1067","1067","1067","1067","1067","1067","1067","1067","1067","1067","1067","1067","1067",NA,NA,NA,NA,NA,NA,NA,NA,NA,NA,NA,NA,NA,NA,NA,NA,NA,NA,NA,NA,NA,NA,NA,NA,NA,NA,NA,NA,NA,NA,NA,NA,NA,NA,NA,NA,NA,NA,NA,NA,NA,NA,NA,NA,NA,NA,NA,NA,"CA","rex sole","rex_sole",NA,NA,"700","total_catch_wt_kg ~ 0 + factor(year) + pass","delta_gamma","TRUE","iid, iid","05_8","factor(year)2013","0.165522421786068","0.852802134712271","-1.50593904818886","1.836983891761"
"1068","1068","1068","1068","1068","1068","1068","1068","1068","1068","1068","1068","1068","1068",NA,NA,NA,NA,NA,NA,NA,NA,NA,NA,NA,NA,NA,NA,NA,NA,NA,NA,NA,NA,NA,NA,NA,NA,NA,NA,NA,NA,NA,NA,NA,NA,NA,NA,NA,NA,NA,NA,NA,NA,NA,NA,NA,NA,NA,NA,NA,NA,"CA","rex sole","rex_sole",NA,NA,"700","total_catch_wt_kg ~ 0 + factor(year) + pass","delta_gamma","TRUE","iid, iid","05_8","factor(year)2014","-0.231657860653055","0.840384694356159","-1.87878159474983","1.41546587344372"
"1069","1069","1069","1069","1069","1069","1069","1069","1069","1069","1069","1069","1069","1069",NA,NA,NA,NA,NA,NA,NA,NA,NA,NA,NA,NA,NA,NA,NA,NA,NA,NA,NA,NA,NA,NA,NA,NA,NA,NA,NA,NA,NA,NA,NA,NA,NA,NA,NA,NA,NA,NA,NA,NA,NA,NA,NA,NA,NA,NA,NA,NA,"CA","rex sole","rex_sole",NA,NA,"700","total_catch_wt_kg ~ 0 + factor(year) + pass","delta_gamma","TRUE","iid, iid","05_8","factor(year)2015","-0.336967110688914","0.840988112183573","-1.98527352199505","1.31133930061722"
"1070","1070","1070","1070","1070","1070","1070","1070","1070","1070","1070","1070","1070","1070",NA,NA,NA,NA,NA,NA,NA,NA,NA,NA,NA,NA,NA,NA,NA,NA,NA,NA,NA,NA,NA,NA,NA,NA,NA,NA,NA,NA,NA,NA,NA,NA,NA,NA,NA,NA,NA,NA,NA,NA,NA,NA,NA,NA,NA,NA,NA,NA,"CA","rex sole","rex_sole",NA,NA,"700","total_catch_wt_kg ~ 0 + factor(year) + pass","delta_gamma","TRUE","iid, iid","05_8","factor(year)2016","-0.255794816445203","0.843540372417434","-1.90910356588888","1.39751393299847"
"1071","1071","1071","1071","1071","1071","1071","1071","1071","1071","1071","1071","1071","1071",NA,NA,NA,NA,NA,NA,NA,NA,NA,NA,NA,NA,NA,NA,NA,NA,NA,NA,NA,NA,NA,NA,NA,NA,NA,NA,NA,NA,NA,NA,NA,NA,NA,NA,NA,NA,NA,NA,NA,NA,NA,NA,NA,NA,NA,NA,NA,NA,"CA","rex sole","rex_sole",NA,NA,"700","total_catch_wt_kg ~ 0 + factor(year) + pass","delta_gamma","TRUE","iid, iid","05_8","factor(year)2017","-0.445586094784561","0.841974099875258","-2.0958250064556","1.20465281688648"
"1072","1072","1072","1072","1072","1072","1072","1072","1072","1072","1072","1072","1072","1072",NA,NA,NA,NA,NA,NA,NA,NA,NA,NA,NA,NA,NA,NA,NA,NA,NA,NA,NA,NA,NA,NA,NA,NA,NA,NA,NA,NA,NA,NA,NA,NA,NA,NA,NA,NA,NA,NA,NA,NA,NA,NA,NA,NA,NA,NA,NA,NA,"CA","rex sole","rex_sole",NA,NA,"700","total_catch_wt_kg ~ 0 + factor(year) + pass","delta_gamma","TRUE","iid, iid","05_8","factor(year)2018","-0.240482853052119","0.836569616939628","-1.88012917281426","1.39916346671002"
"1073","1073","1073","1073","1073","1073","1073","1073","1073","1073","1073","1073","1073","1073",NA,NA,NA,NA,NA,NA,NA,NA,NA,NA,NA,NA,NA,NA,NA,NA,NA,NA,NA,NA,NA,NA,NA,NA,NA,NA,NA,NA,NA,NA,NA,NA,NA,NA,NA,NA,NA,NA,NA,NA,NA,NA,NA,NA,NA,NA,NA,NA,"CA","rex sole","rex_sole",NA,NA,"700","total_catch_wt_kg ~ 0 + factor(year) + pass","delta_gamma","TRUE","iid, iid","05_8","factor(year)2019","-0.59544759771012","0.863287549935653","-2.28746010388582","1.09656490846558"
"1074","1074","1074","1074","1074","1074","1074","1074","1074","1074","1074","1074","1074","1074",NA,NA,NA,NA,NA,NA,NA,NA,NA,NA,NA,NA,NA,NA,NA,NA,NA,NA,NA,NA,NA,NA,NA,NA,NA,NA,NA,NA,NA,NA,NA,NA,NA,NA,NA,NA,NA,NA,NA,NA,NA,NA,NA,NA,NA,NA,NA,NA,"CA","rex sole","rex_sole",NA,NA,"700","total_catch_wt_kg ~ 0 + factor(year) + pass","delta_gamma","TRUE","iid, iid","05_8","factor(year)2021","-0.238655357343513","0.843307977111449","-1.89150862035728","1.41419790567025"
"1075","1075","1075","1075","1075","1075","1075","1075","1075","1075","1075","1075","1075","1075",NA,NA,NA,NA,NA,NA,NA,NA,NA,NA,NA,NA,NA,NA,NA,NA,NA,NA,NA,NA,NA,NA,NA,NA,NA,NA,NA,NA,NA,NA,NA,NA,NA,NA,NA,NA,NA,NA,NA,NA,NA,NA,NA,NA,NA,NA,NA,NA,"CA","rex sole","rex_sole",NA,NA,"700","total_catch_wt_kg ~ 0 + factor(year) + pass","delta_gamma","TRUE","iid, iid","05_8","factor(year)2022","-0.413936994199097","0.847974531955568","-2.07593653663922","1.24806254824103"
"1076","1076","1076","1076","1076","1076","1076","1076","1076","1076","1076","1076","1076","1076",NA,NA,NA,NA,NA,NA,NA,NA,NA,NA,NA,NA,NA,NA,NA,NA,NA,NA,NA,NA,NA,NA,NA,NA,NA,NA,NA,NA,NA,NA,NA,NA,NA,NA,NA,NA,NA,NA,NA,NA,NA,NA,NA,NA,NA,NA,NA,NA,"CA","rex sole","rex_sole",NA,NA,"700","total_catch_wt_kg ~ 0 + factor(year) + pass","delta_gamma","TRUE","iid, iid","05_8","factor(year)2023","0.150500394122528","0.847539666136356","-1.51064682697383","1.81164761521889"
"1077","1077","1077","1077","1077","1077","1077","1077","1077","1077","1077","1077","1077","1077",NA,NA,NA,NA,NA,NA,NA,NA,NA,NA,NA,NA,NA,NA,NA,NA,NA,NA,NA,NA,NA,NA,NA,NA,NA,NA,NA,NA,NA,NA,NA,NA,NA,NA,NA,NA,NA,NA,NA,NA,NA,NA,NA,NA,NA,NA,NA,NA,"CA","rex sole","rex_sole",NA,NA,"700","total_catch_wt_kg ~ 0 + factor(year) + pass","delta_gamma","TRUE","iid, iid","05_8","factor(year)2024","-0.552241455286128","0.849266621235091","-2.21677344617893","1.11229053560667"
"1078","1078","1078","1078","1078","1078","1078","1078","1078","1078","1078","1078","1078","1078",NA,NA,NA,NA,NA,NA,NA,NA,NA,NA,NA,NA,NA,NA,NA,NA,NA,NA,NA,NA,NA,NA,NA,NA,NA,NA,NA,NA,NA,NA,NA,NA,NA,NA,NA,NA,NA,NA,NA,NA,NA,NA,NA,NA,NA,NA,NA,NA,"CA","rex sole","rex_sole",NA,NA,"700","total_catch_wt_kg ~ 0 + factor(year) + pass","delta_gamma","TRUE","iid, iid","05_8","pass","-0.214062213343746","0.0994094921794597","-0.408901237736903","-0.0192231889505892"
"1079","1079","1079","1079","1079","1079","1079","1079","1079","1079","1079","1079","1079",NA,NA,NA,NA,NA,NA,NA,NA,NA,NA,NA,NA,NA,NA,NA,NA,NA,NA,NA,NA,NA,NA,NA,NA,NA,NA,NA,NA,NA,NA,NA,NA,NA,NA,NA,NA,NA,NA,NA,NA,NA,NA,NA,NA,NA,NA,NA,NA,NA,"CA","rex sole","rex_sole",NA,NA,"700","total_catch_wt_kg ~ 0 + factor(year) + pass","delta_gamma","TRUE","iid, iid","05_9","factor(year)2003","-0.123227694050143","0.806914019945594","-1.70475011176394","1.45829472366366"
"1080","1080","1080","1080","1080","1080","1080","1080","1080","1080","1080","1080","1080",NA,NA,NA,NA,NA,NA,NA,NA,NA,NA,NA,NA,NA,NA,NA,NA,NA,NA,NA,NA,NA,NA,NA,NA,NA,NA,NA,NA,NA,NA,NA,NA,NA,NA,NA,NA,NA,NA,NA,NA,NA,NA,NA,NA,NA,NA,NA,NA,NA,"CA","rex sole","rex_sole",NA,NA,"700","total_catch_wt_kg ~ 0 + factor(year) + pass","delta_gamma","TRUE","iid, iid","05_9","factor(year)2004","-0.0788589653225139","0.813738830268684","-1.67375776547089","1.51603983482586"
"1081","1081","1081","1081","1081","1081","1081","1081","1081","1081","1081","1081","1081",NA,NA,NA,NA,NA,NA,NA,NA,NA,NA,NA,NA,NA,NA,NA,NA,NA,NA,NA,NA,NA,NA,NA,NA,NA,NA,NA,NA,NA,NA,NA,NA,NA,NA,NA,NA,NA,NA,NA,NA,NA,NA,NA,NA,NA,NA,NA,NA,NA,"CA","rex sole","rex_sole",NA,NA,"700","total_catch_wt_kg ~ 0 + factor(year) + pass","delta_gamma","TRUE","iid, iid","05_9","factor(year)2005","0.217291837677742","0.80277763968649","-1.35612342370185","1.79070709905733"
"1082","1082","1082","1082","1082","1082","1082","1082","1082","1082","1082","1082","1082",NA,NA,NA,NA,NA,NA,NA,NA,NA,NA,NA,NA,NA,NA,NA,NA,NA,NA,NA,NA,NA,NA,NA,NA,NA,NA,NA,NA,NA,NA,NA,NA,NA,NA,NA,NA,NA,NA,NA,NA,NA,NA,NA,NA,NA,NA,NA,NA,NA,"CA","rex sole","rex_sole",NA,NA,"700","total_catch_wt_kg ~ 0 + factor(year) + pass","delta_gamma","TRUE","iid, iid","05_9","factor(year)2006","-0.11445224154054","0.79813799053148","-1.67877395767541","1.44986947459433"
"1083","1083","1083","1083","1083","1083","1083","1083","1083","1083","1083","1083","1083",NA,NA,NA,NA,NA,NA,NA,NA,NA,NA,NA,NA,NA,NA,NA,NA,NA,NA,NA,NA,NA,NA,NA,NA,NA,NA,NA,NA,NA,NA,NA,NA,NA,NA,NA,NA,NA,NA,NA,NA,NA,NA,NA,NA,NA,NA,NA,NA,NA,"CA","rex sole","rex_sole",NA,NA,"700","total_catch_wt_kg ~ 0 + factor(year) + pass","delta_gamma","TRUE","iid, iid","05_9","factor(year)2007","-0.767656015180754","0.787154988197149","-2.31045144229822","0.775139411936709"
"1084","1084","1084","1084","1084","1084","1084","1084","1084","1084","1084","1084","1084",NA,NA,NA,NA,NA,NA,NA,NA,NA,NA,NA,NA,NA,NA,NA,NA,NA,NA,NA,NA,NA,NA,NA,NA,NA,NA,NA,NA,NA,NA,NA,NA,NA,NA,NA,NA,NA,NA,NA,NA,NA,NA,NA,NA,NA,NA,NA,NA,NA,"CA","rex sole","rex_sole",NA,NA,"700","total_catch_wt_kg ~ 0 + factor(year) + pass","delta_gamma","TRUE","iid, iid","05_9","factor(year)2008","-0.823646938502682","0.790638357776579","-2.37326964454067","0.725975767535305"
"1085","1085","1085","1085","1085","1085","1085","1085","1085","1085","1085","1085","1085",NA,NA,NA,NA,NA,NA,NA,NA,NA,NA,NA,NA,NA,NA,NA,NA,NA,NA,NA,NA,NA,NA,NA,NA,NA,NA,NA,NA,NA,NA,NA,NA,NA,NA,NA,NA,NA,NA,NA,NA,NA,NA,NA,NA,NA,NA,NA,NA,NA,"CA","rex sole","rex_sole",NA,NA,"700","total_catch_wt_kg ~ 0 + factor(year) + pass","delta_gamma","TRUE","iid, iid","05_9","factor(year)2009","-0.820487736857141","0.789718630696937","-2.36830781094343","0.727332337229144"
"1086","1086","1086","1086","1086","1086","1086","1086","1086","1086","1086","1086","1086",NA,NA,NA,NA,NA,NA,NA,NA,NA,NA,NA,NA,NA,NA,NA,NA,NA,NA,NA,NA,NA,NA,NA,NA,NA,NA,NA,NA,NA,NA,NA,NA,NA,NA,NA,NA,NA,NA,NA,NA,NA,NA,NA,NA,NA,NA,NA,NA,NA,"CA","rex sole","rex_sole",NA,NA,"700","total_catch_wt_kg ~ 0 + factor(year) + pass","delta_gamma","TRUE","iid, iid","05_9","factor(year)2010","-0.609764620643905","0.787925162150803","-2.15406956097236","0.93454031968455"
"1087","1087","1087","1087","1087","1087","1087","1087","1087","1087","1087","1087","1087",NA,NA,NA,NA,NA,NA,NA,NA,NA,NA,NA,NA,NA,NA,NA,NA,NA,NA,NA,NA,NA,NA,NA,NA,NA,NA,NA,NA,NA,NA,NA,NA,NA,NA,NA,NA,NA,NA,NA,NA,NA,NA,NA,NA,NA,NA,NA,NA,NA,"CA","rex sole","rex_sole",NA,NA,"700","total_catch_wt_kg ~ 0 + factor(year) + pass","delta_gamma","TRUE","iid, iid","05_9","factor(year)2011","-0.702463728416616","0.786446799057626","-2.24387113032637","0.838943673493139"
"1088","1088","1088","1088","1088","1088","1088","1088","1088","1088","1088","1088","1088",NA,NA,NA,NA,NA,NA,NA,NA,NA,NA,NA,NA,NA,NA,NA,NA,NA,NA,NA,NA,NA,NA,NA,NA,NA,NA,NA,NA,NA,NA,NA,NA,NA,NA,NA,NA,NA,NA,NA,NA,NA,NA,NA,NA,NA,NA,NA,NA,NA,"CA","rex sole","rex_sole",NA,NA,"700","total_catch_wt_kg ~ 0 + factor(year) + pass","delta_gamma","TRUE","iid, iid","05_9","factor(year)2012","-0.322974789236713","0.789658735573773","-1.87067747103875","1.22472789256532"
"1089","1089","1089","1089","1089","1089","1089","1089","1089","1089","1089","1089","1089",NA,NA,NA,NA,NA,NA,NA,NA,NA,NA,NA,NA,NA,NA,NA,NA,NA,NA,NA,NA,NA,NA,NA,NA,NA,NA,NA,NA,NA,NA,NA,NA,NA,NA,NA,NA,NA,NA,NA,NA,NA,NA,NA,NA,NA,NA,NA,NA,NA,"CA","rex sole","rex_sole",NA,NA,"700","total_catch_wt_kg ~ 0 + factor(year) + pass","delta_gamma","TRUE","iid, iid","05_9","factor(year)2013","-0.510493615299166","0.803419485577068","-2.08516687150792","1.06417964090958"
"1090","1090","1090","1090","1090","1090","1090","1090","1090","1090","1090","1090","1090",NA,NA,NA,NA,NA,NA,NA,NA,NA,NA,NA,NA,NA,NA,NA,NA,NA,NA,NA,NA,NA,NA,NA,NA,NA,NA,NA,NA,NA,NA,NA,NA,NA,NA,NA,NA,NA,NA,NA,NA,NA,NA,NA,NA,NA,NA,NA,NA,NA,"CA","rex sole","rex_sole",NA,NA,"700","total_catch_wt_kg ~ 0 + factor(year) + pass","delta_gamma","TRUE","iid, iid","05_9","factor(year)2014","-0.26536394665281","0.790742247473449","-1.81519027275503","1.28446237944941"
"1091","1091","1091","1091","1091","1091","1091","1091","1091","1091","1091","1091","1091",NA,NA,NA,NA,NA,NA,NA,NA,NA,NA,NA,NA,NA,NA,NA,NA,NA,NA,NA,NA,NA,NA,NA,NA,NA,NA,NA,NA,NA,NA,NA,NA,NA,NA,NA,NA,NA,NA,NA,NA,NA,NA,NA,NA,NA,NA,NA,NA,NA,"CA","rex sole","rex_sole",NA,NA,"700","total_catch_wt_kg ~ 0 + factor(year) + pass","delta_gamma","TRUE","iid, iid","05_9","factor(year)2015","-0.0342733544429567","0.796511614335705","-1.5954074318088","1.52686072292288"
"1092","1092","1092","1092","1092","1092","1092","1092","1092","1092","1092","1092","1092",NA,NA,NA,NA,NA,NA,NA,NA,NA,NA,NA,NA,NA,NA,NA,NA,NA,NA,NA,NA,NA,NA,NA,NA,NA,NA,NA,NA,NA,NA,NA,NA,NA,NA,NA,NA,NA,NA,NA,NA,NA,NA,NA,NA,NA,NA,NA,NA,NA,"CA","rex sole","rex_sole",NA,NA,"700","total_catch_wt_kg ~ 0 + factor(year) + pass","delta_gamma","TRUE","iid, iid","05_9","factor(year)2016","-0.573770736096363","0.793621381043778","-2.12924006030311","0.981698588110381"
"1093","1093","1093","1093","1093","1093","1093","1093","1093","1093","1093","1093","1093",NA,NA,NA,NA,NA,NA,NA,NA,NA,NA,NA,NA,NA,NA,NA,NA,NA,NA,NA,NA,NA,NA,NA,NA,NA,NA,NA,NA,NA,NA,NA,NA,NA,NA,NA,NA,NA,NA,NA,NA,NA,NA,NA,NA,NA,NA,NA,NA,NA,"CA","rex sole","rex_sole",NA,NA,"700","total_catch_wt_kg ~ 0 + factor(year) + pass","delta_gamma","TRUE","iid, iid","05_9","factor(year)2017","-0.845214926338585","0.79437149581897","-2.40215444848898","0.711724595811807"
"1094","1094","1094","1094","1094","1094","1094","1094","1094","1094","1094","1094","1094",NA,NA,NA,NA,NA,NA,NA,NA,NA,NA,NA,NA,NA,NA,NA,NA,NA,NA,NA,NA,NA,NA,NA,NA,NA,NA,NA,NA,NA,NA,NA,NA,NA,NA,NA,NA,NA,NA,NA,NA,NA,NA,NA,NA,NA,NA,NA,NA,NA,"CA","rex sole","rex_sole",NA,NA,"700","total_catch_wt_kg ~ 0 + factor(year) + pass","delta_gamma","TRUE","iid, iid","05_9","factor(year)2018","-0.525782333694509","0.78884373722654","-2.07188764808851","1.02032298069949"
"1095","1095","1095","1095","1095","1095","1095","1095","1095","1095","1095","1095","1095",NA,NA,NA,NA,NA,NA,NA,NA,NA,NA,NA,NA,NA,NA,NA,NA,NA,NA,NA,NA,NA,NA,NA,NA,NA,NA,NA,NA,NA,NA,NA,NA,NA,NA,NA,NA,NA,NA,NA,NA,NA,NA,NA,NA,NA,NA,NA,NA,NA,"CA","rex sole","rex_sole",NA,NA,"700","total_catch_wt_kg ~ 0 + factor(year) + pass","delta_gamma","TRUE","iid, iid","05_9","factor(year)2019","-0.756091264828079","0.819957896614428","-2.36317921103158","0.850996681375418"
"1096","1096","1096","1096","1096","1096","1096","1096","1096","1096","1096","1096","1096",NA,NA,NA,NA,NA,NA,NA,NA,NA,NA,NA,NA,NA,NA,NA,NA,NA,NA,NA,NA,NA,NA,NA,NA,NA,NA,NA,NA,NA,NA,NA,NA,NA,NA,NA,NA,NA,NA,NA,NA,NA,NA,NA,NA,NA,NA,NA,NA,NA,"CA","rex sole","rex_sole",NA,NA,"700","total_catch_wt_kg ~ 0 + factor(year) + pass","delta_gamma","TRUE","iid, iid","05_9","factor(year)2021","-0.663444584043811","0.790541975531445","-2.21287838435259","0.885989216264966"
"1097","1097","1097","1097","1097","1097","1097","1097","1097","1097","1097","1097","1097",NA,NA,NA,NA,NA,NA,NA,NA,NA,NA,NA,NA,NA,NA,NA,NA,NA,NA,NA,NA,NA,NA,NA,NA,NA,NA,NA,NA,NA,NA,NA,NA,NA,NA,NA,NA,NA,NA,NA,NA,NA,NA,NA,NA,NA,NA,NA,NA,NA,"CA","rex sole","rex_sole",NA,NA,"700","total_catch_wt_kg ~ 0 + factor(year) + pass","delta_gamma","TRUE","iid, iid","05_9","factor(year)2022","-0.506317940633955","0.797357148269488","-2.06910923405771","1.0564733527898"
"1098","1098","1098","1098","1098","1098","1098","1098","1098","1098","1098","1098","1098",NA,NA,NA,NA,NA,NA,NA,NA,NA,NA,NA,NA,NA,NA,NA,NA,NA,NA,NA,NA,NA,NA,NA,NA,NA,NA,NA,NA,NA,NA,NA,NA,NA,NA,NA,NA,NA,NA,NA,NA,NA,NA,NA,NA,NA,NA,NA,NA,NA,"CA","rex sole","rex_sole",NA,NA,"700","total_catch_wt_kg ~ 0 + factor(year) + pass","delta_gamma","TRUE","iid, iid","05_9","factor(year)2023","-0.273359024926839","0.79931196461873","-1.8399816879915","1.29326363813783"
"1099","1099","1099","1099","1099","1099","1099","1099","1099","1099","1099","1099","1099",NA,NA,NA,NA,NA,NA,NA,NA,NA,NA,NA,NA,NA,NA,NA,NA,NA,NA,NA,NA,NA,NA,NA,NA,NA,NA,NA,NA,NA,NA,NA,NA,NA,NA,NA,NA,NA,NA,NA,NA,NA,NA,NA,NA,NA,NA,NA,NA,NA,"CA","rex sole","rex_sole",NA,NA,"700","total_catch_wt_kg ~ 0 + factor(year) + pass","delta_gamma","TRUE","iid, iid","05_9","factor(year)2024","-0.872560949312784","0.798358894671341","-2.43731562960582","0.692193730980249"
"1100","1100","1100","1100","1100","1100","1100","1100","1100","1100","1100","1100","1100",NA,NA,NA,NA,NA,NA,NA,NA,NA,NA,NA,NA,NA,NA,NA,NA,NA,NA,NA,NA,NA,NA,NA,NA,NA,NA,NA,NA,NA,NA,NA,NA,NA,NA,NA,NA,NA,NA,NA,NA,NA,NA,NA,NA,NA,NA,NA,NA,NA,"CA","rex sole","rex_sole",NA,NA,"700","total_catch_wt_kg ~ 0 + factor(year) + pass","delta_gamma","TRUE","iid, iid","05_9","pass","-0.133604758362985","0.0963493007550087","-0.32244591777842","0.0552364010524496"
"1101","1101","1101","1101","1101","1101","1101","1101","1101","1101","1101","1101",NA,NA,NA,NA,NA,NA,NA,NA,NA,NA,NA,NA,NA,NA,NA,NA,NA,NA,NA,NA,NA,NA,NA,NA,NA,NA,NA,NA,NA,NA,NA,NA,NA,NA,NA,NA,NA,NA,NA,NA,NA,NA,NA,NA,NA,NA,NA,NA,NA,NA,"CA","rex sole","rex_sole",NA,NA,"700","total_catch_wt_kg ~ 0 + factor(year) + pass","delta_gamma","TRUE","iid, iid","06_1","factor(year)2003","-0.301950083162494","0.869700220216968","-2.00653119213431","1.40263102580932"
"1102","1102","1102","1102","1102","1102","1102","1102","1102","1102","1102","1102",NA,NA,NA,NA,NA,NA,NA,NA,NA,NA,NA,NA,NA,NA,NA,NA,NA,NA,NA,NA,NA,NA,NA,NA,NA,NA,NA,NA,NA,NA,NA,NA,NA,NA,NA,NA,NA,NA,NA,NA,NA,NA,NA,NA,NA,NA,NA,NA,NA,NA,"CA","rex sole","rex_sole",NA,NA,"700","total_catch_wt_kg ~ 0 + factor(year) + pass","delta_gamma","TRUE","iid, iid","06_1","factor(year)2004","-0.207869357583582","0.871980676716588","-1.91692007916296","1.50118136399579"
"1103","1103","1103","1103","1103","1103","1103","1103","1103","1103","1103","1103",NA,NA,NA,NA,NA,NA,NA,NA,NA,NA,NA,NA,NA,NA,NA,NA,NA,NA,NA,NA,NA,NA,NA,NA,NA,NA,NA,NA,NA,NA,NA,NA,NA,NA,NA,NA,NA,NA,NA,NA,NA,NA,NA,NA,NA,NA,NA,NA,NA,NA,"CA","rex sole","rex_sole",NA,NA,"700","total_catch_wt_kg ~ 0 + factor(year) + pass","delta_gamma","TRUE","iid, iid","06_1","factor(year)2005","-0.473631304148828","0.860411983923951","-2.16000780450643","1.21274519620877"
"1104","1104","1104","1104","1104","1104","1104","1104","1104","1104","1104","1104",NA,NA,NA,NA,NA,NA,NA,NA,NA,NA,NA,NA,NA,NA,NA,NA,NA,NA,NA,NA,NA,NA,NA,NA,NA,NA,NA,NA,NA,NA,NA,NA,NA,NA,NA,NA,NA,NA,NA,NA,NA,NA,NA,NA,NA,NA,NA,NA,NA,NA,"CA","rex sole","rex_sole",NA,NA,"700","total_catch_wt_kg ~ 0 + factor(year) + pass","delta_gamma","TRUE","iid, iid","06_1","factor(year)2006","-0.564964614924496","0.862117610849904","-2.25468408262802","1.12475485277903"
"1105","1105","1105","1105","1105","1105","1105","1105","1105","1105","1105","1105",NA,NA,NA,NA,NA,NA,NA,NA,NA,NA,NA,NA,NA,NA,NA,NA,NA,NA,NA,NA,NA,NA,NA,NA,NA,NA,NA,NA,NA,NA,NA,NA,NA,NA,NA,NA,NA,NA,NA,NA,NA,NA,NA,NA,NA,NA,NA,NA,NA,NA,"CA","rex sole","rex_sole",NA,NA,"700","total_catch_wt_kg ~ 0 + factor(year) + pass","delta_gamma","TRUE","iid, iid","06_1","factor(year)2007","-0.953042765060459","0.856336409810057","-2.6314312869385","0.725345756817585"
"1106","1106","1106","1106","1106","1106","1106","1106","1106","1106","1106","1106",NA,NA,NA,NA,NA,NA,NA,NA,NA,NA,NA,NA,NA,NA,NA,NA,NA,NA,NA,NA,NA,NA,NA,NA,NA,NA,NA,NA,NA,NA,NA,NA,NA,NA,NA,NA,NA,NA,NA,NA,NA,NA,NA,NA,NA,NA,NA,NA,NA,NA,"CA","rex sole","rex_sole",NA,NA,"700","total_catch_wt_kg ~ 0 + factor(year) + pass","delta_gamma","TRUE","iid, iid","06_1","factor(year)2008","-0.762342401520862","0.859857942909478","-2.44763300144414","0.922948198402412"
"1107","1107","1107","1107","1107","1107","1107","1107","1107","1107","1107","1107",NA,NA,NA,NA,NA,NA,NA,NA,NA,NA,NA,NA,NA,NA,NA,NA,NA,NA,NA,NA,NA,NA,NA,NA,NA,NA,NA,NA,NA,NA,NA,NA,NA,NA,NA,NA,NA,NA,NA,NA,NA,NA,NA,NA,NA,NA,NA,NA,NA,NA,"CA","rex sole","rex_sole",NA,NA,"700","total_catch_wt_kg ~ 0 + factor(year) + pass","delta_gamma","TRUE","iid, iid","06_1","factor(year)2009","-1.10236958025398","0.855918424175801","-2.77993886534283","0.575199704834867"
"1108","1108","1108","1108","1108","1108","1108","1108","1108","1108","1108","1108",NA,NA,NA,NA,NA,NA,NA,NA,NA,NA,NA,NA,NA,NA,NA,NA,NA,NA,NA,NA,NA,NA,NA,NA,NA,NA,NA,NA,NA,NA,NA,NA,NA,NA,NA,NA,NA,NA,NA,NA,NA,NA,NA,NA,NA,NA,NA,NA,NA,NA,"CA","rex sole","rex_sole",NA,NA,"700","total_catch_wt_kg ~ 0 + factor(year) + pass","delta_gamma","TRUE","iid, iid","06_1","factor(year)2010","-0.666863467942897","0.857575034367659","-2.34767964934421","1.01395271345841"
"1109","1109","1109","1109","1109","1109","1109","1109","1109","1109","1109","1109",NA,NA,NA,NA,NA,NA,NA,NA,NA,NA,NA,NA,NA,NA,NA,NA,NA,NA,NA,NA,NA,NA,NA,NA,NA,NA,NA,NA,NA,NA,NA,NA,NA,NA,NA,NA,NA,NA,NA,NA,NA,NA,NA,NA,NA,NA,NA,NA,NA,NA,"CA","rex sole","rex_sole",NA,NA,"700","total_catch_wt_kg ~ 0 + factor(year) + pass","delta_gamma","TRUE","iid, iid","06_1","factor(year)2011","-0.990679602463442","0.857594873981727","-2.67153466879379","0.690175463866909"
"1110","1110","1110","1110","1110","1110","1110","1110","1110","1110","1110","1110",NA,NA,NA,NA,NA,NA,NA,NA,NA,NA,NA,NA,NA,NA,NA,NA,NA,NA,NA,NA,NA,NA,NA,NA,NA,NA,NA,NA,NA,NA,NA,NA,NA,NA,NA,NA,NA,NA,NA,NA,NA,NA,NA,NA,NA,NA,NA,NA,NA,NA,"CA","rex sole","rex_sole",NA,NA,"700","total_catch_wt_kg ~ 0 + factor(year) + pass","delta_gamma","TRUE","iid, iid","06_1","factor(year)2012","-0.511624772549434","0.85695197787597","-2.1912197856667","1.16797024056783"
"1111","1111","1111","1111","1111","1111","1111","1111","1111","1111","1111","1111",NA,NA,NA,NA,NA,NA,NA,NA,NA,NA,NA,NA,NA,NA,NA,NA,NA,NA,NA,NA,NA,NA,NA,NA,NA,NA,NA,NA,NA,NA,NA,NA,NA,NA,NA,NA,NA,NA,NA,NA,NA,NA,NA,NA,NA,NA,NA,NA,NA,NA,"CA","rex sole","rex_sole",NA,NA,"700","total_catch_wt_kg ~ 0 + factor(year) + pass","delta_gamma","TRUE","iid, iid","06_1","factor(year)2013","-0.378747985298595","0.865065883432023","-2.07424596107969","1.31674999048249"
"1112","1112","1112","1112","1112","1112","1112","1112","1112","1112","1112","1112",NA,NA,NA,NA,NA,NA,NA,NA,NA,NA,NA,NA,NA,NA,NA,NA,NA,NA,NA,NA,NA,NA,NA,NA,NA,NA,NA,NA,NA,NA,NA,NA,NA,NA,NA,NA,NA,NA,NA,NA,NA,NA,NA,NA,NA,NA,NA,NA,NA,NA,"CA","rex sole","rex_sole",NA,NA,"700","total_catch_wt_kg ~ 0 + factor(year) + pass","delta_gamma","TRUE","iid, iid","06_1","factor(year)2014","-0.528271367830869","0.855951259428538","-2.2059050088325","1.14936227317077"
"1113","1113","1113","1113","1113","1113","1113","1113","1113","1113","1113","1113",NA,NA,NA,NA,NA,NA,NA,NA,NA,NA,NA,NA,NA,NA,NA,NA,NA,NA,NA,NA,NA,NA,NA,NA,NA,NA,NA,NA,NA,NA,NA,NA,NA,NA,NA,NA,NA,NA,NA,NA,NA,NA,NA,NA,NA,NA,NA,NA,NA,NA,"CA","rex sole","rex_sole",NA,NA,"700","total_catch_wt_kg ~ 0 + factor(year) + pass","delta_gamma","TRUE","iid, iid","06_1","factor(year)2015","-0.462212789592058","0.861841007651065","-2.15139012498785","1.22696454580374"
"1114","1114","1114","1114","1114","1114","1114","1114","1114","1114","1114","1114",NA,NA,NA,NA,NA,NA,NA,NA,NA,NA,NA,NA,NA,NA,NA,NA,NA,NA,NA,NA,NA,NA,NA,NA,NA,NA,NA,NA,NA,NA,NA,NA,NA,NA,NA,NA,NA,NA,NA,NA,NA,NA,NA,NA,NA,NA,NA,NA,NA,NA,"CA","rex sole","rex_sole",NA,NA,"700","total_catch_wt_kg ~ 0 + factor(year) + pass","delta_gamma","TRUE","iid, iid","06_1","factor(year)2016","-0.729364682798003","0.860668004178947","-2.41624297363471","0.9575136080387"
"1115","1115","1115","1115","1115","1115","1115","1115","1115","1115","1115","1115",NA,NA,NA,NA,NA,NA,NA,NA,NA,NA,NA,NA,NA,NA,NA,NA,NA,NA,NA,NA,NA,NA,NA,NA,NA,NA,NA,NA,NA,NA,NA,NA,NA,NA,NA,NA,NA,NA,NA,NA,NA,NA,NA,NA,NA,NA,NA,NA,NA,NA,"CA","rex sole","rex_sole",NA,NA,"700","total_catch_wt_kg ~ 0 + factor(year) + pass","delta_gamma","TRUE","iid, iid","06_1","factor(year)2017","-0.930337383856419","0.856460144501249","-2.60896842127284","0.748293653559999"
"1116","1116","1116","1116","1116","1116","1116","1116","1116","1116","1116","1116",NA,NA,NA,NA,NA,NA,NA,NA,NA,NA,NA,NA,NA,NA,NA,NA,NA,NA,NA,NA,NA,NA,NA,NA,NA,NA,NA,NA,NA,NA,NA,NA,NA,NA,NA,NA,NA,NA,NA,NA,NA,NA,NA,NA,NA,NA,NA,NA,NA,NA,"CA","rex sole","rex_sole",NA,NA,"700","total_catch_wt_kg ~ 0 + factor(year) + pass","delta_gamma","TRUE","iid, iid","06_1","factor(year)2018","-0.556956167407641","0.85961891520034","-2.2417782816297","1.12786594681442"
"1117","1117","1117","1117","1117","1117","1117","1117","1117","1117","1117","1117",NA,NA,NA,NA,NA,NA,NA,NA,NA,NA,NA,NA,NA,NA,NA,NA,NA,NA,NA,NA,NA,NA,NA,NA,NA,NA,NA,NA,NA,NA,NA,NA,NA,NA,NA,NA,NA,NA,NA,NA,NA,NA,NA,NA,NA,NA,NA,NA,NA,NA,"CA","rex sole","rex_sole",NA,NA,"700","total_catch_wt_kg ~ 0 + factor(year) + pass","delta_gamma","TRUE","iid, iid","06_1","factor(year)2019","-1.19102566943836","0.874050760857637","-2.90413368137916","0.522082342502441"
"1118","1118","1118","1118","1118","1118","1118","1118","1118","1118","1118","1118",NA,NA,NA,NA,NA,NA,NA,NA,NA,NA,NA,NA,NA,NA,NA,NA,NA,NA,NA,NA,NA,NA,NA,NA,NA,NA,NA,NA,NA,NA,NA,NA,NA,NA,NA,NA,NA,NA,NA,NA,NA,NA,NA,NA,NA,NA,NA,NA,NA,NA,"CA","rex sole","rex_sole",NA,NA,"700","total_catch_wt_kg ~ 0 + factor(year) + pass","delta_gamma","TRUE","iid, iid","06_1","factor(year)2021","-0.601379075751141","0.857620015868333","-2.28228341927374","1.07952526777146"
"1119","1119","1119","1119","1119","1119","1119","1119","1119","1119","1119","1119",NA,NA,NA,NA,NA,NA,NA,NA,NA,NA,NA,NA,NA,NA,NA,NA,NA,NA,NA,NA,NA,NA,NA,NA,NA,NA,NA,NA,NA,NA,NA,NA,NA,NA,NA,NA,NA,NA,NA,NA,NA,NA,NA,NA,NA,NA,NA,NA,NA,NA,"CA","rex sole","rex_sole",NA,NA,"700","total_catch_wt_kg ~ 0 + factor(year) + pass","delta_gamma","TRUE","iid, iid","06_1","factor(year)2022","-0.859999591090758","0.861664030113255","-2.54883005688637","0.828830874704858"
"1120","1120","1120","1120","1120","1120","1120","1120","1120","1120","1120","1120",NA,NA,NA,NA,NA,NA,NA,NA,NA,NA,NA,NA,NA,NA,NA,NA,NA,NA,NA,NA,NA,NA,NA,NA,NA,NA,NA,NA,NA,NA,NA,NA,NA,NA,NA,NA,NA,NA,NA,NA,NA,NA,NA,NA,NA,NA,NA,NA,NA,NA,"CA","rex sole","rex_sole",NA,NA,"700","total_catch_wt_kg ~ 0 + factor(year) + pass","delta_gamma","TRUE","iid, iid","06_1","factor(year)2023","-0.641690065240843","0.861955903684756","-2.33109259272464","1.04771246224295"
"1121","1121","1121","1121","1121","1121","1121","1121","1121","1121","1121","1121",NA,NA,NA,NA,NA,NA,NA,NA,NA,NA,NA,NA,NA,NA,NA,NA,NA,NA,NA,NA,NA,NA,NA,NA,NA,NA,NA,NA,NA,NA,NA,NA,NA,NA,NA,NA,NA,NA,NA,NA,NA,NA,NA,NA,NA,NA,NA,NA,NA,NA,"CA","rex sole","rex_sole",NA,NA,"700","total_catch_wt_kg ~ 0 + factor(year) + pass","delta_gamma","TRUE","iid, iid","06_1","factor(year)2024","-1.2328581597329","0.862756555405131","-2.92382993575279","0.458113616286994"
"1122","1122","1122","1122","1122","1122","1122","1122","1122","1122","1122","1122",NA,NA,NA,NA,NA,NA,NA,NA,NA,NA,NA,NA,NA,NA,NA,NA,NA,NA,NA,NA,NA,NA,NA,NA,NA,NA,NA,NA,NA,NA,NA,NA,NA,NA,NA,NA,NA,NA,NA,NA,NA,NA,NA,NA,NA,NA,NA,NA,NA,NA,"CA","rex sole","rex_sole",NA,NA,"700","total_catch_wt_kg ~ 0 + factor(year) + pass","delta_gamma","TRUE","iid, iid","06_1","pass","-0.200308074420415","0.0893792479238428","-0.375488181316423","-0.025127967524407"
"1123","1123","1123","1123","1123","1123","1123","1123","1123","1123","1123",NA,NA,NA,NA,NA,NA,NA,NA,NA,NA,NA,NA,NA,NA,NA,NA,NA,NA,NA,NA,NA,NA,NA,NA,NA,NA,NA,NA,NA,NA,NA,NA,NA,NA,NA,NA,NA,NA,NA,NA,NA,NA,NA,NA,NA,NA,NA,NA,NA,NA,NA,"CA","rex sole","rex_sole",NA,NA,"700","total_catch_wt_kg ~ 0 + factor(year) + pass","delta_gamma","TRUE","iid, iid","06_10","factor(year)2003","-3.11873513295017","1.85893273751618","-6.76217634816433","0.524706082263988"
"1124","1124","1124","1124","1124","1124","1124","1124","1124","1124","1124",NA,NA,NA,NA,NA,NA,NA,NA,NA,NA,NA,NA,NA,NA,NA,NA,NA,NA,NA,NA,NA,NA,NA,NA,NA,NA,NA,NA,NA,NA,NA,NA,NA,NA,NA,NA,NA,NA,NA,NA,NA,NA,NA,NA,NA,NA,NA,NA,NA,NA,NA,"CA","rex sole","rex_sole",NA,NA,"700","total_catch_wt_kg ~ 0 + factor(year) + pass","delta_gamma","TRUE","iid, iid","06_10","factor(year)2004","-3.45150329315498","1.85796124254851","-7.09304041322136","0.190033826911386"
"1125","1125","1125","1125","1125","1125","1125","1125","1125","1125","1125",NA,NA,NA,NA,NA,NA,NA,NA,NA,NA,NA,NA,NA,NA,NA,NA,NA,NA,NA,NA,NA,NA,NA,NA,NA,NA,NA,NA,NA,NA,NA,NA,NA,NA,NA,NA,NA,NA,NA,NA,NA,NA,NA,NA,NA,NA,NA,NA,NA,NA,NA,"CA","rex sole","rex_sole",NA,NA,"700","total_catch_wt_kg ~ 0 + factor(year) + pass","delta_gamma","TRUE","iid, iid","06_10","factor(year)2005","-2.99587073953494","1.85648104159183","-6.63450671903633","0.642765239966462"
"1126","1126","1126","1126","1126","1126","1126","1126","1126","1126","1126",NA,NA,NA,NA,NA,NA,NA,NA,NA,NA,NA,NA,NA,NA,NA,NA,NA,NA,NA,NA,NA,NA,NA,NA,NA,NA,NA,NA,NA,NA,NA,NA,NA,NA,NA,NA,NA,NA,NA,NA,NA,NA,NA,NA,NA,NA,NA,NA,NA,NA,NA,"CA","rex sole","rex_sole",NA,NA,"700","total_catch_wt_kg ~ 0 + factor(year) + pass","delta_gamma","TRUE","iid, iid","06_10","factor(year)2006","-3.52938855676793","1.85154183689993","-7.15834387296092","0.0995667594250653"
"1127","1127","1127","1127","1127","1127","1127","1127","1127","1127","1127",NA,NA,NA,NA,NA,NA,NA,NA,NA,NA,NA,NA,NA,NA,NA,NA,NA,NA,NA,NA,NA,NA,NA,NA,NA,NA,NA,NA,NA,NA,NA,NA,NA,NA,NA,NA,NA,NA,NA,NA,NA,NA,NA,NA,NA,NA,NA,NA,NA,NA,NA,"CA","rex sole","rex_sole",NA,NA,"700","total_catch_wt_kg ~ 0 + factor(year) + pass","delta_gamma","TRUE","iid, iid","06_10","factor(year)2007","-4.04502349279701","1.85243854689131","-7.67573632827769","-0.414310657316331"
"1128","1128","1128","1128","1128","1128","1128","1128","1128","1128","1128",NA,NA,NA,NA,NA,NA,NA,NA,NA,NA,NA,NA,NA,NA,NA,NA,NA,NA,NA,NA,NA,NA,NA,NA,NA,NA,NA,NA,NA,NA,NA,NA,NA,NA,NA,NA,NA,NA,NA,NA,NA,NA,NA,NA,NA,NA,NA,NA,NA,NA,NA,"CA","rex sole","rex_sole",NA,NA,"700","total_catch_wt_kg ~ 0 + factor(year) + pass","delta_gamma","TRUE","iid, iid","06_10","factor(year)2008","-4.07422291014761","1.85916106811148","-7.71811164510513","-0.43033417519009"
"1129","1129","1129","1129","1129","1129","1129","1129","1129","1129","1129",NA,NA,NA,NA,NA,NA,NA,NA,NA,NA,NA,NA,NA,NA,NA,NA,NA,NA,NA,NA,NA,NA,NA,NA,NA,NA,NA,NA,NA,NA,NA,NA,NA,NA,NA,NA,NA,NA,NA,NA,NA,NA,NA,NA,NA,NA,NA,NA,NA,NA,NA,"CA","rex sole","rex_sole",NA,NA,"700","total_catch_wt_kg ~ 0 + factor(year) + pass","delta_gamma","TRUE","iid, iid","06_10","factor(year)2009","-4.08022651097651","1.8516170368972","-7.70932921645578","-0.451123805497232"
"1130","1130","1130","1130","1130","1130","1130","1130","1130","1130","1130",NA,NA,NA,NA,NA,NA,NA,NA,NA,NA,NA,NA,NA,NA,NA,NA,NA,NA,NA,NA,NA,NA,NA,NA,NA,NA,NA,NA,NA,NA,NA,NA,NA,NA,NA,NA,NA,NA,NA,NA,NA,NA,NA,NA,NA,NA,NA,NA,NA,NA,NA,"CA","rex sole","rex_sole",NA,NA,"700","total_catch_wt_kg ~ 0 + factor(year) + pass","delta_gamma","TRUE","iid, iid","06_10","factor(year)2010","-3.54073662807388","1.85741549718342","-7.18120410687994","0.0997308507321857"
"1131","1131","1131","1131","1131","1131","1131","1131","1131","1131","1131",NA,NA,NA,NA,NA,NA,NA,NA,NA,NA,NA,NA,NA,NA,NA,NA,NA,NA,NA,NA,NA,NA,NA,NA,NA,NA,NA,NA,NA,NA,NA,NA,NA,NA,NA,NA,NA,NA,NA,NA,NA,NA,NA,NA,NA,NA,NA,NA,NA,NA,NA,"CA","rex sole","rex_sole",NA,NA,"700","total_catch_wt_kg ~ 0 + factor(year) + pass","delta_gamma","TRUE","iid, iid","06_10","factor(year)2011","-3.97419357100329","1.85336137948486","-7.60671512513109","-0.341672016875491"
"1132","1132","1132","1132","1132","1132","1132","1132","1132","1132","1132",NA,NA,NA,NA,NA,NA,NA,NA,NA,NA,NA,NA,NA,NA,NA,NA,NA,NA,NA,NA,NA,NA,NA,NA,NA,NA,NA,NA,NA,NA,NA,NA,NA,NA,NA,NA,NA,NA,NA,NA,NA,NA,NA,NA,NA,NA,NA,NA,NA,NA,NA,"CA","rex sole","rex_sole",NA,NA,"700","total_catch_wt_kg ~ 0 + factor(year) + pass","delta_gamma","TRUE","iid, iid","06_10","factor(year)2012","-3.74751348655097","1.85679988492261","-7.3867743874974","-0.108252585604531"
"1133","1133","1133","1133","1133","1133","1133","1133","1133","1133","1133",NA,NA,NA,NA,NA,NA,NA,NA,NA,NA,NA,NA,NA,NA,NA,NA,NA,NA,NA,NA,NA,NA,NA,NA,NA,NA,NA,NA,NA,NA,NA,NA,NA,NA,NA,NA,NA,NA,NA,NA,NA,NA,NA,NA,NA,NA,NA,NA,NA,NA,NA,"CA","rex sole","rex_sole",NA,NA,"700","total_catch_wt_kg ~ 0 + factor(year) + pass","delta_gamma","TRUE","iid, iid","06_10","factor(year)2013","-3.55688739241373","1.8581570246826","-7.19880823841173","0.0850334535842792"
"1134","1134","1134","1134","1134","1134","1134","1134","1134","1134","1134",NA,NA,NA,NA,NA,NA,NA,NA,NA,NA,NA,NA,NA,NA,NA,NA,NA,NA,NA,NA,NA,NA,NA,NA,NA,NA,NA,NA,NA,NA,NA,NA,NA,NA,NA,NA,NA,NA,NA,NA,NA,NA,NA,NA,NA,NA,NA,NA,NA,NA,NA,"CA","rex sole","rex_sole",NA,NA,"700","total_catch_wt_kg ~ 0 + factor(year) + pass","delta_gamma","TRUE","iid, iid","06_10","factor(year)2014","-3.82694062675069","1.85169387037054","-7.45619392307053","-0.197687330430855"
"1135","1135","1135","1135","1135","1135","1135","1135","1135","1135","1135",NA,NA,NA,NA,NA,NA,NA,NA,NA,NA,NA,NA,NA,NA,NA,NA,NA,NA,NA,NA,NA,NA,NA,NA,NA,NA,NA,NA,NA,NA,NA,NA,NA,NA,NA,NA,NA,NA,NA,NA,NA,NA,NA,NA,NA,NA,NA,NA,NA,NA,NA,"CA","rex sole","rex_sole",NA,NA,"700","total_catch_wt_kg ~ 0 + factor(year) + pass","delta_gamma","TRUE","iid, iid","06_10","factor(year)2015","-3.50983508469655","1.85477780919567","-7.14513279004416","0.125462620651053"
"1136","1136","1136","1136","1136","1136","1136","1136","1136","1136","1136",NA,NA,NA,NA,NA,NA,NA,NA,NA,NA,NA,NA,NA,NA,NA,NA,NA,NA,NA,NA,NA,NA,NA,NA,NA,NA,NA,NA,NA,NA,NA,NA,NA,NA,NA,NA,NA,NA,NA,NA,NA,NA,NA,NA,NA,NA,NA,NA,NA,NA,NA,"CA","rex sole","rex_sole",NA,NA,"700","total_catch_wt_kg ~ 0 + factor(year) + pass","delta_gamma","TRUE","iid, iid","06_10","factor(year)2016","-3.80710385070902","1.85383342394382","-7.44055059497549","-0.173657106442556"
"1137","1137","1137","1137","1137","1137","1137","1137","1137","1137","1137",NA,NA,NA,NA,NA,NA,NA,NA,NA,NA,NA,NA,NA,NA,NA,NA,NA,NA,NA,NA,NA,NA,NA,NA,NA,NA,NA,NA,NA,NA,NA,NA,NA,NA,NA,NA,NA,NA,NA,NA,NA,NA,NA,NA,NA,NA,NA,NA,NA,NA,NA,"CA","rex sole","rex_sole",NA,NA,"700","total_catch_wt_kg ~ 0 + factor(year) + pass","delta_gamma","TRUE","iid, iid","06_10","factor(year)2017","-4.10276015820995","1.85669788390938","-7.74182114084406","-0.463699175575834"
"1138","1138","1138","1138","1138","1138","1138","1138","1138","1138","1138",NA,NA,NA,NA,NA,NA,NA,NA,NA,NA,NA,NA,NA,NA,NA,NA,NA,NA,NA,NA,NA,NA,NA,NA,NA,NA,NA,NA,NA,NA,NA,NA,NA,NA,NA,NA,NA,NA,NA,NA,NA,NA,NA,NA,NA,NA,NA,NA,NA,NA,NA,"CA","rex sole","rex_sole",NA,NA,"700","total_catch_wt_kg ~ 0 + factor(year) + pass","delta_gamma","TRUE","iid, iid","06_10","factor(year)2018","-3.4792179203992","1.85660665177156","-7.11810009132896","0.159664250530554"
"1139","1139","1139","1139","1139","1139","1139","1139","1139","1139","1139",NA,NA,NA,NA,NA,NA,NA,NA,NA,NA,NA,NA,NA,NA,NA,NA,NA,NA,NA,NA,NA,NA,NA,NA,NA,NA,NA,NA,NA,NA,NA,NA,NA,NA,NA,NA,NA,NA,NA,NA,NA,NA,NA,NA,NA,NA,NA,NA,NA,NA,NA,"CA","rex sole","rex_sole",NA,NA,"700","total_catch_wt_kg ~ 0 + factor(year) + pass","delta_gamma","TRUE","iid, iid","06_10","factor(year)2019","-4.0412819368253","1.86688498659564","-7.70030927383129","-0.382254599819317"
"1140","1140","1140","1140","1140","1140","1140","1140","1140","1140","1140",NA,NA,NA,NA,NA,NA,NA,NA,NA,NA,NA,NA,NA,NA,NA,NA,NA,NA,NA,NA,NA,NA,NA,NA,NA,NA,NA,NA,NA,NA,NA,NA,NA,NA,NA,NA,NA,NA,NA,NA,NA,NA,NA,NA,NA,NA,NA,NA,NA,NA,NA,"CA","rex sole","rex_sole",NA,NA,"700","total_catch_wt_kg ~ 0 + factor(year) + pass","delta_gamma","TRUE","iid, iid","06_10","factor(year)2021","-3.84701856566162","1.85136218821534","-7.47562177690296","-0.218415354420286"
"1141","1141","1141","1141","1141","1141","1141","1141","1141","1141","1141",NA,NA,NA,NA,NA,NA,NA,NA,NA,NA,NA,NA,NA,NA,NA,NA,NA,NA,NA,NA,NA,NA,NA,NA,NA,NA,NA,NA,NA,NA,NA,NA,NA,NA,NA,NA,NA,NA,NA,NA,NA,NA,NA,NA,NA,NA,NA,NA,NA,NA,NA,"CA","rex sole","rex_sole",NA,NA,"700","total_catch_wt_kg ~ 0 + factor(year) + pass","delta_gamma","TRUE","iid, iid","06_10","factor(year)2022","-3.92185106076948","1.85805210426232","-7.56356626652248","-0.280135855016472"
"1142","1142","1142","1142","1142","1142","1142","1142","1142","1142","1142",NA,NA,NA,NA,NA,NA,NA,NA,NA,NA,NA,NA,NA,NA,NA,NA,NA,NA,NA,NA,NA,NA,NA,NA,NA,NA,NA,NA,NA,NA,NA,NA,NA,NA,NA,NA,NA,NA,NA,NA,NA,NA,NA,NA,NA,NA,NA,NA,NA,NA,NA,"CA","rex sole","rex_sole",NA,NA,"700","total_catch_wt_kg ~ 0 + factor(year) + pass","delta_gamma","TRUE","iid, iid","06_10","factor(year)2023","-3.81503782349474","1.85646709847616","-7.45364647499159","-0.176429171997897"
"1143","1143","1143","1143","1143","1143","1143","1143","1143","1143","1143",NA,NA,NA,NA,NA,NA,NA,NA,NA,NA,NA,NA,NA,NA,NA,NA,NA,NA,NA,NA,NA,NA,NA,NA,NA,NA,NA,NA,NA,NA,NA,NA,NA,NA,NA,NA,NA,NA,NA,NA,NA,NA,NA,NA,NA,NA,NA,NA,NA,NA,NA,"CA","rex sole","rex_sole",NA,NA,"700","total_catch_wt_kg ~ 0 + factor(year) + pass","delta_gamma","TRUE","iid, iid","06_10","factor(year)2024","-4.05180522770305","1.85802752739157","-7.69347226367453","-0.410138191731561"
"1144","1144","1144","1144","1144","1144","1144","1144","1144","1144","1144",NA,NA,NA,NA,NA,NA,NA,NA,NA,NA,NA,NA,NA,NA,NA,NA,NA,NA,NA,NA,NA,NA,NA,NA,NA,NA,NA,NA,NA,NA,NA,NA,NA,NA,NA,NA,NA,NA,NA,NA,NA,NA,NA,NA,NA,NA,NA,NA,NA,NA,NA,"CA","rex sole","rex_sole",NA,NA,"700","total_catch_wt_kg ~ 0 + factor(year) + pass","delta_gamma","TRUE","iid, iid","06_10","pass","-0.164259495757042","0.0912055972034182","-0.343019181464209","0.0145001899501243"
"1145","1145","1145","1145","1145","1145","1145","1145","1145","1145",NA,NA,NA,NA,NA,NA,NA,NA,NA,NA,NA,NA,NA,NA,NA,NA,NA,NA,NA,NA,NA,NA,NA,NA,NA,NA,NA,NA,NA,NA,NA,NA,NA,NA,NA,NA,NA,NA,NA,NA,NA,NA,NA,NA,NA,NA,NA,NA,NA,NA,NA,NA,"CA","rex sole","rex_sole",NA,NA,"700","total_catch_wt_kg ~ 0 + factor(year) + pass","delta_gamma","TRUE","iid, iid","06_2","factor(year)2003","-1.41966874243038","1.30252785615494","-3.97257642935422","1.13323894449346"
"1146","1146","1146","1146","1146","1146","1146","1146","1146","1146",NA,NA,NA,NA,NA,NA,NA,NA,NA,NA,NA,NA,NA,NA,NA,NA,NA,NA,NA,NA,NA,NA,NA,NA,NA,NA,NA,NA,NA,NA,NA,NA,NA,NA,NA,NA,NA,NA,NA,NA,NA,NA,NA,NA,NA,NA,NA,NA,NA,NA,NA,NA,"CA","rex sole","rex_sole",NA,NA,"700","total_catch_wt_kg ~ 0 + factor(year) + pass","delta_gamma","TRUE","iid, iid","06_2","factor(year)2004","-1.70051722985039","1.30780851533468","-4.26377481858115","0.862740358880379"
"1147","1147","1147","1147","1147","1147","1147","1147","1147","1147",NA,NA,NA,NA,NA,NA,NA,NA,NA,NA,NA,NA,NA,NA,NA,NA,NA,NA,NA,NA,NA,NA,NA,NA,NA,NA,NA,NA,NA,NA,NA,NA,NA,NA,NA,NA,NA,NA,NA,NA,NA,NA,NA,NA,NA,NA,NA,NA,NA,NA,NA,NA,"CA","rex sole","rex_sole",NA,NA,"700","total_catch_wt_kg ~ 0 + factor(year) + pass","delta_gamma","TRUE","iid, iid","06_2","factor(year)2005","-1.07372913300321","1.29884953888783","-3.61942745055982","1.4719691845534"
"1148","1148","1148","1148","1148","1148","1148","1148","1148","1148",NA,NA,NA,NA,NA,NA,NA,NA,NA,NA,NA,NA,NA,NA,NA,NA,NA,NA,NA,NA,NA,NA,NA,NA,NA,NA,NA,NA,NA,NA,NA,NA,NA,NA,NA,NA,NA,NA,NA,NA,NA,NA,NA,NA,NA,NA,NA,NA,NA,NA,NA,NA,"CA","rex sole","rex_sole",NA,NA,"700","total_catch_wt_kg ~ 0 + factor(year) + pass","delta_gamma","TRUE","iid, iid","06_2","factor(year)2006","-1.66576369404437","1.30163799011309","-4.21692727557513","0.88539988748639"
"1149","1149","1149","1149","1149","1149","1149","1149","1149","1149",NA,NA,NA,NA,NA,NA,NA,NA,NA,NA,NA,NA,NA,NA,NA,NA,NA,NA,NA,NA,NA,NA,NA,NA,NA,NA,NA,NA,NA,NA,NA,NA,NA,NA,NA,NA,NA,NA,NA,NA,NA,NA,NA,NA,NA,NA,NA,NA,NA,NA,NA,NA,"CA","rex sole","rex_sole",NA,NA,"700","total_catch_wt_kg ~ 0 + factor(year) + pass","delta_gamma","TRUE","iid, iid","06_2","factor(year)2007","-1.77130913513198","1.29813696021063","-4.31561082414512","0.772992553881148"
"1150","1150","1150","1150","1150","1150","1150","1150","1150","1150",NA,NA,NA,NA,NA,NA,NA,NA,NA,NA,NA,NA,NA,NA,NA,NA,NA,NA,NA,NA,NA,NA,NA,NA,NA,NA,NA,NA,NA,NA,NA,NA,NA,NA,NA,NA,NA,NA,NA,NA,NA,NA,NA,NA,NA,NA,NA,NA,NA,NA,NA,NA,"CA","rex sole","rex_sole",NA,NA,"700","total_catch_wt_kg ~ 0 + factor(year) + pass","delta_gamma","TRUE","iid, iid","06_2","factor(year)2008","-2.17773282060754","1.29524860288516","-4.71637343328827","0.3609077920732"
"1151","1151","1151","1151","1151","1151","1151","1151","1151","1151",NA,NA,NA,NA,NA,NA,NA,NA,NA,NA,NA,NA,NA,NA,NA,NA,NA,NA,NA,NA,NA,NA,NA,NA,NA,NA,NA,NA,NA,NA,NA,NA,NA,NA,NA,NA,NA,NA,NA,NA,NA,NA,NA,NA,NA,NA,NA,NA,NA,NA,NA,NA,"CA","rex sole","rex_sole",NA,NA,"700","total_catch_wt_kg ~ 0 + factor(year) + pass","delta_gamma","TRUE","iid, iid","06_2","factor(year)2009","-2.07944162429966","1.29287891098683","-4.61343772620521","0.454554477605886"
"1152","1152","1152","1152","1152","1152","1152","1152","1152","1152",NA,NA,NA,NA,NA,NA,NA,NA,NA,NA,NA,NA,NA,NA,NA,NA,NA,NA,NA,NA,NA,NA,NA,NA,NA,NA,NA,NA,NA,NA,NA,NA,NA,NA,NA,NA,NA,NA,NA,NA,NA,NA,NA,NA,NA,NA,NA,NA,NA,NA,NA,NA,"CA","rex sole","rex_sole",NA,NA,"700","total_catch_wt_kg ~ 0 + factor(year) + pass","delta_gamma","TRUE","iid, iid","06_2","factor(year)2010","-1.83993533661679","1.29325888003197","-4.37467616416605","0.694805490932473"
"1153","1153","1153","1153","1153","1153","1153","1153","1153","1153",NA,NA,NA,NA,NA,NA,NA,NA,NA,NA,NA,NA,NA,NA,NA,NA,NA,NA,NA,NA,NA,NA,NA,NA,NA,NA,NA,NA,NA,NA,NA,NA,NA,NA,NA,NA,NA,NA,NA,NA,NA,NA,NA,NA,NA,NA,NA,NA,NA,NA,NA,NA,"CA","rex sole","rex_sole",NA,NA,"700","total_catch_wt_kg ~ 0 + factor(year) + pass","delta_gamma","TRUE","iid, iid","06_2","factor(year)2011","-1.92650444835218","1.2920880746365","-4.45895053949343","0.605941642789073"
"1154","1154","1154","1154","1154","1154","1154","1154","1154","1154",NA,NA,NA,NA,NA,NA,NA,NA,NA,NA,NA,NA,NA,NA,NA,NA,NA,NA,NA,NA,NA,NA,NA,NA,NA,NA,NA,NA,NA,NA,NA,NA,NA,NA,NA,NA,NA,NA,NA,NA,NA,NA,NA,NA,NA,NA,NA,NA,NA,NA,NA,NA,"CA","rex sole","rex_sole",NA,NA,"700","total_catch_wt_kg ~ 0 + factor(year) + pass","delta_gamma","TRUE","iid, iid","06_2","factor(year)2012","-1.76649145889078","1.29493796173034","-4.30452322609596","0.771540308314401"
"1155","1155","1155","1155","1155","1155","1155","1155","1155","1155",NA,NA,NA,NA,NA,NA,NA,NA,NA,NA,NA,NA,NA,NA,NA,NA,NA,NA,NA,NA,NA,NA,NA,NA,NA,NA,NA,NA,NA,NA,NA,NA,NA,NA,NA,NA,NA,NA,NA,NA,NA,NA,NA,NA,NA,NA,NA,NA,NA,NA,NA,NA,"CA","rex sole","rex_sole",NA,NA,"700","total_catch_wt_kg ~ 0 + factor(year) + pass","delta_gamma","TRUE","iid, iid","06_2","factor(year)2013","-1.65509343695013","1.3016970214227","-4.20637271772169","0.896185843821432"
"1156","1156","1156","1156","1156","1156","1156","1156","1156","1156",NA,NA,NA,NA,NA,NA,NA,NA,NA,NA,NA,NA,NA,NA,NA,NA,NA,NA,NA,NA,NA,NA,NA,NA,NA,NA,NA,NA,NA,NA,NA,NA,NA,NA,NA,NA,NA,NA,NA,NA,NA,NA,NA,NA,NA,NA,NA,NA,NA,NA,NA,NA,"CA","rex sole","rex_sole",NA,NA,"700","total_catch_wt_kg ~ 0 + factor(year) + pass","delta_gamma","TRUE","iid, iid","06_2","factor(year)2014","-1.67356303940326","1.29584486249172","-4.21337229943829","0.866246220631776"
"1157","1157","1157","1157","1157","1157","1157","1157","1157","1157",NA,NA,NA,NA,NA,NA,NA,NA,NA,NA,NA,NA,NA,NA,NA,NA,NA,NA,NA,NA,NA,NA,NA,NA,NA,NA,NA,NA,NA,NA,NA,NA,NA,NA,NA,NA,NA,NA,NA,NA,NA,NA,NA,NA,NA,NA,NA,NA,NA,NA,NA,NA,"CA","rex sole","rex_sole",NA,NA,"700","total_catch_wt_kg ~ 0 + factor(year) + pass","delta_gamma","TRUE","iid, iid","06_2","factor(year)2015","-1.71846438973984","1.29782002920711","-4.2621449054005","0.825216125920823"
"1158","1158","1158","1158","1158","1158","1158","1158","1158","1158",NA,NA,NA,NA,NA,NA,NA,NA,NA,NA,NA,NA,NA,NA,NA,NA,NA,NA,NA,NA,NA,NA,NA,NA,NA,NA,NA,NA,NA,NA,NA,NA,NA,NA,NA,NA,NA,NA,NA,NA,NA,NA,NA,NA,NA,NA,NA,NA,NA,NA,NA,NA,"CA","rex sole","rex_sole",NA,NA,"700","total_catch_wt_kg ~ 0 + factor(year) + pass","delta_gamma","TRUE","iid, iid","06_2","factor(year)2016","-1.79742380346291","1.29242825792241","-4.33053664159269","0.735689034666862"
"1159","1159","1159","1159","1159","1159","1159","1159","1159","1159",NA,NA,NA,NA,NA,NA,NA,NA,NA,NA,NA,NA,NA,NA,NA,NA,NA,NA,NA,NA,NA,NA,NA,NA,NA,NA,NA,NA,NA,NA,NA,NA,NA,NA,NA,NA,NA,NA,NA,NA,NA,NA,NA,NA,NA,NA,NA,NA,NA,NA,NA,NA,"CA","rex sole","rex_sole",NA,NA,"700","total_catch_wt_kg ~ 0 + factor(year) + pass","delta_gamma","TRUE","iid, iid","06_2","factor(year)2017","-2.12610758697778","1.29410389939066","-4.66250462203632","0.41028944808075"
"1160","1160","1160","1160","1160","1160","1160","1160","1160","1160",NA,NA,NA,NA,NA,NA,NA,NA,NA,NA,NA,NA,NA,NA,NA,NA,NA,NA,NA,NA,NA,NA,NA,NA,NA,NA,NA,NA,NA,NA,NA,NA,NA,NA,NA,NA,NA,NA,NA,NA,NA,NA,NA,NA,NA,NA,NA,NA,NA,NA,NA,NA,"CA","rex sole","rex_sole",NA,NA,"700","total_catch_wt_kg ~ 0 + factor(year) + pass","delta_gamma","TRUE","iid, iid","06_2","factor(year)2018","-1.69093133440166","1.29411197609143","-4.22734419950282","0.845481530699491"
"1161","1161","1161","1161","1161","1161","1161","1161","1161","1161",NA,NA,NA,NA,NA,NA,NA,NA,NA,NA,NA,NA,NA,NA,NA,NA,NA,NA,NA,NA,NA,NA,NA,NA,NA,NA,NA,NA,NA,NA,NA,NA,NA,NA,NA,NA,NA,NA,NA,NA,NA,NA,NA,NA,NA,NA,NA,NA,NA,NA,NA,NA,"CA","rex sole","rex_sole",NA,NA,"700","total_catch_wt_kg ~ 0 + factor(year) + pass","delta_gamma","TRUE","iid, iid","06_2","factor(year)2019","-2.12149322259295","1.30716881259242","-4.68349701698807","0.44051057180218"
"1162","1162","1162","1162","1162","1162","1162","1162","1162","1162",NA,NA,NA,NA,NA,NA,NA,NA,NA,NA,NA,NA,NA,NA,NA,NA,NA,NA,NA,NA,NA,NA,NA,NA,NA,NA,NA,NA,NA,NA,NA,NA,NA,NA,NA,NA,NA,NA,NA,NA,NA,NA,NA,NA,NA,NA,NA,NA,NA,NA,NA,NA,"CA","rex sole","rex_sole",NA,NA,"700","total_catch_wt_kg ~ 0 + factor(year) + pass","delta_gamma","TRUE","iid, iid","06_2","factor(year)2021","-1.55576792339242","1.29055713239557","-4.08521342287902","0.973677576094184"
"1163","1163","1163","1163","1163","1163","1163","1163","1163","1163",NA,NA,NA,NA,NA,NA,NA,NA,NA,NA,NA,NA,NA,NA,NA,NA,NA,NA,NA,NA,NA,NA,NA,NA,NA,NA,NA,NA,NA,NA,NA,NA,NA,NA,NA,NA,NA,NA,NA,NA,NA,NA,NA,NA,NA,NA,NA,NA,NA,NA,NA,NA,"CA","rex sole","rex_sole",NA,NA,"700","total_catch_wt_kg ~ 0 + factor(year) + pass","delta_gamma","TRUE","iid, iid","06_2","factor(year)2022","-1.81604017369034","1.29687020499675","-4.35785906810704","0.725778720726367"
"1164","1164","1164","1164","1164","1164","1164","1164","1164","1164",NA,NA,NA,NA,NA,NA,NA,NA,NA,NA,NA,NA,NA,NA,NA,NA,NA,NA,NA,NA,NA,NA,NA,NA,NA,NA,NA,NA,NA,NA,NA,NA,NA,NA,NA,NA,NA,NA,NA,NA,NA,NA,NA,NA,NA,NA,NA,NA,NA,NA,NA,NA,"CA","rex sole","rex_sole",NA,NA,"700","total_catch_wt_kg ~ 0 + factor(year) + pass","delta_gamma","TRUE","iid, iid","06_2","factor(year)2023","-1.97926907757427","1.29880274322263","-4.52487567731244","0.566337522163909"
"1165","1165","1165","1165","1165","1165","1165","1165","1165","1165",NA,NA,NA,NA,NA,NA,NA,NA,NA,NA,NA,NA,NA,NA,NA,NA,NA,NA,NA,NA,NA,NA,NA,NA,NA,NA,NA,NA,NA,NA,NA,NA,NA,NA,NA,NA,NA,NA,NA,NA,NA,NA,NA,NA,NA,NA,NA,NA,NA,NA,NA,NA,"CA","rex sole","rex_sole",NA,NA,"700","total_catch_wt_kg ~ 0 + factor(year) + pass","delta_gamma","TRUE","iid, iid","06_2","factor(year)2024","-2.35000417539663","1.29977916886504","-4.89752453422751","0.197516183434245"
"1166","1166","1166","1166","1166","1166","1166","1166","1166","1166",NA,NA,NA,NA,NA,NA,NA,NA,NA,NA,NA,NA,NA,NA,NA,NA,NA,NA,NA,NA,NA,NA,NA,NA,NA,NA,NA,NA,NA,NA,NA,NA,NA,NA,NA,NA,NA,NA,NA,NA,NA,NA,NA,NA,NA,NA,NA,NA,NA,NA,NA,NA,"CA","rex sole","rex_sole",NA,NA,"700","total_catch_wt_kg ~ 0 + factor(year) + pass","delta_gamma","TRUE","iid, iid","06_2","pass","-0.0889231039437836","0.0889989056544128","-0.263357753689911","0.0855115458023436"
"1167","1167","1167","1167","1167","1167","1167","1167","1167",NA,NA,NA,NA,NA,NA,NA,NA,NA,NA,NA,NA,NA,NA,NA,NA,NA,NA,NA,NA,NA,NA,NA,NA,NA,NA,NA,NA,NA,NA,NA,NA,NA,NA,NA,NA,NA,NA,NA,NA,NA,NA,NA,NA,NA,NA,NA,NA,NA,NA,NA,NA,NA,"CA","rex sole","rex_sole",NA,NA,"700","total_catch_wt_kg ~ 0 + factor(year) + pass","delta_gamma","TRUE","iid, iid","06_3","factor(year)2003","-3.18722401259109","1.67038168858096","-6.46111196264498","0.0866639374627987"
"1168","1168","1168","1168","1168","1168","1168","1168","1168",NA,NA,NA,NA,NA,NA,NA,NA,NA,NA,NA,NA,NA,NA,NA,NA,NA,NA,NA,NA,NA,NA,NA,NA,NA,NA,NA,NA,NA,NA,NA,NA,NA,NA,NA,NA,NA,NA,NA,NA,NA,NA,NA,NA,NA,NA,NA,NA,NA,NA,NA,NA,NA,"CA","rex sole","rex_sole",NA,NA,"700","total_catch_wt_kg ~ 0 + factor(year) + pass","delta_gamma","TRUE","iid, iid","06_3","factor(year)2004","-3.37773957641577","1.66955218634581","-6.65000173196366","-0.105477420867878"
"1169","1169","1169","1169","1169","1169","1169","1169","1169",NA,NA,NA,NA,NA,NA,NA,NA,NA,NA,NA,NA,NA,NA,NA,NA,NA,NA,NA,NA,NA,NA,NA,NA,NA,NA,NA,NA,NA,NA,NA,NA,NA,NA,NA,NA,NA,NA,NA,NA,NA,NA,NA,NA,NA,NA,NA,NA,NA,NA,NA,NA,NA,"CA","rex sole","rex_sole",NA,NA,"700","total_catch_wt_kg ~ 0 + factor(year) + pass","delta_gamma","TRUE","iid, iid","06_3","factor(year)2005","-3.33198361077954","1.66402368481487","-6.59341010243832","-0.0705571191207626"
"1170","1170","1170","1170","1170","1170","1170","1170","1170",NA,NA,NA,NA,NA,NA,NA,NA,NA,NA,NA,NA,NA,NA,NA,NA,NA,NA,NA,NA,NA,NA,NA,NA,NA,NA,NA,NA,NA,NA,NA,NA,NA,NA,NA,NA,NA,NA,NA,NA,NA,NA,NA,NA,NA,NA,NA,NA,NA,NA,NA,NA,NA,"CA","rex sole","rex_sole",NA,NA,"700","total_catch_wt_kg ~ 0 + factor(year) + pass","delta_gamma","TRUE","iid, iid","06_3","factor(year)2006","-3.46958385658379","1.66387044879079","-6.73071001115424","-0.208457702013349"
"1171","1171","1171","1171","1171","1171","1171","1171","1171",NA,NA,NA,NA,NA,NA,NA,NA,NA,NA,NA,NA,NA,NA,NA,NA,NA,NA,NA,NA,NA,NA,NA,NA,NA,NA,NA,NA,NA,NA,NA,NA,NA,NA,NA,NA,NA,NA,NA,NA,NA,NA,NA,NA,NA,NA,NA,NA,NA,NA,NA,NA,NA,"CA","rex sole","rex_sole",NA,NA,"700","total_catch_wt_kg ~ 0 + factor(year) + pass","delta_gamma","TRUE","iid, iid","06_3","factor(year)2007","-3.77799598646513","1.66325229274522","-7.03791057744943","-0.518081395480832"
"1172","1172","1172","1172","1172","1172","1172","1172","1172",NA,NA,NA,NA,NA,NA,NA,NA,NA,NA,NA,NA,NA,NA,NA,NA,NA,NA,NA,NA,NA,NA,NA,NA,NA,NA,NA,NA,NA,NA,NA,NA,NA,NA,NA,NA,NA,NA,NA,NA,NA,NA,NA,NA,NA,NA,NA,NA,NA,NA,NA,NA,NA,"CA","rex sole","rex_sole",NA,NA,"700","total_catch_wt_kg ~ 0 + factor(year) + pass","delta_gamma","TRUE","iid, iid","06_3","factor(year)2008","-3.5809676986527","1.66586951036477","-6.84601194191102","-0.315923455394389"
"1173","1173","1173","1173","1173","1173","1173","1173","1173",NA,NA,NA,NA,NA,NA,NA,NA,NA,NA,NA,NA,NA,NA,NA,NA,NA,NA,NA,NA,NA,NA,NA,NA,NA,NA,NA,NA,NA,NA,NA,NA,NA,NA,NA,NA,NA,NA,NA,NA,NA,NA,NA,NA,NA,NA,NA,NA,NA,NA,NA,NA,NA,"CA","rex sole","rex_sole",NA,NA,"700","total_catch_wt_kg ~ 0 + factor(year) + pass","delta_gamma","TRUE","iid, iid","06_3","factor(year)2009","-4.09607812933843","1.66546604662042","-7.36033159818875","-0.831824660488106"
"1174","1174","1174","1174","1174","1174","1174","1174","1174",NA,NA,NA,NA,NA,NA,NA,NA,NA,NA,NA,NA,NA,NA,NA,NA,NA,NA,NA,NA,NA,NA,NA,NA,NA,NA,NA,NA,NA,NA,NA,NA,NA,NA,NA,NA,NA,NA,NA,NA,NA,NA,NA,NA,NA,NA,NA,NA,NA,NA,NA,NA,NA,"CA","rex sole","rex_sole",NA,NA,"700","total_catch_wt_kg ~ 0 + factor(year) + pass","delta_gamma","TRUE","iid, iid","06_3","factor(year)2010","-3.65544756534472","1.66412433884098","-6.91707133526958","-0.393823795419867"
"1175","1175","1175","1175","1175","1175","1175","1175","1175",NA,NA,NA,NA,NA,NA,NA,NA,NA,NA,NA,NA,NA,NA,NA,NA,NA,NA,NA,NA,NA,NA,NA,NA,NA,NA,NA,NA,NA,NA,NA,NA,NA,NA,NA,NA,NA,NA,NA,NA,NA,NA,NA,NA,NA,NA,NA,NA,NA,NA,NA,NA,NA,"CA","rex sole","rex_sole",NA,NA,"700","total_catch_wt_kg ~ 0 + factor(year) + pass","delta_gamma","TRUE","iid, iid","06_3","factor(year)2011","-3.63246286858378","1.66380259244121","-6.89345602715294","-0.371469710014628"
"1176","1176","1176","1176","1176","1176","1176","1176","1176",NA,NA,NA,NA,NA,NA,NA,NA,NA,NA,NA,NA,NA,NA,NA,NA,NA,NA,NA,NA,NA,NA,NA,NA,NA,NA,NA,NA,NA,NA,NA,NA,NA,NA,NA,NA,NA,NA,NA,NA,NA,NA,NA,NA,NA,NA,NA,NA,NA,NA,NA,NA,NA,"CA","rex sole","rex_sole",NA,NA,"700","total_catch_wt_kg ~ 0 + factor(year) + pass","delta_gamma","TRUE","iid, iid","06_3","factor(year)2012","-3.36992524881901","1.66378457738926","-6.63088309853515","-0.108967399102857"
"1177","1177","1177","1177","1177","1177","1177","1177","1177",NA,NA,NA,NA,NA,NA,NA,NA,NA,NA,NA,NA,NA,NA,NA,NA,NA,NA,NA,NA,NA,NA,NA,NA,NA,NA,NA,NA,NA,NA,NA,NA,NA,NA,NA,NA,NA,NA,NA,NA,NA,NA,NA,NA,NA,NA,NA,NA,NA,NA,NA,NA,NA,"CA","rex sole","rex_sole",NA,NA,"700","total_catch_wt_kg ~ 0 + factor(year) + pass","delta_gamma","TRUE","iid, iid","06_3","factor(year)2013","-3.51712687175133","1.6686699668731","-6.78765990890625","-0.246593834596408"
"1178","1178","1178","1178","1178","1178","1178","1178","1178",NA,NA,NA,NA,NA,NA,NA,NA,NA,NA,NA,NA,NA,NA,NA,NA,NA,NA,NA,NA,NA,NA,NA,NA,NA,NA,NA,NA,NA,NA,NA,NA,NA,NA,NA,NA,NA,NA,NA,NA,NA,NA,NA,NA,NA,NA,NA,NA,NA,NA,NA,NA,NA,"CA","rex sole","rex_sole",NA,NA,"700","total_catch_wt_kg ~ 0 + factor(year) + pass","delta_gamma","TRUE","iid, iid","06_3","factor(year)2014","-3.54359028650295","1.66311050034805","-6.80322696949551","-0.283953603510392"
"1179","1179","1179","1179","1179","1179","1179","1179","1179",NA,NA,NA,NA,NA,NA,NA,NA,NA,NA,NA,NA,NA,NA,NA,NA,NA,NA,NA,NA,NA,NA,NA,NA,NA,NA,NA,NA,NA,NA,NA,NA,NA,NA,NA,NA,NA,NA,NA,NA,NA,NA,NA,NA,NA,NA,NA,NA,NA,NA,NA,NA,NA,"CA","rex sole","rex_sole",NA,NA,"700","total_catch_wt_kg ~ 0 + factor(year) + pass","delta_gamma","TRUE","iid, iid","06_3","factor(year)2015","-3.46732125790332","1.66605616385647","-6.73273133528297","-0.201911180523675"
"1180","1180","1180","1180","1180","1180","1180","1180","1180",NA,NA,NA,NA,NA,NA,NA,NA,NA,NA,NA,NA,NA,NA,NA,NA,NA,NA,NA,NA,NA,NA,NA,NA,NA,NA,NA,NA,NA,NA,NA,NA,NA,NA,NA,NA,NA,NA,NA,NA,NA,NA,NA,NA,NA,NA,NA,NA,NA,NA,NA,NA,NA,"CA","rex sole","rex_sole",NA,NA,"700","total_catch_wt_kg ~ 0 + factor(year) + pass","delta_gamma","TRUE","iid, iid","06_3","factor(year)2016","-3.80691280697623","1.665437001149","-7.07110934774867","-0.542716266203787"
"1181","1181","1181","1181","1181","1181","1181","1181","1181",NA,NA,NA,NA,NA,NA,NA,NA,NA,NA,NA,NA,NA,NA,NA,NA,NA,NA,NA,NA,NA,NA,NA,NA,NA,NA,NA,NA,NA,NA,NA,NA,NA,NA,NA,NA,NA,NA,NA,NA,NA,NA,NA,NA,NA,NA,NA,NA,NA,NA,NA,NA,NA,"CA","rex sole","rex_sole",NA,NA,"700","total_catch_wt_kg ~ 0 + factor(year) + pass","delta_gamma","TRUE","iid, iid","06_3","factor(year)2017","-3.89661141672639","1.66626248283365","-7.16242587187064","-0.630796961582144"
"1182","1182","1182","1182","1182","1182","1182","1182","1182",NA,NA,NA,NA,NA,NA,NA,NA,NA,NA,NA,NA,NA,NA,NA,NA,NA,NA,NA,NA,NA,NA,NA,NA,NA,NA,NA,NA,NA,NA,NA,NA,NA,NA,NA,NA,NA,NA,NA,NA,NA,NA,NA,NA,NA,NA,NA,NA,NA,NA,NA,NA,NA,"CA","rex sole","rex_sole",NA,NA,"700","total_catch_wt_kg ~ 0 + factor(year) + pass","delta_gamma","TRUE","iid, iid","06_3","factor(year)2018","-3.64873687167605","1.66325962108929","-6.9086658259508","-0.388807917401299"
"1183","1183","1183","1183","1183","1183","1183","1183","1183",NA,NA,NA,NA,NA,NA,NA,NA,NA,NA,NA,NA,NA,NA,NA,NA,NA,NA,NA,NA,NA,NA,NA,NA,NA,NA,NA,NA,NA,NA,NA,NA,NA,NA,NA,NA,NA,NA,NA,NA,NA,NA,NA,NA,NA,NA,NA,NA,NA,NA,NA,NA,NA,"CA","rex sole","rex_sole",NA,NA,"700","total_catch_wt_kg ~ 0 + factor(year) + pass","delta_gamma","TRUE","iid, iid","06_3","factor(year)2019","-4.36566417259319","1.67758888395856","-7.65367796601671","-1.07765037916967"
"1184","1184","1184","1184","1184","1184","1184","1184","1184",NA,NA,NA,NA,NA,NA,NA,NA,NA,NA,NA,NA,NA,NA,NA,NA,NA,NA,NA,NA,NA,NA,NA,NA,NA,NA,NA,NA,NA,NA,NA,NA,NA,NA,NA,NA,NA,NA,NA,NA,NA,NA,NA,NA,NA,NA,NA,NA,NA,NA,NA,NA,NA,"CA","rex sole","rex_sole",NA,NA,"700","total_catch_wt_kg ~ 0 + factor(year) + pass","delta_gamma","TRUE","iid, iid","06_3","factor(year)2021","-3.47823405275725","1.66344500401269","-6.7385263508852","-0.217941754629304"
"1185","1185","1185","1185","1185","1185","1185","1185","1185",NA,NA,NA,NA,NA,NA,NA,NA,NA,NA,NA,NA,NA,NA,NA,NA,NA,NA,NA,NA,NA,NA,NA,NA,NA,NA,NA,NA,NA,NA,NA,NA,NA,NA,NA,NA,NA,NA,NA,NA,NA,NA,NA,NA,NA,NA,NA,NA,NA,NA,NA,NA,NA,"CA","rex sole","rex_sole",NA,NA,"700","total_catch_wt_kg ~ 0 + factor(year) + pass","delta_gamma","TRUE","iid, iid","06_3","factor(year)2022","-3.83796141109476","1.67123310478554","-7.11351810624547","-0.562404715944045"
"1186","1186","1186","1186","1186","1186","1186","1186","1186",NA,NA,NA,NA,NA,NA,NA,NA,NA,NA,NA,NA,NA,NA,NA,NA,NA,NA,NA,NA,NA,NA,NA,NA,NA,NA,NA,NA,NA,NA,NA,NA,NA,NA,NA,NA,NA,NA,NA,NA,NA,NA,NA,NA,NA,NA,NA,NA,NA,NA,NA,NA,NA,"CA","rex sole","rex_sole",NA,NA,"700","total_catch_wt_kg ~ 0 + factor(year) + pass","delta_gamma","TRUE","iid, iid","06_3","factor(year)2023","-3.5195068482645","1.66816081816122","-6.78904197228136","-0.249971724247633"
"1187","1187","1187","1187","1187","1187","1187","1187","1187",NA,NA,NA,NA,NA,NA,NA,NA,NA,NA,NA,NA,NA,NA,NA,NA,NA,NA,NA,NA,NA,NA,NA,NA,NA,NA,NA,NA,NA,NA,NA,NA,NA,NA,NA,NA,NA,NA,NA,NA,NA,NA,NA,NA,NA,NA,NA,NA,NA,NA,NA,NA,NA,"CA","rex sole","rex_sole",NA,NA,"700","total_catch_wt_kg ~ 0 + factor(year) + pass","delta_gamma","TRUE","iid, iid","06_3","factor(year)2024","-4.13204563432771","1.67023494842025","-7.40564597895151","-0.858445289703915"
"1188","1188","1188","1188","1188","1188","1188","1188","1188",NA,NA,NA,NA,NA,NA,NA,NA,NA,NA,NA,NA,NA,NA,NA,NA,NA,NA,NA,NA,NA,NA,NA,NA,NA,NA,NA,NA,NA,NA,NA,NA,NA,NA,NA,NA,NA,NA,NA,NA,NA,NA,NA,NA,NA,NA,NA,NA,NA,NA,NA,NA,NA,"CA","rex sole","rex_sole",NA,NA,"700","total_catch_wt_kg ~ 0 + factor(year) + pass","delta_gamma","TRUE","iid, iid","06_3","pass","-0.121849548589249","0.0906572244447636","-0.29953444343935","0.0558353462608514"
"1189","1189","1189","1189","1189","1189","1189","1189",NA,NA,NA,NA,NA,NA,NA,NA,NA,NA,NA,NA,NA,NA,NA,NA,NA,NA,NA,NA,NA,NA,NA,NA,NA,NA,NA,NA,NA,NA,NA,NA,NA,NA,NA,NA,NA,NA,NA,NA,NA,NA,NA,NA,NA,NA,NA,NA,NA,NA,NA,NA,NA,NA,"CA","rex sole","rex_sole",NA,NA,"700","total_catch_wt_kg ~ 0 + factor(year) + pass","delta_gamma","TRUE","iid, iid","06_4","factor(year)2003","-1.49781347295083","1.24027958197247","-3.92871678437726","0.933089838475593"
"1190","1190","1190","1190","1190","1190","1190","1190",NA,NA,NA,NA,NA,NA,NA,NA,NA,NA,NA,NA,NA,NA,NA,NA,NA,NA,NA,NA,NA,NA,NA,NA,NA,NA,NA,NA,NA,NA,NA,NA,NA,NA,NA,NA,NA,NA,NA,NA,NA,NA,NA,NA,NA,NA,NA,NA,NA,NA,NA,NA,NA,NA,"CA","rex sole","rex_sole",NA,NA,"700","total_catch_wt_kg ~ 0 + factor(year) + pass","delta_gamma","TRUE","iid, iid","06_4","factor(year)2004","-1.52063487439394","1.24079080866667","-3.95254017172894","0.911270422941049"
"1191","1191","1191","1191","1191","1191","1191","1191",NA,NA,NA,NA,NA,NA,NA,NA,NA,NA,NA,NA,NA,NA,NA,NA,NA,NA,NA,NA,NA,NA,NA,NA,NA,NA,NA,NA,NA,NA,NA,NA,NA,NA,NA,NA,NA,NA,NA,NA,NA,NA,NA,NA,NA,NA,NA,NA,NA,NA,NA,NA,NA,NA,"CA","rex sole","rex_sole",NA,NA,"700","total_catch_wt_kg ~ 0 + factor(year) + pass","delta_gamma","TRUE","iid, iid","06_4","factor(year)2005","-1.22785828721642","1.23536241669657","-3.64912413179606","1.19340755736322"
"1192","1192","1192","1192","1192","1192","1192","1192",NA,NA,NA,NA,NA,NA,NA,NA,NA,NA,NA,NA,NA,NA,NA,NA,NA,NA,NA,NA,NA,NA,NA,NA,NA,NA,NA,NA,NA,NA,NA,NA,NA,NA,NA,NA,NA,NA,NA,NA,NA,NA,NA,NA,NA,NA,NA,NA,NA,NA,NA,NA,NA,NA,"CA","rex sole","rex_sole",NA,NA,"700","total_catch_wt_kg ~ 0 + factor(year) + pass","delta_gamma","TRUE","iid, iid","06_4","factor(year)2006","-1.2742779065654","1.23648543786091","-3.69774483218102","1.14918901905023"
"1193","1193","1193","1193","1193","1193","1193","1193",NA,NA,NA,NA,NA,NA,NA,NA,NA,NA,NA,NA,NA,NA,NA,NA,NA,NA,NA,NA,NA,NA,NA,NA,NA,NA,NA,NA,NA,NA,NA,NA,NA,NA,NA,NA,NA,NA,NA,NA,NA,NA,NA,NA,NA,NA,NA,NA,NA,NA,NA,NA,NA,NA,"CA","rex sole","rex_sole",NA,NA,"700","total_catch_wt_kg ~ 0 + factor(year) + pass","delta_gamma","TRUE","iid, iid","06_4","factor(year)2007","-1.75835791720024","1.2311657408622","-4.17139842828973","0.654682593889244"
"1194","1194","1194","1194","1194","1194","1194","1194",NA,NA,NA,NA,NA,NA,NA,NA,NA,NA,NA,NA,NA,NA,NA,NA,NA,NA,NA,NA,NA,NA,NA,NA,NA,NA,NA,NA,NA,NA,NA,NA,NA,NA,NA,NA,NA,NA,NA,NA,NA,NA,NA,NA,NA,NA,NA,NA,NA,NA,NA,NA,NA,NA,"CA","rex sole","rex_sole",NA,NA,"700","total_catch_wt_kg ~ 0 + factor(year) + pass","delta_gamma","TRUE","iid, iid","06_4","factor(year)2008","-1.8430306190321","1.23327908949676","-4.26021321733209","0.574151979267897"
"1195","1195","1195","1195","1195","1195","1195","1195",NA,NA,NA,NA,NA,NA,NA,NA,NA,NA,NA,NA,NA,NA,NA,NA,NA,NA,NA,NA,NA,NA,NA,NA,NA,NA,NA,NA,NA,NA,NA,NA,NA,NA,NA,NA,NA,NA,NA,NA,NA,NA,NA,NA,NA,NA,NA,NA,NA,NA,NA,NA,NA,NA,"CA","rex sole","rex_sole",NA,NA,"700","total_catch_wt_kg ~ 0 + factor(year) + pass","delta_gamma","TRUE","iid, iid","06_4","factor(year)2009","-2.16537628698281","1.23328242583198","-4.58256542437967","0.25181285041405"
"1196","1196","1196","1196","1196","1196","1196","1196",NA,NA,NA,NA,NA,NA,NA,NA,NA,NA,NA,NA,NA,NA,NA,NA,NA,NA,NA,NA,NA,NA,NA,NA,NA,NA,NA,NA,NA,NA,NA,NA,NA,NA,NA,NA,NA,NA,NA,NA,NA,NA,NA,NA,NA,NA,NA,NA,NA,NA,NA,NA,NA,NA,"CA","rex sole","rex_sole",NA,NA,"700","total_catch_wt_kg ~ 0 + factor(year) + pass","delta_gamma","TRUE","iid, iid","06_4","factor(year)2010","-1.46166544057388","1.23291088468227","-3.87812637069854","0.954795489550788"
"1197","1197","1197","1197","1197","1197","1197","1197",NA,NA,NA,NA,NA,NA,NA,NA,NA,NA,NA,NA,NA,NA,NA,NA,NA,NA,NA,NA,NA,NA,NA,NA,NA,NA,NA,NA,NA,NA,NA,NA,NA,NA,NA,NA,NA,NA,NA,NA,NA,NA,NA,NA,NA,NA,NA,NA,NA,NA,NA,NA,NA,NA,"CA","rex sole","rex_sole",NA,NA,"700","total_catch_wt_kg ~ 0 + factor(year) + pass","delta_gamma","TRUE","iid, iid","06_4","factor(year)2011","-2.02358731466598","1.22900244612535","-4.43238784598331","0.385213216651339"
"1198","1198","1198","1198","1198","1198","1198","1198",NA,NA,NA,NA,NA,NA,NA,NA,NA,NA,NA,NA,NA,NA,NA,NA,NA,NA,NA,NA,NA,NA,NA,NA,NA,NA,NA,NA,NA,NA,NA,NA,NA,NA,NA,NA,NA,NA,NA,NA,NA,NA,NA,NA,NA,NA,NA,NA,NA,NA,NA,NA,NA,NA,"CA","rex sole","rex_sole",NA,NA,"700","total_catch_wt_kg ~ 0 + factor(year) + pass","delta_gamma","TRUE","iid, iid","06_4","factor(year)2012","-1.7423283511075","1.2332605114884","-4.15947453718021","0.674817834965205"
"1199","1199","1199","1199","1199","1199","1199","1199",NA,NA,NA,NA,NA,NA,NA,NA,NA,NA,NA,NA,NA,NA,NA,NA,NA,NA,NA,NA,NA,NA,NA,NA,NA,NA,NA,NA,NA,NA,NA,NA,NA,NA,NA,NA,NA,NA,NA,NA,NA,NA,NA,NA,NA,NA,NA,NA,NA,NA,NA,NA,NA,NA,"CA","rex sole","rex_sole",NA,NA,"700","total_catch_wt_kg ~ 0 + factor(year) + pass","delta_gamma","TRUE","iid, iid","06_4","factor(year)2013","-1.40500481714593","1.23420469688358","-3.82400157258792","1.01399193829605"
"1200","1200","1200","1200","1200","1200","1200","1200",NA,NA,NA,NA,NA,NA,NA,NA,NA,NA,NA,NA,NA,NA,NA,NA,NA,NA,NA,NA,NA,NA,NA,NA,NA,NA,NA,NA,NA,NA,NA,NA,NA,NA,NA,NA,NA,NA,NA,NA,NA,NA,NA,NA,NA,NA,NA,NA,NA,NA,NA,NA,NA,NA,"CA","rex sole","rex_sole",NA,NA,"700","total_catch_wt_kg ~ 0 + factor(year) + pass","delta_gamma","TRUE","iid, iid","06_4","factor(year)2014","-1.62340512386019","1.23111871127291","-4.03635345864845","0.789543210928068"
"1201","1201","1201","1201","1201","1201","1201","1201",NA,NA,NA,NA,NA,NA,NA,NA,NA,NA,NA,NA,NA,NA,NA,NA,NA,NA,NA,NA,NA,NA,NA,NA,NA,NA,NA,NA,NA,NA,NA,NA,NA,NA,NA,NA,NA,NA,NA,NA,NA,NA,NA,NA,NA,NA,NA,NA,NA,NA,NA,NA,NA,NA,"CA","rex sole","rex_sole",NA,NA,"700","total_catch_wt_kg ~ 0 + factor(year) + pass","delta_gamma","TRUE","iid, iid","06_4","factor(year)2015","-1.53643411193813","1.23403011985572","-3.95508870269298","0.882220478816726"
"1202","1202","1202","1202","1202","1202","1202","1202",NA,NA,NA,NA,NA,NA,NA,NA,NA,NA,NA,NA,NA,NA,NA,NA,NA,NA,NA,NA,NA,NA,NA,NA,NA,NA,NA,NA,NA,NA,NA,NA,NA,NA,NA,NA,NA,NA,NA,NA,NA,NA,NA,NA,NA,NA,NA,NA,NA,NA,NA,NA,NA,NA,"CA","rex sole","rex_sole",NA,NA,"700","total_catch_wt_kg ~ 0 + factor(year) + pass","delta_gamma","TRUE","iid, iid","06_4","factor(year)2016","-1.8733826227176","1.23587914878852","-4.29566124358711","0.548895998151904"
"1203","1203","1203","1203","1203","1203","1203","1203",NA,NA,NA,NA,NA,NA,NA,NA,NA,NA,NA,NA,NA,NA,NA,NA,NA,NA,NA,NA,NA,NA,NA,NA,NA,NA,NA,NA,NA,NA,NA,NA,NA,NA,NA,NA,NA,NA,NA,NA,NA,NA,NA,NA,NA,NA,NA,NA,NA,NA,NA,NA,NA,NA,"CA","rex sole","rex_sole",NA,NA,"700","total_catch_wt_kg ~ 0 + factor(year) + pass","delta_gamma","TRUE","iid, iid","06_4","factor(year)2017","-1.95512007549929","1.23293668078129","-4.37163156504898","0.461391414050395"
"1204","1204","1204","1204","1204","1204","1204","1204",NA,NA,NA,NA,NA,NA,NA,NA,NA,NA,NA,NA,NA,NA,NA,NA,NA,NA,NA,NA,NA,NA,NA,NA,NA,NA,NA,NA,NA,NA,NA,NA,NA,NA,NA,NA,NA,NA,NA,NA,NA,NA,NA,NA,NA,NA,NA,NA,NA,NA,NA,NA,NA,NA,"CA","rex sole","rex_sole",NA,NA,"700","total_catch_wt_kg ~ 0 + factor(year) + pass","delta_gamma","TRUE","iid, iid","06_4","factor(year)2018","-1.72838138330634","1.2289813221237","-4.13714051234122","0.680377745728539"
"1205","1205","1205","1205","1205","1205","1205","1205",NA,NA,NA,NA,NA,NA,NA,NA,NA,NA,NA,NA,NA,NA,NA,NA,NA,NA,NA,NA,NA,NA,NA,NA,NA,NA,NA,NA,NA,NA,NA,NA,NA,NA,NA,NA,NA,NA,NA,NA,NA,NA,NA,NA,NA,NA,NA,NA,NA,NA,NA,NA,NA,NA,"CA","rex sole","rex_sole",NA,NA,"700","total_catch_wt_kg ~ 0 + factor(year) + pass","delta_gamma","TRUE","iid, iid","06_4","factor(year)2019","-2.09798602206163","1.24383505170048","-4.53585792610308","0.339885881979817"
"1206","1206","1206","1206","1206","1206","1206","1206",NA,NA,NA,NA,NA,NA,NA,NA,NA,NA,NA,NA,NA,NA,NA,NA,NA,NA,NA,NA,NA,NA,NA,NA,NA,NA,NA,NA,NA,NA,NA,NA,NA,NA,NA,NA,NA,NA,NA,NA,NA,NA,NA,NA,NA,NA,NA,NA,NA,NA,NA,NA,NA,NA,"CA","rex sole","rex_sole",NA,NA,"700","total_catch_wt_kg ~ 0 + factor(year) + pass","delta_gamma","TRUE","iid, iid","06_4","factor(year)2021","-1.57818021850244","1.23188375846087","-3.99262801822557","0.836267581220697"
"1207","1207","1207","1207","1207","1207","1207","1207",NA,NA,NA,NA,NA,NA,NA,NA,NA,NA,NA,NA,NA,NA,NA,NA,NA,NA,NA,NA,NA,NA,NA,NA,NA,NA,NA,NA,NA,NA,NA,NA,NA,NA,NA,NA,NA,NA,NA,NA,NA,NA,NA,NA,NA,NA,NA,NA,NA,NA,NA,NA,NA,NA,"CA","rex sole","rex_sole",NA,NA,"700","total_catch_wt_kg ~ 0 + factor(year) + pass","delta_gamma","TRUE","iid, iid","06_4","factor(year)2022","-1.7317331439305","1.23774261500362","-4.15766409146802","0.694197803607028"
"1208","1208","1208","1208","1208","1208","1208","1208",NA,NA,NA,NA,NA,NA,NA,NA,NA,NA,NA,NA,NA,NA,NA,NA,NA,NA,NA,NA,NA,NA,NA,NA,NA,NA,NA,NA,NA,NA,NA,NA,NA,NA,NA,NA,NA,NA,NA,NA,NA,NA,NA,NA,NA,NA,NA,NA,NA,NA,NA,NA,NA,NA,"CA","rex sole","rex_sole",NA,NA,"700","total_catch_wt_kg ~ 0 + factor(year) + pass","delta_gamma","TRUE","iid, iid","06_4","factor(year)2023","-1.83570172206732","1.23509135289097","-4.25643629135046","0.58503284721583"
"1209","1209","1209","1209","1209","1209","1209","1209",NA,NA,NA,NA,NA,NA,NA,NA,NA,NA,NA,NA,NA,NA,NA,NA,NA,NA,NA,NA,NA,NA,NA,NA,NA,NA,NA,NA,NA,NA,NA,NA,NA,NA,NA,NA,NA,NA,NA,NA,NA,NA,NA,NA,NA,NA,NA,NA,NA,NA,NA,NA,NA,NA,"CA","rex sole","rex_sole",NA,NA,"700","total_catch_wt_kg ~ 0 + factor(year) + pass","delta_gamma","TRUE","iid, iid","06_4","factor(year)2024","-2.20887840530019","1.24024361501137","-4.63971122277823","0.221954412177845"
"1210","1210","1210","1210","1210","1210","1210","1210",NA,NA,NA,NA,NA,NA,NA,NA,NA,NA,NA,NA,NA,NA,NA,NA,NA,NA,NA,NA,NA,NA,NA,NA,NA,NA,NA,NA,NA,NA,NA,NA,NA,NA,NA,NA,NA,NA,NA,NA,NA,NA,NA,NA,NA,NA,NA,NA,NA,NA,NA,NA,NA,NA,"CA","rex sole","rex_sole",NA,NA,"700","total_catch_wt_kg ~ 0 + factor(year) + pass","delta_gamma","TRUE","iid, iid","06_4","pass","-0.111688725834228","0.0877693483290124","-0.283713487505643","0.0603360358371867"
"1211","1211","1211","1211","1211","1211","1211",NA,NA,NA,NA,NA,NA,NA,NA,NA,NA,NA,NA,NA,NA,NA,NA,NA,NA,NA,NA,NA,NA,NA,NA,NA,NA,NA,NA,NA,NA,NA,NA,NA,NA,NA,NA,NA,NA,NA,NA,NA,NA,NA,NA,NA,NA,NA,NA,NA,NA,NA,NA,NA,NA,NA,"CA","rex sole","rex_sole",NA,NA,"700","total_catch_wt_kg ~ 0 + factor(year) + pass","delta_gamma","TRUE","iid, iid","06_5","factor(year)2003","-0.715641709637468","1.0759615498207","-2.82448759603593","1.393204176761"
"1212","1212","1212","1212","1212","1212","1212",NA,NA,NA,NA,NA,NA,NA,NA,NA,NA,NA,NA,NA,NA,NA,NA,NA,NA,NA,NA,NA,NA,NA,NA,NA,NA,NA,NA,NA,NA,NA,NA,NA,NA,NA,NA,NA,NA,NA,NA,NA,NA,NA,NA,NA,NA,NA,NA,NA,NA,NA,NA,NA,NA,NA,"CA","rex sole","rex_sole",NA,NA,"700","total_catch_wt_kg ~ 0 + factor(year) + pass","delta_gamma","TRUE","iid, iid","06_5","factor(year)2004","-0.902002155298274","1.07746783967337","-3.01380031555826","1.20979600496171"
"1213","1213","1213","1213","1213","1213","1213",NA,NA,NA,NA,NA,NA,NA,NA,NA,NA,NA,NA,NA,NA,NA,NA,NA,NA,NA,NA,NA,NA,NA,NA,NA,NA,NA,NA,NA,NA,NA,NA,NA,NA,NA,NA,NA,NA,NA,NA,NA,NA,NA,NA,NA,NA,NA,NA,NA,NA,NA,NA,NA,NA,NA,"CA","rex sole","rex_sole",NA,NA,"700","total_catch_wt_kg ~ 0 + factor(year) + pass","delta_gamma","TRUE","iid, iid","06_5","factor(year)2005","-0.9434605264362","1.0713836067823","-3.04333380935613","1.15641275648373"
"1214","1214","1214","1214","1214","1214","1214",NA,NA,NA,NA,NA,NA,NA,NA,NA,NA,NA,NA,NA,NA,NA,NA,NA,NA,NA,NA,NA,NA,NA,NA,NA,NA,NA,NA,NA,NA,NA,NA,NA,NA,NA,NA,NA,NA,NA,NA,NA,NA,NA,NA,NA,NA,NA,NA,NA,NA,NA,NA,NA,NA,NA,"CA","rex sole","rex_sole",NA,NA,"700","total_catch_wt_kg ~ 0 + factor(year) + pass","delta_gamma","TRUE","iid, iid","06_5","factor(year)2006","-0.990064218035843","1.07216323496953","-3.09146554412409","1.1113371080524"
"1215","1215","1215","1215","1215","1215","1215",NA,NA,NA,NA,NA,NA,NA,NA,NA,NA,NA,NA,NA,NA,NA,NA,NA,NA,NA,NA,NA,NA,NA,NA,NA,NA,NA,NA,NA,NA,NA,NA,NA,NA,NA,NA,NA,NA,NA,NA,NA,NA,NA,NA,NA,NA,NA,NA,NA,NA,NA,NA,NA,NA,NA,"CA","rex sole","rex_sole",NA,NA,"700","total_catch_wt_kg ~ 0 + factor(year) + pass","delta_gamma","TRUE","iid, iid","06_5","factor(year)2007","-1.24471424191833","1.07033970471953","-3.34254151439185","0.853113030555195"
"1216","1216","1216","1216","1216","1216","1216",NA,NA,NA,NA,NA,NA,NA,NA,NA,NA,NA,NA,NA,NA,NA,NA,NA,NA,NA,NA,NA,NA,NA,NA,NA,NA,NA,NA,NA,NA,NA,NA,NA,NA,NA,NA,NA,NA,NA,NA,NA,NA,NA,NA,NA,NA,NA,NA,NA,NA,NA,NA,NA,NA,NA,"CA","rex sole","rex_sole",NA,NA,"700","total_catch_wt_kg ~ 0 + factor(year) + pass","delta_gamma","TRUE","iid, iid","06_5","factor(year)2008","-1.22325147393472","1.06957446394298","-3.31957890204669","0.873075954177249"
"1217","1217","1217","1217","1217","1217","1217",NA,NA,NA,NA,NA,NA,NA,NA,NA,NA,NA,NA,NA,NA,NA,NA,NA,NA,NA,NA,NA,NA,NA,NA,NA,NA,NA,NA,NA,NA,NA,NA,NA,NA,NA,NA,NA,NA,NA,NA,NA,NA,NA,NA,NA,NA,NA,NA,NA,NA,NA,NA,NA,NA,NA,"CA","rex sole","rex_sole",NA,NA,"700","total_catch_wt_kg ~ 0 + factor(year) + pass","delta_gamma","TRUE","iid, iid","06_5","factor(year)2009","-1.61953682717747","1.06723831403409","-3.71128548560554","0.472211831250599"
"1218","1218","1218","1218","1218","1218","1218",NA,NA,NA,NA,NA,NA,NA,NA,NA,NA,NA,NA,NA,NA,NA,NA,NA,NA,NA,NA,NA,NA,NA,NA,NA,NA,NA,NA,NA,NA,NA,NA,NA,NA,NA,NA,NA,NA,NA,NA,NA,NA,NA,NA,NA,NA,NA,NA,NA,NA,NA,NA,NA,NA,NA,"CA","rex sole","rex_sole",NA,NA,"700","total_catch_wt_kg ~ 0 + factor(year) + pass","delta_gamma","TRUE","iid, iid","06_5","factor(year)2010","-1.15617417437187","1.06622276544278","-3.24593239413643","0.933584045392681"
"1219","1219","1219","1219","1219","1219","1219",NA,NA,NA,NA,NA,NA,NA,NA,NA,NA,NA,NA,NA,NA,NA,NA,NA,NA,NA,NA,NA,NA,NA,NA,NA,NA,NA,NA,NA,NA,NA,NA,NA,NA,NA,NA,NA,NA,NA,NA,NA,NA,NA,NA,NA,NA,NA,NA,NA,NA,NA,NA,NA,NA,NA,"CA","rex sole","rex_sole",NA,NA,"700","total_catch_wt_kg ~ 0 + factor(year) + pass","delta_gamma","TRUE","iid, iid","06_5","factor(year)2011","-1.39105751219096","1.06728801106752","-3.48290357501468","0.700788550632756"
"1220","1220","1220","1220","1220","1220","1220",NA,NA,NA,NA,NA,NA,NA,NA,NA,NA,NA,NA,NA,NA,NA,NA,NA,NA,NA,NA,NA,NA,NA,NA,NA,NA,NA,NA,NA,NA,NA,NA,NA,NA,NA,NA,NA,NA,NA,NA,NA,NA,NA,NA,NA,NA,NA,NA,NA,NA,NA,NA,NA,NA,NA,"CA","rex sole","rex_sole",NA,NA,"700","total_catch_wt_kg ~ 0 + factor(year) + pass","delta_gamma","TRUE","iid, iid","06_5","factor(year)2012","-1.08204976738769","1.06757784250502","-3.17446388939049","1.01036435461511"
"1221","1221","1221","1221","1221","1221","1221",NA,NA,NA,NA,NA,NA,NA,NA,NA,NA,NA,NA,NA,NA,NA,NA,NA,NA,NA,NA,NA,NA,NA,NA,NA,NA,NA,NA,NA,NA,NA,NA,NA,NA,NA,NA,NA,NA,NA,NA,NA,NA,NA,NA,NA,NA,NA,NA,NA,NA,NA,NA,NA,NA,NA,"CA","rex sole","rex_sole",NA,NA,"700","total_catch_wt_kg ~ 0 + factor(year) + pass","delta_gamma","TRUE","iid, iid","06_5","factor(year)2013","-0.847179480597081","1.07659001095271","-2.95725712817997","1.26289816698581"
"1222","1222","1222","1222","1222","1222","1222",NA,NA,NA,NA,NA,NA,NA,NA,NA,NA,NA,NA,NA,NA,NA,NA,NA,NA,NA,NA,NA,NA,NA,NA,NA,NA,NA,NA,NA,NA,NA,NA,NA,NA,NA,NA,NA,NA,NA,NA,NA,NA,NA,NA,NA,NA,NA,NA,NA,NA,NA,NA,NA,NA,NA,"CA","rex sole","rex_sole",NA,NA,"700","total_catch_wt_kg ~ 0 + factor(year) + pass","delta_gamma","TRUE","iid, iid","06_5","factor(year)2014","-0.930458328971972","1.07126460636829","-3.03009837536631","1.16918171742236"
"1223","1223","1223","1223","1223","1223","1223",NA,NA,NA,NA,NA,NA,NA,NA,NA,NA,NA,NA,NA,NA,NA,NA,NA,NA,NA,NA,NA,NA,NA,NA,NA,NA,NA,NA,NA,NA,NA,NA,NA,NA,NA,NA,NA,NA,NA,NA,NA,NA,NA,NA,NA,NA,NA,NA,NA,NA,NA,NA,NA,NA,NA,"CA","rex sole","rex_sole",NA,NA,"700","total_catch_wt_kg ~ 0 + factor(year) + pass","delta_gamma","TRUE","iid, iid","06_5","factor(year)2015","-1.0383894183633","1.06726716444647","-3.13019462256057","1.05341578583398"
"1224","1224","1224","1224","1224","1224","1224",NA,NA,NA,NA,NA,NA,NA,NA,NA,NA,NA,NA,NA,NA,NA,NA,NA,NA,NA,NA,NA,NA,NA,NA,NA,NA,NA,NA,NA,NA,NA,NA,NA,NA,NA,NA,NA,NA,NA,NA,NA,NA,NA,NA,NA,NA,NA,NA,NA,NA,NA,NA,NA,NA,NA,"CA","rex sole","rex_sole",NA,NA,"700","total_catch_wt_kg ~ 0 + factor(year) + pass","delta_gamma","TRUE","iid, iid","06_5","factor(year)2016","-1.39726965161538","1.07058002099654","-3.49556793533674","0.70102863210598"
"1225","1225","1225","1225","1225","1225","1225",NA,NA,NA,NA,NA,NA,NA,NA,NA,NA,NA,NA,NA,NA,NA,NA,NA,NA,NA,NA,NA,NA,NA,NA,NA,NA,NA,NA,NA,NA,NA,NA,NA,NA,NA,NA,NA,NA,NA,NA,NA,NA,NA,NA,NA,NA,NA,NA,NA,NA,NA,NA,NA,NA,NA,"CA","rex sole","rex_sole",NA,NA,"700","total_catch_wt_kg ~ 0 + factor(year) + pass","delta_gamma","TRUE","iid, iid","06_5","factor(year)2017","-1.5499763574433","1.06847801383499","-3.64415478283278","0.544202067946181"
"1226","1226","1226","1226","1226","1226","1226",NA,NA,NA,NA,NA,NA,NA,NA,NA,NA,NA,NA,NA,NA,NA,NA,NA,NA,NA,NA,NA,NA,NA,NA,NA,NA,NA,NA,NA,NA,NA,NA,NA,NA,NA,NA,NA,NA,NA,NA,NA,NA,NA,NA,NA,NA,NA,NA,NA,NA,NA,NA,NA,NA,NA,"CA","rex sole","rex_sole",NA,NA,"700","total_catch_wt_kg ~ 0 + factor(year) + pass","delta_gamma","TRUE","iid, iid","06_5","factor(year)2018","-1.22800450756297","1.06820777324418","-3.3216532711273","0.865644256001357"
"1227","1227","1227","1227","1227","1227","1227",NA,NA,NA,NA,NA,NA,NA,NA,NA,NA,NA,NA,NA,NA,NA,NA,NA,NA,NA,NA,NA,NA,NA,NA,NA,NA,NA,NA,NA,NA,NA,NA,NA,NA,NA,NA,NA,NA,NA,NA,NA,NA,NA,NA,NA,NA,NA,NA,NA,NA,NA,NA,NA,NA,NA,"CA","rex sole","rex_sole",NA,NA,"700","total_catch_wt_kg ~ 0 + factor(year) + pass","delta_gamma","TRUE","iid, iid","06_5","factor(year)2019","-1.37088834151494","1.08491470669422","-3.49728209293345","0.755505409903566"
"1228","1228","1228","1228","1228","1228","1228",NA,NA,NA,NA,NA,NA,NA,NA,NA,NA,NA,NA,NA,NA,NA,NA,NA,NA,NA,NA,NA,NA,NA,NA,NA,NA,NA,NA,NA,NA,NA,NA,NA,NA,NA,NA,NA,NA,NA,NA,NA,NA,NA,NA,NA,NA,NA,NA,NA,NA,NA,NA,NA,NA,NA,"CA","rex sole","rex_sole",NA,NA,"700","total_catch_wt_kg ~ 0 + factor(year) + pass","delta_gamma","TRUE","iid, iid","06_5","factor(year)2021","-1.20225630865818","1.06535621988583","-3.29031613034013","0.885803513023777"
"1229","1229","1229","1229","1229","1229","1229",NA,NA,NA,NA,NA,NA,NA,NA,NA,NA,NA,NA,NA,NA,NA,NA,NA,NA,NA,NA,NA,NA,NA,NA,NA,NA,NA,NA,NA,NA,NA,NA,NA,NA,NA,NA,NA,NA,NA,NA,NA,NA,NA,NA,NA,NA,NA,NA,NA,NA,NA,NA,NA,NA,NA,"CA","rex sole","rex_sole",NA,NA,"700","total_catch_wt_kg ~ 0 + factor(year) + pass","delta_gamma","TRUE","iid, iid","06_5","factor(year)2022","-1.44523005955613","1.07311006084891","-3.54848713026757","0.658027011155313"
"1230","1230","1230","1230","1230","1230","1230",NA,NA,NA,NA,NA,NA,NA,NA,NA,NA,NA,NA,NA,NA,NA,NA,NA,NA,NA,NA,NA,NA,NA,NA,NA,NA,NA,NA,NA,NA,NA,NA,NA,NA,NA,NA,NA,NA,NA,NA,NA,NA,NA,NA,NA,NA,NA,NA,NA,NA,NA,NA,NA,NA,NA,"CA","rex sole","rex_sole",NA,NA,"700","total_catch_wt_kg ~ 0 + factor(year) + pass","delta_gamma","TRUE","iid, iid","06_5","factor(year)2023","-1.28839175791465","1.07117684670172","-3.3878597985232","0.811076282693904"
"1231","1231","1231","1231","1231","1231","1231",NA,NA,NA,NA,NA,NA,NA,NA,NA,NA,NA,NA,NA,NA,NA,NA,NA,NA,NA,NA,NA,NA,NA,NA,NA,NA,NA,NA,NA,NA,NA,NA,NA,NA,NA,NA,NA,NA,NA,NA,NA,NA,NA,NA,NA,NA,NA,NA,NA,NA,NA,NA,NA,NA,NA,"CA","rex sole","rex_sole",NA,NA,"700","total_catch_wt_kg ~ 0 + factor(year) + pass","delta_gamma","TRUE","iid, iid","06_5","factor(year)2024","-1.63214050995494","1.07264612572557","-3.73448828453348","0.470207264623611"
"1232","1232","1232","1232","1232","1232","1232",NA,NA,NA,NA,NA,NA,NA,NA,NA,NA,NA,NA,NA,NA,NA,NA,NA,NA,NA,NA,NA,NA,NA,NA,NA,NA,NA,NA,NA,NA,NA,NA,NA,NA,NA,NA,NA,NA,NA,NA,NA,NA,NA,NA,NA,NA,NA,NA,NA,NA,NA,NA,NA,NA,NA,"CA","rex sole","rex_sole",NA,NA,"700","total_catch_wt_kg ~ 0 + factor(year) + pass","delta_gamma","TRUE","iid, iid","06_5","pass","-0.194793125258674","0.0882444545910179","-0.367749078092449","-0.0218371724248991"
"1233","1233","1233","1233","1233","1233",NA,NA,NA,NA,NA,NA,NA,NA,NA,NA,NA,NA,NA,NA,NA,NA,NA,NA,NA,NA,NA,NA,NA,NA,NA,NA,NA,NA,NA,NA,NA,NA,NA,NA,NA,NA,NA,NA,NA,NA,NA,NA,NA,NA,NA,NA,NA,NA,NA,NA,NA,NA,NA,NA,NA,NA,"CA","rex sole","rex_sole",NA,NA,"700","total_catch_wt_kg ~ 0 + factor(year) + pass","delta_gamma","TRUE","iid, iid","06_6","factor(year)2003","-0.722403796689006","1.25695982995749","-3.18599979341928","1.74119220004126"
"1234","1234","1234","1234","1234","1234",NA,NA,NA,NA,NA,NA,NA,NA,NA,NA,NA,NA,NA,NA,NA,NA,NA,NA,NA,NA,NA,NA,NA,NA,NA,NA,NA,NA,NA,NA,NA,NA,NA,NA,NA,NA,NA,NA,NA,NA,NA,NA,NA,NA,NA,NA,NA,NA,NA,NA,NA,NA,NA,NA,NA,NA,"CA","rex sole","rex_sole",NA,NA,"700","total_catch_wt_kg ~ 0 + factor(year) + pass","delta_gamma","TRUE","iid, iid","06_6","factor(year)2004","-1.13482703959592","1.25892507119594","-3.60227483837449","1.33262075918264"
"1235","1235","1235","1235","1235","1235",NA,NA,NA,NA,NA,NA,NA,NA,NA,NA,NA,NA,NA,NA,NA,NA,NA,NA,NA,NA,NA,NA,NA,NA,NA,NA,NA,NA,NA,NA,NA,NA,NA,NA,NA,NA,NA,NA,NA,NA,NA,NA,NA,NA,NA,NA,NA,NA,NA,NA,NA,NA,NA,NA,NA,NA,"CA","rex sole","rex_sole",NA,NA,"700","total_catch_wt_kg ~ 0 + factor(year) + pass","delta_gamma","TRUE","iid, iid","06_6","factor(year)2005","-0.887313396411476","1.25410921434516","-3.34532228920782","1.57069549638487"
"1236","1236","1236","1236","1236","1236",NA,NA,NA,NA,NA,NA,NA,NA,NA,NA,NA,NA,NA,NA,NA,NA,NA,NA,NA,NA,NA,NA,NA,NA,NA,NA,NA,NA,NA,NA,NA,NA,NA,NA,NA,NA,NA,NA,NA,NA,NA,NA,NA,NA,NA,NA,NA,NA,NA,NA,NA,NA,NA,NA,NA,NA,"CA","rex sole","rex_sole",NA,NA,"700","total_catch_wt_kg ~ 0 + factor(year) + pass","delta_gamma","TRUE","iid, iid","06_6","factor(year)2006","-1.19688659781842","1.25168511947152","-3.65014435196732","1.25637115633047"
"1237","1237","1237","1237","1237","1237",NA,NA,NA,NA,NA,NA,NA,NA,NA,NA,NA,NA,NA,NA,NA,NA,NA,NA,NA,NA,NA,NA,NA,NA,NA,NA,NA,NA,NA,NA,NA,NA,NA,NA,NA,NA,NA,NA,NA,NA,NA,NA,NA,NA,NA,NA,NA,NA,NA,NA,NA,NA,NA,NA,NA,NA,"CA","rex sole","rex_sole",NA,NA,"700","total_catch_wt_kg ~ 0 + factor(year) + pass","delta_gamma","TRUE","iid, iid","06_6","factor(year)2007","-1.70860322755332","1.24755267780497","-4.15376154486756","0.736555089760912"
"1238","1238","1238","1238","1238","1238",NA,NA,NA,NA,NA,NA,NA,NA,NA,NA,NA,NA,NA,NA,NA,NA,NA,NA,NA,NA,NA,NA,NA,NA,NA,NA,NA,NA,NA,NA,NA,NA,NA,NA,NA,NA,NA,NA,NA,NA,NA,NA,NA,NA,NA,NA,NA,NA,NA,NA,NA,NA,NA,NA,NA,NA,"CA","rex sole","rex_sole",NA,NA,"700","total_catch_wt_kg ~ 0 + factor(year) + pass","delta_gamma","TRUE","iid, iid","06_6","factor(year)2008","-1.7953438457881","1.250487729222","-4.24625475817249","0.655567066596287"
"1239","1239","1239","1239","1239","1239",NA,NA,NA,NA,NA,NA,NA,NA,NA,NA,NA,NA,NA,NA,NA,NA,NA,NA,NA,NA,NA,NA,NA,NA,NA,NA,NA,NA,NA,NA,NA,NA,NA,NA,NA,NA,NA,NA,NA,NA,NA,NA,NA,NA,NA,NA,NA,NA,NA,NA,NA,NA,NA,NA,NA,NA,"CA","rex sole","rex_sole",NA,NA,"700","total_catch_wt_kg ~ 0 + factor(year) + pass","delta_gamma","TRUE","iid, iid","06_6","factor(year)2009","-1.77749523670567","1.24857670044293","-4.22466060150967","0.669670128098326"
"1240","1240","1240","1240","1240","1240",NA,NA,NA,NA,NA,NA,NA,NA,NA,NA,NA,NA,NA,NA,NA,NA,NA,NA,NA,NA,NA,NA,NA,NA,NA,NA,NA,NA,NA,NA,NA,NA,NA,NA,NA,NA,NA,NA,NA,NA,NA,NA,NA,NA,NA,NA,NA,NA,NA,NA,NA,NA,NA,NA,NA,NA,"CA","rex sole","rex_sole",NA,NA,"700","total_catch_wt_kg ~ 0 + factor(year) + pass","delta_gamma","TRUE","iid, iid","06_6","factor(year)2010","-1.37321035529671","1.24370340923183","-3.81082424484077","1.06440353424736"
"1241","1241","1241","1241","1241","1241",NA,NA,NA,NA,NA,NA,NA,NA,NA,NA,NA,NA,NA,NA,NA,NA,NA,NA,NA,NA,NA,NA,NA,NA,NA,NA,NA,NA,NA,NA,NA,NA,NA,NA,NA,NA,NA,NA,NA,NA,NA,NA,NA,NA,NA,NA,NA,NA,NA,NA,NA,NA,NA,NA,NA,NA,"CA","rex sole","rex_sole",NA,NA,"700","total_catch_wt_kg ~ 0 + factor(year) + pass","delta_gamma","TRUE","iid, iid","06_6","factor(year)2011","-1.39235102145165","1.24789458484821","-3.83817946425671","1.05347742135341"
"1242","1242","1242","1242","1242","1242",NA,NA,NA,NA,NA,NA,NA,NA,NA,NA,NA,NA,NA,NA,NA,NA,NA,NA,NA,NA,NA,NA,NA,NA,NA,NA,NA,NA,NA,NA,NA,NA,NA,NA,NA,NA,NA,NA,NA,NA,NA,NA,NA,NA,NA,NA,NA,NA,NA,NA,NA,NA,NA,NA,NA,NA,"CA","rex sole","rex_sole",NA,NA,"700","total_catch_wt_kg ~ 0 + factor(year) + pass","delta_gamma","TRUE","iid, iid","06_6","factor(year)2012","-1.55887737891597","1.25169189245596","-4.01214840787044","0.894393650038501"
"1243","1243","1243","1243","1243","1243",NA,NA,NA,NA,NA,NA,NA,NA,NA,NA,NA,NA,NA,NA,NA,NA,NA,NA,NA,NA,NA,NA,NA,NA,NA,NA,NA,NA,NA,NA,NA,NA,NA,NA,NA,NA,NA,NA,NA,NA,NA,NA,NA,NA,NA,NA,NA,NA,NA,NA,NA,NA,NA,NA,NA,NA,"CA","rex sole","rex_sole",NA,NA,"700","total_catch_wt_kg ~ 0 + factor(year) + pass","delta_gamma","TRUE","iid, iid","06_6","factor(year)2013","-1.30958528635537","1.25581198962038","-3.7709315573649","1.15176098465417"
"1244","1244","1244","1244","1244","1244",NA,NA,NA,NA,NA,NA,NA,NA,NA,NA,NA,NA,NA,NA,NA,NA,NA,NA,NA,NA,NA,NA,NA,NA,NA,NA,NA,NA,NA,NA,NA,NA,NA,NA,NA,NA,NA,NA,NA,NA,NA,NA,NA,NA,NA,NA,NA,NA,NA,NA,NA,NA,NA,NA,NA,NA,"CA","rex sole","rex_sole",NA,NA,"700","total_catch_wt_kg ~ 0 + factor(year) + pass","delta_gamma","TRUE","iid, iid","06_6","factor(year)2014","-1.33569232421285","1.2502539012251","-3.78614494214474","1.11476029371904"
"1245","1245","1245","1245","1245","1245",NA,NA,NA,NA,NA,NA,NA,NA,NA,NA,NA,NA,NA,NA,NA,NA,NA,NA,NA,NA,NA,NA,NA,NA,NA,NA,NA,NA,NA,NA,NA,NA,NA,NA,NA,NA,NA,NA,NA,NA,NA,NA,NA,NA,NA,NA,NA,NA,NA,NA,NA,NA,NA,NA,NA,NA,"CA","rex sole","rex_sole",NA,NA,"700","total_catch_wt_kg ~ 0 + factor(year) + pass","delta_gamma","TRUE","iid, iid","06_6","factor(year)2015","-1.28882217136652","1.24963033498306","-3.73805262192204","1.16040827918899"
"1246","1246","1246","1246","1246","1246",NA,NA,NA,NA,NA,NA,NA,NA,NA,NA,NA,NA,NA,NA,NA,NA,NA,NA,NA,NA,NA,NA,NA,NA,NA,NA,NA,NA,NA,NA,NA,NA,NA,NA,NA,NA,NA,NA,NA,NA,NA,NA,NA,NA,NA,NA,NA,NA,NA,NA,NA,NA,NA,NA,NA,NA,"CA","rex sole","rex_sole",NA,NA,"700","total_catch_wt_kg ~ 0 + factor(year) + pass","delta_gamma","TRUE","iid, iid","06_6","factor(year)2016","-1.75630308723069","1.25054039940438","-4.20731723127561","0.694711056814234"
"1247","1247","1247","1247","1247","1247",NA,NA,NA,NA,NA,NA,NA,NA,NA,NA,NA,NA,NA,NA,NA,NA,NA,NA,NA,NA,NA,NA,NA,NA,NA,NA,NA,NA,NA,NA,NA,NA,NA,NA,NA,NA,NA,NA,NA,NA,NA,NA,NA,NA,NA,NA,NA,NA,NA,NA,NA,NA,NA,NA,NA,NA,"CA","rex sole","rex_sole",NA,NA,"700","total_catch_wt_kg ~ 0 + factor(year) + pass","delta_gamma","TRUE","iid, iid","06_6","factor(year)2017","-1.67768987956822","1.25409927775932","-4.13567929701417","0.780299537877734"
"1248","1248","1248","1248","1248","1248",NA,NA,NA,NA,NA,NA,NA,NA,NA,NA,NA,NA,NA,NA,NA,NA,NA,NA,NA,NA,NA,NA,NA,NA,NA,NA,NA,NA,NA,NA,NA,NA,NA,NA,NA,NA,NA,NA,NA,NA,NA,NA,NA,NA,NA,NA,NA,NA,NA,NA,NA,NA,NA,NA,NA,NA,"CA","rex sole","rex_sole",NA,NA,"700","total_catch_wt_kg ~ 0 + factor(year) + pass","delta_gamma","TRUE","iid, iid","06_6","factor(year)2018","-1.45882720626954","1.24807176649596","-3.9050029187229","0.987348506183816"
"1249","1249","1249","1249","1249","1249",NA,NA,NA,NA,NA,NA,NA,NA,NA,NA,NA,NA,NA,NA,NA,NA,NA,NA,NA,NA,NA,NA,NA,NA,NA,NA,NA,NA,NA,NA,NA,NA,NA,NA,NA,NA,NA,NA,NA,NA,NA,NA,NA,NA,NA,NA,NA,NA,NA,NA,NA,NA,NA,NA,NA,NA,"CA","rex sole","rex_sole",NA,NA,"700","total_catch_wt_kg ~ 0 + factor(year) + pass","delta_gamma","TRUE","iid, iid","06_6","factor(year)2019","-1.86464718696158","1.26182391463038","-4.33777661446847","0.608482240545302"
"1250","1250","1250","1250","1250","1250",NA,NA,NA,NA,NA,NA,NA,NA,NA,NA,NA,NA,NA,NA,NA,NA,NA,NA,NA,NA,NA,NA,NA,NA,NA,NA,NA,NA,NA,NA,NA,NA,NA,NA,NA,NA,NA,NA,NA,NA,NA,NA,NA,NA,NA,NA,NA,NA,NA,NA,NA,NA,NA,NA,NA,NA,"CA","rex sole","rex_sole",NA,NA,"700","total_catch_wt_kg ~ 0 + factor(year) + pass","delta_gamma","TRUE","iid, iid","06_6","factor(year)2021","-1.60081751737956","1.24816866997386","-4.04718315715959","0.845548122400474"
"1251","1251","1251","1251","1251","1251",NA,NA,NA,NA,NA,NA,NA,NA,NA,NA,NA,NA,NA,NA,NA,NA,NA,NA,NA,NA,NA,NA,NA,NA,NA,NA,NA,NA,NA,NA,NA,NA,NA,NA,NA,NA,NA,NA,NA,NA,NA,NA,NA,NA,NA,NA,NA,NA,NA,NA,NA,NA,NA,NA,NA,NA,"CA","rex sole","rex_sole",NA,NA,"700","total_catch_wt_kg ~ 0 + factor(year) + pass","delta_gamma","TRUE","iid, iid","06_6","factor(year)2022","-1.89159402851696","1.2476390702048","-4.33692167182341","0.553733614789497"
"1252","1252","1252","1252","1252","1252",NA,NA,NA,NA,NA,NA,NA,NA,NA,NA,NA,NA,NA,NA,NA,NA,NA,NA,NA,NA,NA,NA,NA,NA,NA,NA,NA,NA,NA,NA,NA,NA,NA,NA,NA,NA,NA,NA,NA,NA,NA,NA,NA,NA,NA,NA,NA,NA,NA,NA,NA,NA,NA,NA,NA,NA,"CA","rex sole","rex_sole",NA,NA,"700","total_catch_wt_kg ~ 0 + factor(year) + pass","delta_gamma","TRUE","iid, iid","06_6","factor(year)2023","-1.4572097640603","1.253661434077","-3.91434102365806","0.999921495537459"
"1253","1253","1253","1253","1253","1253",NA,NA,NA,NA,NA,NA,NA,NA,NA,NA,NA,NA,NA,NA,NA,NA,NA,NA,NA,NA,NA,NA,NA,NA,NA,NA,NA,NA,NA,NA,NA,NA,NA,NA,NA,NA,NA,NA,NA,NA,NA,NA,NA,NA,NA,NA,NA,NA,NA,NA,NA,NA,NA,NA,NA,NA,"CA","rex sole","rex_sole",NA,NA,"700","total_catch_wt_kg ~ 0 + factor(year) + pass","delta_gamma","TRUE","iid, iid","06_6","factor(year)2024","-2.25267926182423","1.25263923034292","-4.70780703891831","0.20244851526986"
"1254","1254","1254","1254","1254","1254",NA,NA,NA,NA,NA,NA,NA,NA,NA,NA,NA,NA,NA,NA,NA,NA,NA,NA,NA,NA,NA,NA,NA,NA,NA,NA,NA,NA,NA,NA,NA,NA,NA,NA,NA,NA,NA,NA,NA,NA,NA,NA,NA,NA,NA,NA,NA,NA,NA,NA,NA,NA,NA,NA,NA,NA,"CA","rex sole","rex_sole",NA,NA,"700","total_catch_wt_kg ~ 0 + factor(year) + pass","delta_gamma","TRUE","iid, iid","06_6","pass","-0.224893656728842","0.0899013948237051","-0.40109715274322","-0.0486901607144644"
"1255","1255","1255","1255","1255",NA,NA,NA,NA,NA,NA,NA,NA,NA,NA,NA,NA,NA,NA,NA,NA,NA,NA,NA,NA,NA,NA,NA,NA,NA,NA,NA,NA,NA,NA,NA,NA,NA,NA,NA,NA,NA,NA,NA,NA,NA,NA,NA,NA,NA,NA,NA,NA,NA,NA,NA,NA,NA,NA,NA,NA,NA,"CA","rex sole","rex_sole",NA,NA,"700","total_catch_wt_kg ~ 0 + factor(year) + pass","delta_gamma","TRUE","iid, iid","06_7","factor(year)2003","-0.198297918558449","0.91324241900762","-1.98822016896762","1.59162433185072"
"1256","1256","1256","1256","1256",NA,NA,NA,NA,NA,NA,NA,NA,NA,NA,NA,NA,NA,NA,NA,NA,NA,NA,NA,NA,NA,NA,NA,NA,NA,NA,NA,NA,NA,NA,NA,NA,NA,NA,NA,NA,NA,NA,NA,NA,NA,NA,NA,NA,NA,NA,NA,NA,NA,NA,NA,NA,NA,NA,NA,NA,NA,"CA","rex sole","rex_sole",NA,NA,"700","total_catch_wt_kg ~ 0 + factor(year) + pass","delta_gamma","TRUE","iid, iid","06_7","factor(year)2004","-0.554557169412635","0.911874957348497","-2.34179924421969","1.23268490539442"
"1257","1257","1257","1257","1257",NA,NA,NA,NA,NA,NA,NA,NA,NA,NA,NA,NA,NA,NA,NA,NA,NA,NA,NA,NA,NA,NA,NA,NA,NA,NA,NA,NA,NA,NA,NA,NA,NA,NA,NA,NA,NA,NA,NA,NA,NA,NA,NA,NA,NA,NA,NA,NA,NA,NA,NA,NA,NA,NA,NA,NA,NA,"CA","rex sole","rex_sole",NA,NA,"700","total_catch_wt_kg ~ 0 + factor(year) + pass","delta_gamma","TRUE","iid, iid","06_7","factor(year)2005","-0.48246978488919","0.903516835796956","-2.25333024247681","1.28839067269843"
"1258","1258","1258","1258","1258",NA,NA,NA,NA,NA,NA,NA,NA,NA,NA,NA,NA,NA,NA,NA,NA,NA,NA,NA,NA,NA,NA,NA,NA,NA,NA,NA,NA,NA,NA,NA,NA,NA,NA,NA,NA,NA,NA,NA,NA,NA,NA,NA,NA,NA,NA,NA,NA,NA,NA,NA,NA,NA,NA,NA,NA,NA,"CA","rex sole","rex_sole",NA,NA,"700","total_catch_wt_kg ~ 0 + factor(year) + pass","delta_gamma","TRUE","iid, iid","06_7","factor(year)2006","-0.633880338702464","0.908635439184038","-2.41477307457991","1.14701239717499"
"1259","1259","1259","1259","1259",NA,NA,NA,NA,NA,NA,NA,NA,NA,NA,NA,NA,NA,NA,NA,NA,NA,NA,NA,NA,NA,NA,NA,NA,NA,NA,NA,NA,NA,NA,NA,NA,NA,NA,NA,NA,NA,NA,NA,NA,NA,NA,NA,NA,NA,NA,NA,NA,NA,NA,NA,NA,NA,NA,NA,NA,NA,"CA","rex sole","rex_sole",NA,NA,"700","total_catch_wt_kg ~ 0 + factor(year) + pass","delta_gamma","TRUE","iid, iid","06_7","factor(year)2007","-0.977173926211647","0.899710440446411","-2.74057398600128","0.786226133577987"
"1260","1260","1260","1260","1260",NA,NA,NA,NA,NA,NA,NA,NA,NA,NA,NA,NA,NA,NA,NA,NA,NA,NA,NA,NA,NA,NA,NA,NA,NA,NA,NA,NA,NA,NA,NA,NA,NA,NA,NA,NA,NA,NA,NA,NA,NA,NA,NA,NA,NA,NA,NA,NA,NA,NA,NA,NA,NA,NA,NA,NA,NA,"CA","rex sole","rex_sole",NA,NA,"700","total_catch_wt_kg ~ 0 + factor(year) + pass","delta_gamma","TRUE","iid, iid","06_7","factor(year)2008","-1.08913798987994","0.902414978916138","-2.85783884766504","0.679562867905161"
"1261","1261","1261","1261","1261",NA,NA,NA,NA,NA,NA,NA,NA,NA,NA,NA,NA,NA,NA,NA,NA,NA,NA,NA,NA,NA,NA,NA,NA,NA,NA,NA,NA,NA,NA,NA,NA,NA,NA,NA,NA,NA,NA,NA,NA,NA,NA,NA,NA,NA,NA,NA,NA,NA,NA,NA,NA,NA,NA,NA,NA,NA,"CA","rex sole","rex_sole",NA,NA,"700","total_catch_wt_kg ~ 0 + factor(year) + pass","delta_gamma","TRUE","iid, iid","06_7","factor(year)2009","-1.30623573485004","0.90065766288478","-3.07149231650422","0.45902084680415"
"1262","1262","1262","1262","1262",NA,NA,NA,NA,NA,NA,NA,NA,NA,NA,NA,NA,NA,NA,NA,NA,NA,NA,NA,NA,NA,NA,NA,NA,NA,NA,NA,NA,NA,NA,NA,NA,NA,NA,NA,NA,NA,NA,NA,NA,NA,NA,NA,NA,NA,NA,NA,NA,NA,NA,NA,NA,NA,NA,NA,NA,NA,"CA","rex sole","rex_sole",NA,NA,"700","total_catch_wt_kg ~ 0 + factor(year) + pass","delta_gamma","TRUE","iid, iid","06_7","factor(year)2010","-0.786183692321798","0.896766119087628","-2.5438129882893","0.97144560364571"
"1263","1263","1263","1263","1263",NA,NA,NA,NA,NA,NA,NA,NA,NA,NA,NA,NA,NA,NA,NA,NA,NA,NA,NA,NA,NA,NA,NA,NA,NA,NA,NA,NA,NA,NA,NA,NA,NA,NA,NA,NA,NA,NA,NA,NA,NA,NA,NA,NA,NA,NA,NA,NA,NA,NA,NA,NA,NA,NA,NA,NA,NA,"CA","rex sole","rex_sole",NA,NA,"700","total_catch_wt_kg ~ 0 + factor(year) + pass","delta_gamma","TRUE","iid, iid","06_7","factor(year)2011","-1.08762162259221","0.89694805082281","-2.84560749820832","0.670364253023901"
"1264","1264","1264","1264","1264",NA,NA,NA,NA,NA,NA,NA,NA,NA,NA,NA,NA,NA,NA,NA,NA,NA,NA,NA,NA,NA,NA,NA,NA,NA,NA,NA,NA,NA,NA,NA,NA,NA,NA,NA,NA,NA,NA,NA,NA,NA,NA,NA,NA,NA,NA,NA,NA,NA,NA,NA,NA,NA,NA,NA,NA,NA,"CA","rex sole","rex_sole",NA,NA,"700","total_catch_wt_kg ~ 0 + factor(year) + pass","delta_gamma","TRUE","iid, iid","06_7","factor(year)2012","-1.04547520133549","0.899292991252784","-2.80805707574024","0.717106673069257"
"1265","1265","1265","1265","1265",NA,NA,NA,NA,NA,NA,NA,NA,NA,NA,NA,NA,NA,NA,NA,NA,NA,NA,NA,NA,NA,NA,NA,NA,NA,NA,NA,NA,NA,NA,NA,NA,NA,NA,NA,NA,NA,NA,NA,NA,NA,NA,NA,NA,NA,NA,NA,NA,NA,NA,NA,NA,NA,NA,NA,NA,NA,"CA","rex sole","rex_sole",NA,NA,"700","total_catch_wt_kg ~ 0 + factor(year) + pass","delta_gamma","TRUE","iid, iid","06_7","factor(year)2013","-0.391315158508303","0.910110432795889","-2.17509882874241","1.3924685117258"
"1266","1266","1266","1266","1266",NA,NA,NA,NA,NA,NA,NA,NA,NA,NA,NA,NA,NA,NA,NA,NA,NA,NA,NA,NA,NA,NA,NA,NA,NA,NA,NA,NA,NA,NA,NA,NA,NA,NA,NA,NA,NA,NA,NA,NA,NA,NA,NA,NA,NA,NA,NA,NA,NA,NA,NA,NA,NA,NA,NA,NA,NA,"CA","rex sole","rex_sole",NA,NA,"700","total_catch_wt_kg ~ 0 + factor(year) + pass","delta_gamma","TRUE","iid, iid","06_7","factor(year)2014","-0.770941456023365","0.901981259115402","-2.53879223861964","0.996909326572913"
"1267","1267","1267","1267","1267",NA,NA,NA,NA,NA,NA,NA,NA,NA,NA,NA,NA,NA,NA,NA,NA,NA,NA,NA,NA,NA,NA,NA,NA,NA,NA,NA,NA,NA,NA,NA,NA,NA,NA,NA,NA,NA,NA,NA,NA,NA,NA,NA,NA,NA,NA,NA,NA,NA,NA,NA,NA,NA,NA,NA,NA,NA,"CA","rex sole","rex_sole",NA,NA,"700","total_catch_wt_kg ~ 0 + factor(year) + pass","delta_gamma","TRUE","iid, iid","06_7","factor(year)2015","-0.596883711878755","0.899579257767527","-2.36002665834238","1.16625923458487"
"1268","1268","1268","1268","1268",NA,NA,NA,NA,NA,NA,NA,NA,NA,NA,NA,NA,NA,NA,NA,NA,NA,NA,NA,NA,NA,NA,NA,NA,NA,NA,NA,NA,NA,NA,NA,NA,NA,NA,NA,NA,NA,NA,NA,NA,NA,NA,NA,NA,NA,NA,NA,NA,NA,NA,NA,NA,NA,NA,NA,NA,NA,"CA","rex sole","rex_sole",NA,NA,"700","total_catch_wt_kg ~ 0 + factor(year) + pass","delta_gamma","TRUE","iid, iid","06_7","factor(year)2016","-0.812075612752134","0.901781826392353","-2.5795355143939","0.955384288889628"
"1269","1269","1269","1269","1269",NA,NA,NA,NA,NA,NA,NA,NA,NA,NA,NA,NA,NA,NA,NA,NA,NA,NA,NA,NA,NA,NA,NA,NA,NA,NA,NA,NA,NA,NA,NA,NA,NA,NA,NA,NA,NA,NA,NA,NA,NA,NA,NA,NA,NA,NA,NA,NA,NA,NA,NA,NA,NA,NA,NA,NA,NA,"CA","rex sole","rex_sole",NA,NA,"700","total_catch_wt_kg ~ 0 + factor(year) + pass","delta_gamma","TRUE","iid, iid","06_7","factor(year)2017","-0.935649599745129","0.903147246937561","-2.70578567647925","0.834486476988992"
"1270","1270","1270","1270","1270",NA,NA,NA,NA,NA,NA,NA,NA,NA,NA,NA,NA,NA,NA,NA,NA,NA,NA,NA,NA,NA,NA,NA,NA,NA,NA,NA,NA,NA,NA,NA,NA,NA,NA,NA,NA,NA,NA,NA,NA,NA,NA,NA,NA,NA,NA,NA,NA,NA,NA,NA,NA,NA,NA,NA,NA,NA,"CA","rex sole","rex_sole",NA,NA,"700","total_catch_wt_kg ~ 0 + factor(year) + pass","delta_gamma","TRUE","iid, iid","06_7","factor(year)2018","-1.00187164445153","0.8966932657423","-2.75935815048604","0.755614861582983"
"1271","1271","1271","1271","1271",NA,NA,NA,NA,NA,NA,NA,NA,NA,NA,NA,NA,NA,NA,NA,NA,NA,NA,NA,NA,NA,NA,NA,NA,NA,NA,NA,NA,NA,NA,NA,NA,NA,NA,NA,NA,NA,NA,NA,NA,NA,NA,NA,NA,NA,NA,NA,NA,NA,NA,NA,NA,NA,NA,NA,NA,NA,"CA","rex sole","rex_sole",NA,NA,"700","total_catch_wt_kg ~ 0 + factor(year) + pass","delta_gamma","TRUE","iid, iid","06_7","factor(year)2019","-1.4661377415397","0.918971502240361","-3.26728878874947","0.335013305670081"
"1272","1272","1272","1272","1272",NA,NA,NA,NA,NA,NA,NA,NA,NA,NA,NA,NA,NA,NA,NA,NA,NA,NA,NA,NA,NA,NA,NA,NA,NA,NA,NA,NA,NA,NA,NA,NA,NA,NA,NA,NA,NA,NA,NA,NA,NA,NA,NA,NA,NA,NA,NA,NA,NA,NA,NA,NA,NA,NA,NA,NA,NA,"CA","rex sole","rex_sole",NA,NA,"700","total_catch_wt_kg ~ 0 + factor(year) + pass","delta_gamma","TRUE","iid, iid","06_7","factor(year)2021","-0.866303623231147","0.898406330936497","-2.62714767534945","0.89454042888716"
"1273","1273","1273","1273","1273",NA,NA,NA,NA,NA,NA,NA,NA,NA,NA,NA,NA,NA,NA,NA,NA,NA,NA,NA,NA,NA,NA,NA,NA,NA,NA,NA,NA,NA,NA,NA,NA,NA,NA,NA,NA,NA,NA,NA,NA,NA,NA,NA,NA,NA,NA,NA,NA,NA,NA,NA,NA,NA,NA,NA,NA,NA,"CA","rex sole","rex_sole",NA,NA,"700","total_catch_wt_kg ~ 0 + factor(year) + pass","delta_gamma","TRUE","iid, iid","06_7","factor(year)2022","-1.01932450121128","0.905229631818267","-2.79354197731354","0.754892974890977"
"1274","1274","1274","1274","1274",NA,NA,NA,NA,NA,NA,NA,NA,NA,NA,NA,NA,NA,NA,NA,NA,NA,NA,NA,NA,NA,NA,NA,NA,NA,NA,NA,NA,NA,NA,NA,NA,NA,NA,NA,NA,NA,NA,NA,NA,NA,NA,NA,NA,NA,NA,NA,NA,NA,NA,NA,NA,NA,NA,NA,NA,NA,"CA","rex sole","rex_sole",NA,NA,"700","total_catch_wt_kg ~ 0 + factor(year) + pass","delta_gamma","TRUE","iid, iid","06_7","factor(year)2023","-0.917644639064059","0.906974671409347","-2.69528232991643","0.85999305178831"
"1275","1275","1275","1275","1275",NA,NA,NA,NA,NA,NA,NA,NA,NA,NA,NA,NA,NA,NA,NA,NA,NA,NA,NA,NA,NA,NA,NA,NA,NA,NA,NA,NA,NA,NA,NA,NA,NA,NA,NA,NA,NA,NA,NA,NA,NA,NA,NA,NA,NA,NA,NA,NA,NA,NA,NA,NA,NA,NA,NA,NA,NA,"CA","rex sole","rex_sole",NA,NA,"700","total_catch_wt_kg ~ 0 + factor(year) + pass","delta_gamma","TRUE","iid, iid","06_7","factor(year)2024","-1.62450126947276","0.905886240961476","-3.40000567584763","0.151003136902105"
"1276","1276","1276","1276","1276",NA,NA,NA,NA,NA,NA,NA,NA,NA,NA,NA,NA,NA,NA,NA,NA,NA,NA,NA,NA,NA,NA,NA,NA,NA,NA,NA,NA,NA,NA,NA,NA,NA,NA,NA,NA,NA,NA,NA,NA,NA,NA,NA,NA,NA,NA,NA,NA,NA,NA,NA,NA,NA,NA,NA,NA,NA,"CA","rex sole","rex_sole",NA,NA,"700","total_catch_wt_kg ~ 0 + factor(year) + pass","delta_gamma","TRUE","iid, iid","06_7","pass","-0.127581419458552","0.0887528967592811","-0.301533900630345","0.0463710617132403"
"1277","1277","1277","1277",NA,NA,NA,NA,NA,NA,NA,NA,NA,NA,NA,NA,NA,NA,NA,NA,NA,NA,NA,NA,NA,NA,NA,NA,NA,NA,NA,NA,NA,NA,NA,NA,NA,NA,NA,NA,NA,NA,NA,NA,NA,NA,NA,NA,NA,NA,NA,NA,NA,NA,NA,NA,NA,NA,NA,NA,NA,NA,"CA","rex sole","rex_sole",NA,NA,"700","total_catch_wt_kg ~ 0 + factor(year) + pass","delta_gamma","TRUE","iid, iid","06_8","factor(year)2003","-0.995578299447489","1.10149545622167","-3.15446972277648","1.1633131238815"
"1278","1278","1278","1278",NA,NA,NA,NA,NA,NA,NA,NA,NA,NA,NA,NA,NA,NA,NA,NA,NA,NA,NA,NA,NA,NA,NA,NA,NA,NA,NA,NA,NA,NA,NA,NA,NA,NA,NA,NA,NA,NA,NA,NA,NA,NA,NA,NA,NA,NA,NA,NA,NA,NA,NA,NA,NA,NA,NA,NA,NA,NA,"CA","rex sole","rex_sole",NA,NA,"700","total_catch_wt_kg ~ 0 + factor(year) + pass","delta_gamma","TRUE","iid, iid","06_8","factor(year)2004","-0.982933378238852","1.10300052954121","-3.14477469106824","1.17890793459053"
"1279","1279","1279","1279",NA,NA,NA,NA,NA,NA,NA,NA,NA,NA,NA,NA,NA,NA,NA,NA,NA,NA,NA,NA,NA,NA,NA,NA,NA,NA,NA,NA,NA,NA,NA,NA,NA,NA,NA,NA,NA,NA,NA,NA,NA,NA,NA,NA,NA,NA,NA,NA,NA,NA,NA,NA,NA,NA,NA,NA,NA,NA,"CA","rex sole","rex_sole",NA,NA,"700","total_catch_wt_kg ~ 0 + factor(year) + pass","delta_gamma","TRUE","iid, iid","06_8","factor(year)2005","-0.801326953536155","1.09439859611391","-2.94630878665061","1.3436548795783"
"1280","1280","1280","1280",NA,NA,NA,NA,NA,NA,NA,NA,NA,NA,NA,NA,NA,NA,NA,NA,NA,NA,NA,NA,NA,NA,NA,NA,NA,NA,NA,NA,NA,NA,NA,NA,NA,NA,NA,NA,NA,NA,NA,NA,NA,NA,NA,NA,NA,NA,NA,NA,NA,NA,NA,NA,NA,NA,NA,NA,NA,NA,"CA","rex sole","rex_sole",NA,NA,"700","total_catch_wt_kg ~ 0 + factor(year) + pass","delta_gamma","TRUE","iid, iid","06_8","factor(year)2006","-1.40288361840376","1.0952036228682","-3.54944327496322","0.743676038155691"
"1281","1281","1281","1281",NA,NA,NA,NA,NA,NA,NA,NA,NA,NA,NA,NA,NA,NA,NA,NA,NA,NA,NA,NA,NA,NA,NA,NA,NA,NA,NA,NA,NA,NA,NA,NA,NA,NA,NA,NA,NA,NA,NA,NA,NA,NA,NA,NA,NA,NA,NA,NA,NA,NA,NA,NA,NA,NA,NA,NA,NA,NA,"CA","rex sole","rex_sole",NA,NA,"700","total_catch_wt_kg ~ 0 + factor(year) + pass","delta_gamma","TRUE","iid, iid","06_8","factor(year)2007","-1.63288347941646","1.08943588392645","-3.76813857537786","0.502371616544936"
"1282","1282","1282","1282",NA,NA,NA,NA,NA,NA,NA,NA,NA,NA,NA,NA,NA,NA,NA,NA,NA,NA,NA,NA,NA,NA,NA,NA,NA,NA,NA,NA,NA,NA,NA,NA,NA,NA,NA,NA,NA,NA,NA,NA,NA,NA,NA,NA,NA,NA,NA,NA,NA,NA,NA,NA,NA,NA,NA,NA,NA,NA,"CA","rex sole","rex_sole",NA,NA,"700","total_catch_wt_kg ~ 0 + factor(year) + pass","delta_gamma","TRUE","iid, iid","06_8","factor(year)2008","-1.60387605336151","1.09337449378149","-3.74685068278795","0.539098576064925"
"1283","1283","1283","1283",NA,NA,NA,NA,NA,NA,NA,NA,NA,NA,NA,NA,NA,NA,NA,NA,NA,NA,NA,NA,NA,NA,NA,NA,NA,NA,NA,NA,NA,NA,NA,NA,NA,NA,NA,NA,NA,NA,NA,NA,NA,NA,NA,NA,NA,NA,NA,NA,NA,NA,NA,NA,NA,NA,NA,NA,NA,NA,"CA","rex sole","rex_sole",NA,NA,"700","total_catch_wt_kg ~ 0 + factor(year) + pass","delta_gamma","TRUE","iid, iid","06_8","factor(year)2009","-1.843731720918","1.09083818002985","-3.98173526673772","0.294271824901715"
"1284","1284","1284","1284",NA,NA,NA,NA,NA,NA,NA,NA,NA,NA,NA,NA,NA,NA,NA,NA,NA,NA,NA,NA,NA,NA,NA,NA,NA,NA,NA,NA,NA,NA,NA,NA,NA,NA,NA,NA,NA,NA,NA,NA,NA,NA,NA,NA,NA,NA,NA,NA,NA,NA,NA,NA,NA,NA,NA,NA,NA,NA,"CA","rex sole","rex_sole",NA,NA,"700","total_catch_wt_kg ~ 0 + factor(year) + pass","delta_gamma","TRUE","iid, iid","06_8","factor(year)2010","-1.36599820822739","1.08786845586297","-3.49818120163602","0.766184785181243"
"1285","1285","1285","1285",NA,NA,NA,NA,NA,NA,NA,NA,NA,NA,NA,NA,NA,NA,NA,NA,NA,NA,NA,NA,NA,NA,NA,NA,NA,NA,NA,NA,NA,NA,NA,NA,NA,NA,NA,NA,NA,NA,NA,NA,NA,NA,NA,NA,NA,NA,NA,NA,NA,NA,NA,NA,NA,NA,NA,NA,NA,NA,"CA","rex sole","rex_sole",NA,NA,"700","total_catch_wt_kg ~ 0 + factor(year) + pass","delta_gamma","TRUE","iid, iid","06_8","factor(year)2011","-1.863484750359","1.08939430058012","-3.99865834445925","0.271688843741241"
"1286","1286","1286","1286",NA,NA,NA,NA,NA,NA,NA,NA,NA,NA,NA,NA,NA,NA,NA,NA,NA,NA,NA,NA,NA,NA,NA,NA,NA,NA,NA,NA,NA,NA,NA,NA,NA,NA,NA,NA,NA,NA,NA,NA,NA,NA,NA,NA,NA,NA,NA,NA,NA,NA,NA,NA,NA,NA,NA,NA,NA,NA,"CA","rex sole","rex_sole",NA,NA,"700","total_catch_wt_kg ~ 0 + factor(year) + pass","delta_gamma","TRUE","iid, iid","06_8","factor(year)2012","-1.45327843902291","1.09118902279222","-3.59196962402111","0.685412745975296"
"1287","1287","1287","1287",NA,NA,NA,NA,NA,NA,NA,NA,NA,NA,NA,NA,NA,NA,NA,NA,NA,NA,NA,NA,NA,NA,NA,NA,NA,NA,NA,NA,NA,NA,NA,NA,NA,NA,NA,NA,NA,NA,NA,NA,NA,NA,NA,NA,NA,NA,NA,NA,NA,NA,NA,NA,NA,NA,NA,NA,NA,NA,"CA","rex sole","rex_sole",NA,NA,"700","total_catch_wt_kg ~ 0 + factor(year) + pass","delta_gamma","TRUE","iid, iid","06_8","factor(year)2013","-1.5543551748127","1.09993090307485","-3.71018013032203","0.601469780696635"
"1288","1288","1288","1288",NA,NA,NA,NA,NA,NA,NA,NA,NA,NA,NA,NA,NA,NA,NA,NA,NA,NA,NA,NA,NA,NA,NA,NA,NA,NA,NA,NA,NA,NA,NA,NA,NA,NA,NA,NA,NA,NA,NA,NA,NA,NA,NA,NA,NA,NA,NA,NA,NA,NA,NA,NA,NA,NA,NA,NA,NA,NA,"CA","rex sole","rex_sole",NA,NA,"700","total_catch_wt_kg ~ 0 + factor(year) + pass","delta_gamma","TRUE","iid, iid","06_8","factor(year)2014","-1.4210544877694","1.08839191906256","-3.55426345019645","0.712154474657649"
"1289","1289","1289","1289",NA,NA,NA,NA,NA,NA,NA,NA,NA,NA,NA,NA,NA,NA,NA,NA,NA,NA,NA,NA,NA,NA,NA,NA,NA,NA,NA,NA,NA,NA,NA,NA,NA,NA,NA,NA,NA,NA,NA,NA,NA,NA,NA,NA,NA,NA,NA,NA,NA,NA,NA,NA,NA,NA,NA,NA,NA,NA,"CA","rex sole","rex_sole",NA,NA,"700","total_catch_wt_kg ~ 0 + factor(year) + pass","delta_gamma","TRUE","iid, iid","06_8","factor(year)2015","-1.08227065057536","1.09345879521301","-3.22541050777141","1.0608692066207"
"1290","1290","1290","1290",NA,NA,NA,NA,NA,NA,NA,NA,NA,NA,NA,NA,NA,NA,NA,NA,NA,NA,NA,NA,NA,NA,NA,NA,NA,NA,NA,NA,NA,NA,NA,NA,NA,NA,NA,NA,NA,NA,NA,NA,NA,NA,NA,NA,NA,NA,NA,NA,NA,NA,NA,NA,NA,NA,NA,NA,NA,NA,"CA","rex sole","rex_sole",NA,NA,"700","total_catch_wt_kg ~ 0 + factor(year) + pass","delta_gamma","TRUE","iid, iid","06_8","factor(year)2016","-1.56285068218569","1.0928993852907","-3.70489411608142","0.579192751710041"
"1291","1291","1291","1291",NA,NA,NA,NA,NA,NA,NA,NA,NA,NA,NA,NA,NA,NA,NA,NA,NA,NA,NA,NA,NA,NA,NA,NA,NA,NA,NA,NA,NA,NA,NA,NA,NA,NA,NA,NA,NA,NA,NA,NA,NA,NA,NA,NA,NA,NA,NA,NA,NA,NA,NA,NA,NA,NA,NA,NA,NA,NA,"CA","rex sole","rex_sole",NA,NA,"700","total_catch_wt_kg ~ 0 + factor(year) + pass","delta_gamma","TRUE","iid, iid","06_8","factor(year)2017","-2.02097551922936","1.09317961760234","-4.16356819836321","0.121617159904496"
"1292","1292","1292","1292",NA,NA,NA,NA,NA,NA,NA,NA,NA,NA,NA,NA,NA,NA,NA,NA,NA,NA,NA,NA,NA,NA,NA,NA,NA,NA,NA,NA,NA,NA,NA,NA,NA,NA,NA,NA,NA,NA,NA,NA,NA,NA,NA,NA,NA,NA,NA,NA,NA,NA,NA,NA,NA,NA,NA,NA,NA,NA,"CA","rex sole","rex_sole",NA,NA,"700","total_catch_wt_kg ~ 0 + factor(year) + pass","delta_gamma","TRUE","iid, iid","06_8","factor(year)2018","-1.56885067967404","1.09185350742403","-3.70884423061888","0.571142871270795"
"1293","1293","1293","1293",NA,NA,NA,NA,NA,NA,NA,NA,NA,NA,NA,NA,NA,NA,NA,NA,NA,NA,NA,NA,NA,NA,NA,NA,NA,NA,NA,NA,NA,NA,NA,NA,NA,NA,NA,NA,NA,NA,NA,NA,NA,NA,NA,NA,NA,NA,NA,NA,NA,NA,NA,NA,NA,NA,NA,NA,NA,NA,"CA","rex sole","rex_sole",NA,NA,"700","total_catch_wt_kg ~ 0 + factor(year) + pass","delta_gamma","TRUE","iid, iid","06_8","factor(year)2019","-1.79434853485285","1.10780655865328","-3.96560949165053","0.376912421944825"
"1294","1294","1294","1294",NA,NA,NA,NA,NA,NA,NA,NA,NA,NA,NA,NA,NA,NA,NA,NA,NA,NA,NA,NA,NA,NA,NA,NA,NA,NA,NA,NA,NA,NA,NA,NA,NA,NA,NA,NA,NA,NA,NA,NA,NA,NA,NA,NA,NA,NA,NA,NA,NA,NA,NA,NA,NA,NA,NA,NA,NA,NA,"CA","rex sole","rex_sole",NA,NA,"700","total_catch_wt_kg ~ 0 + factor(year) + pass","delta_gamma","TRUE","iid, iid","06_8","factor(year)2021","-1.45752194400589","1.08901625794726","-3.59195458816111","0.676910700149331"
"1295","1295","1295","1295",NA,NA,NA,NA,NA,NA,NA,NA,NA,NA,NA,NA,NA,NA,NA,NA,NA,NA,NA,NA,NA,NA,NA,NA,NA,NA,NA,NA,NA,NA,NA,NA,NA,NA,NA,NA,NA,NA,NA,NA,NA,NA,NA,NA,NA,NA,NA,NA,NA,NA,NA,NA,NA,NA,NA,NA,NA,NA,"CA","rex sole","rex_sole",NA,NA,"700","total_catch_wt_kg ~ 0 + factor(year) + pass","delta_gamma","TRUE","iid, iid","06_8","factor(year)2022","-1.62937881957852","1.0916542275334","-3.76898178911488","0.510224149957826"
"1296","1296","1296","1296",NA,NA,NA,NA,NA,NA,NA,NA,NA,NA,NA,NA,NA,NA,NA,NA,NA,NA,NA,NA,NA,NA,NA,NA,NA,NA,NA,NA,NA,NA,NA,NA,NA,NA,NA,NA,NA,NA,NA,NA,NA,NA,NA,NA,NA,NA,NA,NA,NA,NA,NA,NA,NA,NA,NA,NA,NA,NA,"CA","rex sole","rex_sole",NA,NA,"700","total_catch_wt_kg ~ 0 + factor(year) + pass","delta_gamma","TRUE","iid, iid","06_8","factor(year)2023","-1.76533064673039","1.09286944482626","-3.90731539839415","0.376654104933364"
"1297","1297","1297","1297",NA,NA,NA,NA,NA,NA,NA,NA,NA,NA,NA,NA,NA,NA,NA,NA,NA,NA,NA,NA,NA,NA,NA,NA,NA,NA,NA,NA,NA,NA,NA,NA,NA,NA,NA,NA,NA,NA,NA,NA,NA,NA,NA,NA,NA,NA,NA,NA,NA,NA,NA,NA,NA,NA,NA,NA,NA,NA,"CA","rex sole","rex_sole",NA,NA,"700","total_catch_wt_kg ~ 0 + factor(year) + pass","delta_gamma","TRUE","iid, iid","06_8","factor(year)2024","-2.19674674052781","1.09305936796851","-4.3391037347102","-0.054389746345421"
"1298","1298","1298","1298",NA,NA,NA,NA,NA,NA,NA,NA,NA,NA,NA,NA,NA,NA,NA,NA,NA,NA,NA,NA,NA,NA,NA,NA,NA,NA,NA,NA,NA,NA,NA,NA,NA,NA,NA,NA,NA,NA,NA,NA,NA,NA,NA,NA,NA,NA,NA,NA,NA,NA,NA,NA,NA,NA,NA,NA,NA,NA,"CA","rex sole","rex_sole",NA,NA,"700","total_catch_wt_kg ~ 0 + factor(year) + pass","delta_gamma","TRUE","iid, iid","06_8","pass","-0.110900515274817","0.090347580459408","-0.287978519065592","0.0661774885159573"
"1299","1299","1299",NA,NA,NA,NA,NA,NA,NA,NA,NA,NA,NA,NA,NA,NA,NA,NA,NA,NA,NA,NA,NA,NA,NA,NA,NA,NA,NA,NA,NA,NA,NA,NA,NA,NA,NA,NA,NA,NA,NA,NA,NA,NA,NA,NA,NA,NA,NA,NA,NA,NA,NA,NA,NA,NA,NA,NA,NA,NA,NA,"CA","rex sole","rex_sole",NA,NA,"700","total_catch_wt_kg ~ 0 + factor(year) + pass","delta_gamma","TRUE","iid, iid","06_9","factor(year)2003","-0.363700712638174","0.9187007523015","-2.16432109971897","1.43691967444262"
"1300","1300","1300",NA,NA,NA,NA,NA,NA,NA,NA,NA,NA,NA,NA,NA,NA,NA,NA,NA,NA,NA,NA,NA,NA,NA,NA,NA,NA,NA,NA,NA,NA,NA,NA,NA,NA,NA,NA,NA,NA,NA,NA,NA,NA,NA,NA,NA,NA,NA,NA,NA,NA,NA,NA,NA,NA,NA,NA,NA,NA,NA,"CA","rex sole","rex_sole",NA,NA,"700","total_catch_wt_kg ~ 0 + factor(year) + pass","delta_gamma","TRUE","iid, iid","06_9","factor(year)2004","-0.546591774547188","0.922783022008858","-2.35521326322958","1.26202971413521"
"1301","1301","1301",NA,NA,NA,NA,NA,NA,NA,NA,NA,NA,NA,NA,NA,NA,NA,NA,NA,NA,NA,NA,NA,NA,NA,NA,NA,NA,NA,NA,NA,NA,NA,NA,NA,NA,NA,NA,NA,NA,NA,NA,NA,NA,NA,NA,NA,NA,NA,NA,NA,NA,NA,NA,NA,NA,NA,NA,NA,NA,NA,"CA","rex sole","rex_sole",NA,NA,"700","total_catch_wt_kg ~ 0 + factor(year) + pass","delta_gamma","TRUE","iid, iid","06_9","factor(year)2005","-0.61399969565822","0.911497682554172","-2.40050232545612","1.17250293413968"
"1302","1302","1302",NA,NA,NA,NA,NA,NA,NA,NA,NA,NA,NA,NA,NA,NA,NA,NA,NA,NA,NA,NA,NA,NA,NA,NA,NA,NA,NA,NA,NA,NA,NA,NA,NA,NA,NA,NA,NA,NA,NA,NA,NA,NA,NA,NA,NA,NA,NA,NA,NA,NA,NA,NA,NA,NA,NA,NA,NA,NA,NA,"CA","rex sole","rex_sole",NA,NA,"700","total_catch_wt_kg ~ 0 + factor(year) + pass","delta_gamma","TRUE","iid, iid","06_9","factor(year)2006","-0.870694199909483","0.912725653277973","-2.6596036081001","0.918215208281137"
"1303","1303","1303",NA,NA,NA,NA,NA,NA,NA,NA,NA,NA,NA,NA,NA,NA,NA,NA,NA,NA,NA,NA,NA,NA,NA,NA,NA,NA,NA,NA,NA,NA,NA,NA,NA,NA,NA,NA,NA,NA,NA,NA,NA,NA,NA,NA,NA,NA,NA,NA,NA,NA,NA,NA,NA,NA,NA,NA,NA,NA,NA,"CA","rex sole","rex_sole",NA,NA,"700","total_catch_wt_kg ~ 0 + factor(year) + pass","delta_gamma","TRUE","iid, iid","06_9","factor(year)2007","-0.914089727523875","0.91332681467096","-2.70417739039365","0.875997935345895"
"1304","1304","1304",NA,NA,NA,NA,NA,NA,NA,NA,NA,NA,NA,NA,NA,NA,NA,NA,NA,NA,NA,NA,NA,NA,NA,NA,NA,NA,NA,NA,NA,NA,NA,NA,NA,NA,NA,NA,NA,NA,NA,NA,NA,NA,NA,NA,NA,NA,NA,NA,NA,NA,NA,NA,NA,NA,NA,NA,NA,NA,NA,"CA","rex sole","rex_sole",NA,NA,"700","total_catch_wt_kg ~ 0 + factor(year) + pass","delta_gamma","TRUE","iid, iid","06_9","factor(year)2008","-1.063946931514","0.912488074422189","-2.8523906937038","0.724496830675791"
"1305","1305","1305",NA,NA,NA,NA,NA,NA,NA,NA,NA,NA,NA,NA,NA,NA,NA,NA,NA,NA,NA,NA,NA,NA,NA,NA,NA,NA,NA,NA,NA,NA,NA,NA,NA,NA,NA,NA,NA,NA,NA,NA,NA,NA,NA,NA,NA,NA,NA,NA,NA,NA,NA,NA,NA,NA,NA,NA,NA,NA,NA,"CA","rex sole","rex_sole",NA,NA,"700","total_catch_wt_kg ~ 0 + factor(year) + pass","delta_gamma","TRUE","iid, iid","06_9","factor(year)2009","-1.42760576078848","0.909403984161965","-3.21000481714316","0.354793295566206"
"1306","1306","1306",NA,NA,NA,NA,NA,NA,NA,NA,NA,NA,NA,NA,NA,NA,NA,NA,NA,NA,NA,NA,NA,NA,NA,NA,NA,NA,NA,NA,NA,NA,NA,NA,NA,NA,NA,NA,NA,NA,NA,NA,NA,NA,NA,NA,NA,NA,NA,NA,NA,NA,NA,NA,NA,NA,NA,NA,NA,NA,NA,"CA","rex sole","rex_sole",NA,NA,"700","total_catch_wt_kg ~ 0 + factor(year) + pass","delta_gamma","TRUE","iid, iid","06_9","factor(year)2010","-0.656971642130241","0.910997920911177","-2.44249475710702","1.12855147284653"
"1307","1307","1307",NA,NA,NA,NA,NA,NA,NA,NA,NA,NA,NA,NA,NA,NA,NA,NA,NA,NA,NA,NA,NA,NA,NA,NA,NA,NA,NA,NA,NA,NA,NA,NA,NA,NA,NA,NA,NA,NA,NA,NA,NA,NA,NA,NA,NA,NA,NA,NA,NA,NA,NA,NA,NA,NA,NA,NA,NA,NA,NA,"CA","rex sole","rex_sole",NA,NA,"700","total_catch_wt_kg ~ 0 + factor(year) + pass","delta_gamma","TRUE","iid, iid","06_9","factor(year)2011","-0.997364327828388","0.910304913230294","-2.78152917270962","0.786800517052847"
"1308","1308","1308",NA,NA,NA,NA,NA,NA,NA,NA,NA,NA,NA,NA,NA,NA,NA,NA,NA,NA,NA,NA,NA,NA,NA,NA,NA,NA,NA,NA,NA,NA,NA,NA,NA,NA,NA,NA,NA,NA,NA,NA,NA,NA,NA,NA,NA,NA,NA,NA,NA,NA,NA,NA,NA,NA,NA,NA,NA,NA,NA,"CA","rex sole","rex_sole",NA,NA,"700","total_catch_wt_kg ~ 0 + factor(year) + pass","delta_gamma","TRUE","iid, iid","06_9","factor(year)2012","-1.05215085923478","0.911076315712095","-2.83782762519793","0.733525906728371"
"1309","1309","1309",NA,NA,NA,NA,NA,NA,NA,NA,NA,NA,NA,NA,NA,NA,NA,NA,NA,NA,NA,NA,NA,NA,NA,NA,NA,NA,NA,NA,NA,NA,NA,NA,NA,NA,NA,NA,NA,NA,NA,NA,NA,NA,NA,NA,NA,NA,NA,NA,NA,NA,NA,NA,NA,NA,NA,NA,NA,NA,NA,"CA","rex sole","rex_sole",NA,NA,"700","total_catch_wt_kg ~ 0 + factor(year) + pass","delta_gamma","TRUE","iid, iid","06_9","factor(year)2013","-0.499967001971458","0.922971484594495","-2.30895787053413","1.30902386659122"
"1310","1310","1310",NA,NA,NA,NA,NA,NA,NA,NA,NA,NA,NA,NA,NA,NA,NA,NA,NA,NA,NA,NA,NA,NA,NA,NA,NA,NA,NA,NA,NA,NA,NA,NA,NA,NA,NA,NA,NA,NA,NA,NA,NA,NA,NA,NA,NA,NA,NA,NA,NA,NA,NA,NA,NA,NA,NA,NA,NA,NA,NA,"CA","rex sole","rex_sole",NA,NA,"700","total_catch_wt_kg ~ 0 + factor(year) + pass","delta_gamma","TRUE","iid, iid","06_9","factor(year)2014","-0.943358609885639","0.906918056839292","-2.7208853382197","0.834168118448424"
"1311","1311","1311",NA,NA,NA,NA,NA,NA,NA,NA,NA,NA,NA,NA,NA,NA,NA,NA,NA,NA,NA,NA,NA,NA,NA,NA,NA,NA,NA,NA,NA,NA,NA,NA,NA,NA,NA,NA,NA,NA,NA,NA,NA,NA,NA,NA,NA,NA,NA,NA,NA,NA,NA,NA,NA,NA,NA,NA,NA,NA,NA,"CA","rex sole","rex_sole",NA,NA,"700","total_catch_wt_kg ~ 0 + factor(year) + pass","delta_gamma","TRUE","iid, iid","06_9","factor(year)2015","-0.90667284843321","0.911914529960392","-2.69399248413435","0.880646787267931"
"1312","1312","1312",NA,NA,NA,NA,NA,NA,NA,NA,NA,NA,NA,NA,NA,NA,NA,NA,NA,NA,NA,NA,NA,NA,NA,NA,NA,NA,NA,NA,NA,NA,NA,NA,NA,NA,NA,NA,NA,NA,NA,NA,NA,NA,NA,NA,NA,NA,NA,NA,NA,NA,NA,NA,NA,NA,NA,NA,NA,NA,NA,"CA","rex sole","rex_sole",NA,NA,"700","total_catch_wt_kg ~ 0 + factor(year) + pass","delta_gamma","TRUE","iid, iid","06_9","factor(year)2016","-0.942895108881106","0.910530439823631","-2.72750197776284","0.841711760000625"
"1313","1313","1313",NA,NA,NA,NA,NA,NA,NA,NA,NA,NA,NA,NA,NA,NA,NA,NA,NA,NA,NA,NA,NA,NA,NA,NA,NA,NA,NA,NA,NA,NA,NA,NA,NA,NA,NA,NA,NA,NA,NA,NA,NA,NA,NA,NA,NA,NA,NA,NA,NA,NA,NA,NA,NA,NA,NA,NA,NA,NA,NA,"CA","rex sole","rex_sole",NA,NA,"700","total_catch_wt_kg ~ 0 + factor(year) + pass","delta_gamma","TRUE","iid, iid","06_9","factor(year)2017","-1.19043237794013","0.911123045472612","-2.9762007325509","0.595335976670639"
"1314","1314","1314",NA,NA,NA,NA,NA,NA,NA,NA,NA,NA,NA,NA,NA,NA,NA,NA,NA,NA,NA,NA,NA,NA,NA,NA,NA,NA,NA,NA,NA,NA,NA,NA,NA,NA,NA,NA,NA,NA,NA,NA,NA,NA,NA,NA,NA,NA,NA,NA,NA,NA,NA,NA,NA,NA,NA,NA,NA,NA,NA,"CA","rex sole","rex_sole",NA,NA,"700","total_catch_wt_kg ~ 0 + factor(year) + pass","delta_gamma","TRUE","iid, iid","06_9","factor(year)2018","-0.709108543948033","0.910513652663248","-2.49368251060001","1.07546542270395"
"1315","1315","1315",NA,NA,NA,NA,NA,NA,NA,NA,NA,NA,NA,NA,NA,NA,NA,NA,NA,NA,NA,NA,NA,NA,NA,NA,NA,NA,NA,NA,NA,NA,NA,NA,NA,NA,NA,NA,NA,NA,NA,NA,NA,NA,NA,NA,NA,NA,NA,NA,NA,NA,NA,NA,NA,NA,NA,NA,NA,NA,NA,"CA","rex sole","rex_sole",NA,NA,"700","total_catch_wt_kg ~ 0 + factor(year) + pass","delta_gamma","TRUE","iid, iid","06_9","factor(year)2019","-1.25039749712719","0.938374640698144","-3.08957799690127","0.588783002646881"
"1316","1316","1316",NA,NA,NA,NA,NA,NA,NA,NA,NA,NA,NA,NA,NA,NA,NA,NA,NA,NA,NA,NA,NA,NA,NA,NA,NA,NA,NA,NA,NA,NA,NA,NA,NA,NA,NA,NA,NA,NA,NA,NA,NA,NA,NA,NA,NA,NA,NA,NA,NA,NA,NA,NA,NA,NA,NA,NA,NA,NA,NA,"CA","rex sole","rex_sole",NA,NA,"700","total_catch_wt_kg ~ 0 + factor(year) + pass","delta_gamma","TRUE","iid, iid","06_9","factor(year)2021","-0.886200270097787","0.906784852775429","-2.66346592326408","0.891065383068509"
"1317","1317","1317",NA,NA,NA,NA,NA,NA,NA,NA,NA,NA,NA,NA,NA,NA,NA,NA,NA,NA,NA,NA,NA,NA,NA,NA,NA,NA,NA,NA,NA,NA,NA,NA,NA,NA,NA,NA,NA,NA,NA,NA,NA,NA,NA,NA,NA,NA,NA,NA,NA,NA,NA,NA,NA,NA,NA,NA,NA,NA,NA,"CA","rex sole","rex_sole",NA,NA,"700","total_catch_wt_kg ~ 0 + factor(year) + pass","delta_gamma","TRUE","iid, iid","06_9","factor(year)2022","-1.25209800573067","0.911765911211877","-3.0391263540373","0.534930342575951"
"1318","1318","1318",NA,NA,NA,NA,NA,NA,NA,NA,NA,NA,NA,NA,NA,NA,NA,NA,NA,NA,NA,NA,NA,NA,NA,NA,NA,NA,NA,NA,NA,NA,NA,NA,NA,NA,NA,NA,NA,NA,NA,NA,NA,NA,NA,NA,NA,NA,NA,NA,NA,NA,NA,NA,NA,NA,NA,NA,NA,NA,NA,"CA","rex sole","rex_sole",NA,NA,"700","total_catch_wt_kg ~ 0 + factor(year) + pass","delta_gamma","TRUE","iid, iid","06_9","factor(year)2023","-1.02411691339472","0.912440649503892","-2.81246772445268","0.764233897663246"
"1319","1319","1319",NA,NA,NA,NA,NA,NA,NA,NA,NA,NA,NA,NA,NA,NA,NA,NA,NA,NA,NA,NA,NA,NA,NA,NA,NA,NA,NA,NA,NA,NA,NA,NA,NA,NA,NA,NA,NA,NA,NA,NA,NA,NA,NA,NA,NA,NA,NA,NA,NA,NA,NA,NA,NA,NA,NA,NA,NA,NA,NA,"CA","rex sole","rex_sole",NA,NA,"700","total_catch_wt_kg ~ 0 + factor(year) + pass","delta_gamma","TRUE","iid, iid","06_9","factor(year)2024","-1.45118964580127","0.914821003827462","-3.24420586560388","0.341826574001331"
"1320","1320","1320",NA,NA,NA,NA,NA,NA,NA,NA,NA,NA,NA,NA,NA,NA,NA,NA,NA,NA,NA,NA,NA,NA,NA,NA,NA,NA,NA,NA,NA,NA,NA,NA,NA,NA,NA,NA,NA,NA,NA,NA,NA,NA,NA,NA,NA,NA,NA,NA,NA,NA,NA,NA,NA,NA,NA,NA,NA,NA,NA,"CA","rex sole","rex_sole",NA,NA,"700","total_catch_wt_kg ~ 0 + factor(year) + pass","delta_gamma","TRUE","iid, iid","06_9","pass","-0.0931327710361891","0.0886165052243111","-0.266817929711644","0.0805523876392662"
"1321","1321",NA,NA,NA,NA,NA,NA,NA,NA,NA,NA,NA,NA,NA,NA,NA,NA,NA,NA,NA,NA,NA,NA,NA,NA,NA,NA,NA,NA,NA,NA,NA,NA,NA,NA,NA,NA,NA,NA,NA,NA,NA,NA,NA,NA,NA,NA,NA,NA,NA,NA,NA,NA,NA,NA,NA,NA,NA,NA,NA,NA,"CA","rex sole","rex_sole",NA,NA,"700","total_catch_wt_kg ~ 0 + factor(year) + pass","delta_gamma","TRUE","iid, iid","07_1","factor(year)2003","-0.917718025155681","0.984024224782905","-2.84637006564512","1.01093401533376"
"1322","1322",NA,NA,NA,NA,NA,NA,NA,NA,NA,NA,NA,NA,NA,NA,NA,NA,NA,NA,NA,NA,NA,NA,NA,NA,NA,NA,NA,NA,NA,NA,NA,NA,NA,NA,NA,NA,NA,NA,NA,NA,NA,NA,NA,NA,NA,NA,NA,NA,NA,NA,NA,NA,NA,NA,NA,NA,NA,NA,NA,NA,"CA","rex sole","rex_sole",NA,NA,"700","total_catch_wt_kg ~ 0 + factor(year) + pass","delta_gamma","TRUE","iid, iid","07_1","factor(year)2004","-1.03920939992369","0.986485439060638","-2.97268533175572","0.894266531908342"
"1323","1323",NA,NA,NA,NA,NA,NA,NA,NA,NA,NA,NA,NA,NA,NA,NA,NA,NA,NA,NA,NA,NA,NA,NA,NA,NA,NA,NA,NA,NA,NA,NA,NA,NA,NA,NA,NA,NA,NA,NA,NA,NA,NA,NA,NA,NA,NA,NA,NA,NA,NA,NA,NA,NA,NA,NA,NA,NA,NA,NA,NA,"CA","rex sole","rex_sole",NA,NA,"700","total_catch_wt_kg ~ 0 + factor(year) + pass","delta_gamma","TRUE","iid, iid","07_1","factor(year)2005","-1.17134417547658","0.977363898360806","-3.08694221605342","0.744253865100268"
"1324","1324",NA,NA,NA,NA,NA,NA,NA,NA,NA,NA,NA,NA,NA,NA,NA,NA,NA,NA,NA,NA,NA,NA,NA,NA,NA,NA,NA,NA,NA,NA,NA,NA,NA,NA,NA,NA,NA,NA,NA,NA,NA,NA,NA,NA,NA,NA,NA,NA,NA,NA,NA,NA,NA,NA,NA,NA,NA,NA,NA,NA,"CA","rex sole","rex_sole",NA,NA,"700","total_catch_wt_kg ~ 0 + factor(year) + pass","delta_gamma","TRUE","iid, iid","07_1","factor(year)2006","-1.37202209253756","0.97749123620647","-3.28786971070577","0.543825525630658"
"1325","1325",NA,NA,NA,NA,NA,NA,NA,NA,NA,NA,NA,NA,NA,NA,NA,NA,NA,NA,NA,NA,NA,NA,NA,NA,NA,NA,NA,NA,NA,NA,NA,NA,NA,NA,NA,NA,NA,NA,NA,NA,NA,NA,NA,NA,NA,NA,NA,NA,NA,NA,NA,NA,NA,NA,NA,NA,NA,NA,NA,NA,"CA","rex sole","rex_sole",NA,NA,"700","total_catch_wt_kg ~ 0 + factor(year) + pass","delta_gamma","TRUE","iid, iid","07_1","factor(year)2007","-1.67728654192405","0.972392798989304","-3.58314140676918","0.228568322921079"
"1326","1326",NA,NA,NA,NA,NA,NA,NA,NA,NA,NA,NA,NA,NA,NA,NA,NA,NA,NA,NA,NA,NA,NA,NA,NA,NA,NA,NA,NA,NA,NA,NA,NA,NA,NA,NA,NA,NA,NA,NA,NA,NA,NA,NA,NA,NA,NA,NA,NA,NA,NA,NA,NA,NA,NA,NA,NA,NA,NA,NA,NA,"CA","rex sole","rex_sole",NA,NA,"700","total_catch_wt_kg ~ 0 + factor(year) + pass","delta_gamma","TRUE","iid, iid","07_1","factor(year)2008","-1.50083019489891","0.975991686993931","-3.41373875061751","0.41207836081968"
"1327","1327",NA,NA,NA,NA,NA,NA,NA,NA,NA,NA,NA,NA,NA,NA,NA,NA,NA,NA,NA,NA,NA,NA,NA,NA,NA,NA,NA,NA,NA,NA,NA,NA,NA,NA,NA,NA,NA,NA,NA,NA,NA,NA,NA,NA,NA,NA,NA,NA,NA,NA,NA,NA,NA,NA,NA,NA,NA,NA,NA,NA,"CA","rex sole","rex_sole",NA,NA,"700","total_catch_wt_kg ~ 0 + factor(year) + pass","delta_gamma","TRUE","iid, iid","07_1","factor(year)2009","-1.81766209973903","0.975139824025661","-3.72890103472005","0.0935768352419901"
"1328","1328",NA,NA,NA,NA,NA,NA,NA,NA,NA,NA,NA,NA,NA,NA,NA,NA,NA,NA,NA,NA,NA,NA,NA,NA,NA,NA,NA,NA,NA,NA,NA,NA,NA,NA,NA,NA,NA,NA,NA,NA,NA,NA,NA,NA,NA,NA,NA,NA,NA,NA,NA,NA,NA,NA,NA,NA,NA,NA,NA,NA,"CA","rex sole","rex_sole",NA,NA,"700","total_catch_wt_kg ~ 0 + factor(year) + pass","delta_gamma","TRUE","iid, iid","07_1","factor(year)2010","-1.44730956946042","0.971206161922573","-3.35083866839203","0.456219529471201"
"1329","1329",NA,NA,NA,NA,NA,NA,NA,NA,NA,NA,NA,NA,NA,NA,NA,NA,NA,NA,NA,NA,NA,NA,NA,NA,NA,NA,NA,NA,NA,NA,NA,NA,NA,NA,NA,NA,NA,NA,NA,NA,NA,NA,NA,NA,NA,NA,NA,NA,NA,NA,NA,NA,NA,NA,NA,NA,NA,NA,NA,NA,"CA","rex sole","rex_sole",NA,NA,"700","total_catch_wt_kg ~ 0 + factor(year) + pass","delta_gamma","TRUE","iid, iid","07_1","factor(year)2011","-1.74289041608902","0.973403035055106","-3.65072530723901","0.164944475060965"
"1330","1330",NA,NA,NA,NA,NA,NA,NA,NA,NA,NA,NA,NA,NA,NA,NA,NA,NA,NA,NA,NA,NA,NA,NA,NA,NA,NA,NA,NA,NA,NA,NA,NA,NA,NA,NA,NA,NA,NA,NA,NA,NA,NA,NA,NA,NA,NA,NA,NA,NA,NA,NA,NA,NA,NA,NA,NA,NA,NA,NA,NA,"CA","rex sole","rex_sole",NA,NA,"700","total_catch_wt_kg ~ 0 + factor(year) + pass","delta_gamma","TRUE","iid, iid","07_1","factor(year)2012","-1.27457787317143","0.97463989862464","-3.1848369723715","0.635681226028629"
"1331","1331",NA,NA,NA,NA,NA,NA,NA,NA,NA,NA,NA,NA,NA,NA,NA,NA,NA,NA,NA,NA,NA,NA,NA,NA,NA,NA,NA,NA,NA,NA,NA,NA,NA,NA,NA,NA,NA,NA,NA,NA,NA,NA,NA,NA,NA,NA,NA,NA,NA,NA,NA,NA,NA,NA,NA,NA,NA,NA,NA,NA,"CA","rex sole","rex_sole",NA,NA,"700","total_catch_wt_kg ~ 0 + factor(year) + pass","delta_gamma","TRUE","iid, iid","07_1","factor(year)2013","-1.1914604962084","0.979256214230796","-3.1107674077378","0.727846415320998"
"1332","1332",NA,NA,NA,NA,NA,NA,NA,NA,NA,NA,NA,NA,NA,NA,NA,NA,NA,NA,NA,NA,NA,NA,NA,NA,NA,NA,NA,NA,NA,NA,NA,NA,NA,NA,NA,NA,NA,NA,NA,NA,NA,NA,NA,NA,NA,NA,NA,NA,NA,NA,NA,NA,NA,NA,NA,NA,NA,NA,NA,NA,"CA","rex sole","rex_sole",NA,NA,"700","total_catch_wt_kg ~ 0 + factor(year) + pass","delta_gamma","TRUE","iid, iid","07_1","factor(year)2014","-1.34545304109298","0.972603447299989","-3.25172076904045","0.560814686854503"
"1333","1333",NA,NA,NA,NA,NA,NA,NA,NA,NA,NA,NA,NA,NA,NA,NA,NA,NA,NA,NA,NA,NA,NA,NA,NA,NA,NA,NA,NA,NA,NA,NA,NA,NA,NA,NA,NA,NA,NA,NA,NA,NA,NA,NA,NA,NA,NA,NA,NA,NA,NA,NA,NA,NA,NA,NA,NA,NA,NA,NA,NA,"CA","rex sole","rex_sole",NA,NA,"700","total_catch_wt_kg ~ 0 + factor(year) + pass","delta_gamma","TRUE","iid, iid","07_1","factor(year)2015","-1.19811056985223","0.976750890117896","-3.11250713635074","0.716285996646286"
"1334","1334",NA,NA,NA,NA,NA,NA,NA,NA,NA,NA,NA,NA,NA,NA,NA,NA,NA,NA,NA,NA,NA,NA,NA,NA,NA,NA,NA,NA,NA,NA,NA,NA,NA,NA,NA,NA,NA,NA,NA,NA,NA,NA,NA,NA,NA,NA,NA,NA,NA,NA,NA,NA,NA,NA,NA,NA,NA,NA,NA,NA,"CA","rex sole","rex_sole",NA,NA,"700","total_catch_wt_kg ~ 0 + factor(year) + pass","delta_gamma","TRUE","iid, iid","07_1","factor(year)2016","-1.39639043251459","0.977834459272025","-3.31291075552995","0.520129890500783"
"1335","1335",NA,NA,NA,NA,NA,NA,NA,NA,NA,NA,NA,NA,NA,NA,NA,NA,NA,NA,NA,NA,NA,NA,NA,NA,NA,NA,NA,NA,NA,NA,NA,NA,NA,NA,NA,NA,NA,NA,NA,NA,NA,NA,NA,NA,NA,NA,NA,NA,NA,NA,NA,NA,NA,NA,NA,NA,NA,NA,NA,NA,"CA","rex sole","rex_sole",NA,NA,"700","total_catch_wt_kg ~ 0 + factor(year) + pass","delta_gamma","TRUE","iid, iid","07_1","factor(year)2017","-1.72201473448654","0.976644524102492","-3.63620282742569","0.192173358452602"
"1336","1336",NA,NA,NA,NA,NA,NA,NA,NA,NA,NA,NA,NA,NA,NA,NA,NA,NA,NA,NA,NA,NA,NA,NA,NA,NA,NA,NA,NA,NA,NA,NA,NA,NA,NA,NA,NA,NA,NA,NA,NA,NA,NA,NA,NA,NA,NA,NA,NA,NA,NA,NA,NA,NA,NA,NA,NA,NA,NA,NA,NA,"CA","rex sole","rex_sole",NA,NA,"700","total_catch_wt_kg ~ 0 + factor(year) + pass","delta_gamma","TRUE","iid, iid","07_1","factor(year)2018","-1.27987351656131","0.975052606331971","-3.19094150800388","0.631194474881265"
"1337","1337",NA,NA,NA,NA,NA,NA,NA,NA,NA,NA,NA,NA,NA,NA,NA,NA,NA,NA,NA,NA,NA,NA,NA,NA,NA,NA,NA,NA,NA,NA,NA,NA,NA,NA,NA,NA,NA,NA,NA,NA,NA,NA,NA,NA,NA,NA,NA,NA,NA,NA,NA,NA,NA,NA,NA,NA,NA,NA,NA,NA,"CA","rex sole","rex_sole",NA,NA,"700","total_catch_wt_kg ~ 0 + factor(year) + pass","delta_gamma","TRUE","iid, iid","07_1","factor(year)2019","-1.86727504778543","0.991089967574564","-3.80977568967055","0.0752255940996831"
"1338","1338",NA,NA,NA,NA,NA,NA,NA,NA,NA,NA,NA,NA,NA,NA,NA,NA,NA,NA,NA,NA,NA,NA,NA,NA,NA,NA,NA,NA,NA,NA,NA,NA,NA,NA,NA,NA,NA,NA,NA,NA,NA,NA,NA,NA,NA,NA,NA,NA,NA,NA,NA,NA,NA,NA,NA,NA,NA,NA,NA,NA,"CA","rex sole","rex_sole",NA,NA,"700","total_catch_wt_kg ~ 0 + factor(year) + pass","delta_gamma","TRUE","iid, iid","07_1","factor(year)2021","-1.32685726164592","0.972880450644018","-3.23366790617129","0.579953382879454"
"1339","1339",NA,NA,NA,NA,NA,NA,NA,NA,NA,NA,NA,NA,NA,NA,NA,NA,NA,NA,NA,NA,NA,NA,NA,NA,NA,NA,NA,NA,NA,NA,NA,NA,NA,NA,NA,NA,NA,NA,NA,NA,NA,NA,NA,NA,NA,NA,NA,NA,NA,NA,NA,NA,NA,NA,NA,NA,NA,NA,NA,NA,"CA","rex sole","rex_sole",NA,NA,"700","total_catch_wt_kg ~ 0 + factor(year) + pass","delta_gamma","TRUE","iid, iid","07_1","factor(year)2022","-1.59750332558636","0.979128633139201","-3.51656018277112","0.321553531598407"
"1340","1340",NA,NA,NA,NA,NA,NA,NA,NA,NA,NA,NA,NA,NA,NA,NA,NA,NA,NA,NA,NA,NA,NA,NA,NA,NA,NA,NA,NA,NA,NA,NA,NA,NA,NA,NA,NA,NA,NA,NA,NA,NA,NA,NA,NA,NA,NA,NA,NA,NA,NA,NA,NA,NA,NA,NA,NA,NA,NA,NA,NA,"CA","rex sole","rex_sole",NA,NA,"700","total_catch_wt_kg ~ 0 + factor(year) + pass","delta_gamma","TRUE","iid, iid","07_1","factor(year)2023","-1.36687461088175","0.97664990523687","-3.28107325065047","0.547324028886969"
"1341","1341",NA,NA,NA,NA,NA,NA,NA,NA,NA,NA,NA,NA,NA,NA,NA,NA,NA,NA,NA,NA,NA,NA,NA,NA,NA,NA,NA,NA,NA,NA,NA,NA,NA,NA,NA,NA,NA,NA,NA,NA,NA,NA,NA,NA,NA,NA,NA,NA,NA,NA,NA,NA,NA,NA,NA,NA,NA,NA,NA,NA,"CA","rex sole","rex_sole",NA,NA,"700","total_catch_wt_kg ~ 0 + factor(year) + pass","delta_gamma","TRUE","iid, iid","07_1","factor(year)2024","-1.91132173290306","0.978962414439663","-3.83005280742317","0.00740934161705709"
"1342","1342",NA,NA,NA,NA,NA,NA,NA,NA,NA,NA,NA,NA,NA,NA,NA,NA,NA,NA,NA,NA,NA,NA,NA,NA,NA,NA,NA,NA,NA,NA,NA,NA,NA,NA,NA,NA,NA,NA,NA,NA,NA,NA,NA,NA,NA,NA,NA,NA,NA,NA,NA,NA,NA,NA,NA,NA,NA,NA,NA,NA,"CA","rex sole","rex_sole",NA,NA,"700","total_catch_wt_kg ~ 0 + factor(year) + pass","delta_gamma","TRUE","iid, iid","07_1","pass","-0.151576256042366","0.0820390905210307","-0.312369918788007","0.00921740670327598"
"1343",NA,NA,NA,NA,NA,NA,NA,NA,NA,NA,NA,NA,NA,NA,NA,NA,NA,NA,NA,NA,NA,NA,NA,NA,NA,NA,NA,NA,NA,NA,NA,NA,NA,NA,NA,NA,NA,NA,NA,NA,NA,NA,NA,NA,NA,NA,NA,NA,NA,NA,NA,NA,NA,NA,NA,NA,NA,NA,NA,NA,NA,"CA","rex sole","rex_sole",NA,NA,"700","total_catch_wt_kg ~ 0 + factor(year) + pass","delta_gamma","TRUE","iid, iid","07_10","factor(year)2003","-1.67311537144065","1.32403566569719","-4.26817759045366","0.921946847572358"
"1344",NA,NA,NA,NA,NA,NA,NA,NA,NA,NA,NA,NA,NA,NA,NA,NA,NA,NA,NA,NA,NA,NA,NA,NA,NA,NA,NA,NA,NA,NA,NA,NA,NA,NA,NA,NA,NA,NA,NA,NA,NA,NA,NA,NA,NA,NA,NA,NA,NA,NA,NA,NA,NA,NA,NA,NA,NA,NA,NA,NA,NA,"CA","rex sole","rex_sole",NA,NA,"700","total_catch_wt_kg ~ 0 + factor(year) + pass","delta_gamma","TRUE","iid, iid","07_10","factor(year)2004","-1.98684089050792","1.32643611371814","-4.58660790118875","0.612926120172909"
"1345",NA,NA,NA,NA,NA,NA,NA,NA,NA,NA,NA,NA,NA,NA,NA,NA,NA,NA,NA,NA,NA,NA,NA,NA,NA,NA,NA,NA,NA,NA,NA,NA,NA,NA,NA,NA,NA,NA,NA,NA,NA,NA,NA,NA,NA,NA,NA,NA,NA,NA,NA,NA,NA,NA,NA,NA,NA,NA,NA,NA,NA,"CA","rex sole","rex_sole",NA,NA,"700","total_catch_wt_kg ~ 0 + factor(year) + pass","delta_gamma","TRUE","iid, iid","07_10","factor(year)2005","-1.72636119601628","1.31842839608587","-4.31043336853949","0.857710976506922"
"1346",NA,NA,NA,NA,NA,NA,NA,NA,NA,NA,NA,NA,NA,NA,NA,NA,NA,NA,NA,NA,NA,NA,NA,NA,NA,NA,NA,NA,NA,NA,NA,NA,NA,NA,NA,NA,NA,NA,NA,NA,NA,NA,NA,NA,NA,NA,NA,NA,NA,NA,NA,NA,NA,NA,NA,NA,NA,NA,NA,NA,NA,"CA","rex sole","rex_sole",NA,NA,"700","total_catch_wt_kg ~ 0 + factor(year) + pass","delta_gamma","TRUE","iid, iid","07_10","factor(year)2006","-2.25846857767709","1.31787413838674","-4.84145442507186","0.324517269717684"
"1347",NA,NA,NA,NA,NA,NA,NA,NA,NA,NA,NA,NA,NA,NA,NA,NA,NA,NA,NA,NA,NA,NA,NA,NA,NA,NA,NA,NA,NA,NA,NA,NA,NA,NA,NA,NA,NA,NA,NA,NA,NA,NA,NA,NA,NA,NA,NA,NA,NA,NA,NA,NA,NA,NA,NA,NA,NA,NA,NA,NA,NA,"CA","rex sole","rex_sole",NA,NA,"700","total_catch_wt_kg ~ 0 + factor(year) + pass","delta_gamma","TRUE","iid, iid","07_10","factor(year)2007","-2.70098690933445","1.31635729940799","-5.28099980696052","-0.120974011708382"
"1348",NA,NA,NA,NA,NA,NA,NA,NA,NA,NA,NA,NA,NA,NA,NA,NA,NA,NA,NA,NA,NA,NA,NA,NA,NA,NA,NA,NA,NA,NA,NA,NA,NA,NA,NA,NA,NA,NA,NA,NA,NA,NA,NA,NA,NA,NA,NA,NA,NA,NA,NA,NA,NA,NA,NA,NA,NA,NA,NA,NA,NA,"CA","rex sole","rex_sole",NA,NA,"700","total_catch_wt_kg ~ 0 + factor(year) + pass","delta_gamma","TRUE","iid, iid","07_10","factor(year)2008","-2.63916547829655","1.31985685272788","-5.22603737439158","-0.0522935822015262"
"1349",NA,NA,NA,NA,NA,NA,NA,NA,NA,NA,NA,NA,NA,NA,NA,NA,NA,NA,NA,NA,NA,NA,NA,NA,NA,NA,NA,NA,NA,NA,NA,NA,NA,NA,NA,NA,NA,NA,NA,NA,NA,NA,NA,NA,NA,NA,NA,NA,NA,NA,NA,NA,NA,NA,NA,NA,NA,NA,NA,NA,NA,"CA","rex sole","rex_sole",NA,NA,"700","total_catch_wt_kg ~ 0 + factor(year) + pass","delta_gamma","TRUE","iid, iid","07_10","factor(year)2009","-2.85518869908778","1.31478762634514","-5.43212509404315","-0.278252304132407"
"1350",NA,NA,NA,NA,NA,NA,NA,NA,NA,NA,NA,NA,NA,NA,NA,NA,NA,NA,NA,NA,NA,NA,NA,NA,NA,NA,NA,NA,NA,NA,NA,NA,NA,NA,NA,NA,NA,NA,NA,NA,NA,NA,NA,NA,NA,NA,NA,NA,NA,NA,NA,NA,NA,NA,NA,NA,NA,NA,NA,NA,NA,"CA","rex sole","rex_sole",NA,NA,"700","total_catch_wt_kg ~ 0 + factor(year) + pass","delta_gamma","TRUE","iid, iid","07_10","factor(year)2010","-2.18206173686664","1.31743015464911","-4.76417739212593","0.400053918392654"
"1351",NA,NA,NA,NA,NA,NA,NA,NA,NA,NA,NA,NA,NA,NA,NA,NA,NA,NA,NA,NA,NA,NA,NA,NA,NA,NA,NA,NA,NA,NA,NA,NA,NA,NA,NA,NA,NA,NA,NA,NA,NA,NA,NA,NA,NA,NA,NA,NA,NA,NA,NA,NA,NA,NA,NA,NA,NA,NA,NA,NA,NA,"CA","rex sole","rex_sole",NA,NA,"700","total_catch_wt_kg ~ 0 + factor(year) + pass","delta_gamma","TRUE","iid, iid","07_10","factor(year)2011","-2.57330021105458","1.31512881072679","-5.15090531511007","0.00430489300091308"
"1352",NA,NA,NA,NA,NA,NA,NA,NA,NA,NA,NA,NA,NA,NA,NA,NA,NA,NA,NA,NA,NA,NA,NA,NA,NA,NA,NA,NA,NA,NA,NA,NA,NA,NA,NA,NA,NA,NA,NA,NA,NA,NA,NA,NA,NA,NA,NA,NA,NA,NA,NA,NA,NA,NA,NA,NA,NA,NA,NA,NA,NA,"CA","rex sole","rex_sole",NA,NA,"700","total_catch_wt_kg ~ 0 + factor(year) + pass","delta_gamma","TRUE","iid, iid","07_10","factor(year)2012","-2.36721257581584","1.31736608385158","-4.94920265461951","0.214777502987826"
"1353",NA,NA,NA,NA,NA,NA,NA,NA,NA,NA,NA,NA,NA,NA,NA,NA,NA,NA,NA,NA,NA,NA,NA,NA,NA,NA,NA,NA,NA,NA,NA,NA,NA,NA,NA,NA,NA,NA,NA,NA,NA,NA,NA,NA,NA,NA,NA,NA,NA,NA,NA,NA,NA,NA,NA,NA,NA,NA,NA,NA,NA,"CA","rex sole","rex_sole",NA,NA,"700","total_catch_wt_kg ~ 0 + factor(year) + pass","delta_gamma","TRUE","iid, iid","07_10","factor(year)2013","-2.1787137570862","1.32300468092967","-4.77175528308624","0.414327768913853"
"1354",NA,NA,NA,NA,NA,NA,NA,NA,NA,NA,NA,NA,NA,NA,NA,NA,NA,NA,NA,NA,NA,NA,NA,NA,NA,NA,NA,NA,NA,NA,NA,NA,NA,NA,NA,NA,NA,NA,NA,NA,NA,NA,NA,NA,NA,NA,NA,NA,NA,NA,NA,NA,NA,NA,NA,NA,NA,NA,NA,NA,NA,"CA","rex sole","rex_sole",NA,NA,"700","total_catch_wt_kg ~ 0 + factor(year) + pass","delta_gamma","TRUE","iid, iid","07_10","factor(year)2014","-2.43453772221927","1.3145004196707","-5.01091120243662","0.141835757998075"
"1355",NA,NA,NA,NA,NA,NA,NA,NA,NA,NA,NA,NA,NA,NA,NA,NA,NA,NA,NA,NA,NA,NA,NA,NA,NA,NA,NA,NA,NA,NA,NA,NA,NA,NA,NA,NA,NA,NA,NA,NA,NA,NA,NA,NA,NA,NA,NA,NA,NA,NA,NA,NA,NA,NA,NA,NA,NA,NA,NA,NA,NA,"CA","rex sole","rex_sole",NA,NA,"700","total_catch_wt_kg ~ 0 + factor(year) + pass","delta_gamma","TRUE","iid, iid","07_10","factor(year)2015","-2.13477055824994","1.31910542615858","-4.72016968533211","0.450628568832238"
"1356",NA,NA,NA,NA,NA,NA,NA,NA,NA,NA,NA,NA,NA,NA,NA,NA,NA,NA,NA,NA,NA,NA,NA,NA,NA,NA,NA,NA,NA,NA,NA,NA,NA,NA,NA,NA,NA,NA,NA,NA,NA,NA,NA,NA,NA,NA,NA,NA,NA,NA,NA,NA,NA,NA,NA,NA,NA,NA,NA,NA,NA,"CA","rex sole","rex_sole",NA,NA,"700","total_catch_wt_kg ~ 0 + factor(year) + pass","delta_gamma","TRUE","iid, iid","07_10","factor(year)2016","-2.50281574052241","1.31932302390304","-5.08864135134685","0.0830098703020363"
"1357",NA,NA,NA,NA,NA,NA,NA,NA,NA,NA,NA,NA,NA,NA,NA,NA,NA,NA,NA,NA,NA,NA,NA,NA,NA,NA,NA,NA,NA,NA,NA,NA,NA,NA,NA,NA,NA,NA,NA,NA,NA,NA,NA,NA,NA,NA,NA,NA,NA,NA,NA,NA,NA,NA,NA,NA,NA,NA,NA,NA,NA,"CA","rex sole","rex_sole",NA,NA,"700","total_catch_wt_kg ~ 0 + factor(year) + pass","delta_gamma","TRUE","iid, iid","07_10","factor(year)2017","-2.78511376964899","1.31805739571823","-5.36845879481339","-0.201768744484596"
"1358",NA,NA,NA,NA,NA,NA,NA,NA,NA,NA,NA,NA,NA,NA,NA,NA,NA,NA,NA,NA,NA,NA,NA,NA,NA,NA,NA,NA,NA,NA,NA,NA,NA,NA,NA,NA,NA,NA,NA,NA,NA,NA,NA,NA,NA,NA,NA,NA,NA,NA,NA,NA,NA,NA,NA,NA,NA,NA,NA,NA,NA,"CA","rex sole","rex_sole",NA,NA,"700","total_catch_wt_kg ~ 0 + factor(year) + pass","delta_gamma","TRUE","iid, iid","07_10","factor(year)2018","-2.31706161417105","1.31826205843151","-4.90080777088244","0.266684542540347"
"1359",NA,NA,NA,NA,NA,NA,NA,NA,NA,NA,NA,NA,NA,NA,NA,NA,NA,NA,NA,NA,NA,NA,NA,NA,NA,NA,NA,NA,NA,NA,NA,NA,NA,NA,NA,NA,NA,NA,NA,NA,NA,NA,NA,NA,NA,NA,NA,NA,NA,NA,NA,NA,NA,NA,NA,NA,NA,NA,NA,NA,NA,"CA","rex sole","rex_sole",NA,NA,"700","total_catch_wt_kg ~ 0 + factor(year) + pass","delta_gamma","TRUE","iid, iid","07_10","factor(year)2019","-2.67090513470379","1.32738770070705","-5.27253722161104","-0.0692730477965453"
"1360",NA,NA,NA,NA,NA,NA,NA,NA,NA,NA,NA,NA,NA,NA,NA,NA,NA,NA,NA,NA,NA,NA,NA,NA,NA,NA,NA,NA,NA,NA,NA,NA,NA,NA,NA,NA,NA,NA,NA,NA,NA,NA,NA,NA,NA,NA,NA,NA,NA,NA,NA,NA,NA,NA,NA,NA,NA,NA,NA,NA,NA,"CA","rex sole","rex_sole",NA,NA,"700","total_catch_wt_kg ~ 0 + factor(year) + pass","delta_gamma","TRUE","iid, iid","07_10","factor(year)2021","-2.44217674858077","1.31607814320143","-5.02164251009592","0.137289012934393"
"1361",NA,NA,NA,NA,NA,NA,NA,NA,NA,NA,NA,NA,NA,NA,NA,NA,NA,NA,NA,NA,NA,NA,NA,NA,NA,NA,NA,NA,NA,NA,NA,NA,NA,NA,NA,NA,NA,NA,NA,NA,NA,NA,NA,NA,NA,NA,NA,NA,NA,NA,NA,NA,NA,NA,NA,NA,NA,NA,NA,NA,NA,"CA","rex sole","rex_sole",NA,NA,"700","total_catch_wt_kg ~ 0 + factor(year) + pass","delta_gamma","TRUE","iid, iid","07_10","factor(year)2022","-2.51602776875234","1.31796659872773","-5.09919483508545","0.0671392975807574"
"1362",NA,NA,NA,NA,NA,NA,NA,NA,NA,NA,NA,NA,NA,NA,NA,NA,NA,NA,NA,NA,NA,NA,NA,NA,NA,NA,NA,NA,NA,NA,NA,NA,NA,NA,NA,NA,NA,NA,NA,NA,NA,NA,NA,NA,NA,NA,NA,NA,NA,NA,NA,NA,NA,NA,NA,NA,NA,NA,NA,NA,NA,"CA","rex sole","rex_sole",NA,NA,"700","total_catch_wt_kg ~ 0 + factor(year) + pass","delta_gamma","TRUE","iid, iid","07_10","factor(year)2023","-2.50141705878132","1.32027191293114","-5.08910245792616","0.0862683403635209"
"1363",NA,NA,NA,NA,NA,NA,NA,NA,NA,NA,NA,NA,NA,NA,NA,NA,NA,NA,NA,NA,NA,NA,NA,NA,NA,NA,NA,NA,NA,NA,NA,NA,NA,NA,NA,NA,NA,NA,NA,NA,NA,NA,NA,NA,NA,NA,NA,NA,NA,NA,NA,NA,NA,NA,NA,NA,NA,NA,NA,NA,NA,"CA","rex sole","rex_sole",NA,NA,"700","total_catch_wt_kg ~ 0 + factor(year) + pass","delta_gamma","TRUE","iid, iid","07_10","factor(year)2024","-2.73960903179251","1.32143427107003","-5.3295726110267","-0.149645452558325"
"1364",NA,NA,NA,NA,NA,NA,NA,NA,NA,NA,NA,NA,NA,NA,NA,NA,NA,NA,NA,NA,NA,NA,NA,NA,NA,NA,NA,NA,NA,NA,NA,NA,NA,NA,NA,NA,NA,NA,NA,NA,NA,NA,NA,NA,NA,NA,NA,NA,NA,NA,NA,NA,NA,NA,NA,NA,NA,NA,NA,NA,NA,"CA","rex sole","rex_sole",NA,NA,"700","total_catch_wt_kg ~ 0 + factor(year) + pass","delta_gamma","TRUE","iid, iid","07_10","pass","-0.163082492128169","0.084661446128534","-0.329015877419173","0.00285089316283574"
