"","X.60","X.59","X.58","X.57","X.56","X.55","X.54","X.53","X.52","X.51","X.50","X.49","X.48","X.47","X.46","X.45","X.44","X.43","X.42","X.41","X.40","X.39","X.38","X.37","X.36","X.35","X.34","X.33","X.32","X.31","X.30","X.29","X.28","X.27","X.26","X.25","X.24","X.23","X.22","X.21","X.20","X.19","X.18","X.17","X.16","X.15","X.14","X.13","X.12","X.11","X.10","X.9","X.8","X.7","X.6","X.5","X.4","X.3","X.2","X.1","X","srvy","common_name","file_name","filter_lat_gt","filter_lat_lt","filter_depth","model_fn","model_family","model_anisotropy","model_spatiotemporal","effort","year","est","lwr","upr","log_est","se","type"
"1","1","1","1","1","1","1","1","1","1","1","1","1","1","1","1","1","1","1","1","1","1","1","1","1","1","1","1","1","1","1","1","1","1","1","1","1","1","1","1","1","1","1","1","1","1","1","1","1","1","1","1","1","1","1","1","1","1","1","1","1","1","CA","rex sole","rex_sole",NA,NA,"700","total_catch_wt_kg ~ 0 + factor(year) + pass","delta_gamma","TRUE","iid, iid","01_1","2003","1602381.66077905","990758.862271114","2591576.0984618","14.2870016184224","0.245297957610225","index"
"2","2","2","2","2","2","2","2","2","2","2","2","2","2","2","2","2","2","2","2","2","2","2","2","2","2","2","2","2","2","2","2","2","2","2","2","2","2","2","2","2","2","2","2","2","2","2","2","2","2","2","2","2","2","2","2","2","2","2","2","2","2","CA","rex sole","rex_sole",NA,NA,"700","total_catch_wt_kg ~ 0 + factor(year) + pass","delta_gamma","TRUE","iid, iid","01_1","2004","2171976.37248097","1215060.68696586","3882506.78605666","14.5911480817452","0.296354170126263","index"
"3","3","3","3","3","3","3","3","3","3","3","3","3","3","3","3","3","3","3","3","3","3","3","3","3","3","3","3","3","3","3","3","3","3","3","3","3","3","3","3","3","3","3","3","3","3","3","3","3","3","3","3","3","3","3","3","3","3","3","3","3","3","CA","rex sole","rex_sole",NA,NA,"700","total_catch_wt_kg ~ 0 + factor(year) + pass","delta_gamma","TRUE","iid, iid","01_1","2005","1958844.39335756","1226684.35806709","3128002.18911611","14.4878652621014","0.238800213719683","index"
"4","4","4","4","4","4","4","4","4","4","4","4","4","4","4","4","4","4","4","4","4","4","4","4","4","4","4","4","4","4","4","4","4","4","4","4","4","4","4","4","4","4","4","4","4","4","4","4","4","4","4","4","4","4","4","4","4","4","4","4","4","4","CA","rex sole","rex_sole",NA,NA,"700","total_catch_wt_kg ~ 0 + factor(year) + pass","delta_gamma","TRUE","iid, iid","01_1","2006","1917157.80739073","1205006.98185361","3050184.86514111","14.466354338614","0.236921914543986","index"
"5","5","5","5","5","5","5","5","5","5","5","5","5","5","5","5","5","5","5","5","5","5","5","5","5","5","5","5","5","5","5","5","5","5","5","5","5","5","5","5","5","5","5","5","5","5","5","5","5","5","5","5","5","5","5","5","5","5","5","5","5","5","CA","rex sole","rex_sole",NA,NA,"700","total_catch_wt_kg ~ 0 + factor(year) + pass","delta_gamma","TRUE","iid, iid","01_1","2007","1858041.67076459","1190884.80361455","2898952.81207659","14.4350336258572","0.226956468645494","index"
"6","6","6","6","6","6","6","6","6","6","6","6","6","6","6","6","6","6","6","6","6","6","6","6","6","6","6","6","6","6","6","6","6","6","6","6","6","6","6","6","6","6","6","6","6","6","6","6","6","6","6","6","6","6","6","6","6","6","6","6","6","6","CA","rex sole","rex_sole",NA,NA,"700","total_catch_wt_kg ~ 0 + factor(year) + pass","delta_gamma","TRUE","iid, iid","01_1","2008","661019.303103017","394869.245585","1106560.01691766","13.4015383212864","0.262876440640313","index"
"7","7","7","7","7","7","7","7","7","7","7","7","7","7","7","7","7","7","7","7","7","7","7","7","7","7","7","7","7","7","7","7","7","7","7","7","7","7","7","7","7","7","7","7","7","7","7","7","7","7","7","7","7","7","7","7","7","7","7","7","7","7","CA","rex sole","rex_sole",NA,NA,"700","total_catch_wt_kg ~ 0 + factor(year) + pass","delta_gamma","TRUE","iid, iid","01_1","2009","816879.74876298","520244.543824684","1282651.65268881","13.6132471766725","0.230204699491079","index"
"8","8","8","8","8","8","8","8","8","8","8","8","8","8","8","8","8","8","8","8","8","8","8","8","8","8","8","8","8","8","8","8","8","8","8","8","8","8","8","8","8","8","8","8","8","8","8","8","8","8","8","8","8","8","8","8","8","8","8","8","8","8","CA","rex sole","rex_sole",NA,NA,"700","total_catch_wt_kg ~ 0 + factor(year) + pass","delta_gamma","TRUE","iid, iid","01_1","2010","965907.643388609","596779.851192026","1563353.00813688","13.7808235013658","0.245677950855063","index"
"9","9","9","9","9","9","9","9","9","9","9","9","9","9","9","9","9","9","9","9","9","9","9","9","9","9","9","9","9","9","9","9","9","9","9","9","9","9","9","9","9","9","9","9","9","9","9","9","9","9","9","9","9","9","9","9","9","9","9","9","9","9","CA","rex sole","rex_sole",NA,NA,"700","total_catch_wt_kg ~ 0 + factor(year) + pass","delta_gamma","TRUE","iid, iid","01_1","2011","1364984.1367394","857916.884997948","2171750.81424662","14.1266533650973","0.236938467040371","index"
"10","10","10","10","10","10","10","10","10","10","10","10","10","10","10","10","10","10","10","10","10","10","10","10","10","10","10","10","10","10","10","10","10","10","10","10","10","10","10","10","10","10","10","10","10","10","10","10","10","10","10","10","10","10","10","10","10","10","10","10","10","10","CA","rex sole","rex_sole",NA,NA,"700","total_catch_wt_kg ~ 0 + factor(year) + pass","delta_gamma","TRUE","iid, iid","01_1","2012","1439673.07635932","946493.066184638","2189829.63620525","14.1799266154709","0.213987448196506","index"
"11","11","11","11","11","11","11","11","11","11","11","11","11","11","11","11","11","11","11","11","11","11","11","11","11","11","11","11","11","11","11","11","11","11","11","11","11","11","11","11","11","11","11","11","11","11","11","11","11","11","11","11","11","11","11","11","11","11","11","11","11","11","CA","rex sole","rex_sole",NA,NA,"700","total_catch_wt_kg ~ 0 + factor(year) + pass","delta_gamma","TRUE","iid, iid","01_1","2013","1392901.04495848","813662.783520113","2384493.13443187","14.1468992128794","0.274289695539754","index"
"12","12","12","12","12","12","12","12","12","12","12","12","12","12","12","12","12","12","12","12","12","12","12","12","12","12","12","12","12","12","12","12","12","12","12","12","12","12","12","12","12","12","12","12","12","12","12","12","12","12","12","12","12","12","12","12","12","12","12","12","12","12","CA","rex sole","rex_sole",NA,NA,"700","total_catch_wt_kg ~ 0 + factor(year) + pass","delta_gamma","TRUE","iid, iid","01_1","2014","1939927.51077126","1236898.69876779","3042544.02627817","14.4781611647596","0.229618203680147","index"
"13","13","13","13","13","13","13","13","13","13","13","13","13","13","13","13","13","13","13","13","13","13","13","13","13","13","13","13","13","13","13","13","13","13","13","13","13","13","13","13","13","13","13","13","13","13","13","13","13","13","13","13","13","13","13","13","13","13","13","13","13","13","CA","rex sole","rex_sole",NA,NA,"700","total_catch_wt_kg ~ 0 + factor(year) + pass","delta_gamma","TRUE","iid, iid","01_1","2015","1874343.5620919","1165943.10707729","3013151.98608783","14.4437690558696","0.242212718272495","index"
"14","14","14","14","14","14","14","14","14","14","14","14","14","14","14","14","14","14","14","14","14","14","14","14","14","14","14","14","14","14","14","14","14","14","14","14","14","14","14","14","14","14","14","14","14","14","14","14","14","14","14","14","14","14","14","14","14","14","14","14","14","14","CA","rex sole","rex_sole",NA,NA,"700","total_catch_wt_kg ~ 0 + factor(year) + pass","delta_gamma","TRUE","iid, iid","01_1","2016","1786299.30528386","1123472.89329513","2840179.96971768","14.3956566105234","0.236596881821744","index"
"15","15","15","15","15","15","15","15","15","15","15","15","15","15","15","15","15","15","15","15","15","15","15","15","15","15","15","15","15","15","15","15","15","15","15","15","15","15","15","15","15","15","15","15","15","15","15","15","15","15","15","15","15","15","15","15","15","15","15","15","15","15","CA","rex sole","rex_sole",NA,NA,"700","total_catch_wt_kg ~ 0 + factor(year) + pass","delta_gamma","TRUE","iid, iid","01_1","2017","2273008.01052443","1452101.26973238","3557992.49239718","14.6366146270363","0.228622777582266","index"
"16","16","16","16","16","16","16","16","16","16","16","16","16","16","16","16","16","16","16","16","16","16","16","16","16","16","16","16","16","16","16","16","16","16","16","16","16","16","16","16","16","16","16","16","16","16","16","16","16","16","16","16","16","16","16","16","16","16","16","16","16","16","CA","rex sole","rex_sole",NA,NA,"700","total_catch_wt_kg ~ 0 + factor(year) + pass","delta_gamma","TRUE","iid, iid","01_1","2018","2338574.9964898","1482401.96364677","3689237.56735554","14.6650523259737","0.232595114490327","index"
"17","17","17","17","17","17","17","17","17","17","17","17","17","17","17","17","17","17","17","17","17","17","17","17","17","17","17","17","17","17","17","17","17","17","17","17","17","17","17","17","17","17","17","17","17","17","17","17","17","17","17","17","17","17","17","17","17","17","17","17","17","17","CA","rex sole","rex_sole",NA,NA,"700","total_catch_wt_kg ~ 0 + factor(year) + pass","delta_gamma","TRUE","iid, iid","01_1","2019","1008204.00512403","539111.82976133","1885462.82948037","13.8236810931719","0.319395046731849","index"
"18","18","18","18","18","18","18","18","18","18","18","18","18","18","18","18","18","18","18","18","18","18","18","18","18","18","18","18","18","18","18","18","18","18","18","18","18","18","18","18","18","18","18","18","18","18","18","18","18","18","18","18","18","18","18","18","18","18","18","18","18","18","CA","rex sole","rex_sole",NA,NA,"700","total_catch_wt_kg ~ 0 + factor(year) + pass","delta_gamma","TRUE","iid, iid","01_1","2021","2094417.43507628","1323618.34510028","3314085.5206409","14.5547859987194","0.234140161453166","index"
"19","19","19","19","19","19","19","19","19","19","19","19","19","19","19","19","19","19","19","19","19","19","19","19","19","19","19","19","19","19","19","19","19","19","19","19","19","19","19","19","19","19","19","19","19","19","19","19","19","19","19","19","19","19","19","19","19","19","19","19","19","19","CA","rex sole","rex_sole",NA,NA,"700","total_catch_wt_kg ~ 0 + factor(year) + pass","delta_gamma","TRUE","iid, iid","01_1","2022","1510197.24324692","942648.441088803","2419455.2434376","14.2277508249273","0.240464695048215","index"
"20","20","20","20","20","20","20","20","20","20","20","20","20","20","20","20","20","20","20","20","20","20","20","20","20","20","20","20","20","20","20","20","20","20","20","20","20","20","20","20","20","20","20","20","20","20","20","20","20","20","20","20","20","20","20","20","20","20","20","20","20","20","CA","rex sole","rex_sole",NA,NA,"700","total_catch_wt_kg ~ 0 + factor(year) + pass","delta_gamma","TRUE","iid, iid","01_1","2023","1691493.7053955","1054847.86458991","2712382.56381637","14.3411225458809","0.240930669793908","index"
"21","21","21","21","21","21","21","21","21","21","21","21","21","21","21","21","21","21","21","21","21","21","21","21","21","21","21","21","21","21","21","21","21","21","21","21","21","21","21","21","21","21","21","21","21","21","21","21","21","21","21","21","21","21","21","21","21","21","21","21","21","21","CA","rex sole","rex_sole",NA,NA,"700","total_catch_wt_kg ~ 0 + factor(year) + pass","delta_gamma","TRUE","iid, iid","01_1","2024","1892347.04360929","1171990.4428575","3055466.32677808","14.4533284386281","0.244450585765815","index"
"22","22","22","22","22","22","22","22","22","22","22","22","22","22","22","22","22","22","22","22","22","22","22","22","22","22","22","22","22","22","22","22","22","22","22","22","22","22","22","22","22","22","22","22","22","22","22","22","22","22","22","22","22","22","22","22","22","22","22","22","22",NA,"CA","rex sole","rex_sole",NA,NA,"700","total_catch_wt_kg ~ 0 + factor(year) + pass","delta_gamma","TRUE","iid, iid","01_10","2003","1851267.52650959","1055199.54161678","3247908.39982528","14.4313811119114","0.286811732442264","index"
"23","23","23","23","23","23","23","23","23","23","23","23","23","23","23","23","23","23","23","23","23","23","23","23","23","23","23","23","23","23","23","23","23","23","23","23","23","23","23","23","23","23","23","23","23","23","23","23","23","23","23","23","23","23","23","23","23","23","23","23","23",NA,"CA","rex sole","rex_sole",NA,NA,"700","total_catch_wt_kg ~ 0 + factor(year) + pass","delta_gamma","TRUE","iid, iid","01_10","2004","1695503.9019845","990372.99021854","2902677.58716877","14.3434905419221","0.274318118705816","index"
"24","24","24","24","24","24","24","24","24","24","24","24","24","24","24","24","24","24","24","24","24","24","24","24","24","24","24","24","24","24","24","24","24","24","24","24","24","24","24","24","24","24","24","24","24","24","24","24","24","24","24","24","24","24","24","24","24","24","24","24","24",NA,"CA","rex sole","rex_sole",NA,NA,"700","total_catch_wt_kg ~ 0 + factor(year) + pass","delta_gamma","TRUE","iid, iid","01_10","2005","2485951.35828231","1428957.17081588","4324800.12834616","14.7261659846033","0.282510548125094","index"
"25","25","25","25","25","25","25","25","25","25","25","25","25","25","25","25","25","25","25","25","25","25","25","25","25","25","25","25","25","25","25","25","25","25","25","25","25","25","25","25","25","25","25","25","25","25","25","25","25","25","25","25","25","25","25","25","25","25","25","25","25",NA,"CA","rex sole","rex_sole",NA,NA,"700","total_catch_wt_kg ~ 0 + factor(year) + pass","delta_gamma","TRUE","iid, iid","01_10","2006","1185462.32711487","738234.286084968","1903624.57487765","13.9856434059269","0.241650813811102","index"
"26","26","26","26","26","26","26","26","26","26","26","26","26","26","26","26","26","26","26","26","26","26","26","26","26","26","26","26","26","26","26","26","26","26","26","26","26","26","26","26","26","26","26","26","26","26","26","26","26","26","26","26","26","26","26","26","26","26","26","26","26",NA,"CA","rex sole","rex_sole",NA,NA,"700","total_catch_wt_kg ~ 0 + factor(year) + pass","delta_gamma","TRUE","iid, iid","01_10","2007","2195561.08235502","1329815.62652795","3624929.93027756","14.6019481902116","0.255819663141197","index"
"27","27","27","27","27","27","27","27","27","27","27","27","27","27","27","27","27","27","27","27","27","27","27","27","27","27","27","27","27","27","27","27","27","27","27","27","27","27","27","27","27","27","27","27","27","27","27","27","27","27","27","27","27","27","27","27","27","27","27","27","27",NA,"CA","rex sole","rex_sole",NA,NA,"700","total_catch_wt_kg ~ 0 + factor(year) + pass","delta_gamma","TRUE","iid, iid","01_10","2008","1300176.35787415","789920.488965079","2140036.352","14.078010473134","0.254251049798042","index"
"28","28","28","28","28","28","28","28","28","28","28","28","28","28","28","28","28","28","28","28","28","28","28","28","28","28","28","28","28","28","28","28","28","28","28","28","28","28","28","28","28","28","28","28","28","28","28","28","28","28","28","28","28","28","28","28","28","28","28","28","28",NA,"CA","rex sole","rex_sole",NA,NA,"700","total_catch_wt_kg ~ 0 + factor(year) + pass","delta_gamma","TRUE","iid, iid","01_10","2009","1007890.48499096","611358.61921111","1661615.9449034","13.8233700758688","0.255071560338281","index"
"29","29","29","29","29","29","29","29","29","29","29","29","29","29","29","29","29","29","29","29","29","29","29","29","29","29","29","29","29","29","29","29","29","29","29","29","29","29","29","29","29","29","29","29","29","29","29","29","29","29","29","29","29","29","29","29","29","29","29","29","29",NA,"CA","rex sole","rex_sole",NA,NA,"700","total_catch_wt_kg ~ 0 + factor(year) + pass","delta_gamma","TRUE","iid, iid","01_10","2010","1477201.75844303","913085.948412854","2389835.30404799","14.2056601523491","0.245450866719306","index"
"30","30","30","30","30","30","30","30","30","30","30","30","30","30","30","30","30","30","30","30","30","30","30","30","30","30","30","30","30","30","30","30","30","30","30","30","30","30","30","30","30","30","30","30","30","30","30","30","30","30","30","30","30","30","30","30","30","30","30","30","30",NA,"CA","rex sole","rex_sole",NA,NA,"700","total_catch_wt_kg ~ 0 + factor(year) + pass","delta_gamma","TRUE","iid, iid","01_10","2011","1342540.05397028","828805.750254054","2174711.98282835","14.1100739402797","0.246092711689171","index"
"31","31","31","31","31","31","31","31","31","31","31","31","31","31","31","31","31","31","31","31","31","31","31","31","31","31","31","31","31","31","31","31","31","31","31","31","31","31","31","31","31","31","31","31","31","31","31","31","31","31","31","31","31","31","31","31","31","31","31","31","31",NA,"CA","rex sole","rex_sole",NA,NA,"700","total_catch_wt_kg ~ 0 + factor(year) + pass","delta_gamma","TRUE","iid, iid","01_10","2012","1482402.6852074","908186.211497605","2419677.47725038","14.2091747653436","0.249989313022527","index"
"32","32","32","32","32","32","32","32","32","32","32","32","32","32","32","32","32","32","32","32","32","32","32","32","32","32","32","32","32","32","32","32","32","32","32","32","32","32","32","32","32","32","32","32","32","32","32","32","32","32","32","32","32","32","32","32","32","32","32","32","32",NA,"CA","rex sole","rex_sole",NA,NA,"700","total_catch_wt_kg ~ 0 + factor(year) + pass","delta_gamma","TRUE","iid, iid","01_10","2013","985945.733460306","613129.863511564","1585453.66516835","13.8013565950117","0.242363919518659","index"
"33","33","33","33","33","33","33","33","33","33","33","33","33","33","33","33","33","33","33","33","33","33","33","33","33","33","33","33","33","33","33","33","33","33","33","33","33","33","33","33","33","33","33","33","33","33","33","33","33","33","33","33","33","33","33","33","33","33","33","33","33",NA,"CA","rex sole","rex_sole",NA,NA,"700","total_catch_wt_kg ~ 0 + factor(year) + pass","delta_gamma","TRUE","iid, iid","01_10","2014","1785295.366429","1100756.13245117","2895536.48753732","14.3950944308958","0.246732358324275","index"
"34","34","34","34","34","34","34","34","34","34","34","34","34","34","34","34","34","34","34","34","34","34","34","34","34","34","34","34","34","34","34","34","34","34","34","34","34","34","34","34","34","34","34","34","34","34","34","34","34","34","34","34","34","34","34","34","34","34","34","34","34",NA,"CA","rex sole","rex_sole",NA,NA,"700","total_catch_wt_kg ~ 0 + factor(year) + pass","delta_gamma","TRUE","iid, iid","01_10","2015","2130610.68658533","1267138.15739321","3582483.78150838","14.57191920391","0.265131253288147","index"
"35","35","35","35","35","35","35","35","35","35","35","35","35","35","35","35","35","35","35","35","35","35","35","35","35","35","35","35","35","35","35","35","35","35","35","35","35","35","35","35","35","35","35","35","35","35","35","35","35","35","35","35","35","35","35","35","35","35","35","35","35",NA,"CA","rex sole","rex_sole",NA,NA,"700","total_catch_wt_kg ~ 0 + factor(year) + pass","delta_gamma","TRUE","iid, iid","01_10","2016","3215340.40763899","2047087.14537826","5050304.75147933","14.9834437911185","0.230369210200447","index"
"36","36","36","36","36","36","36","36","36","36","36","36","36","36","36","36","36","36","36","36","36","36","36","36","36","36","36","36","36","36","36","36","36","36","36","36","36","36","36","36","36","36","36","36","36","36","36","36","36","36","36","36","36","36","36","36","36","36","36","36","36",NA,"CA","rex sole","rex_sole",NA,NA,"700","total_catch_wt_kg ~ 0 + factor(year) + pass","delta_gamma","TRUE","iid, iid","01_10","2017","1931469.12984684","1189699.47077827","3135727.20773835","14.4737914784844","0.247239334333914","index"
"37","37","37","37","37","37","37","37","37","37","37","37","37","37","37","37","37","37","37","37","37","37","37","37","37","37","37","37","37","37","37","37","37","37","37","37","37","37","37","37","37","37","37","37","37","37","37","37","37","37","37","37","37","37","37","37","37","37","37","37","37",NA,"CA","rex sole","rex_sole",NA,NA,"700","total_catch_wt_kg ~ 0 + factor(year) + pass","delta_gamma","TRUE","iid, iid","01_10","2018","2083373.55729964","1273816.81364175","3407432.94700777","14.5494990403619","0.251010083765354","index"
"38","38","38","38","38","38","38","38","38","38","38","38","38","38","38","38","38","38","38","38","38","38","38","38","38","38","38","38","38","38","38","38","38","38","38","38","38","38","38","38","38","38","38","38","38","38","38","38","38","38","38","38","38","38","38","38","38","38","38","38","38",NA,"CA","rex sole","rex_sole",NA,NA,"700","total_catch_wt_kg ~ 0 + factor(year) + pass","delta_gamma","TRUE","iid, iid","01_10","2019","2406477.12280208","1280656.34248554","4522003.24977904","14.6936744612609","0.321838153248836","index"
"39","39","39","39","39","39","39","39","39","39","39","39","39","39","39","39","39","39","39","39","39","39","39","39","39","39","39","39","39","39","39","39","39","39","39","39","39","39","39","39","39","39","39","39","39","39","39","39","39","39","39","39","39","39","39","39","39","39","39","39","39",NA,"CA","rex sole","rex_sole",NA,NA,"700","total_catch_wt_kg ~ 0 + factor(year) + pass","delta_gamma","TRUE","iid, iid","01_10","2021","2603392.54241215","1650774.27445988","4105741.67210403","14.7723259764533","0.232438446312482","index"
"40","40","40","40","40","40","40","40","40","40","40","40","40","40","40","40","40","40","40","40","40","40","40","40","40","40","40","40","40","40","40","40","40","40","40","40","40","40","40","40","40","40","40","40","40","40","40","40","40","40","40","40","40","40","40","40","40","40","40","40","40",NA,"CA","rex sole","rex_sole",NA,NA,"700","total_catch_wt_kg ~ 0 + factor(year) + pass","delta_gamma","TRUE","iid, iid","01_10","2022","2100613.50389388","1269871.47683411","3474821.80144893","14.5577400047391","0.256797448697316","index"
"41","41","41","41","41","41","41","41","41","41","41","41","41","41","41","41","41","41","41","41","41","41","41","41","41","41","41","41","41","41","41","41","41","41","41","41","41","41","41","41","41","41","41","41","41","41","41","41","41","41","41","41","41","41","41","41","41","41","41","41","41",NA,"CA","rex sole","rex_sole",NA,NA,"700","total_catch_wt_kg ~ 0 + factor(year) + pass","delta_gamma","TRUE","iid, iid","01_10","2023","1759252.65467573","1093872.98356763","2829368.62823823","14.3803996488092","0.24243532029436","index"
"42","42","42","42","42","42","42","42","42","42","42","42","42","42","42","42","42","42","42","42","42","42","42","42","42","42","42","42","42","42","42","42","42","42","42","42","42","42","42","42","42","42","42","42","42","42","42","42","42","42","42","42","42","42","42","42","42","42","42","42","42",NA,"CA","rex sole","rex_sole",NA,NA,"700","total_catch_wt_kg ~ 0 + factor(year) + pass","delta_gamma","TRUE","iid, iid","01_10","2024","1847198.22929974","1111846.99618655","3068894.65010129","14.4291805784359","0.259008548867072","index"
"43","43","43","43","43","43","43","43","43","43","43","43","43","43","43","43","43","43","43","43","43","43","43","43","43","43","43","43","43","43","43","43","43","43","43","43","43","43","43","43","43","43","43","43","43","43","43","43","43","43","43","43","43","43","43","43","43","43","43","43",NA,NA,"CA","rex sole","rex_sole",NA,NA,"700","total_catch_wt_kg ~ 0 + factor(year) + pass","delta_gamma","TRUE","iid, iid","01_2","2003","2678915.77217683","1687323.31325836","4253239.23282917","14.8009227080089","0.235855719116517","index"
"44","44","44","44","44","44","44","44","44","44","44","44","44","44","44","44","44","44","44","44","44","44","44","44","44","44","44","44","44","44","44","44","44","44","44","44","44","44","44","44","44","44","44","44","44","44","44","44","44","44","44","44","44","44","44","44","44","44","44","44",NA,NA,"CA","rex sole","rex_sole",NA,NA,"700","total_catch_wt_kg ~ 0 + factor(year) + pass","delta_gamma","TRUE","iid, iid","01_2","2004","2317463.5779728","1376559.93792032","3901491.89097015","14.6559838602136","0.26576290074353","index"
"45","45","45","45","45","45","45","45","45","45","45","45","45","45","45","45","45","45","45","45","45","45","45","45","45","45","45","45","45","45","45","45","45","45","45","45","45","45","45","45","45","45","45","45","45","45","45","45","45","45","45","45","45","45","45","45","45","45","45","45",NA,NA,"CA","rex sole","rex_sole",NA,NA,"700","total_catch_wt_kg ~ 0 + factor(year) + pass","delta_gamma","TRUE","iid, iid","01_2","2005","2072896.98292192","1334558.0347766","3219719.03044748","14.5444576955","0.224670945008086","index"
"46","46","46","46","46","46","46","46","46","46","46","46","46","46","46","46","46","46","46","46","46","46","46","46","46","46","46","46","46","46","46","46","46","46","46","46","46","46","46","46","46","46","46","46","46","46","46","46","46","46","46","46","46","46","46","46","46","46","46","46",NA,NA,"CA","rex sole","rex_sole",NA,NA,"700","total_catch_wt_kg ~ 0 + factor(year) + pass","delta_gamma","TRUE","iid, iid","01_2","2006","2426598.30547455","1529761.37808734","3849214.27647376","14.702000960287","0.23540159143508","index"
"47","47","47","47","47","47","47","47","47","47","47","47","47","47","47","47","47","47","47","47","47","47","47","47","47","47","47","47","47","47","47","47","47","47","47","47","47","47","47","47","47","47","47","47","47","47","47","47","47","47","47","47","47","47","47","47","47","47","47","47",NA,NA,"CA","rex sole","rex_sole",NA,NA,"700","total_catch_wt_kg ~ 0 + factor(year) + pass","delta_gamma","TRUE","iid, iid","01_2","2007","1502593.50570547","938186.569531205","2406543.98252198","14.2227031768697","0.240310062305019","index"
"48","48","48","48","48","48","48","48","48","48","48","48","48","48","48","48","48","48","48","48","48","48","48","48","48","48","48","48","48","48","48","48","48","48","48","48","48","48","48","48","48","48","48","48","48","48","48","48","48","48","48","48","48","48","48","48","48","48","48","48",NA,NA,"CA","rex sole","rex_sole",NA,NA,"700","total_catch_wt_kg ~ 0 + factor(year) + pass","delta_gamma","TRUE","iid, iid","01_2","2008","942337.42910893","604014.253259031","1470163.70144963","13.7561186944173","0.226925404331929","index"
"49","49","49","49","49","49","49","49","49","49","49","49","49","49","49","49","49","49","49","49","49","49","49","49","49","49","49","49","49","49","49","49","49","49","49","49","49","49","49","49","49","49","49","49","49","49","49","49","49","49","49","49","49","49","49","49","49","49","49","49",NA,NA,"CA","rex sole","rex_sole",NA,NA,"700","total_catch_wt_kg ~ 0 + factor(year) + pass","delta_gamma","TRUE","iid, iid","01_2","2009","1084523.603307","682033.012772858","1724537.41109701","13.8966513732418","0.236646201369507","index"
"50","50","50","50","50","50","50","50","50","50","50","50","50","50","50","50","50","50","50","50","50","50","50","50","50","50","50","50","50","50","50","50","50","50","50","50","50","50","50","50","50","50","50","50","50","50","50","50","50","50","50","50","50","50","50","50","50","50","50","50",NA,NA,"CA","rex sole","rex_sole",NA,NA,"700","total_catch_wt_kg ~ 0 + factor(year) + pass","delta_gamma","TRUE","iid, iid","01_2","2010","1162106.7247387","757759.569624799","1782217.06965917","13.9657450579068","0.218179332599722","index"
"51","51","51","51","51","51","51","51","51","51","51","51","51","51","51","51","51","51","51","51","51","51","51","51","51","51","51","51","51","51","51","51","51","51","51","51","51","51","51","51","51","51","51","51","51","51","51","51","51","51","51","51","51","51","51","51","51","51","51","51",NA,NA,"CA","rex sole","rex_sole",NA,NA,"700","total_catch_wt_kg ~ 0 + factor(year) + pass","delta_gamma","TRUE","iid, iid","01_2","2011","1154229.13598648","749556.048226971","1777378.62500266","13.9589432643873","0.220262664641073","index"
"52","52","52","52","52","52","52","52","52","52","52","52","52","52","52","52","52","52","52","52","52","52","52","52","52","52","52","52","52","52","52","52","52","52","52","52","52","52","52","52","52","52","52","52","52","52","52","52","52","52","52","52","52","52","52","52","52","52","52","52",NA,NA,"CA","rex sole","rex_sole",NA,NA,"700","total_catch_wt_kg ~ 0 + factor(year) + pass","delta_gamma","TRUE","iid, iid","01_2","2012","1214945.62990728","786625.423703483","1876487.63840006","14.010209884708","0.221791027117409","index"
"53","53","53","53","53","53","53","53","53","53","53","53","53","53","53","53","53","53","53","53","53","53","53","53","53","53","53","53","53","53","53","53","53","53","53","53","53","53","53","53","53","53","53","53","53","53","53","53","53","53","53","53","53","53","53","53","53","53","53","53",NA,NA,"CA","rex sole","rex_sole",NA,NA,"700","total_catch_wt_kg ~ 0 + factor(year) + pass","delta_gamma","TRUE","iid, iid","01_2","2013","1429670.07433804","899780.413664318","2271617.04168889","14.1729542583706","0.236253438483169","index"
"54","54","54","54","54","54","54","54","54","54","54","54","54","54","54","54","54","54","54","54","54","54","54","54","54","54","54","54","54","54","54","54","54","54","54","54","54","54","54","54","54","54","54","54","54","54","54","54","54","54","54","54","54","54","54","54","54","54","54","54",NA,NA,"CA","rex sole","rex_sole",NA,NA,"700","total_catch_wt_kg ~ 0 + factor(year) + pass","delta_gamma","TRUE","iid, iid","01_2","2014","1753669.88077372","1120924.59262105","2743590.48858213","14.3772212248356","0.228349498526722","index"
"55","55","55","55","55","55","55","55","55","55","55","55","55","55","55","55","55","55","55","55","55","55","55","55","55","55","55","55","55","55","55","55","55","55","55","55","55","55","55","55","55","55","55","55","55","55","55","55","55","55","55","55","55","55","55","55","55","55","55","55",NA,NA,"CA","rex sole","rex_sole",NA,NA,"700","total_catch_wt_kg ~ 0 + factor(year) + pass","delta_gamma","TRUE","iid, iid","01_2","2015","3073991.06564437","2001922.90690746","4720172.30986118","14.9384872966498","0.218814513917098","index"
"56","56","56","56","56","56","56","56","56","56","56","56","56","56","56","56","56","56","56","56","56","56","56","56","56","56","56","56","56","56","56","56","56","56","56","56","56","56","56","56","56","56","56","56","56","56","56","56","56","56","56","56","56","56","56","56","56","56","56","56",NA,NA,"CA","rex sole","rex_sole",NA,NA,"700","total_catch_wt_kg ~ 0 + factor(year) + pass","delta_gamma","TRUE","iid, iid","01_2","2016","2503524.76977274","1628482.74756748","3848758.16598476","14.7332102047606","0.219417753884281","index"
"57","57","57","57","57","57","57","57","57","57","57","57","57","57","57","57","57","57","57","57","57","57","57","57","57","57","57","57","57","57","57","57","57","57","57","57","57","57","57","57","57","57","57","57","57","57","57","57","57","57","57","57","57","57","57","57","57","57","57","57",NA,NA,"CA","rex sole","rex_sole",NA,NA,"700","total_catch_wt_kg ~ 0 + factor(year) + pass","delta_gamma","TRUE","iid, iid","01_2","2017","2712538.48158441","1770671.24154684","4155410.01707831","14.8133954634894","0.217619406112538","index"
"58","58","58","58","58","58","58","58","58","58","58","58","58","58","58","58","58","58","58","58","58","58","58","58","58","58","58","58","58","58","58","58","58","58","58","58","58","58","58","58","58","58","58","58","58","58","58","58","58","58","58","58","58","58","58","58","58","58","58","58",NA,NA,"CA","rex sole","rex_sole",NA,NA,"700","total_catch_wt_kg ~ 0 + factor(year) + pass","delta_gamma","TRUE","iid, iid","01_2","2018","1965750.69907283","1262735.44267664","3060162.62813879","14.4913847654802","0.225817340001056","index"
"59","59","59","59","59","59","59","59","59","59","59","59","59","59","59","59","59","59","59","59","59","59","59","59","59","59","59","59","59","59","59","59","59","59","59","59","59","59","59","59","59","59","59","59","59","59","59","59","59","59","59","59","59","59","59","59","59","59","59","59",NA,NA,"CA","rex sole","rex_sole",NA,NA,"700","total_catch_wt_kg ~ 0 + factor(year) + pass","delta_gamma","TRUE","iid, iid","01_2","2019","1860068.23356494","995436.847590266","3475714.04644399","14.4361237297289","0.318978701683459","index"
"60","60","60","60","60","60","60","60","60","60","60","60","60","60","60","60","60","60","60","60","60","60","60","60","60","60","60","60","60","60","60","60","60","60","60","60","60","60","60","60","60","60","60","60","60","60","60","60","60","60","60","60","60","60","60","60","60","60","60","60",NA,NA,"CA","rex sole","rex_sole",NA,NA,"700","total_catch_wt_kg ~ 0 + factor(year) + pass","delta_gamma","TRUE","iid, iid","01_2","2021","1693942.21775663","1090603.85954776","2631056.37484917","14.3425690436694","0.224660731908011","index"
"61","61","61","61","61","61","61","61","61","61","61","61","61","61","61","61","61","61","61","61","61","61","61","61","61","61","61","61","61","61","61","61","61","61","61","61","61","61","61","61","61","61","61","61","61","61","61","61","61","61","61","61","61","61","61","61","61","61","61","61",NA,NA,"CA","rex sole","rex_sole",NA,NA,"700","total_catch_wt_kg ~ 0 + factor(year) + pass","delta_gamma","TRUE","iid, iid","01_2","2022","1743854.95181927","1100347.66448956","2763699.32079176","14.3716087101639","0.234938992418504","index"
"62","62","62","62","62","62","62","62","62","62","62","62","62","62","62","62","62","62","62","62","62","62","62","62","62","62","62","62","62","62","62","62","62","62","62","62","62","62","62","62","62","62","62","62","62","62","62","62","62","62","62","62","62","62","62","62","62","62","62","62",NA,NA,"CA","rex sole","rex_sole",NA,NA,"700","total_catch_wt_kg ~ 0 + factor(year) + pass","delta_gamma","TRUE","iid, iid","01_2","2023","2320773.35567323","1496483.20973049","3599097.49296336","14.6574110310587","0.223872809908788","index"
"63","63","63","63","63","63","63","63","63","63","63","63","63","63","63","63","63","63","63","63","63","63","63","63","63","63","63","63","63","63","63","63","63","63","63","63","63","63","63","63","63","63","63","63","63","63","63","63","63","63","63","63","63","63","63","63","63","63","63","63",NA,NA,"CA","rex sole","rex_sole",NA,NA,"700","total_catch_wt_kg ~ 0 + factor(year) + pass","delta_gamma","TRUE","iid, iid","01_2","2024","1432577.82578544","888132.481722812","2310780.50760072","14.1749860547413","0.243938080769275","index"
"64","64","64","64","64","64","64","64","64","64","64","64","64","64","64","64","64","64","64","64","64","64","64","64","64","64","64","64","64","64","64","64","64","64","64","64","64","64","64","64","64","64","64","64","64","64","64","64","64","64","64","64","64","64","64","64","64","64","64",NA,NA,NA,"CA","rex sole","rex_sole",NA,NA,"700","total_catch_wt_kg ~ 0 + factor(year) + pass","delta_gamma","TRUE","iid, iid","01_3","2003","2183134.96616997","1383564.91129776","3444781.1169506","14.5962724596264","0.232707574189452","index"
"65","65","65","65","65","65","65","65","65","65","65","65","65","65","65","65","65","65","65","65","65","65","65","65","65","65","65","65","65","65","65","65","65","65","65","65","65","65","65","65","65","65","65","65","65","65","65","65","65","65","65","65","65","65","65","65","65","65","65",NA,NA,NA,"CA","rex sole","rex_sole",NA,NA,"700","total_catch_wt_kg ~ 0 + factor(year) + pass","delta_gamma","TRUE","iid, iid","01_3","2004","2000025.19579456","1169822.33579726","3419408.79517139","14.5086703363421","0.273631502963734","index"
"66","66","66","66","66","66","66","66","66","66","66","66","66","66","66","66","66","66","66","66","66","66","66","66","66","66","66","66","66","66","66","66","66","66","66","66","66","66","66","66","66","66","66","66","66","66","66","66","66","66","66","66","66","66","66","66","66","66","66",NA,NA,NA,"CA","rex sole","rex_sole",NA,NA,"700","total_catch_wt_kg ~ 0 + factor(year) + pass","delta_gamma","TRUE","iid, iid","01_3","2005","1188635.92084854","738859.647179675","1912210.73951529","13.9883169225993","0.242582857176209","index"
"67","67","67","67","67","67","67","67","67","67","67","67","67","67","67","67","67","67","67","67","67","67","67","67","67","67","67","67","67","67","67","67","67","67","67","67","67","67","67","67","67","67","67","67","67","67","67","67","67","67","67","67","67","67","67","67","67","67","67",NA,NA,NA,"CA","rex sole","rex_sole",NA,NA,"700","total_catch_wt_kg ~ 0 + factor(year) + pass","delta_gamma","TRUE","iid, iid","01_3","2006","1312750.59723117","807444.891038957","2134280.80313118","14.0876351864466","0.247966342709096","index"
"68","68","68","68","68","68","68","68","68","68","68","68","68","68","68","68","68","68","68","68","68","68","68","68","68","68","68","68","68","68","68","68","68","68","68","68","68","68","68","68","68","68","68","68","68","68","68","68","68","68","68","68","68","68","68","68","68","68","68",NA,NA,NA,"CA","rex sole","rex_sole",NA,NA,"700","total_catch_wt_kg ~ 0 + factor(year) + pass","delta_gamma","TRUE","iid, iid","01_3","2007","1641459.60457537","1038432.9317068","2594668.90078703","14.3110964067726","0.23361300108668","index"
"69","69","69","69","69","69","69","69","69","69","69","69","69","69","69","69","69","69","69","69","69","69","69","69","69","69","69","69","69","69","69","69","69","69","69","69","69","69","69","69","69","69","69","69","69","69","69","69","69","69","69","69","69","69","69","69","69","69","69",NA,NA,NA,"CA","rex sole","rex_sole",NA,NA,"700","total_catch_wt_kg ~ 0 + factor(year) + pass","delta_gamma","TRUE","iid, iid","01_3","2008","701456.936813472","421616.370071314","1167036.83521708","13.4609147893467","0.259731142747636","index"
"70","70","70","70","70","70","70","70","70","70","70","70","70","70","70","70","70","70","70","70","70","70","70","70","70","70","70","70","70","70","70","70","70","70","70","70","70","70","70","70","70","70","70","70","70","70","70","70","70","70","70","70","70","70","70","70","70","70","70",NA,NA,NA,"CA","rex sole","rex_sole",NA,NA,"700","total_catch_wt_kg ~ 0 + factor(year) + pass","delta_gamma","TRUE","iid, iid","01_3","2009","755039.297012067","443304.575529502","1285987.94486058","13.5345250758993","0.271695162717523","index"
"71","71","71","71","71","71","71","71","71","71","71","71","71","71","71","71","71","71","71","71","71","71","71","71","71","71","71","71","71","71","71","71","71","71","71","71","71","71","71","71","71","71","71","71","71","71","71","71","71","71","71","71","71","71","71","71","71","71","71",NA,NA,NA,"CA","rex sole","rex_sole",NA,NA,"700","total_catch_wt_kg ~ 0 + factor(year) + pass","delta_gamma","TRUE","iid, iid","01_3","2010","689357.75973949","413179.107304389","1150140.73197791","13.4435156601397","0.261167660417753","index"
"72","72","72","72","72","72","72","72","72","72","72","72","72","72","72","72","72","72","72","72","72","72","72","72","72","72","72","72","72","72","72","72","72","72","72","72","72","72","72","72","72","72","72","72","72","72","72","72","72","72","72","72","72","72","72","72","72","72","72",NA,NA,NA,"CA","rex sole","rex_sole",NA,NA,"700","total_catch_wt_kg ~ 0 + factor(year) + pass","delta_gamma","TRUE","iid, iid","01_3","2011","872364.135247977","526642.984479481","1445038.11290512","13.6789622020198","0.257496595271561","index"
"73","73","73","73","73","73","73","73","73","73","73","73","73","73","73","73","73","73","73","73","73","73","73","73","73","73","73","73","73","73","73","73","73","73","73","73","73","73","73","73","73","73","73","73","73","73","73","73","73","73","73","73","73","73","73","73","73","73","73",NA,NA,NA,"CA","rex sole","rex_sole",NA,NA,"700","total_catch_wt_kg ~ 0 + factor(year) + pass","delta_gamma","TRUE","iid, iid","01_3","2012","1450868.86718118","894865.055139671","2352332.85473087","14.1876731536825","0.246558073508224","index"
"74","74","74","74","74","74","74","74","74","74","74","74","74","74","74","74","74","74","74","74","74","74","74","74","74","74","74","74","74","74","74","74","74","74","74","74","74","74","74","74","74","74","74","74","74","74","74","74","74","74","74","74","74","74","74","74","74","74","74",NA,NA,NA,"CA","rex sole","rex_sole",NA,NA,"700","total_catch_wt_kg ~ 0 + factor(year) + pass","delta_gamma","TRUE","iid, iid","01_3","2013","1306978.84848593","809479.354220598","2110237.52673015","14.0832288092206","0.244434216947302","index"
"75","75","75","75","75","75","75","75","75","75","75","75","75","75","75","75","75","75","75","75","75","75","75","75","75","75","75","75","75","75","75","75","75","75","75","75","75","75","75","75","75","75","75","75","75","75","75","75","75","75","75","75","75","75","75","75","75","75","75",NA,NA,NA,"CA","rex sole","rex_sole",NA,NA,"700","total_catch_wt_kg ~ 0 + factor(year) + pass","delta_gamma","TRUE","iid, iid","01_3","2014","1661046.23969496","1050536.97774435","2626346.97193515","14.3229582266757","0.233752370709066","index"
"76","76","76","76","76","76","76","76","76","76","76","76","76","76","76","76","76","76","76","76","76","76","76","76","76","76","76","76","76","76","76","76","76","76","76","76","76","76","76","76","76","76","76","76","76","76","76","76","76","76","76","76","76","76","76","76","76","76","76",NA,NA,NA,"CA","rex sole","rex_sole",NA,NA,"700","total_catch_wt_kg ~ 0 + factor(year) + pass","delta_gamma","TRUE","iid, iid","01_3","2015","1919863.72362821","1196600.30775078","3080290.63123998","14.467764764208","0.241213486988241","index"
"77","77","77","77","77","77","77","77","77","77","77","77","77","77","77","77","77","77","77","77","77","77","77","77","77","77","77","77","77","77","77","77","77","77","77","77","77","77","77","77","77","77","77","77","77","77","77","77","77","77","77","77","77","77","77","77","77","77","77",NA,NA,NA,"CA","rex sole","rex_sole",NA,NA,"700","total_catch_wt_kg ~ 0 + factor(year) + pass","delta_gamma","TRUE","iid, iid","01_3","2016","2328697.2355745","1470344.02212394","3688137.42455929","14.6608195428096","0.234602567397306","index"
"78","78","78","78","78","78","78","78","78","78","78","78","78","78","78","78","78","78","78","78","78","78","78","78","78","78","78","78","78","78","78","78","78","78","78","78","78","78","78","78","78","78","78","78","78","78","78","78","78","78","78","78","78","78","78","78","78","78","78",NA,NA,NA,"CA","rex sole","rex_sole",NA,NA,"700","total_catch_wt_kg ~ 0 + factor(year) + pass","delta_gamma","TRUE","iid, iid","01_3","2017","1402443.43219593","850675.611122339","2312100.58780755","14.1537265820154","0.255076336398639","index"
"79","79","79","79","79","79","79","79","79","79","79","79","79","79","79","79","79","79","79","79","79","79","79","79","79","79","79","79","79","79","79","79","79","79","79","79","79","79","79","79","79","79","79","79","79","79","79","79","79","79","79","79","79","79","79","79","79","79","79",NA,NA,NA,"CA","rex sole","rex_sole",NA,NA,"700","total_catch_wt_kg ~ 0 + factor(year) + pass","delta_gamma","TRUE","iid, iid","01_3","2018","2123838.70121319","1316765.61807622","3425583.69298937","14.5687357174119","0.243905869101697","index"
"80","80","80","80","80","80","80","80","80","80","80","80","80","80","80","80","80","80","80","80","80","80","80","80","80","80","80","80","80","80","80","80","80","80","80","80","80","80","80","80","80","80","80","80","80","80","80","80","80","80","80","80","80","80","80","80","80","80","80",NA,NA,NA,"CA","rex sole","rex_sole",NA,NA,"700","total_catch_wt_kg ~ 0 + factor(year) + pass","delta_gamma","TRUE","iid, iid","01_3","2019","1200369.21853299","676786.583746123","2129011.26500759","13.9981397495446","0.292366844522182","index"
"81","81","81","81","81","81","81","81","81","81","81","81","81","81","81","81","81","81","81","81","81","81","81","81","81","81","81","81","81","81","81","81","81","81","81","81","81","81","81","81","81","81","81","81","81","81","81","81","81","81","81","81","81","81","81","81","81","81","81",NA,NA,NA,"CA","rex sole","rex_sole",NA,NA,"700","total_catch_wt_kg ~ 0 + factor(year) + pass","delta_gamma","TRUE","iid, iid","01_3","2021","1954969.66746517","1201062.27231878","3182105.11544108","14.4858852359182","0.248559815207124","index"
"82","82","82","82","82","82","82","82","82","82","82","82","82","82","82","82","82","82","82","82","82","82","82","82","82","82","82","82","82","82","82","82","82","82","82","82","82","82","82","82","82","82","82","82","82","82","82","82","82","82","82","82","82","82","82","82","82","82","82",NA,NA,NA,"CA","rex sole","rex_sole",NA,NA,"700","total_catch_wt_kg ~ 0 + factor(year) + pass","delta_gamma","TRUE","iid, iid","01_3","2022","1584225.64098635","965083.421354988","2600574.02917031","14.2756062913291","0.252880395585751","index"
"83","83","83","83","83","83","83","83","83","83","83","83","83","83","83","83","83","83","83","83","83","83","83","83","83","83","83","83","83","83","83","83","83","83","83","83","83","83","83","83","83","83","83","83","83","83","83","83","83","83","83","83","83","83","83","83","83","83","83",NA,NA,NA,"CA","rex sole","rex_sole",NA,NA,"700","total_catch_wt_kg ~ 0 + factor(year) + pass","delta_gamma","TRUE","iid, iid","01_3","2023","1194997.30929461","736248.42538634","1939587.9433929","13.9936544917089","0.247112508330703","index"
"84","84","84","84","84","84","84","84","84","84","84","84","84","84","84","84","84","84","84","84","84","84","84","84","84","84","84","84","84","84","84","84","84","84","84","84","84","84","84","84","84","84","84","84","84","84","84","84","84","84","84","84","84","84","84","84","84","84","84",NA,NA,NA,"CA","rex sole","rex_sole",NA,NA,"700","total_catch_wt_kg ~ 0 + factor(year) + pass","delta_gamma","TRUE","iid, iid","01_3","2024","1625558.04387999","1008178.12798395","2621004.04747622","14.3013617264122","0.243732182789645","index"
"85","85","85","85","85","85","85","85","85","85","85","85","85","85","85","85","85","85","85","85","85","85","85","85","85","85","85","85","85","85","85","85","85","85","85","85","85","85","85","85","85","85","85","85","85","85","85","85","85","85","85","85","85","85","85","85","85","85",NA,NA,NA,NA,"CA","rex sole","rex_sole",NA,NA,"700","total_catch_wt_kg ~ 0 + factor(year) + pass","delta_gamma","TRUE","iid, iid","01_4","2003","2176793.50775686","1320259.34744161","3589014.52551311","14.5933634839756","0.255119347764233","index"
"86","86","86","86","86","86","86","86","86","86","86","86","86","86","86","86","86","86","86","86","86","86","86","86","86","86","86","86","86","86","86","86","86","86","86","86","86","86","86","86","86","86","86","86","86","86","86","86","86","86","86","86","86","86","86","86","86","86",NA,NA,NA,NA,"CA","rex sole","rex_sole",NA,NA,"700","total_catch_wt_kg ~ 0 + factor(year) + pass","delta_gamma","TRUE","iid, iid","01_4","2004","3230486.21462114","1898486.47971691","5497032.13288798","14.9881432147127","0.271217064108212","index"
"87","87","87","87","87","87","87","87","87","87","87","87","87","87","87","87","87","87","87","87","87","87","87","87","87","87","87","87","87","87","87","87","87","87","87","87","87","87","87","87","87","87","87","87","87","87","87","87","87","87","87","87","87","87","87","87","87","87",NA,NA,NA,NA,"CA","rex sole","rex_sole",NA,NA,"700","total_catch_wt_kg ~ 0 + factor(year) + pass","delta_gamma","TRUE","iid, iid","01_4","2005","1901577.55287143","1192737.75590707","3031678.31459694","14.4581943906207","0.237980154944341","index"
"88","88","88","88","88","88","88","88","88","88","88","88","88","88","88","88","88","88","88","88","88","88","88","88","88","88","88","88","88","88","88","88","88","88","88","88","88","88","88","88","88","88","88","88","88","88","88","88","88","88","88","88","88","88","88","88","88","88",NA,NA,NA,NA,"CA","rex sole","rex_sole",NA,NA,"700","total_catch_wt_kg ~ 0 + factor(year) + pass","delta_gamma","TRUE","iid, iid","01_4","2006","1525290.72046732","946868.315847119","2457059.49075114","14.2376955862269","0.243259713700886","index"
"89","89","89","89","89","89","89","89","89","89","89","89","89","89","89","89","89","89","89","89","89","89","89","89","89","89","89","89","89","89","89","89","89","89","89","89","89","89","89","89","89","89","89","89","89","89","89","89","89","89","89","89","89","89","89","89","89","89",NA,NA,NA,NA,"CA","rex sole","rex_sole",NA,NA,"700","total_catch_wt_kg ~ 0 + factor(year) + pass","delta_gamma","TRUE","iid, iid","01_4","2007","1172500.27175455","724500.119044317","1897524.72239471","13.9746490110762","0.245622781754271","index"
"90","90","90","90","90","90","90","90","90","90","90","90","90","90","90","90","90","90","90","90","90","90","90","90","90","90","90","90","90","90","90","90","90","90","90","90","90","90","90","90","90","90","90","90","90","90","90","90","90","90","90","90","90","90","90","90","90","90",NA,NA,NA,NA,"CA","rex sole","rex_sole",NA,NA,"700","total_catch_wt_kg ~ 0 + factor(year) + pass","delta_gamma","TRUE","iid, iid","01_4","2008","1056010.8685682","654521.874988043","1703776.44682164","13.8700090354001","0.244059968937221","index"
"91","91","91","91","91","91","91","91","91","91","91","91","91","91","91","91","91","91","91","91","91","91","91","91","91","91","91","91","91","91","91","91","91","91","91","91","91","91","91","91","91","91","91","91","91","91","91","91","91","91","91","91","91","91","91","91","91","91",NA,NA,NA,NA,"CA","rex sole","rex_sole",NA,NA,"700","total_catch_wt_kg ~ 0 + factor(year) + pass","delta_gamma","TRUE","iid, iid","01_4","2009","650046.590605864","409209.541915996","1032626.38495622","13.3847993171583","0.236135301238121","index"
"92","92","92","92","92","92","92","92","92","92","92","92","92","92","92","92","92","92","92","92","92","92","92","92","92","92","92","92","92","92","92","92","92","92","92","92","92","92","92","92","92","92","92","92","92","92","92","92","92","92","92","92","92","92","92","92","92","92",NA,NA,NA,NA,"CA","rex sole","rex_sole",NA,NA,"700","total_catch_wt_kg ~ 0 + factor(year) + pass","delta_gamma","TRUE","iid, iid","01_4","2010","701337.38775288","425553.291191598","1155846.14580874","13.4607443451714","0.254902072826538","index"
"93","93","93","93","93","93","93","93","93","93","93","93","93","93","93","93","93","93","93","93","93","93","93","93","93","93","93","93","93","93","93","93","93","93","93","93","93","93","93","93","93","93","93","93","93","93","93","93","93","93","93","93","93","93","93","93","93","93",NA,NA,NA,NA,"CA","rex sole","rex_sole",NA,NA,"700","total_catch_wt_kg ~ 0 + factor(year) + pass","delta_gamma","TRUE","iid, iid","01_4","2011","1292109.69751859","790625.932313225","2111678.10488685","14.0717868649206","0.250620235212197","index"
"94","94","94","94","94","94","94","94","94","94","94","94","94","94","94","94","94","94","94","94","94","94","94","94","94","94","94","94","94","94","94","94","94","94","94","94","94","94","94","94","94","94","94","94","94","94","94","94","94","94","94","94","94","94","94","94","94","94",NA,NA,NA,NA,"CA","rex sole","rex_sole",NA,NA,"700","total_catch_wt_kg ~ 0 + factor(year) + pass","delta_gamma","TRUE","iid, iid","01_4","2012","1298656.97131859","784558.437270566","2149629.45911544","14.0768411894315","0.257129648910421","index"
"95","95","95","95","95","95","95","95","95","95","95","95","95","95","95","95","95","95","95","95","95","95","95","95","95","95","95","95","95","95","95","95","95","95","95","95","95","95","95","95","95","95","95","95","95","95","95","95","95","95","95","95","95","95","95","95","95","95",NA,NA,NA,NA,"CA","rex sole","rex_sole",NA,NA,"700","total_catch_wt_kg ~ 0 + factor(year) + pass","delta_gamma","TRUE","iid, iid","01_4","2013","1158889.47108826","684260.048834722","1962740.34774696","13.9629727520178","0.268820980113672","index"
"96","96","96","96","96","96","96","96","96","96","96","96","96","96","96","96","96","96","96","96","96","96","96","96","96","96","96","96","96","96","96","96","96","96","96","96","96","96","96","96","96","96","96","96","96","96","96","96","96","96","96","96","96","96","96","96","96","96",NA,NA,NA,NA,"CA","rex sole","rex_sole",NA,NA,"700","total_catch_wt_kg ~ 0 + factor(year) + pass","delta_gamma","TRUE","iid, iid","01_4","2014","1853813.444375","1191784.41837415","2883595.58453851","14.4327553967306","0.225408807015471","index"
"97","97","97","97","97","97","97","97","97","97","97","97","97","97","97","97","97","97","97","97","97","97","97","97","97","97","97","97","97","97","97","97","97","97","97","97","97","97","97","97","97","97","97","97","97","97","97","97","97","97","97","97","97","97","97","97","97","97",NA,NA,NA,NA,"CA","rex sole","rex_sole",NA,NA,"700","total_catch_wt_kg ~ 0 + factor(year) + pass","delta_gamma","TRUE","iid, iid","01_4","2015","1844384.16378958","1153438.74014568","2949227.23265577","14.4276559931737","0.239493046554262","index"
"98","98","98","98","98","98","98","98","98","98","98","98","98","98","98","98","98","98","98","98","98","98","98","98","98","98","98","98","98","98","98","98","98","98","98","98","98","98","98","98","98","98","98","98","98","98","98","98","98","98","98","98","98","98","98","98","98","98",NA,NA,NA,NA,"CA","rex sole","rex_sole",NA,NA,"700","total_catch_wt_kg ~ 0 + factor(year) + pass","delta_gamma","TRUE","iid, iid","01_4","2016","2479370.35634654","1507196.00198329","4078618.41183291","14.7235151973361","0.25396061921214","index"
"99","99","99","99","99","99","99","99","99","99","99","99","99","99","99","99","99","99","99","99","99","99","99","99","99","99","99","99","99","99","99","99","99","99","99","99","99","99","99","99","99","99","99","99","99","99","99","99","99","99","99","99","99","99","99","99","99","99",NA,NA,NA,NA,"CA","rex sole","rex_sole",NA,NA,"700","total_catch_wt_kg ~ 0 + factor(year) + pass","delta_gamma","TRUE","iid, iid","01_4","2017","2246575.57317353","1368207.02796759","3688843.64925181","14.6249176473332","0.253017886704415","index"
"100","100","100","100","100","100","100","100","100","100","100","100","100","100","100","100","100","100","100","100","100","100","100","100","100","100","100","100","100","100","100","100","100","100","100","100","100","100","100","100","100","100","100","100","100","100","100","100","100","100","100","100","100","100","100","100","100","100",NA,NA,NA,NA,"CA","rex sole","rex_sole",NA,NA,"700","total_catch_wt_kg ~ 0 + factor(year) + pass","delta_gamma","TRUE","iid, iid","01_4","2018","1805590.94039366","1146158.3844664","2844422.45348968","14.4063984869683","0.231877788319179","index"
"101","101","101","101","101","101","101","101","101","101","101","101","101","101","101","101","101","101","101","101","101","101","101","101","101","101","101","101","101","101","101","101","101","101","101","101","101","101","101","101","101","101","101","101","101","101","101","101","101","101","101","101","101","101","101","101","101","101",NA,NA,NA,NA,"CA","rex sole","rex_sole",NA,NA,"700","total_catch_wt_kg ~ 0 + factor(year) + pass","delta_gamma","TRUE","iid, iid","01_4","2019","2877977.28983416","1550718.38562966","5341236.2667242","14.8725982754442","0.315500399087851","index"
"102","102","102","102","102","102","102","102","102","102","102","102","102","102","102","102","102","102","102","102","102","102","102","102","102","102","102","102","102","102","102","102","102","102","102","102","102","102","102","102","102","102","102","102","102","102","102","102","102","102","102","102","102","102","102","102","102","102",NA,NA,NA,NA,"CA","rex sole","rex_sole",NA,NA,"700","total_catch_wt_kg ~ 0 + factor(year) + pass","delta_gamma","TRUE","iid, iid","01_4","2021","1451653.5930992","911975.378079003","2310696.3247151","14.1882138736583","0.23717048188297","index"
"103","103","103","103","103","103","103","103","103","103","103","103","103","103","103","103","103","103","103","103","103","103","103","103","103","103","103","103","103","103","103","103","103","103","103","103","103","103","103","103","103","103","103","103","103","103","103","103","103","103","103","103","103","103","103","103","103","103",NA,NA,NA,NA,"CA","rex sole","rex_sole",NA,NA,"700","total_catch_wt_kg ~ 0 + factor(year) + pass","delta_gamma","TRUE","iid, iid","01_4","2022","1636124.90801093","968135.173506898","2765011.32059601","14.3078411428703","0.267716217464658","index"
"104","104","104","104","104","104","104","104","104","104","104","104","104","104","104","104","104","104","104","104","104","104","104","104","104","104","104","104","104","104","104","104","104","104","104","104","104","104","104","104","104","104","104","104","104","104","104","104","104","104","104","104","104","104","104","104","104","104",NA,NA,NA,NA,"CA","rex sole","rex_sole",NA,NA,"700","total_catch_wt_kg ~ 0 + factor(year) + pass","delta_gamma","TRUE","iid, iid","01_4","2023","1565509.11557816","961960.94888946","2547732.10262608","14.2637216425219","0.24847013068064","index"
"105","105","105","105","105","105","105","105","105","105","105","105","105","105","105","105","105","105","105","105","105","105","105","105","105","105","105","105","105","105","105","105","105","105","105","105","105","105","105","105","105","105","105","105","105","105","105","105","105","105","105","105","105","105","105","105","105","105",NA,NA,NA,NA,"CA","rex sole","rex_sole",NA,NA,"700","total_catch_wt_kg ~ 0 + factor(year) + pass","delta_gamma","TRUE","iid, iid","01_4","2024","924604.574945036","579962.519448872","1474049.77277097","13.7371214385502","0.237964923557014","index"
"106","106","106","106","106","106","106","106","106","106","106","106","106","106","106","106","106","106","106","106","106","106","106","106","106","106","106","106","106","106","106","106","106","106","106","106","106","106","106","106","106","106","106","106","106","106","106","106","106","106","106","106","106","106","106","106","106",NA,NA,NA,NA,NA,"CA","rex sole","rex_sole",NA,NA,"700","total_catch_wt_kg ~ 0 + factor(year) + pass","delta_gamma","TRUE","iid, iid","01_5","2003","1858867.03346745","1097517.44637962","3148366.03236729","14.4354777383076","0.268839847152968","index"
"107","107","107","107","107","107","107","107","107","107","107","107","107","107","107","107","107","107","107","107","107","107","107","107","107","107","107","107","107","107","107","107","107","107","107","107","107","107","107","107","107","107","107","107","107","107","107","107","107","107","107","107","107","107","107","107","107",NA,NA,NA,NA,NA,"CA","rex sole","rex_sole",NA,NA,"700","total_catch_wt_kg ~ 0 + factor(year) + pass","delta_gamma","TRUE","iid, iid","01_5","2004","2035665.04600232","1124973.38638144","3683582.41153143","14.5263331274024","0.302588820656605","index"
"108","108","108","108","108","108","108","108","108","108","108","108","108","108","108","108","108","108","108","108","108","108","108","108","108","108","108","108","108","108","108","108","108","108","108","108","108","108","108","108","108","108","108","108","108","108","108","108","108","108","108","108","108","108","108","108","108",NA,NA,NA,NA,NA,"CA","rex sole","rex_sole",NA,NA,"700","total_catch_wt_kg ~ 0 + factor(year) + pass","delta_gamma","TRUE","iid, iid","01_5","2005","1647910.58739086","1042800.82400852","2604149.55714754","14.3150187327557","0.233472648036157","index"
"109","109","109","109","109","109","109","109","109","109","109","109","109","109","109","109","109","109","109","109","109","109","109","109","109","109","109","109","109","109","109","109","109","109","109","109","109","109","109","109","109","109","109","109","109","109","109","109","109","109","109","109","109","109","109","109","109",NA,NA,NA,NA,NA,"CA","rex sole","rex_sole",NA,NA,"700","total_catch_wt_kg ~ 0 + factor(year) + pass","delta_gamma","TRUE","iid, iid","01_5","2006","1249501.58288466","741972.486815386","2104194.20311974","14.0382552960708","0.265917056886475","index"
"110","110","110","110","110","110","110","110","110","110","110","110","110","110","110","110","110","110","110","110","110","110","110","110","110","110","110","110","110","110","110","110","110","110","110","110","110","110","110","110","110","110","110","110","110","110","110","110","110","110","110","110","110","110","110","110","110",NA,NA,NA,NA,NA,"CA","rex sole","rex_sole",NA,NA,"700","total_catch_wt_kg ~ 0 + factor(year) + pass","delta_gamma","TRUE","iid, iid","01_5","2007","1558253.46971269","987046.61048429","2460019.46623399","14.2590761813413","0.232965321424694","index"
"111","111","111","111","111","111","111","111","111","111","111","111","111","111","111","111","111","111","111","111","111","111","111","111","111","111","111","111","111","111","111","111","111","111","111","111","111","111","111","111","111","111","111","111","111","111","111","111","111","111","111","111","111","111","111","111","111",NA,NA,NA,NA,NA,"CA","rex sole","rex_sole",NA,NA,"700","total_catch_wt_kg ~ 0 + factor(year) + pass","delta_gamma","TRUE","iid, iid","01_5","2008","1059683.69218064","655730.903431481","1712485.29175191","13.8734810179539","0.244889827647721","index"
"112","112","112","112","112","112","112","112","112","112","112","112","112","112","112","112","112","112","112","112","112","112","112","112","112","112","112","112","112","112","112","112","112","112","112","112","112","112","112","112","112","112","112","112","112","112","112","112","112","112","112","112","112","112","112","112","112",NA,NA,NA,NA,NA,"CA","rex sole","rex_sole",NA,NA,"700","total_catch_wt_kg ~ 0 + factor(year) + pass","delta_gamma","TRUE","iid, iid","01_5","2009","1329092.04818509","797599.924217676","2214751.55515026","14.1000065965348","0.260537539437383","index"
"113","113","113","113","113","113","113","113","113","113","113","113","113","113","113","113","113","113","113","113","113","113","113","113","113","113","113","113","113","113","113","113","113","113","113","113","113","113","113","113","113","113","113","113","113","113","113","113","113","113","113","113","113","113","113","113","113",NA,NA,NA,NA,NA,"CA","rex sole","rex_sole",NA,NA,"700","total_catch_wt_kg ~ 0 + factor(year) + pass","delta_gamma","TRUE","iid, iid","01_5","2010","1059726.52895522","639536.680494778","1755990.47001129","13.873521441251","0.257669114735966","index"
"114","114","114","114","114","114","114","114","114","114","114","114","114","114","114","114","114","114","114","114","114","114","114","114","114","114","114","114","114","114","114","114","114","114","114","114","114","114","114","114","114","114","114","114","114","114","114","114","114","114","114","114","114","114","114","114","114",NA,NA,NA,NA,NA,"CA","rex sole","rex_sole",NA,NA,"700","total_catch_wt_kg ~ 0 + factor(year) + pass","delta_gamma","TRUE","iid, iid","01_5","2011","1181583.8521718","717944.08919016","1944636.66563228","13.982366344036","0.254198226690024","index"
"115","115","115","115","115","115","115","115","115","115","115","115","115","115","115","115","115","115","115","115","115","115","115","115","115","115","115","115","115","115","115","115","115","115","115","115","115","115","115","115","115","115","115","115","115","115","115","115","115","115","115","115","115","115","115","115","115",NA,NA,NA,NA,NA,"CA","rex sole","rex_sole",NA,NA,"700","total_catch_wt_kg ~ 0 + factor(year) + pass","delta_gamma","TRUE","iid, iid","01_5","2012","1099460.57241239","698046.293861194","1731709.71742135","13.9103302287727","0.231784629323564","index"
"116","116","116","116","116","116","116","116","116","116","116","116","116","116","116","116","116","116","116","116","116","116","116","116","116","116","116","116","116","116","116","116","116","116","116","116","116","116","116","116","116","116","116","116","116","116","116","116","116","116","116","116","116","116","116","116","116",NA,NA,NA,NA,NA,"CA","rex sole","rex_sole",NA,NA,"700","total_catch_wt_kg ~ 0 + factor(year) + pass","delta_gamma","TRUE","iid, iid","01_5","2013","1298342.71467783","762588.11416425","2210490.53013947","14.0765991742753","0.271497761247536","index"
"117","117","117","117","117","117","117","117","117","117","117","117","117","117","117","117","117","117","117","117","117","117","117","117","117","117","117","117","117","117","117","117","117","117","117","117","117","117","117","117","117","117","117","117","117","117","117","117","117","117","117","117","117","117","117","117","117",NA,NA,NA,NA,NA,"CA","rex sole","rex_sole",NA,NA,"700","total_catch_wt_kg ~ 0 + factor(year) + pass","delta_gamma","TRUE","iid, iid","01_5","2014","1741357.89950329","1082668.26144449","2800790.82591449","14.3701757688488","0.242472110709077","index"
"118","118","118","118","118","118","118","118","118","118","118","118","118","118","118","118","118","118","118","118","118","118","118","118","118","118","118","118","118","118","118","118","118","118","118","118","118","118","118","118","118","118","118","118","118","118","118","118","118","118","118","118","118","118","118","118","118",NA,NA,NA,NA,NA,"CA","rex sole","rex_sole",NA,NA,"700","total_catch_wt_kg ~ 0 + factor(year) + pass","delta_gamma","TRUE","iid, iid","01_5","2015","2331112.23783849","1438464.3088376","3777698.36346623","14.6618560669396","0.246315452965614","index"
"119","119","119","119","119","119","119","119","119","119","119","119","119","119","119","119","119","119","119","119","119","119","119","119","119","119","119","119","119","119","119","119","119","119","119","119","119","119","119","119","119","119","119","119","119","119","119","119","119","119","119","119","119","119","119","119","119",NA,NA,NA,NA,NA,"CA","rex sole","rex_sole",NA,NA,"700","total_catch_wt_kg ~ 0 + factor(year) + pass","delta_gamma","TRUE","iid, iid","01_5","2016","1806780.858676","1087838.56386641","3000865.36707744","14.4070572886595","0.258858823974281","index"
"120","120","120","120","120","120","120","120","120","120","120","120","120","120","120","120","120","120","120","120","120","120","120","120","120","120","120","120","120","120","120","120","120","120","120","120","120","120","120","120","120","120","120","120","120","120","120","120","120","120","120","120","120","120","120","120","120",NA,NA,NA,NA,NA,"CA","rex sole","rex_sole",NA,NA,"700","total_catch_wt_kg ~ 0 + factor(year) + pass","delta_gamma","TRUE","iid, iid","01_5","2017","1934998.15263965","1203833.06324471","3110246.73190734","14.4756169297374","0.242145105743359","index"
"121","121","121","121","121","121","121","121","121","121","121","121","121","121","121","121","121","121","121","121","121","121","121","121","121","121","121","121","121","121","121","121","121","121","121","121","121","121","121","121","121","121","121","121","121","121","121","121","121","121","121","121","121","121","121","121","121",NA,NA,NA,NA,NA,"CA","rex sole","rex_sole",NA,NA,"700","total_catch_wt_kg ~ 0 + factor(year) + pass","delta_gamma","TRUE","iid, iid","01_5","2018","2312028.75309884","1385326.48603101","3858640.55084275","14.6536359451585","0.261325998532969","index"
"122","122","122","122","122","122","122","122","122","122","122","122","122","122","122","122","122","122","122","122","122","122","122","122","122","122","122","122","122","122","122","122","122","122","122","122","122","122","122","122","122","122","122","122","122","122","122","122","122","122","122","122","122","122","122","122","122",NA,NA,NA,NA,NA,"CA","rex sole","rex_sole",NA,NA,"700","total_catch_wt_kg ~ 0 + factor(year) + pass","delta_gamma","TRUE","iid, iid","01_5","2019","2004501.35599413","1082465.96417335","3711918.72924222","14.5109058875395","0.314369853684722","index"
"123","123","123","123","123","123","123","123","123","123","123","123","123","123","123","123","123","123","123","123","123","123","123","123","123","123","123","123","123","123","123","123","123","123","123","123","123","123","123","123","123","123","123","123","123","123","123","123","123","123","123","123","123","123","123","123","123",NA,NA,NA,NA,NA,"CA","rex sole","rex_sole",NA,NA,"700","total_catch_wt_kg ~ 0 + factor(year) + pass","delta_gamma","TRUE","iid, iid","01_5","2021","1685083.43226077","1003034.67100666","2830915.27716581","14.3373256352376","0.264691089059968","index"
"124","124","124","124","124","124","124","124","124","124","124","124","124","124","124","124","124","124","124","124","124","124","124","124","124","124","124","124","124","124","124","124","124","124","124","124","124","124","124","124","124","124","124","124","124","124","124","124","124","124","124","124","124","124","124","124","124",NA,NA,NA,NA,NA,"CA","rex sole","rex_sole",NA,NA,"700","total_catch_wt_kg ~ 0 + factor(year) + pass","delta_gamma","TRUE","iid, iid","01_5","2022","2493172.80571551","1517665.30879344","4095705.82073925","14.7290666764755","0.253261258601472","index"
"125","125","125","125","125","125","125","125","125","125","125","125","125","125","125","125","125","125","125","125","125","125","125","125","125","125","125","125","125","125","125","125","125","125","125","125","125","125","125","125","125","125","125","125","125","125","125","125","125","125","125","125","125","125","125","125","125",NA,NA,NA,NA,NA,"CA","rex sole","rex_sole",NA,NA,"700","total_catch_wt_kg ~ 0 + factor(year) + pass","delta_gamma","TRUE","iid, iid","01_5","2023","2022842.30005934","1271467.52125185","3218242.62320174","14.5200141596063","0.236908353111909","index"
"126","126","126","126","126","126","126","126","126","126","126","126","126","126","126","126","126","126","126","126","126","126","126","126","126","126","126","126","126","126","126","126","126","126","126","126","126","126","126","126","126","126","126","126","126","126","126","126","126","126","126","126","126","126","126","126","126",NA,NA,NA,NA,NA,"CA","rex sole","rex_sole",NA,NA,"700","total_catch_wt_kg ~ 0 + factor(year) + pass","delta_gamma","TRUE","iid, iid","01_5","2024","1480716.67673427","884930.678278766","2477619.92049314","14.2080367695701","0.262643692607078","index"
"127","127","127","127","127","127","127","127","127","127","127","127","127","127","127","127","127","127","127","127","127","127","127","127","127","127","127","127","127","127","127","127","127","127","127","127","127","127","127","127","127","127","127","127","127","127","127","127","127","127","127","127","127","127","127","127",NA,NA,NA,NA,NA,NA,"CA","rex sole","rex_sole",NA,NA,"700","total_catch_wt_kg ~ 0 + factor(year) + pass","delta_gamma","TRUE","iid, iid","01_6","2003","1384832.91051606","858781.44220642","2233120.20474172","14.141090048099","0.24379035334147","index"
"128","128","128","128","128","128","128","128","128","128","128","128","128","128","128","128","128","128","128","128","128","128","128","128","128","128","128","128","128","128","128","128","128","128","128","128","128","128","128","128","128","128","128","128","128","128","128","128","128","128","128","128","128","128","128","128",NA,NA,NA,NA,NA,NA,"CA","rex sole","rex_sole",NA,NA,"700","total_catch_wt_kg ~ 0 + factor(year) + pass","delta_gamma","TRUE","iid, iid","01_6","2004","1288821.26939029","715761.066730742","2320690.9982122","14.06923861396","0.300075375890503","index"
"129","129","129","129","129","129","129","129","129","129","129","129","129","129","129","129","129","129","129","129","129","129","129","129","129","129","129","129","129","129","129","129","129","129","129","129","129","129","129","129","129","129","129","129","129","129","129","129","129","129","129","129","129","129","129","129",NA,NA,NA,NA,NA,NA,"CA","rex sole","rex_sole",NA,NA,"700","total_catch_wt_kg ~ 0 + factor(year) + pass","delta_gamma","TRUE","iid, iid","01_6","2005","1090578.10698845","650596.685172366","1828107.38903074","13.902218486991","0.263562643542915","index"
"130","130","130","130","130","130","130","130","130","130","130","130","130","130","130","130","130","130","130","130","130","130","130","130","130","130","130","130","130","130","130","130","130","130","130","130","130","130","130","130","130","130","130","130","130","130","130","130","130","130","130","130","130","130","130","130",NA,NA,NA,NA,NA,NA,"CA","rex sole","rex_sole",NA,NA,"700","total_catch_wt_kg ~ 0 + factor(year) + pass","delta_gamma","TRUE","iid, iid","01_6","2006","1016552.45948895","612079.681093977","1688307.80503294","13.8319275186765","0.258836270356347","index"
"131","131","131","131","131","131","131","131","131","131","131","131","131","131","131","131","131","131","131","131","131","131","131","131","131","131","131","131","131","131","131","131","131","131","131","131","131","131","131","131","131","131","131","131","131","131","131","131","131","131","131","131","131","131","131","131",NA,NA,NA,NA,NA,NA,"CA","rex sole","rex_sole",NA,NA,"700","total_catch_wt_kg ~ 0 + factor(year) + pass","delta_gamma","TRUE","iid, iid","01_6","2007","1107642.91953778","703245.600257222","1744586.58078121","13.9177448195623","0.231781478186746","index"
"132","132","132","132","132","132","132","132","132","132","132","132","132","132","132","132","132","132","132","132","132","132","132","132","132","132","132","132","132","132","132","132","132","132","132","132","132","132","132","132","132","132","132","132","132","132","132","132","132","132","132","132","132","132","132","132",NA,NA,NA,NA,NA,NA,"CA","rex sole","rex_sole",NA,NA,"700","total_catch_wt_kg ~ 0 + factor(year) + pass","delta_gamma","TRUE","iid, iid","01_6","2008","791065.364559202","510545.452968578","1225717.33303381","13.5811358786823","0.223422947225377","index"
"133","133","133","133","133","133","133","133","133","133","133","133","133","133","133","133","133","133","133","133","133","133","133","133","133","133","133","133","133","133","133","133","133","133","133","133","133","133","133","133","133","133","133","133","133","133","133","133","133","133","133","133","133","133","133","133",NA,NA,NA,NA,NA,NA,"CA","rex sole","rex_sole",NA,NA,"700","total_catch_wt_kg ~ 0 + factor(year) + pass","delta_gamma","TRUE","iid, iid","01_6","2009","857340.661667714","524975.995502398","1400126.89426954","13.6615906234589","0.250250927900684","index"
"134","134","134","134","134","134","134","134","134","134","134","134","134","134","134","134","134","134","134","134","134","134","134","134","134","134","134","134","134","134","134","134","134","134","134","134","134","134","134","134","134","134","134","134","134","134","134","134","134","134","134","134","134","134","134","134",NA,NA,NA,NA,NA,NA,"CA","rex sole","rex_sole",NA,NA,"700","total_catch_wt_kg ~ 0 + factor(year) + pass","delta_gamma","TRUE","iid, iid","01_6","2010","823357.588537855","527223.585297355","1285825.85739317","13.6211458792647","0.227435751219972","index"
"135","135","135","135","135","135","135","135","135","135","135","135","135","135","135","135","135","135","135","135","135","135","135","135","135","135","135","135","135","135","135","135","135","135","135","135","135","135","135","135","135","135","135","135","135","135","135","135","135","135","135","135","135","135","135","135",NA,NA,NA,NA,NA,NA,"CA","rex sole","rex_sole",NA,NA,"700","total_catch_wt_kg ~ 0 + factor(year) + pass","delta_gamma","TRUE","iid, iid","01_6","2011","856058.314830389","522035.468992899","1403804.68745547","13.6600937776053","0.252353088469001","index"
"136","136","136","136","136","136","136","136","136","136","136","136","136","136","136","136","136","136","136","136","136","136","136","136","136","136","136","136","136","136","136","136","136","136","136","136","136","136","136","136","136","136","136","136","136","136","136","136","136","136","136","136","136","136","136","136",NA,NA,NA,NA,NA,NA,"CA","rex sole","rex_sole",NA,NA,"700","total_catch_wt_kg ~ 0 + factor(year) + pass","delta_gamma","TRUE","iid, iid","01_6","2012","896672.198387203","561817.069148856","1431108.22990589","13.7064456320959","0.238531962642922","index"
"137","137","137","137","137","137","137","137","137","137","137","137","137","137","137","137","137","137","137","137","137","137","137","137","137","137","137","137","137","137","137","137","137","137","137","137","137","137","137","137","137","137","137","137","137","137","137","137","137","137","137","137","137","137","137","137",NA,NA,NA,NA,NA,NA,"CA","rex sole","rex_sole",NA,NA,"700","total_catch_wt_kg ~ 0 + factor(year) + pass","delta_gamma","TRUE","iid, iid","01_6","2013","908000.281037188","521761.522691159","1580155.82695934","13.7189999670957","0.282675631834214","index"
"138","138","138","138","138","138","138","138","138","138","138","138","138","138","138","138","138","138","138","138","138","138","138","138","138","138","138","138","138","138","138","138","138","138","138","138","138","138","138","138","138","138","138","138","138","138","138","138","138","138","138","138","138","138","138","138",NA,NA,NA,NA,NA,NA,"CA","rex sole","rex_sole",NA,NA,"700","total_catch_wt_kg ~ 0 + factor(year) + pass","delta_gamma","TRUE","iid, iid","01_6","2014","883073.595374321","536562.04731026","1453362.15775323","13.6911638230827","0.254201781575632","index"
"139","139","139","139","139","139","139","139","139","139","139","139","139","139","139","139","139","139","139","139","139","139","139","139","139","139","139","139","139","139","139","139","139","139","139","139","139","139","139","139","139","139","139","139","139","139","139","139","139","139","139","139","139","139","139","139",NA,NA,NA,NA,NA,NA,"CA","rex sole","rex_sole",NA,NA,"700","total_catch_wt_kg ~ 0 + factor(year) + pass","delta_gamma","TRUE","iid, iid","01_6","2015","1382509.76195381","841437.637750562","2271509.0889055","14.1394110734414","0.253343375657887","index"
"140","140","140","140","140","140","140","140","140","140","140","140","140","140","140","140","140","140","140","140","140","140","140","140","140","140","140","140","140","140","140","140","140","140","140","140","140","140","140","140","140","140","140","140","140","140","140","140","140","140","140","140","140","140","140","140",NA,NA,NA,NA,NA,NA,"CA","rex sole","rex_sole",NA,NA,"700","total_catch_wt_kg ~ 0 + factor(year) + pass","delta_gamma","TRUE","iid, iid","01_6","2016","1778864.35877591","1125015.72606968","2812723.71007479","14.3914857179715","0.233768655615111","index"
"141","141","141","141","141","141","141","141","141","141","141","141","141","141","141","141","141","141","141","141","141","141","141","141","141","141","141","141","141","141","141","141","141","141","141","141","141","141","141","141","141","141","141","141","141","141","141","141","141","141","141","141","141","141","141","141",NA,NA,NA,NA,NA,NA,"CA","rex sole","rex_sole",NA,NA,"700","total_catch_wt_kg ~ 0 + factor(year) + pass","delta_gamma","TRUE","iid, iid","01_6","2017","1742586.26945938","1121024.99510392","2708777.16355188","14.3708809294067","0.225068896128522","index"
"142","142","142","142","142","142","142","142","142","142","142","142","142","142","142","142","142","142","142","142","142","142","142","142","142","142","142","142","142","142","142","142","142","142","142","142","142","142","142","142","142","142","142","142","142","142","142","142","142","142","142","142","142","142","142","142",NA,NA,NA,NA,NA,NA,"CA","rex sole","rex_sole",NA,NA,"700","total_catch_wt_kg ~ 0 + factor(year) + pass","delta_gamma","TRUE","iid, iid","01_6","2018","1870252.44627373","1202866.21859803","2907924.55446101","14.4415839777267","0.225190972344724","index"
"143","143","143","143","143","143","143","143","143","143","143","143","143","143","143","143","143","143","143","143","143","143","143","143","143","143","143","143","143","143","143","143","143","143","143","143","143","143","143","143","143","143","143","143","143","143","143","143","143","143","143","143","143","143","143","143",NA,NA,NA,NA,NA,NA,"CA","rex sole","rex_sole",NA,NA,"700","total_catch_wt_kg ~ 0 + factor(year) + pass","delta_gamma","TRUE","iid, iid","01_6","2019","696990.328710391","384340.283829685","1263972.41911569","13.4545268140515","0.303701100517493","index"
"144","144","144","144","144","144","144","144","144","144","144","144","144","144","144","144","144","144","144","144","144","144","144","144","144","144","144","144","144","144","144","144","144","144","144","144","144","144","144","144","144","144","144","144","144","144","144","144","144","144","144","144","144","144","144","144",NA,NA,NA,NA,NA,NA,"CA","rex sole","rex_sole",NA,NA,"700","total_catch_wt_kg ~ 0 + factor(year) + pass","delta_gamma","TRUE","iid, iid","01_6","2021","1143133.05021628","709709.553860997","1841250.64033266","13.9492833403912","0.243204598604002","index"
"145","145","145","145","145","145","145","145","145","145","145","145","145","145","145","145","145","145","145","145","145","145","145","145","145","145","145","145","145","145","145","145","145","145","145","145","145","145","145","145","145","145","145","145","145","145","145","145","145","145","145","145","145","145","145","145",NA,NA,NA,NA,NA,NA,"CA","rex sole","rex_sole",NA,NA,"700","total_catch_wt_kg ~ 0 + factor(year) + pass","delta_gamma","TRUE","iid, iid","01_6","2022","1655098.17278915","1012742.12621709","2704883.98838736","14.3193708839398","0.25061618551957","index"
"146","146","146","146","146","146","146","146","146","146","146","146","146","146","146","146","146","146","146","146","146","146","146","146","146","146","146","146","146","146","146","146","146","146","146","146","146","146","146","146","146","146","146","146","146","146","146","146","146","146","146","146","146","146","146","146",NA,NA,NA,NA,NA,NA,"CA","rex sole","rex_sole",NA,NA,"700","total_catch_wt_kg ~ 0 + factor(year) + pass","delta_gamma","TRUE","iid, iid","01_6","2023","1128197.47017513","691571.539520978","1840488.59585978","13.9361317579305","0.249703505520178","index"
"147","147","147","147","147","147","147","147","147","147","147","147","147","147","147","147","147","147","147","147","147","147","147","147","147","147","147","147","147","147","147","147","147","147","147","147","147","147","147","147","147","147","147","147","147","147","147","147","147","147","147","147","147","147","147","147",NA,NA,NA,NA,NA,NA,"CA","rex sole","rex_sole",NA,NA,"700","total_catch_wt_kg ~ 0 + factor(year) + pass","delta_gamma","TRUE","iid, iid","01_6","2024","1183839.67626292","708376.260652825","1978434.98849427","13.9842736766958","0.262016551138562","index"
"148","148","148","148","148","148","148","148","148","148","148","148","148","148","148","148","148","148","148","148","148","148","148","148","148","148","148","148","148","148","148","148","148","148","148","148","148","148","148","148","148","148","148","148","148","148","148","148","148","148","148","148","148","148","148",NA,NA,NA,NA,NA,NA,NA,"CA","rex sole","rex_sole",NA,NA,"700","total_catch_wt_kg ~ 0 + factor(year) + pass","delta_gamma","TRUE","iid, iid","01_7","2003","1675415.90318975","1008188.27256266","2784220.49239485","14.3315719928316","0.259140733365221","index"
"149","149","149","149","149","149","149","149","149","149","149","149","149","149","149","149","149","149","149","149","149","149","149","149","149","149","149","149","149","149","149","149","149","149","149","149","149","149","149","149","149","149","149","149","149","149","149","149","149","149","149","149","149","149","149",NA,NA,NA,NA,NA,NA,NA,"CA","rex sole","rex_sole",NA,NA,"700","total_catch_wt_kg ~ 0 + factor(year) + pass","delta_gamma","TRUE","iid, iid","01_7","2004","1258317.66409922","764052.503050477","2072322.69701696","14.0452861995481","0.254542642837135","index"
"150","150","150","150","150","150","150","150","150","150","150","150","150","150","150","150","150","150","150","150","150","150","150","150","150","150","150","150","150","150","150","150","150","150","150","150","150","150","150","150","150","150","150","150","150","150","150","150","150","150","150","150","150","150","150",NA,NA,NA,NA,NA,NA,NA,"CA","rex sole","rex_sole",NA,NA,"700","total_catch_wt_kg ~ 0 + factor(year) + pass","delta_gamma","TRUE","iid, iid","01_7","2005","1370076.97770536","863751.955824274","2173205.99065611","14.1303774843319","0.235380124108775","index"
"151","151","151","151","151","151","151","151","151","151","151","151","151","151","151","151","151","151","151","151","151","151","151","151","151","151","151","151","151","151","151","151","151","151","151","151","151","151","151","151","151","151","151","151","151","151","151","151","151","151","151","151","151","151","151",NA,NA,NA,NA,NA,NA,NA,"CA","rex sole","rex_sole",NA,NA,"700","total_catch_wt_kg ~ 0 + factor(year) + pass","delta_gamma","TRUE","iid, iid","01_7","2006","1606834.50992622","1014366.69204319","2545348.89852228","14.2897766586615","0.23469902268348","index"
"152","152","152","152","152","152","152","152","152","152","152","152","152","152","152","152","152","152","152","152","152","152","152","152","152","152","152","152","152","152","152","152","152","152","152","152","152","152","152","152","152","152","152","152","152","152","152","152","152","152","152","152","152","152","152",NA,NA,NA,NA,NA,NA,NA,"CA","rex sole","rex_sole",NA,NA,"700","total_catch_wt_kg ~ 0 + factor(year) + pass","delta_gamma","TRUE","iid, iid","01_7","2007","1249319.91432767","805739.524533575","1937102.74947627","14.0381098926816","0.223776608875046","index"
"153","153","153","153","153","153","153","153","153","153","153","153","153","153","153","153","153","153","153","153","153","153","153","153","153","153","153","153","153","153","153","153","153","153","153","153","153","153","153","153","153","153","153","153","153","153","153","153","153","153","153","153","153","153","153",NA,NA,NA,NA,NA,NA,NA,"CA","rex sole","rex_sole",NA,NA,"700","total_catch_wt_kg ~ 0 + factor(year) + pass","delta_gamma","TRUE","iid, iid","01_7","2008","996044.193468256","629821.636786111","1575214.27876691","13.8115469065344","0.23385887091786","index"
"154","154","154","154","154","154","154","154","154","154","154","154","154","154","154","154","154","154","154","154","154","154","154","154","154","154","154","154","154","154","154","154","154","154","154","154","154","154","154","154","154","154","154","154","154","154","154","154","154","154","154","154","154","154","154",NA,NA,NA,NA,NA,NA,NA,"CA","rex sole","rex_sole",NA,NA,"700","total_catch_wt_kg ~ 0 + factor(year) + pass","delta_gamma","TRUE","iid, iid","01_7","2009","831497.760557467","543378.329268961","1272388.84690571","13.6309838843553","0.217056431862844","index"
"155","155","155","155","155","155","155","155","155","155","155","155","155","155","155","155","155","155","155","155","155","155","155","155","155","155","155","155","155","155","155","155","155","155","155","155","155","155","155","155","155","155","155","155","155","155","155","155","155","155","155","155","155","155","155",NA,NA,NA,NA,NA,NA,NA,"CA","rex sole","rex_sole",NA,NA,"700","total_catch_wt_kg ~ 0 + factor(year) + pass","delta_gamma","TRUE","iid, iid","01_7","2010","958815.870637442","624758.605078174","1471492.9355334","13.7734543340101","0.218541623801202","index"
"156","156","156","156","156","156","156","156","156","156","156","156","156","156","156","156","156","156","156","156","156","156","156","156","156","156","156","156","156","156","156","156","156","156","156","156","156","156","156","156","156","156","156","156","156","156","156","156","156","156","156","156","156","156","156",NA,NA,NA,NA,NA,NA,NA,"CA","rex sole","rex_sole",NA,NA,"700","total_catch_wt_kg ~ 0 + factor(year) + pass","delta_gamma","TRUE","iid, iid","01_7","2011","1267703.63723527","832158.375666533","1931209.92211646","14.0527176620836","0.214769051037379","index"
"157","157","157","157","157","157","157","157","157","157","157","157","157","157","157","157","157","157","157","157","157","157","157","157","157","157","157","157","157","157","157","157","157","157","157","157","157","157","157","157","157","157","157","157","157","157","157","157","157","157","157","157","157","157","157",NA,NA,NA,NA,NA,NA,NA,"CA","rex sole","rex_sole",NA,NA,"700","total_catch_wt_kg ~ 0 + factor(year) + pass","delta_gamma","TRUE","iid, iid","01_7","2012","1669150.51023318","1116913.90852204","2494429.87911068","14.3278253784661","0.204975897716902","index"
"158","158","158","158","158","158","158","158","158","158","158","158","158","158","158","158","158","158","158","158","158","158","158","158","158","158","158","158","158","158","158","158","158","158","158","158","158","158","158","158","158","158","158","158","158","158","158","158","158","158","158","158","158","158","158",NA,NA,NA,NA,NA,NA,NA,"CA","rex sole","rex_sole",NA,NA,"700","total_catch_wt_kg ~ 0 + factor(year) + pass","delta_gamma","TRUE","iid, iid","01_7","2013","1252017.77327215","781671.486402744","2005380.17806331","14.0402670264457","0.240349921229386","index"
"159","159","159","159","159","159","159","159","159","159","159","159","159","159","159","159","159","159","159","159","159","159","159","159","159","159","159","159","159","159","159","159","159","159","159","159","159","159","159","159","159","159","159","159","159","159","159","159","159","159","159","159","159","159","159",NA,NA,NA,NA,NA,NA,NA,"CA","rex sole","rex_sole",NA,NA,"700","total_catch_wt_kg ~ 0 + factor(year) + pass","delta_gamma","TRUE","iid, iid","01_7","2014","1489877.08335934","954690.921441781","2325081.00125963","14.2142041801291","0.22707624172162","index"
"160","160","160","160","160","160","160","160","160","160","160","160","160","160","160","160","160","160","160","160","160","160","160","160","160","160","160","160","160","160","160","160","160","160","160","160","160","160","160","160","160","160","160","160","160","160","160","160","160","160","160","160","160","160","160",NA,NA,NA,NA,NA,NA,NA,"CA","rex sole","rex_sole",NA,NA,"700","total_catch_wt_kg ~ 0 + factor(year) + pass","delta_gamma","TRUE","iid, iid","01_7","2015","2234593.37317384","1454175.19626253","3433841.77935802","14.6195698335373","0.219198115115357","index"
"161","161","161","161","161","161","161","161","161","161","161","161","161","161","161","161","161","161","161","161","161","161","161","161","161","161","161","161","161","161","161","161","161","161","161","161","161","161","161","161","161","161","161","161","161","161","161","161","161","161","161","161","161","161","161",NA,NA,NA,NA,NA,NA,NA,"CA","rex sole","rex_sole",NA,NA,"700","total_catch_wt_kg ~ 0 + factor(year) + pass","delta_gamma","TRUE","iid, iid","01_7","2016","2178926.67508356","1379938.93367078","3440530.11299658","14.5943429626417","0.233062015962397","index"
"162","162","162","162","162","162","162","162","162","162","162","162","162","162","162","162","162","162","162","162","162","162","162","162","162","162","162","162","162","162","162","162","162","162","162","162","162","162","162","162","162","162","162","162","162","162","162","162","162","162","162","162","162","162","162",NA,NA,NA,NA,NA,NA,NA,"CA","rex sole","rex_sole",NA,NA,"700","total_catch_wt_kg ~ 0 + factor(year) + pass","delta_gamma","TRUE","iid, iid","01_7","2017","1811900.23993384","1145004.48940101","2867222.36450771","14.4098867088453","0.234171442245144","index"
"163","163","163","163","163","163","163","163","163","163","163","163","163","163","163","163","163","163","163","163","163","163","163","163","163","163","163","163","163","163","163","163","163","163","163","163","163","163","163","163","163","163","163","163","163","163","163","163","163","163","163","163","163","163","163",NA,NA,NA,NA,NA,NA,NA,"CA","rex sole","rex_sole",NA,NA,"700","total_catch_wt_kg ~ 0 + factor(year) + pass","delta_gamma","TRUE","iid, iid","01_7","2018","1629506.58932741","1045201.23782152","2540459.79719253","14.3037878210241","0.226569379645475","index"
"164","164","164","164","164","164","164","164","164","164","164","164","164","164","164","164","164","164","164","164","164","164","164","164","164","164","164","164","164","164","164","164","164","164","164","164","164","164","164","164","164","164","164","164","164","164","164","164","164","164","164","164","164","164","164",NA,NA,NA,NA,NA,NA,NA,"CA","rex sole","rex_sole",NA,NA,"700","total_catch_wt_kg ~ 0 + factor(year) + pass","delta_gamma","TRUE","iid, iid","01_7","2019","2451222.52295904","1374497.74860126","4371409.02062309","14.7120974470302","0.295157718704907","index"
"165","165","165","165","165","165","165","165","165","165","165","165","165","165","165","165","165","165","165","165","165","165","165","165","165","165","165","165","165","165","165","165","165","165","165","165","165","165","165","165","165","165","165","165","165","165","165","165","165","165","165","165","165","165","165",NA,NA,NA,NA,NA,NA,NA,"CA","rex sole","rex_sole",NA,NA,"700","total_catch_wt_kg ~ 0 + factor(year) + pass","delta_gamma","TRUE","iid, iid","01_7","2021","1864232.04224758","1186206.26806513","2929811.78813984","14.4383597526642","0.230661886494884","index"
"166","166","166","166","166","166","166","166","166","166","166","166","166","166","166","166","166","166","166","166","166","166","166","166","166","166","166","166","166","166","166","166","166","166","166","166","166","166","166","166","166","166","166","166","166","166","166","166","166","166","166","166","166","166","166",NA,NA,NA,NA,NA,NA,NA,"CA","rex sole","rex_sole",NA,NA,"700","total_catch_wt_kg ~ 0 + factor(year) + pass","delta_gamma","TRUE","iid, iid","01_7","2022","2179191.78568095","1335666.46504332","3555436.15346015","14.5944646255107","0.249761566730395","index"
"167","167","167","167","167","167","167","167","167","167","167","167","167","167","167","167","167","167","167","167","167","167","167","167","167","167","167","167","167","167","167","167","167","167","167","167","167","167","167","167","167","167","167","167","167","167","167","167","167","167","167","167","167","167","167",NA,NA,NA,NA,NA,NA,NA,"CA","rex sole","rex_sole",NA,NA,"700","total_catch_wt_kg ~ 0 + factor(year) + pass","delta_gamma","TRUE","iid, iid","01_7","2023","1970148.77021244","1271028.32094656","3053815.64895341","14.4936196157372","0.223617774029643","index"
"168","168","168","168","168","168","168","168","168","168","168","168","168","168","168","168","168","168","168","168","168","168","168","168","168","168","168","168","168","168","168","168","168","168","168","168","168","168","168","168","168","168","168","168","168","168","168","168","168","168","168","168","168","168","168",NA,NA,NA,NA,NA,NA,NA,"CA","rex sole","rex_sole",NA,NA,"700","total_catch_wt_kg ~ 0 + factor(year) + pass","delta_gamma","TRUE","iid, iid","01_7","2024","1879818.12840743","1202356.45281851","2938992.16626289","14.4466855899177","0.228010154044562","index"
"169","169","169","169","169","169","169","169","169","169","169","169","169","169","169","169","169","169","169","169","169","169","169","169","169","169","169","169","169","169","169","169","169","169","169","169","169","169","169","169","169","169","169","169","169","169","169","169","169","169","169","169","169","169",NA,NA,NA,NA,NA,NA,NA,NA,"CA","rex sole","rex_sole",NA,NA,"700","total_catch_wt_kg ~ 0 + factor(year) + pass","delta_gamma","TRUE","iid, iid","01_8","2003","2368464.02652482","1428670.49632591","3926463.00134869","14.6777522129362","0.257911558578026","index"
"170","170","170","170","170","170","170","170","170","170","170","170","170","170","170","170","170","170","170","170","170","170","170","170","170","170","170","170","170","170","170","170","170","170","170","170","170","170","170","170","170","170","170","170","170","170","170","170","170","170","170","170","170","170",NA,NA,NA,NA,NA,NA,NA,NA,"CA","rex sole","rex_sole",NA,NA,"700","total_catch_wt_kg ~ 0 + factor(year) + pass","delta_gamma","TRUE","iid, iid","01_8","2004","2373789.57049519","1377990.66279046","4089198.19063286","14.6799982110045","0.277485331707971","index"
"171","171","171","171","171","171","171","171","171","171","171","171","171","171","171","171","171","171","171","171","171","171","171","171","171","171","171","171","171","171","171","171","171","171","171","171","171","171","171","171","171","171","171","171","171","171","171","171","171","171","171","171","171","171",NA,NA,NA,NA,NA,NA,NA,NA,"CA","rex sole","rex_sole",NA,NA,"700","total_catch_wt_kg ~ 0 + factor(year) + pass","delta_gamma","TRUE","iid, iid","01_8","2005","1425612.98361348","894722.869069952","2271510.48587808","14.1701124431302","0.237679437476613","index"
"172","172","172","172","172","172","172","172","172","172","172","172","172","172","172","172","172","172","172","172","172","172","172","172","172","172","172","172","172","172","172","172","172","172","172","172","172","172","172","172","172","172","172","172","172","172","172","172","172","172","172","172","172","172",NA,NA,NA,NA,NA,NA,NA,NA,"CA","rex sole","rex_sole",NA,NA,"700","total_catch_wt_kg ~ 0 + factor(year) + pass","delta_gamma","TRUE","iid, iid","01_8","2006","1415870.23505087","904790.931264233","2215637.28507084","14.1632549071232","0.228471405515127","index"
"173","173","173","173","173","173","173","173","173","173","173","173","173","173","173","173","173","173","173","173","173","173","173","173","173","173","173","173","173","173","173","173","173","173","173","173","173","173","173","173","173","173","173","173","173","173","173","173","173","173","173","173","173","173",NA,NA,NA,NA,NA,NA,NA,NA,"CA","rex sole","rex_sole",NA,NA,"700","total_catch_wt_kg ~ 0 + factor(year) + pass","delta_gamma","TRUE","iid, iid","01_8","2007","1321313.93754218","839714.910063264","2079122.92686536","14.0941372067022","0.231289702181795","index"
"174","174","174","174","174","174","174","174","174","174","174","174","174","174","174","174","174","174","174","174","174","174","174","174","174","174","174","174","174","174","174","174","174","174","174","174","174","174","174","174","174","174","174","174","174","174","174","174","174","174","174","174","174","174",NA,NA,NA,NA,NA,NA,NA,NA,"CA","rex sole","rex_sole",NA,NA,"700","total_catch_wt_kg ~ 0 + factor(year) + pass","delta_gamma","TRUE","iid, iid","01_8","2008","782290.240662646","494094.687109924","1238584.49929026","13.5699811024102","0.234442394819592","index"
"175","175","175","175","175","175","175","175","175","175","175","175","175","175","175","175","175","175","175","175","175","175","175","175","175","175","175","175","175","175","175","175","175","175","175","175","175","175","175","175","175","175","175","175","175","175","175","175","175","175","175","175","175","175",NA,NA,NA,NA,NA,NA,NA,NA,"CA","rex sole","rex_sole",NA,NA,"700","total_catch_wt_kg ~ 0 + factor(year) + pass","delta_gamma","TRUE","iid, iid","01_8","2009","1003760.81076807","606238.324398536","1661946.67127548","13.8192643145643","0.257267917276689","index"
"176","176","176","176","176","176","176","176","176","176","176","176","176","176","176","176","176","176","176","176","176","176","176","176","176","176","176","176","176","176","176","176","176","176","176","176","176","176","176","176","176","176","176","176","176","176","176","176","176","176","176","176","176","176",NA,NA,NA,NA,NA,NA,NA,NA,"CA","rex sole","rex_sole",NA,NA,"700","total_catch_wt_kg ~ 0 + factor(year) + pass","delta_gamma","TRUE","iid, iid","01_8","2010","847796.379695974","539859.543072472","1331380.93166784","13.650395767658","0.230275398901306","index"
"177","177","177","177","177","177","177","177","177","177","177","177","177","177","177","177","177","177","177","177","177","177","177","177","177","177","177","177","177","177","177","177","177","177","177","177","177","177","177","177","177","177","177","177","177","177","177","177","177","177","177","177","177","177",NA,NA,NA,NA,NA,NA,NA,NA,"CA","rex sole","rex_sole",NA,NA,"700","total_catch_wt_kg ~ 0 + factor(year) + pass","delta_gamma","TRUE","iid, iid","01_8","2011","1071974.84655245","677542.075624189","1696027.61656168","13.8850131563007","0.234078904443962","index"
"178","178","178","178","178","178","178","178","178","178","178","178","178","178","178","178","178","178","178","178","178","178","178","178","178","178","178","178","178","178","178","178","178","178","178","178","178","178","178","178","178","178","178","178","178","178","178","178","178","178","178","178","178","178",NA,NA,NA,NA,NA,NA,NA,NA,"CA","rex sole","rex_sole",NA,NA,"700","total_catch_wt_kg ~ 0 + factor(year) + pass","delta_gamma","TRUE","iid, iid","01_8","2012","1384861.97172852","884351.136472619","2168643.88096953","14.1411110332355","0.228831529975733","index"
"179","179","179","179","179","179","179","179","179","179","179","179","179","179","179","179","179","179","179","179","179","179","179","179","179","179","179","179","179","179","179","179","179","179","179","179","179","179","179","179","179","179","179","179","179","179","179","179","179","179","179","179","179","179",NA,NA,NA,NA,NA,NA,NA,NA,"CA","rex sole","rex_sole",NA,NA,"700","total_catch_wt_kg ~ 0 + factor(year) + pass","delta_gamma","TRUE","iid, iid","01_8","2013","1202471.74293586","736791.487355621","1962479.63959077","13.9998897820879","0.249917639114727","index"
"180","180","180","180","180","180","180","180","180","180","180","180","180","180","180","180","180","180","180","180","180","180","180","180","180","180","180","180","180","180","180","180","180","180","180","180","180","180","180","180","180","180","180","180","180","180","180","180","180","180","180","180","180","180",NA,NA,NA,NA,NA,NA,NA,NA,"CA","rex sole","rex_sole",NA,NA,"700","total_catch_wt_kg ~ 0 + factor(year) + pass","delta_gamma","TRUE","iid, iid","01_8","2014","1661894.49120549","1058076.34307766","2610296.80700122","14.3234687693532","0.23036429556824","index"
"181","181","181","181","181","181","181","181","181","181","181","181","181","181","181","181","181","181","181","181","181","181","181","181","181","181","181","181","181","181","181","181","181","181","181","181","181","181","181","181","181","181","181","181","181","181","181","181","181","181","181","181","181","181",NA,NA,NA,NA,NA,NA,NA,NA,"CA","rex sole","rex_sole",NA,NA,"700","total_catch_wt_kg ~ 0 + factor(year) + pass","delta_gamma","TRUE","iid, iid","01_8","2015","1858326.99212398","1199315.86046838","2879457.63371118","14.4351871743266","0.223435400791577","index"
"182","182","182","182","182","182","182","182","182","182","182","182","182","182","182","182","182","182","182","182","182","182","182","182","182","182","182","182","182","182","182","182","182","182","182","182","182","182","182","182","182","182","182","182","182","182","182","182","182","182","182","182","182","182",NA,NA,NA,NA,NA,NA,NA,NA,"CA","rex sole","rex_sole",NA,NA,"700","total_catch_wt_kg ~ 0 + factor(year) + pass","delta_gamma","TRUE","iid, iid","01_8","2016","2399942.71263127","1500473.60893048","3838604.68430192","14.6909554252963","0.239628928631701","index"
"183","183","183","183","183","183","183","183","183","183","183","183","183","183","183","183","183","183","183","183","183","183","183","183","183","183","183","183","183","183","183","183","183","183","183","183","183","183","183","183","183","183","183","183","183","183","183","183","183","183","183","183","183","183",NA,NA,NA,NA,NA,NA,NA,NA,"CA","rex sole","rex_sole",NA,NA,"700","total_catch_wt_kg ~ 0 + factor(year) + pass","delta_gamma","TRUE","iid, iid","01_8","2017","2106544.4853006","1327559.57738069","3342621.86357445","14.5605594782891","0.235568904049768","index"
"184","184","184","184","184","184","184","184","184","184","184","184","184","184","184","184","184","184","184","184","184","184","184","184","184","184","184","184","184","184","184","184","184","184","184","184","184","184","184","184","184","184","184","184","184","184","184","184","184","184","184","184","184","184",NA,NA,NA,NA,NA,NA,NA,NA,"CA","rex sole","rex_sole",NA,NA,"700","total_catch_wt_kg ~ 0 + factor(year) + pass","delta_gamma","TRUE","iid, iid","01_8","2018","2526883.02921044","1613825.28523081","3956523.60992629","14.7424970968979","0.228769114141503","index"
"185","185","185","185","185","185","185","185","185","185","185","185","185","185","185","185","185","185","185","185","185","185","185","185","185","185","185","185","185","185","185","185","185","185","185","185","185","185","185","185","185","185","185","185","185","185","185","185","185","185","185","185","185","185",NA,NA,NA,NA,NA,NA,NA,NA,"CA","rex sole","rex_sole",NA,NA,"700","total_catch_wt_kg ~ 0 + factor(year) + pass","delta_gamma","TRUE","iid, iid","01_8","2019","1511537.40280197","787198.828360839","2902373.88288139","14.2286378383814","0.33286412769375","index"
"186","186","186","186","186","186","186","186","186","186","186","186","186","186","186","186","186","186","186","186","186","186","186","186","186","186","186","186","186","186","186","186","186","186","186","186","186","186","186","186","186","186","186","186","186","186","186","186","186","186","186","186","186","186",NA,NA,NA,NA,NA,NA,NA,NA,"CA","rex sole","rex_sole",NA,NA,"700","total_catch_wt_kg ~ 0 + factor(year) + pass","delta_gamma","TRUE","iid, iid","01_8","2021","2132324.62866675","1331815.62914522","3413992.31433932","14.5727233175298","0.240141970616825","index"
"187","187","187","187","187","187","187","187","187","187","187","187","187","187","187","187","187","187","187","187","187","187","187","187","187","187","187","187","187","187","187","187","187","187","187","187","187","187","187","187","187","187","187","187","187","187","187","187","187","187","187","187","187","187",NA,NA,NA,NA,NA,NA,NA,NA,"CA","rex sole","rex_sole",NA,NA,"700","total_catch_wt_kg ~ 0 + factor(year) + pass","delta_gamma","TRUE","iid, iid","01_8","2022","1718249.85328142","1076894.37068339","2741571.16860781","14.3568168035955","0.23838444650624","index"
"188","188","188","188","188","188","188","188","188","188","188","188","188","188","188","188","188","188","188","188","188","188","188","188","188","188","188","188","188","188","188","188","188","188","188","188","188","188","188","188","188","188","188","188","188","188","188","188","188","188","188","188","188","188",NA,NA,NA,NA,NA,NA,NA,NA,"CA","rex sole","rex_sole",NA,NA,"700","total_catch_wt_kg ~ 0 + factor(year) + pass","delta_gamma","TRUE","iid, iid","01_8","2023","1851886.36683676","1132675.53153761","3027771.87304496","14.4317153353063","0.250832270449876","index"
"189","189","189","189","189","189","189","189","189","189","189","189","189","189","189","189","189","189","189","189","189","189","189","189","189","189","189","189","189","189","189","189","189","189","189","189","189","189","189","189","189","189","189","189","189","189","189","189","189","189","189","189","189","189",NA,NA,NA,NA,NA,NA,NA,NA,"CA","rex sole","rex_sole",NA,NA,"700","total_catch_wt_kg ~ 0 + factor(year) + pass","delta_gamma","TRUE","iid, iid","01_8","2024","1818313.2796317","1157881.28892372","2855442.27591607","14.4134198599035","0.230268232215539","index"
"190","190","190","190","190","190","190","190","190","190","190","190","190","190","190","190","190","190","190","190","190","190","190","190","190","190","190","190","190","190","190","190","190","190","190","190","190","190","190","190","190","190","190","190","190","190","190","190","190","190","190","190","190",NA,NA,NA,NA,NA,NA,NA,NA,NA,"CA","rex sole","rex_sole",NA,NA,"700","total_catch_wt_kg ~ 0 + factor(year) + pass","delta_gamma","TRUE","iid, iid","01_9","2003","1194636.90522853","740467.113487269","1927374.36860999","13.9933528521805","0.244043439305725","index"
"191","191","191","191","191","191","191","191","191","191","191","191","191","191","191","191","191","191","191","191","191","191","191","191","191","191","191","191","191","191","191","191","191","191","191","191","191","191","191","191","191","191","191","191","191","191","191","191","191","191","191","191","191",NA,NA,NA,NA,NA,NA,NA,NA,NA,"CA","rex sole","rex_sole",NA,NA,"700","total_catch_wt_kg ~ 0 + factor(year) + pass","delta_gamma","TRUE","iid, iid","01_9","2004","1359238.35334704","822762.445738942","2245519.239214","14.1224350665308","0.256133417144299","index"
"192","192","192","192","192","192","192","192","192","192","192","192","192","192","192","192","192","192","192","192","192","192","192","192","192","192","192","192","192","192","192","192","192","192","192","192","192","192","192","192","192","192","192","192","192","192","192","192","192","192","192","192","192",NA,NA,NA,NA,NA,NA,NA,NA,NA,"CA","rex sole","rex_sole",NA,NA,"700","total_catch_wt_kg ~ 0 + factor(year) + pass","delta_gamma","TRUE","iid, iid","01_9","2005","1512064.83282656","986587.900375567","2317421.54733549","14.2289867136559","0.217850436680873","index"
"193","193","193","193","193","193","193","193","193","193","193","193","193","193","193","193","193","193","193","193","193","193","193","193","193","193","193","193","193","193","193","193","193","193","193","193","193","193","193","193","193","193","193","193","193","193","193","193","193","193","193","193","193",NA,NA,NA,NA,NA,NA,NA,NA,NA,"CA","rex sole","rex_sole",NA,NA,"700","total_catch_wt_kg ~ 0 + factor(year) + pass","delta_gamma","TRUE","iid, iid","01_9","2006","1449032.58594578","931803.068971576","2253368.23310758","14.1864067096254","0.225274515834962","index"
"194","194","194","194","194","194","194","194","194","194","194","194","194","194","194","194","194","194","194","194","194","194","194","194","194","194","194","194","194","194","194","194","194","194","194","194","194","194","194","194","194","194","194","194","194","194","194","194","194","194","194","194","194",NA,NA,NA,NA,NA,NA,NA,NA,NA,"CA","rex sole","rex_sole",NA,NA,"700","total_catch_wt_kg ~ 0 + factor(year) + pass","delta_gamma","TRUE","iid, iid","01_9","2007","960534.320587601","614767.853542984","1500771.6745589","13.775244992554","0.227680199463036","index"
"195","195","195","195","195","195","195","195","195","195","195","195","195","195","195","195","195","195","195","195","195","195","195","195","195","195","195","195","195","195","195","195","195","195","195","195","195","195","195","195","195","195","195","195","195","195","195","195","195","195","195","195","195",NA,NA,NA,NA,NA,NA,NA,NA,NA,"CA","rex sole","rex_sole",NA,NA,"700","total_catch_wt_kg ~ 0 + factor(year) + pass","delta_gamma","TRUE","iid, iid","01_9","2008","443317.572246627","279840.394089289","702294.858118073","13.0020416595745","0.234732354617485","index"
"196","196","196","196","196","196","196","196","196","196","196","196","196","196","196","196","196","196","196","196","196","196","196","196","196","196","196","196","196","196","196","196","196","196","196","196","196","196","196","196","196","196","196","196","196","196","196","196","196","196","196","196","196",NA,NA,NA,NA,NA,NA,NA,NA,NA,"CA","rex sole","rex_sole",NA,NA,"700","total_catch_wt_kg ~ 0 + factor(year) + pass","delta_gamma","TRUE","iid, iid","01_9","2009","1001944.30041101","646035.559632664","1553927.4365902","13.8174529706697","0.223903677317776","index"
"197","197","197","197","197","197","197","197","197","197","197","197","197","197","197","197","197","197","197","197","197","197","197","197","197","197","197","197","197","197","197","197","197","197","197","197","197","197","197","197","197","197","197","197","197","197","197","197","197","197","197","197","197",NA,NA,NA,NA,NA,NA,NA,NA,NA,"CA","rex sole","rex_sole",NA,NA,"700","total_catch_wt_kg ~ 0 + factor(year) + pass","delta_gamma","TRUE","iid, iid","01_9","2010","960637.309019387","606204.150336974","1522299.11155678","13.7753522067459","0.234892130831813","index"
"198","198","198","198","198","198","198","198","198","198","198","198","198","198","198","198","198","198","198","198","198","198","198","198","198","198","198","198","198","198","198","198","198","198","198","198","198","198","198","198","198","198","198","198","198","198","198","198","198","198","198","198","198",NA,NA,NA,NA,NA,NA,NA,NA,NA,"CA","rex sole","rex_sole",NA,NA,"700","total_catch_wt_kg ~ 0 + factor(year) + pass","delta_gamma","TRUE","iid, iid","01_9","2011","710692.223711078","454365.682710265","1111623.20585174","13.4739947370231","0.228237416207169","index"
"199","199","199","199","199","199","199","199","199","199","199","199","199","199","199","199","199","199","199","199","199","199","199","199","199","199","199","199","199","199","199","199","199","199","199","199","199","199","199","199","199","199","199","199","199","199","199","199","199","199","199","199","199",NA,NA,NA,NA,NA,NA,NA,NA,NA,"CA","rex sole","rex_sole",NA,NA,"700","total_catch_wt_kg ~ 0 + factor(year) + pass","delta_gamma","TRUE","iid, iid","01_9","2012","917992.228622912","605095.133307338","1392689.65394907","13.7299442040144","0.212658618992364","index"
"200","200","200","200","200","200","200","200","200","200","200","200","200","200","200","200","200","200","200","200","200","200","200","200","200","200","200","200","200","200","200","200","200","200","200","200","200","200","200","200","200","200","200","200","200","200","200","200","200","200","200","200","200",NA,NA,NA,NA,NA,NA,NA,NA,NA,"CA","rex sole","rex_sole",NA,NA,"700","total_catch_wt_kg ~ 0 + factor(year) + pass","delta_gamma","TRUE","iid, iid","01_9","2013","1224817.55469708","751934.40784052","1995091.62854044","14.0183024559279","0.248932166236179","index"
"201","201","201","201","201","201","201","201","201","201","201","201","201","201","201","201","201","201","201","201","201","201","201","201","201","201","201","201","201","201","201","201","201","201","201","201","201","201","201","201","201","201","201","201","201","201","201","201","201","201","201","201","201",NA,NA,NA,NA,NA,NA,NA,NA,NA,"CA","rex sole","rex_sole",NA,NA,"700","total_catch_wt_kg ~ 0 + factor(year) + pass","delta_gamma","TRUE","iid, iid","01_9","2014","1458743.97820521","971965.908219467","2189309.2915657","14.1930863345231","0.20715193174287","index"
"202","202","202","202","202","202","202","202","202","202","202","202","202","202","202","202","202","202","202","202","202","202","202","202","202","202","202","202","202","202","202","202","202","202","202","202","202","202","202","202","202","202","202","202","202","202","202","202","202","202","202","202","202",NA,NA,NA,NA,NA,NA,NA,NA,NA,"CA","rex sole","rex_sole",NA,NA,"700","total_catch_wt_kg ~ 0 + factor(year) + pass","delta_gamma","TRUE","iid, iid","01_9","2015","1531336.51961136","1014540.00679192","2311383.99727632","14.2416514542823","0.210057728139229","index"
"203","203","203","203","203","203","203","203","203","203","203","203","203","203","203","203","203","203","203","203","203","203","203","203","203","203","203","203","203","203","203","203","203","203","203","203","203","203","203","203","203","203","203","203","203","203","203","203","203","203","203","203","203",NA,NA,NA,NA,NA,NA,NA,NA,NA,"CA","rex sole","rex_sole",NA,NA,"700","total_catch_wt_kg ~ 0 + factor(year) + pass","delta_gamma","TRUE","iid, iid","01_9","2016","1565277.29270095","989036.451721443","2477252.48021018","14.2635735500957","0.234232407657052","index"
"204","204","204","204","204","204","204","204","204","204","204","204","204","204","204","204","204","204","204","204","204","204","204","204","204","204","204","204","204","204","204","204","204","204","204","204","204","204","204","204","204","204","204","204","204","204","204","204","204","204","204","204","204",NA,NA,NA,NA,NA,NA,NA,NA,NA,"CA","rex sole","rex_sole",NA,NA,"700","total_catch_wt_kg ~ 0 + factor(year) + pass","delta_gamma","TRUE","iid, iid","01_9","2017","1707301.39538095","1121262.85090001","2599638.48113761","14.3504245505617","0.214523532249805","index"
"205","205","205","205","205","205","205","205","205","205","205","205","205","205","205","205","205","205","205","205","205","205","205","205","205","205","205","205","205","205","205","205","205","205","205","205","205","205","205","205","205","205","205","205","205","205","205","205","205","205","205","205","205",NA,NA,NA,NA,NA,NA,NA,NA,NA,"CA","rex sole","rex_sole",NA,NA,"700","total_catch_wt_kg ~ 0 + factor(year) + pass","delta_gamma","TRUE","iid, iid","01_9","2018","1557374.39400606","1003229.06144354","2417608.39704527","14.2585118804887","0.224380379829845","index"
"206","206","206","206","206","206","206","206","206","206","206","206","206","206","206","206","206","206","206","206","206","206","206","206","206","206","206","206","206","206","206","206","206","206","206","206","206","206","206","206","206","206","206","206","206","206","206","206","206","206","206","206","206",NA,NA,NA,NA,NA,NA,NA,NA,NA,"CA","rex sole","rex_sole",NA,NA,"700","total_catch_wt_kg ~ 0 + factor(year) + pass","delta_gamma","TRUE","iid, iid","01_9","2019","1582557.91365834","942281.84212366","2657898.55871376","14.2745530286394","0.264542271419479","index"
"207","207","207","207","207","207","207","207","207","207","207","207","207","207","207","207","207","207","207","207","207","207","207","207","207","207","207","207","207","207","207","207","207","207","207","207","207","207","207","207","207","207","207","207","207","207","207","207","207","207","207","207","207",NA,NA,NA,NA,NA,NA,NA,NA,NA,"CA","rex sole","rex_sole",NA,NA,"700","total_catch_wt_kg ~ 0 + factor(year) + pass","delta_gamma","TRUE","iid, iid","01_9","2021","1111845.32916451","705978.545657449","1751044.76416307","13.9215316516404","0.231734627675101","index"
"208","208","208","208","208","208","208","208","208","208","208","208","208","208","208","208","208","208","208","208","208","208","208","208","208","208","208","208","208","208","208","208","208","208","208","208","208","208","208","208","208","208","208","208","208","208","208","208","208","208","208","208","208",NA,NA,NA,NA,NA,NA,NA,NA,NA,"CA","rex sole","rex_sole",NA,NA,"700","total_catch_wt_kg ~ 0 + factor(year) + pass","delta_gamma","TRUE","iid, iid","01_9","2022","1196583.68639615","763675.835085775","1874895.672702","13.9949811265476","0.229127908271652","index"
"209","209","209","209","209","209","209","209","209","209","209","209","209","209","209","209","209","209","209","209","209","209","209","209","209","209","209","209","209","209","209","209","209","209","209","209","209","209","209","209","209","209","209","209","209","209","209","209","209","209","209","209","209",NA,NA,NA,NA,NA,NA,NA,NA,NA,"CA","rex sole","rex_sole",NA,NA,"700","total_catch_wt_kg ~ 0 + factor(year) + pass","delta_gamma","TRUE","iid, iid","01_9","2023","1845792.45294119","1197928.81604389","2844033.58004691","14.4284192570314","0.220572736817798","index"
"210","210","210","210","210","210","210","210","210","210","210","210","210","210","210","210","210","210","210","210","210","210","210","210","210","210","210","210","210","210","210","210","210","210","210","210","210","210","210","210","210","210","210","210","210","210","210","210","210","210","210","210","210",NA,NA,NA,NA,NA,NA,NA,NA,NA,"CA","rex sole","rex_sole",NA,NA,"700","total_catch_wt_kg ~ 0 + factor(year) + pass","delta_gamma","TRUE","iid, iid","01_9","2024","1377493.72981778","874995.153643796","2168570.84040461","14.1357762681424","0.231536214486773","index"
"211","211","211","211","211","211","211","211","211","211","211","211","211","211","211","211","211","211","211","211","211","211","211","211","211","211","211","211","211","211","211","211","211","211","211","211","211","211","211","211","211","211","211","211","211","211","211","211","211","211","211","211",NA,NA,NA,NA,NA,NA,NA,NA,NA,NA,"CA","rex sole","rex_sole",NA,NA,"700","total_catch_wt_kg ~ 0 + factor(year) + pass","delta_gamma","TRUE","iid, iid","02_1","2003","1720202.00494129","1230105.45173504","2405562.00578601","14.3579522866269","0.171095914251662","index"
"212","212","212","212","212","212","212","212","212","212","212","212","212","212","212","212","212","212","212","212","212","212","212","212","212","212","212","212","212","212","212","212","212","212","212","212","212","212","212","212","212","212","212","212","212","212","212","212","212","212","212","212",NA,NA,NA,NA,NA,NA,NA,NA,NA,NA,"CA","rex sole","rex_sole",NA,NA,"700","total_catch_wt_kg ~ 0 + factor(year) + pass","delta_gamma","TRUE","iid, iid","02_1","2004","2334558.1605283","1601974.62719345","3402152.38891619","14.6633332065668","0.192139060339136","index"
"213","213","213","213","213","213","213","213","213","213","213","213","213","213","213","213","213","213","213","213","213","213","213","213","213","213","213","213","213","213","213","213","213","213","213","213","213","213","213","213","213","213","213","213","213","213","213","213","213","213","213","213",NA,NA,NA,NA,NA,NA,NA,NA,NA,NA,"CA","rex sole","rex_sole",NA,NA,"700","total_catch_wt_kg ~ 0 + factor(year) + pass","delta_gamma","TRUE","iid, iid","02_1","2005","1699598.81405661","1246273.94151536","2317817.96322427","14.3459027894446","0.158285550639301","index"
"214","214","214","214","214","214","214","214","214","214","214","214","214","214","214","214","214","214","214","214","214","214","214","214","214","214","214","214","214","214","214","214","214","214","214","214","214","214","214","214","214","214","214","214","214","214","214","214","214","214","214","214",NA,NA,NA,NA,NA,NA,NA,NA,NA,NA,"CA","rex sole","rex_sole",NA,NA,"700","total_catch_wt_kg ~ 0 + factor(year) + pass","delta_gamma","TRUE","iid, iid","02_1","2006","1634153.04151553","1184635.98595103","2254241.9737069","14.3066352106744","0.164130112952522","index"
"215","215","215","215","215","215","215","215","215","215","215","215","215","215","215","215","215","215","215","215","215","215","215","215","215","215","215","215","215","215","215","215","215","215","215","215","215","215","215","215","215","215","215","215","215","215","215","215","215","215","215","215",NA,NA,NA,NA,NA,NA,NA,NA,NA,NA,"CA","rex sole","rex_sole",NA,NA,"700","total_catch_wt_kg ~ 0 + factor(year) + pass","delta_gamma","TRUE","iid, iid","02_1","2007","1456680.83174203","1074918.94320601","1974027.02685274","14.1916710026644","0.155061618493723","index"
"216","216","216","216","216","216","216","216","216","216","216","216","216","216","216","216","216","216","216","216","216","216","216","216","216","216","216","216","216","216","216","216","216","216","216","216","216","216","216","216","216","216","216","216","216","216","216","216","216","216","216","216",NA,NA,NA,NA,NA,NA,NA,NA,NA,NA,"CA","rex sole","rex_sole",NA,NA,"700","total_catch_wt_kg ~ 0 + factor(year) + pass","delta_gamma","TRUE","iid, iid","02_1","2008","699888.877226986","499544.687364905","980581.823520088","13.4586768546053","0.172056486752949","index"
"217","217","217","217","217","217","217","217","217","217","217","217","217","217","217","217","217","217","217","217","217","217","217","217","217","217","217","217","217","217","217","217","217","217","217","217","217","217","217","217","217","217","217","217","217","217","217","217","217","217","217","217",NA,NA,NA,NA,NA,NA,NA,NA,NA,NA,"CA","rex sole","rex_sole",NA,NA,"700","total_catch_wt_kg ~ 0 + factor(year) + pass","delta_gamma","TRUE","iid, iid","02_1","2009","965014.24062094","704530.900348926","1321805.025358","13.7798981373324","0.160518595783121","index"
"218","218","218","218","218","218","218","218","218","218","218","218","218","218","218","218","218","218","218","218","218","218","218","218","218","218","218","218","218","218","218","218","218","218","218","218","218","218","218","218","218","218","218","218","218","218","218","218","218","218","218","218",NA,NA,NA,NA,NA,NA,NA,NA,NA,NA,"CA","rex sole","rex_sole",NA,NA,"700","total_catch_wt_kg ~ 0 + factor(year) + pass","delta_gamma","TRUE","iid, iid","02_1","2010","950061.175533246","689785.042178603","1308547.12999402","13.7642816568016","0.163342981995801","index"
"219","219","219","219","219","219","219","219","219","219","219","219","219","219","219","219","219","219","219","219","219","219","219","219","219","219","219","219","219","219","219","219","219","219","219","219","219","219","219","219","219","219","219","219","219","219","219","219","219","219","219","219",NA,NA,NA,NA,NA,NA,NA,NA,NA,NA,"CA","rex sole","rex_sole",NA,NA,"700","total_catch_wt_kg ~ 0 + factor(year) + pass","delta_gamma","TRUE","iid, iid","02_1","2011","1163718.43152769","851417.634953547","1590571.45668724","13.9671309806987","0.159427896692442","index"
"220","220","220","220","220","220","220","220","220","220","220","220","220","220","220","220","220","220","220","220","220","220","220","220","220","220","220","220","220","220","220","220","220","220","220","220","220","220","220","220","220","220","220","220","220","220","220","220","220","220","220","220",NA,NA,NA,NA,NA,NA,NA,NA,NA,NA,"CA","rex sole","rex_sole",NA,NA,"700","total_catch_wt_kg ~ 0 + factor(year) + pass","delta_gamma","TRUE","iid, iid","02_1","2012","1227312.28712054","911420.668707861","1652689.58871927","14.0203372040409","0.151827977889767","index"
"221","221","221","221","221","221","221","221","221","221","221","221","221","221","221","221","221","221","221","221","221","221","221","221","221","221","221","221","221","221","221","221","221","221","221","221","221","221","221","221","221","221","221","221","221","221","221","221","221","221","221","221",NA,NA,NA,NA,NA,NA,NA,NA,NA,NA,"CA","rex sole","rex_sole",NA,NA,"700","total_catch_wt_kg ~ 0 + factor(year) + pass","delta_gamma","TRUE","iid, iid","02_1","2013","1296881.05815722","918076.668510109","1831982.59654768","14.0754727537404","0.176246386900151","index"
"222","222","222","222","222","222","222","222","222","222","222","222","222","222","222","222","222","222","222","222","222","222","222","222","222","222","222","222","222","222","222","222","222","222","222","222","222","222","222","222","222","222","222","222","222","222","222","222","222","222","222","222",NA,NA,NA,NA,NA,NA,NA,NA,NA,NA,"CA","rex sole","rex_sole",NA,NA,"700","total_catch_wt_kg ~ 0 + factor(year) + pass","delta_gamma","TRUE","iid, iid","02_1","2014","1624298.87265219","1185485.3427409","2225541.49982081","14.3005868176558","0.160678461189553","index"
"223","223","223","223","223","223","223","223","223","223","223","223","223","223","223","223","223","223","223","223","223","223","223","223","223","223","223","223","223","223","223","223","223","223","223","223","223","223","223","223","223","223","223","223","223","223","223","223","223","223","223","223",NA,NA,NA,NA,NA,NA,NA,NA,NA,NA,"CA","rex sole","rex_sole",NA,NA,"700","total_catch_wt_kg ~ 0 + factor(year) + pass","delta_gamma","TRUE","iid, iid","02_1","2015","1915997.84953173","1393314.59195944","2634758.71177634","14.4657491151385","0.162530052927314","index"
"224","224","224","224","224","224","224","224","224","224","224","224","224","224","224","224","224","224","224","224","224","224","224","224","224","224","224","224","224","224","224","224","224","224","224","224","224","224","224","224","224","224","224","224","224","224","224","224","224","224","224","224",NA,NA,NA,NA,NA,NA,NA,NA,NA,NA,"CA","rex sole","rex_sole",NA,NA,"700","total_catch_wt_kg ~ 0 + factor(year) + pass","delta_gamma","TRUE","iid, iid","02_1","2016","1620702.69966131","1185727.19141972","2215245.85056065","14.2983703783827","0.159443526955334","index"
"225","225","225","225","225","225","225","225","225","225","225","225","225","225","225","225","225","225","225","225","225","225","225","225","225","225","225","225","225","225","225","225","225","225","225","225","225","225","225","225","225","225","225","225","225","225","225","225","225","225","225","225",NA,NA,NA,NA,NA,NA,NA,NA,NA,NA,"CA","rex sole","rex_sole",NA,NA,"700","total_catch_wt_kg ~ 0 + factor(year) + pass","delta_gamma","TRUE","iid, iid","02_1","2017","2130135.12518114","1578268.07916218","2874971.43954099","14.5716959747256","0.152991241538706","index"
"226","226","226","226","226","226","226","226","226","226","226","226","226","226","226","226","226","226","226","226","226","226","226","226","226","226","226","226","226","226","226","226","226","226","226","226","226","226","226","226","226","226","226","226","226","226","226","226","226","226","226","226",NA,NA,NA,NA,NA,NA,NA,NA,NA,NA,"CA","rex sole","rex_sole",NA,NA,"700","total_catch_wt_kg ~ 0 + factor(year) + pass","delta_gamma","TRUE","iid, iid","02_1","2018","2272954.1449708","1648136.38151205","3134643.83354016","14.6365909288392","0.164000557956816","index"
"227","227","227","227","227","227","227","227","227","227","227","227","227","227","227","227","227","227","227","227","227","227","227","227","227","227","227","227","227","227","227","227","227","227","227","227","227","227","227","227","227","227","227","227","227","227","227","227","227","227","227","227",NA,NA,NA,NA,NA,NA,NA,NA,NA,NA,"CA","rex sole","rex_sole",NA,NA,"700","total_catch_wt_kg ~ 0 + factor(year) + pass","delta_gamma","TRUE","iid, iid","02_1","2019","1459967.89620563","962326.986965577","2214950.10201488","14.1939250045425","0.212664841112318","index"
"228","228","228","228","228","228","228","228","228","228","228","228","228","228","228","228","228","228","228","228","228","228","228","228","228","228","228","228","228","228","228","228","228","228","228","228","228","228","228","228","228","228","228","228","228","228","228","228","228","228","228","228",NA,NA,NA,NA,NA,NA,NA,NA,NA,NA,"CA","rex sole","rex_sole",NA,NA,"700","total_catch_wt_kg ~ 0 + factor(year) + pass","delta_gamma","TRUE","iid, iid","02_1","2021","1637527.55028433","1190437.32583735","2252530.5782512","14.3086980709511","0.162690118383189","index"
"229","229","229","229","229","229","229","229","229","229","229","229","229","229","229","229","229","229","229","229","229","229","229","229","229","229","229","229","229","229","229","229","229","229","229","229","229","229","229","229","229","229","229","229","229","229","229","229","229","229","229","229",NA,NA,NA,NA,NA,NA,NA,NA,NA,NA,"CA","rex sole","rex_sole",NA,NA,"700","total_catch_wt_kg ~ 0 + factor(year) + pass","delta_gamma","TRUE","iid, iid","02_1","2022","1541014.83671376","1111915.31592915","2135708.26208786","14.2479517422337","0.166511807694004","index"
"230","230","230","230","230","230","230","230","230","230","230","230","230","230","230","230","230","230","230","230","230","230","230","230","230","230","230","230","230","230","230","230","230","230","230","230","230","230","230","230","230","230","230","230","230","230","230","230","230","230","230","230",NA,NA,NA,NA,NA,NA,NA,NA,NA,NA,"CA","rex sole","rex_sole",NA,NA,"700","total_catch_wt_kg ~ 0 + factor(year) + pass","delta_gamma","TRUE","iid, iid","02_1","2023","1844384.05094222","1338504.10206515","2541458.4252088","14.4276559319894","0.163570722680162","index"
"231","231","231","231","231","231","231","231","231","231","231","231","231","231","231","231","231","231","231","231","231","231","231","231","231","231","231","231","231","231","231","231","231","231","231","231","231","231","231","231","231","231","231","231","231","231","231","231","231","231","231","231",NA,NA,NA,NA,NA,NA,NA,NA,NA,NA,"CA","rex sole","rex_sole",NA,NA,"700","total_catch_wt_kg ~ 0 + factor(year) + pass","delta_gamma","TRUE","iid, iid","02_1","2024","1572135.90500576","1146143.5296946","2156458.80273553","14.2679457018004","0.161243926835994","index"
"232","232","232","232","232","232","232","232","232","232","232","232","232","232","232","232","232","232","232","232","232","232","232","232","232","232","232","232","232","232","232","232","232","232","232","232","232","232","232","232","232","232","232","232","232","232","232","232","232","232","232",NA,NA,NA,NA,NA,NA,NA,NA,NA,NA,NA,"CA","rex sole","rex_sole",NA,NA,"700","total_catch_wt_kg ~ 0 + factor(year) + pass","delta_gamma","TRUE","iid, iid","02_10","2003","2261604.10362304","1522300.77187439","3359949.10862899","14.6315848998377","0.201968754971032","index"
"233","233","233","233","233","233","233","233","233","233","233","233","233","233","233","233","233","233","233","233","233","233","233","233","233","233","233","233","233","233","233","233","233","233","233","233","233","233","233","233","233","233","233","233","233","233","233","233","233","233","233",NA,NA,NA,NA,NA,NA,NA,NA,NA,NA,NA,"CA","rex sole","rex_sole",NA,NA,"700","total_catch_wt_kg ~ 0 + factor(year) + pass","delta_gamma","TRUE","iid, iid","02_10","2004","1617672.62502134","1106286.87952382","2365448.57412555","14.2964990230143","0.193870506723749","index"
"234","234","234","234","234","234","234","234","234","234","234","234","234","234","234","234","234","234","234","234","234","234","234","234","234","234","234","234","234","234","234","234","234","234","234","234","234","234","234","234","234","234","234","234","234","234","234","234","234","234","234",NA,NA,NA,NA,NA,NA,NA,NA,NA,NA,NA,"CA","rex sole","rex_sole",NA,NA,"700","total_catch_wt_kg ~ 0 + factor(year) + pass","delta_gamma","TRUE","iid, iid","02_10","2005","1959602.84452271","1361835.38864915","2819755.85321702","14.4882523803288","0.185671004587087","index"
"235","235","235","235","235","235","235","235","235","235","235","235","235","235","235","235","235","235","235","235","235","235","235","235","235","235","235","235","235","235","235","235","235","235","235","235","235","235","235","235","235","235","235","235","235","235","235","235","235","235","235",NA,NA,NA,NA,NA,NA,NA,NA,NA,NA,NA,"CA","rex sole","rex_sole",NA,NA,"700","total_catch_wt_kg ~ 0 + factor(year) + pass","delta_gamma","TRUE","iid, iid","02_10","2006","1275063.24221662","912773.852740062","1781149.0401171","14.0585063370831","0.170545432321119","index"
"236","236","236","236","236","236","236","236","236","236","236","236","236","236","236","236","236","236","236","236","236","236","236","236","236","236","236","236","236","236","236","236","236","236","236","236","236","236","236","236","236","236","236","236","236","236","236","236","236","236","236",NA,NA,NA,NA,NA,NA,NA,NA,NA,NA,NA,"CA","rex sole","rex_sole",NA,NA,"700","total_catch_wt_kg ~ 0 + factor(year) + pass","delta_gamma","TRUE","iid, iid","02_10","2007","1853105.47003579","1295226.58641021","2651273.46759773","14.4323734221775","0.182746834631445","index"
"237","237","237","237","237","237","237","237","237","237","237","237","237","237","237","237","237","237","237","237","237","237","237","237","237","237","237","237","237","237","237","237","237","237","237","237","237","237","237","237","237","237","237","237","237","237","237","237","237","237","237",NA,NA,NA,NA,NA,NA,NA,NA,NA,NA,NA,"CA","rex sole","rex_sole",NA,NA,"700","total_catch_wt_kg ~ 0 + factor(year) + pass","delta_gamma","TRUE","iid, iid","02_10","2008","922476.918162071","650794.326792731","1307576.95558832","13.7348176336213","0.177997503712463","index"
"238","238","238","238","238","238","238","238","238","238","238","238","238","238","238","238","238","238","238","238","238","238","238","238","238","238","238","238","238","238","238","238","238","238","238","238","238","238","238","238","238","238","238","238","238","238","238","238","238","238","238",NA,NA,NA,NA,NA,NA,NA,NA,NA,NA,NA,"CA","rex sole","rex_sole",NA,NA,"700","total_catch_wt_kg ~ 0 + factor(year) + pass","delta_gamma","TRUE","iid, iid","02_10","2009","1431998.56747188","1008148.54497935","2034045.38691619","14.1745816261334","0.179062240987404","index"
"239","239","239","239","239","239","239","239","239","239","239","239","239","239","239","239","239","239","239","239","239","239","239","239","239","239","239","239","239","239","239","239","239","239","239","239","239","239","239","239","239","239","239","239","239","239","239","239","239","239","239",NA,NA,NA,NA,NA,NA,NA,NA,NA,NA,NA,"CA","rex sole","rex_sole",NA,NA,"700","total_catch_wt_kg ~ 0 + factor(year) + pass","delta_gamma","TRUE","iid, iid","02_10","2010","1308553.83317322","925674.223942502","1849801.03153296","14.0844331412396","0.176613194037572","index"
"240","240","240","240","240","240","240","240","240","240","240","240","240","240","240","240","240","240","240","240","240","240","240","240","240","240","240","240","240","240","240","240","240","240","240","240","240","240","240","240","240","240","240","240","240","240","240","240","240","240","240",NA,NA,NA,NA,NA,NA,NA,NA,NA,NA,NA,"CA","rex sole","rex_sole",NA,NA,"700","total_catch_wt_kg ~ 0 + factor(year) + pass","delta_gamma","TRUE","iid, iid","02_10","2011","1246841.84339163","888509.164597639","1749688.85451649","14.0361243869407","0.172872638683478","index"
"241","241","241","241","241","241","241","241","241","241","241","241","241","241","241","241","241","241","241","241","241","241","241","241","241","241","241","241","241","241","241","241","241","241","241","241","241","241","241","241","241","241","241","241","241","241","241","241","241","241","241",NA,NA,NA,NA,NA,NA,NA,NA,NA,NA,NA,"CA","rex sole","rex_sole",NA,NA,"700","total_catch_wt_kg ~ 0 + factor(year) + pass","delta_gamma","TRUE","iid, iid","02_10","2012","1402816.95317522","994237.168694472","1979301.78641364","14.1539928824155","0.175647015790383","index"
"242","242","242","242","242","242","242","242","242","242","242","242","242","242","242","242","242","242","242","242","242","242","242","242","242","242","242","242","242","242","242","242","242","242","242","242","242","242","242","242","242","242","242","242","242","242","242","242","242","242","242",NA,NA,NA,NA,NA,NA,NA,NA,NA,NA,NA,"CA","rex sole","rex_sole",NA,NA,"700","total_catch_wt_kg ~ 0 + factor(year) + pass","delta_gamma","TRUE","iid, iid","02_10","2013","1315146.52591883","930720.758249868","1858355.87022765","14.0894586439408","0.176403277219371","index"
"243","243","243","243","243","243","243","243","243","243","243","243","243","243","243","243","243","243","243","243","243","243","243","243","243","243","243","243","243","243","243","243","243","243","243","243","243","243","243","243","243","243","243","243","243","243","243","243","243","243","243",NA,NA,NA,NA,NA,NA,NA,NA,NA,NA,NA,"CA","rex sole","rex_sole",NA,NA,"700","total_catch_wt_kg ~ 0 + factor(year) + pass","delta_gamma","TRUE","iid, iid","02_10","2014","1773551.95423782","1277756.80858863","2461725.51242768","14.388494847516","0.16728789146608","index"
"244","244","244","244","244","244","244","244","244","244","244","244","244","244","244","244","244","244","244","244","244","244","244","244","244","244","244","244","244","244","244","244","244","244","244","244","244","244","244","244","244","244","244","244","244","244","244","244","244","244","244",NA,NA,NA,NA,NA,NA,NA,NA,NA,NA,NA,"CA","rex sole","rex_sole",NA,NA,"700","total_catch_wt_kg ~ 0 + factor(year) + pass","delta_gamma","TRUE","iid, iid","02_10","2015","2003531.66732065","1426603.02076466","2813774.45829682","14.5104220149332","0.173276321060442","index"
"245","245","245","245","245","245","245","245","245","245","245","245","245","245","245","245","245","245","245","245","245","245","245","245","245","245","245","245","245","245","245","245","245","245","245","245","245","245","245","245","245","245","245","245","245","245","245","245","245","245","245",NA,NA,NA,NA,NA,NA,NA,NA,NA,NA,NA,"CA","rex sole","rex_sole",NA,NA,"700","total_catch_wt_kg ~ 0 + factor(year) + pass","delta_gamma","TRUE","iid, iid","02_10","2016","2416315.59226057","1750035.91667759","3336263.55079957","14.6977544554417","0.164598731650949","index"
"246","246","246","246","246","246","246","246","246","246","246","246","246","246","246","246","246","246","246","246","246","246","246","246","246","246","246","246","246","246","246","246","246","246","246","246","246","246","246","246","246","246","246","246","246","246","246","246","246","246","246",NA,NA,NA,NA,NA,NA,NA,NA,NA,NA,NA,"CA","rex sole","rex_sole",NA,NA,"700","total_catch_wt_kg ~ 0 + factor(year) + pass","delta_gamma","TRUE","iid, iid","02_10","2017","2072043.30513816","1486912.48172406","2887435.21299232","14.5440457823063","0.169305873379656","index"
"247","247","247","247","247","247","247","247","247","247","247","247","247","247","247","247","247","247","247","247","247","247","247","247","247","247","247","247","247","247","247","247","247","247","247","247","247","247","247","247","247","247","247","247","247","247","247","247","247","247","247",NA,NA,NA,NA,NA,NA,NA,NA,NA,NA,NA,"CA","rex sole","rex_sole",NA,NA,"700","total_catch_wt_kg ~ 0 + factor(year) + pass","delta_gamma","TRUE","iid, iid","02_10","2018","2305260.14052788","1638449.86761494","3243446.39439134","14.6507040872759","0.174208781298215","index"
"248","248","248","248","248","248","248","248","248","248","248","248","248","248","248","248","248","248","248","248","248","248","248","248","248","248","248","248","248","248","248","248","248","248","248","248","248","248","248","248","248","248","248","248","248","248","248","248","248","248","248",NA,NA,NA,NA,NA,NA,NA,NA,NA,NA,NA,"CA","rex sole","rex_sole",NA,NA,"700","total_catch_wt_kg ~ 0 + factor(year) + pass","delta_gamma","TRUE","iid, iid","02_10","2019","2256781.67250361","1428300.1595976","3565821.56987442","14.6294503176265","0.233399555116612","index"
"249","249","249","249","249","249","249","249","249","249","249","249","249","249","249","249","249","249","249","249","249","249","249","249","249","249","249","249","249","249","249","249","249","249","249","249","249","249","249","249","249","249","249","249","249","249","249","249","249","249","249",NA,NA,NA,NA,NA,NA,NA,NA,NA,NA,NA,"CA","rex sole","rex_sole",NA,NA,"700","total_catch_wt_kg ~ 0 + factor(year) + pass","delta_gamma","TRUE","iid, iid","02_10","2021","1848785.21924953","1322605.05990269","2584298.88901758","14.4300393431297","0.170883478386375","index"
"250","250","250","250","250","250","250","250","250","250","250","250","250","250","250","250","250","250","250","250","250","250","250","250","250","250","250","250","250","250","250","250","250","250","250","250","250","250","250","250","250","250","250","250","250","250","250","250","250","250","250",NA,NA,NA,NA,NA,NA,NA,NA,NA,NA,NA,"CA","rex sole","rex_sole",NA,NA,"700","total_catch_wt_kg ~ 0 + factor(year) + pass","delta_gamma","TRUE","iid, iid","02_10","2022","2205151.82220702","1530887.27270209","3176389.69615314","14.6063069181014","0.186201827635339","index"
"251","251","251","251","251","251","251","251","251","251","251","251","251","251","251","251","251","251","251","251","251","251","251","251","251","251","251","251","251","251","251","251","251","251","251","251","251","251","251","251","251","251","251","251","251","251","251","251","251","251","251",NA,NA,NA,NA,NA,NA,NA,NA,NA,NA,NA,"CA","rex sole","rex_sole",NA,NA,"700","total_catch_wt_kg ~ 0 + factor(year) + pass","delta_gamma","TRUE","iid, iid","02_10","2023","1594811.75112158","1144284.87904334","2222719.68117054","14.2822662628605","0.169378532164247","index"
"252","252","252","252","252","252","252","252","252","252","252","252","252","252","252","252","252","252","252","252","252","252","252","252","252","252","252","252","252","252","252","252","252","252","252","252","252","252","252","252","252","252","252","252","252","252","252","252","252","252","252",NA,NA,NA,NA,NA,NA,NA,NA,NA,NA,NA,"CA","rex sole","rex_sole",NA,NA,"700","total_catch_wt_kg ~ 0 + factor(year) + pass","delta_gamma","TRUE","iid, iid","02_10","2024","1743262.46240303","1238931.50406215","2452891.06206391","14.3712688940054","0.174242496728951","index"
"253","253","253","253","253","253","253","253","253","253","253","253","253","253","253","253","253","253","253","253","253","253","253","253","253","253","253","253","253","253","253","253","253","253","253","253","253","253","253","253","253","253","253","253","253","253","253","253","253","253",NA,NA,NA,NA,NA,NA,NA,NA,NA,NA,NA,NA,"CA","rex sole","rex_sole",NA,NA,"700","total_catch_wt_kg ~ 0 + factor(year) + pass","delta_gamma","TRUE","iid, iid","02_2","2003","2156675.06058996","1531113.83066345","3037819.41213038","14.5840782698833","0.174784970631192","index"
"254","254","254","254","254","254","254","254","254","254","254","254","254","254","254","254","254","254","254","254","254","254","254","254","254","254","254","254","254","254","254","254","254","254","254","254","254","254","254","254","254","254","254","254","254","254","254","254","254","254",NA,NA,NA,NA,NA,NA,NA,NA,NA,NA,NA,NA,"CA","rex sole","rex_sole",NA,NA,"700","total_catch_wt_kg ~ 0 + factor(year) + pass","delta_gamma","TRUE","iid, iid","02_2","2004","1865721.59621082","1280243.14522388","2718949.98036387","14.4391584510861","0.192145304196575","index"
"255","255","255","255","255","255","255","255","255","255","255","255","255","255","255","255","255","255","255","255","255","255","255","255","255","255","255","255","255","255","255","255","255","255","255","255","255","255","255","255","255","255","255","255","255","255","255","255","255","255",NA,NA,NA,NA,NA,NA,NA,NA,NA,NA,NA,NA,"CA","rex sole","rex_sole",NA,NA,"700","total_catch_wt_kg ~ 0 + factor(year) + pass","delta_gamma","TRUE","iid, iid","02_2","2005","1817065.16932283","1283438.29342848","2572562.9712561","14.4127332131759","0.177391020743096","index"
"256","256","256","256","256","256","256","256","256","256","256","256","256","256","256","256","256","256","256","256","256","256","256","256","256","256","256","256","256","256","256","256","256","256","256","256","256","256","256","256","256","256","256","256","256","256","256","256","256","256",NA,NA,NA,NA,NA,NA,NA,NA,NA,NA,NA,NA,"CA","rex sole","rex_sole",NA,NA,"700","total_catch_wt_kg ~ 0 + factor(year) + pass","delta_gamma","TRUE","iid, iid","02_2","2006","1794788.07033951","1285545.26598434","2505757.13097625","14.4003975062709","0.170260265540318","index"
"257","257","257","257","257","257","257","257","257","257","257","257","257","257","257","257","257","257","257","257","257","257","257","257","257","257","257","257","257","257","257","257","257","257","257","257","257","257","257","257","257","257","257","257","257","257","257","257","257","257",NA,NA,NA,NA,NA,NA,NA,NA,NA,NA,NA,NA,"CA","rex sole","rex_sole",NA,NA,"700","total_catch_wt_kg ~ 0 + factor(year) + pass","delta_gamma","TRUE","iid, iid","02_2","2007","1326264.42692127","942923.580325173","1865450.5697166","14.0978768468314","0.174052344880884","index"
"258","258","258","258","258","258","258","258","258","258","258","258","258","258","258","258","258","258","258","258","258","258","258","258","258","258","258","258","258","258","258","258","258","258","258","258","258","258","258","258","258","258","258","258","258","258","258","258","258","258",NA,NA,NA,NA,NA,NA,NA,NA,NA,NA,NA,NA,"CA","rex sole","rex_sole",NA,NA,"700","total_catch_wt_kg ~ 0 + factor(year) + pass","delta_gamma","TRUE","iid, iid","02_2","2008","1033831.66072909","737049.446091655","1450116.96080016","13.8487825168595","0.172642078922917","index"
"259","259","259","259","259","259","259","259","259","259","259","259","259","259","259","259","259","259","259","259","259","259","259","259","259","259","259","259","259","259","259","259","259","259","259","259","259","259","259","259","259","259","259","259","259","259","259","259","259","259",NA,NA,NA,NA,NA,NA,NA,NA,NA,NA,NA,NA,"CA","rex sole","rex_sole",NA,NA,"700","total_catch_wt_kg ~ 0 + factor(year) + pass","delta_gamma","TRUE","iid, iid","02_2","2009","893928.048746297","641088.753062649","1246484.75350381","13.7033805685301","0.169624230097212","index"
"260","260","260","260","260","260","260","260","260","260","260","260","260","260","260","260","260","260","260","260","260","260","260","260","260","260","260","260","260","260","260","260","260","260","260","260","260","260","260","260","260","260","260","260","260","260","260","260","260","260",NA,NA,NA,NA,NA,NA,NA,NA,NA,NA,NA,NA,"CA","rex sole","rex_sole",NA,NA,"700","total_catch_wt_kg ~ 0 + factor(year) + pass","delta_gamma","TRUE","iid, iid","02_2","2010","952392.092967029","696459.439973961","1302374.04604643","13.7667320913418","0.159680105026821","index"
"261","261","261","261","261","261","261","261","261","261","261","261","261","261","261","261","261","261","261","261","261","261","261","261","261","261","261","261","261","261","261","261","261","261","261","261","261","261","261","261","261","261","261","261","261","261","261","261","261","261",NA,NA,NA,NA,NA,NA,NA,NA,NA,NA,NA,NA,"CA","rex sole","rex_sole",NA,NA,"700","total_catch_wt_kg ~ 0 + factor(year) + pass","delta_gamma","TRUE","iid, iid","02_2","2011","1297822.58375919","939318.185575142","1793155.38097888","14.0761984825891","0.164946360529995","index"
"262","262","262","262","262","262","262","262","262","262","262","262","262","262","262","262","262","262","262","262","262","262","262","262","262","262","262","262","262","262","262","262","262","262","262","262","262","262","262","262","262","262","262","262","262","262","262","262","262","262",NA,NA,NA,NA,NA,NA,NA,NA,NA,NA,NA,NA,"CA","rex sole","rex_sole",NA,NA,"700","total_catch_wt_kg ~ 0 + factor(year) + pass","delta_gamma","TRUE","iid, iid","02_2","2012","1020777.317296","744701.899400455","1399199.23978292","13.8360749708085","0.16088851174945","index"
"263","263","263","263","263","263","263","263","263","263","263","263","263","263","263","263","263","263","263","263","263","263","263","263","263","263","263","263","263","263","263","263","263","263","263","263","263","263","263","263","263","263","263","263","263","263","263","263","263","263",NA,NA,NA,NA,NA,NA,NA,NA,NA,NA,NA,NA,"CA","rex sole","rex_sole",NA,NA,"700","total_catch_wt_kg ~ 0 + factor(year) + pass","delta_gamma","TRUE","iid, iid","02_2","2013","1331690.42783836","955286.917024126","1856404.9857615","14.101959691538","0.169489175894544","index"
"264","264","264","264","264","264","264","264","264","264","264","264","264","264","264","264","264","264","264","264","264","264","264","264","264","264","264","264","264","264","264","264","264","264","264","264","264","264","264","264","264","264","264","264","264","264","264","264","264","264",NA,NA,NA,NA,NA,NA,NA,NA,NA,NA,NA,NA,"CA","rex sole","rex_sole",NA,NA,"700","total_catch_wt_kg ~ 0 + factor(year) + pass","delta_gamma","TRUE","iid, iid","02_2","2014","1601139.50940803","1163100.58704233","2204149.63000453","14.2862261271007","0.163077593554114","index"
"265","265","265","265","265","265","265","265","265","265","265","265","265","265","265","265","265","265","265","265","265","265","265","265","265","265","265","265","265","265","265","265","265","265","265","265","265","265","265","265","265","265","265","265","265","265","265","265","265","265",NA,NA,NA,NA,NA,NA,NA,NA,NA,NA,NA,NA,"CA","rex sole","rex_sole",NA,NA,"700","total_catch_wt_kg ~ 0 + factor(year) + pass","delta_gamma","TRUE","iid, iid","02_2","2015","2211066.83185998","1615537.61178681","3026123.62552438","14.608985686366","0.160108728038639","index"
"266","266","266","266","266","266","266","266","266","266","266","266","266","266","266","266","266","266","266","266","266","266","266","266","266","266","266","266","266","266","266","266","266","266","266","266","266","266","266","266","266","266","266","266","266","266","266","266","266","266",NA,NA,NA,NA,NA,NA,NA,NA,NA,NA,NA,NA,"CA","rex sole","rex_sole",NA,NA,"700","total_catch_wt_kg ~ 0 + factor(year) + pass","delta_gamma","TRUE","iid, iid","02_2","2016","2064340.2563434","1505462.85478235","2830691.3587556","14.5403212448764","0.161079639104529","index"
"267","267","267","267","267","267","267","267","267","267","267","267","267","267","267","267","267","267","267","267","267","267","267","267","267","267","267","267","267","267","267","267","267","267","267","267","267","267","267","267","267","267","267","267","267","267","267","267","267","267",NA,NA,NA,NA,NA,NA,NA,NA,NA,NA,NA,NA,"CA","rex sole","rex_sole",NA,NA,"700","total_catch_wt_kg ~ 0 + factor(year) + pass","delta_gamma","TRUE","iid, iid","02_2","2017","1934953.61878728","1400149.18589079","2674033.2705875","14.4755939145398","0.165056382072697","index"
"268","268","268","268","268","268","268","268","268","268","268","268","268","268","268","268","268","268","268","268","268","268","268","268","268","268","268","268","268","268","268","268","268","268","268","268","268","268","268","268","268","268","268","268","268","268","268","268","268","268",NA,NA,NA,NA,NA,NA,NA,NA,NA,NA,NA,NA,"CA","rex sole","rex_sole",NA,NA,"700","total_catch_wt_kg ~ 0 + factor(year) + pass","delta_gamma","TRUE","iid, iid","02_2","2018","1721051.99870112","1242786.43799097","2383370.05593766","14.3584462889738","0.166115167198707","index"
"269","269","269","269","269","269","269","269","269","269","269","269","269","269","269","269","269","269","269","269","269","269","269","269","269","269","269","269","269","269","269","269","269","269","269","269","269","269","269","269","269","269","269","269","269","269","269","269","269","269",NA,NA,NA,NA,NA,NA,NA,NA,NA,NA,NA,NA,"CA","rex sole","rex_sole",NA,NA,"700","total_catch_wt_kg ~ 0 + factor(year) + pass","delta_gamma","TRUE","iid, iid","02_2","2019","1806902.5917173","1187683.69271848","2748961.69406999","14.4071246620435","0.214090245443498","index"
"270","270","270","270","270","270","270","270","270","270","270","270","270","270","270","270","270","270","270","270","270","270","270","270","270","270","270","270","270","270","270","270","270","270","270","270","270","270","270","270","270","270","270","270","270","270","270","270","270","270",NA,NA,NA,NA,NA,NA,NA,NA,NA,NA,NA,NA,"CA","rex sole","rex_sole",NA,NA,"700","total_catch_wt_kg ~ 0 + factor(year) + pass","delta_gamma","TRUE","iid, iid","02_2","2021","1676987.90772677","1204044.30993636","2335701.78394055","14.3325098301215","0.169040414154754","index"
"271","271","271","271","271","271","271","271","271","271","271","271","271","271","271","271","271","271","271","271","271","271","271","271","271","271","271","271","271","271","271","271","271","271","271","271","271","271","271","271","271","271","271","271","271","271","271","271","271","271",NA,NA,NA,NA,NA,NA,NA,NA,NA,NA,NA,NA,"CA","rex sole","rex_sole",NA,NA,"700","total_catch_wt_kg ~ 0 + factor(year) + pass","delta_gamma","TRUE","iid, iid","02_2","2022","1602065.00622128","1152362.6320254","2227260.94445434","14.2868039839528","0.168104685138978","index"
"272","272","272","272","272","272","272","272","272","272","272","272","272","272","272","272","272","272","272","272","272","272","272","272","272","272","272","272","272","272","272","272","272","272","272","272","272","272","272","272","272","272","272","272","272","272","272","272","272","272",NA,NA,NA,NA,NA,NA,NA,NA,NA,NA,NA,NA,"CA","rex sole","rex_sole",NA,NA,"700","total_catch_wt_kg ~ 0 + factor(year) + pass","delta_gamma","TRUE","iid, iid","02_2","2023","1682343.71796379","1210996.04792959","2337150.80260674","14.3356984493896","0.167729964902221","index"
"273","273","273","273","273","273","273","273","273","273","273","273","273","273","273","273","273","273","273","273","273","273","273","273","273","273","273","273","273","273","273","273","273","273","273","273","273","273","273","273","273","273","273","273","273","273","273","273","273","273",NA,NA,NA,NA,NA,NA,NA,NA,NA,NA,NA,NA,"CA","rex sole","rex_sole",NA,NA,"700","total_catch_wt_kg ~ 0 + factor(year) + pass","delta_gamma","TRUE","iid, iid","02_2","2024","1604493.51143318","1161144.47119519","2217122.40991107","14.2883186955433","0.165004055327155","index"
"274","274","274","274","274","274","274","274","274","274","274","274","274","274","274","274","274","274","274","274","274","274","274","274","274","274","274","274","274","274","274","274","274","274","274","274","274","274","274","274","274","274","274","274","274","274","274","274","274",NA,NA,NA,NA,NA,NA,NA,NA,NA,NA,NA,NA,NA,"CA","rex sole","rex_sole",NA,NA,"700","total_catch_wt_kg ~ 0 + factor(year) + pass","delta_gamma","TRUE","iid, iid","02_3","2003","1914192.11117996","1358595.16745044","2697000.20012566","14.4648062175255","0.174923856511505","index"
"275","275","275","275","275","275","275","275","275","275","275","275","275","275","275","275","275","275","275","275","275","275","275","275","275","275","275","275","275","275","275","275","275","275","275","275","275","275","275","275","275","275","275","275","275","275","275","275","275",NA,NA,NA,NA,NA,NA,NA,NA,NA,NA,NA,NA,NA,"CA","rex sole","rex_sole",NA,NA,"700","total_catch_wt_kg ~ 0 + factor(year) + pass","delta_gamma","TRUE","iid, iid","02_3","2004","2163921.64611941","1516562.6131289","3087611.97856733","14.5874327103999","0.181368545558285","index"
"276","276","276","276","276","276","276","276","276","276","276","276","276","276","276","276","276","276","276","276","276","276","276","276","276","276","276","276","276","276","276","276","276","276","276","276","276","276","276","276","276","276","276","276","276","276","276","276","276",NA,NA,NA,NA,NA,NA,NA,NA,NA,NA,NA,NA,NA,"CA","rex sole","rex_sole",NA,NA,"700","total_catch_wt_kg ~ 0 + factor(year) + pass","delta_gamma","TRUE","iid, iid","02_3","2005","2038872.94683276","1475656.70346041","2817052.83049799","14.527907736106","0.164948982377833","index"
"277","277","277","277","277","277","277","277","277","277","277","277","277","277","277","277","277","277","277","277","277","277","277","277","277","277","277","277","277","277","277","277","277","277","277","277","277","277","277","277","277","277","277","277","277","277","277","277","277",NA,NA,NA,NA,NA,NA,NA,NA,NA,NA,NA,NA,NA,"CA","rex sole","rex_sole",NA,NA,"700","total_catch_wt_kg ~ 0 + factor(year) + pass","delta_gamma","TRUE","iid, iid","02_3","2006","1743760.3229603","1236670.75470116","2458778.98573366","14.3715544445115","0.175320054666128","index"
"278","278","278","278","278","278","278","278","278","278","278","278","278","278","278","278","278","278","278","278","278","278","278","278","278","278","278","278","278","278","278","278","278","278","278","278","278","278","278","278","278","278","278","278","278","278","278","278","278",NA,NA,NA,NA,NA,NA,NA,NA,NA,NA,NA,NA,NA,"CA","rex sole","rex_sole",NA,NA,"700","total_catch_wt_kg ~ 0 + factor(year) + pass","delta_gamma","TRUE","iid, iid","02_3","2007","1634452.12458976","1199548.13288912","2227033.3922673","14.3068182141636","0.157841026001647","index"
"279","279","279","279","279","279","279","279","279","279","279","279","279","279","279","279","279","279","279","279","279","279","279","279","279","279","279","279","279","279","279","279","279","279","279","279","279","279","279","279","279","279","279","279","279","279","279","279","279",NA,NA,NA,NA,NA,NA,NA,NA,NA,NA,NA,NA,NA,"CA","rex sole","rex_sole",NA,NA,"700","total_catch_wt_kg ~ 0 + factor(year) + pass","delta_gamma","TRUE","iid, iid","02_3","2008","851595.237622914","609899.68506813","1189071.68915986","13.6548666197159","0.170317847894642","index"
"280","280","280","280","280","280","280","280","280","280","280","280","280","280","280","280","280","280","280","280","280","280","280","280","280","280","280","280","280","280","280","280","280","280","280","280","280","280","280","280","280","280","280","280","280","280","280","280","280",NA,NA,NA,NA,NA,NA,NA,NA,NA,NA,NA,NA,NA,"CA","rex sole","rex_sole",NA,NA,"700","total_catch_wt_kg ~ 0 + factor(year) + pass","delta_gamma","TRUE","iid, iid","02_3","2009","872661.563535864","634752.462108085","1199740.44991287","13.6793030890233","0.162407428458907","index"
"281","281","281","281","281","281","281","281","281","281","281","281","281","281","281","281","281","281","281","281","281","281","281","281","281","281","281","281","281","281","281","281","281","281","281","281","281","281","281","281","281","281","281","281","281","281","281","281","281",NA,NA,NA,NA,NA,NA,NA,NA,NA,NA,NA,NA,NA,"CA","rex sole","rex_sole",NA,NA,"700","total_catch_wt_kg ~ 0 + factor(year) + pass","delta_gamma","TRUE","iid, iid","02_3","2010","868972.480954602","641243.127010624","1177577.02320587","13.67506673626","0.155055287423436","index"
"282","282","282","282","282","282","282","282","282","282","282","282","282","282","282","282","282","282","282","282","282","282","282","282","282","282","282","282","282","282","282","282","282","282","282","282","282","282","282","282","282","282","282","282","282","282","282","282","282",NA,NA,NA,NA,NA,NA,NA,NA,NA,NA,NA,NA,NA,"CA","rex sole","rex_sole",NA,NA,"700","total_catch_wt_kg ~ 0 + factor(year) + pass","delta_gamma","TRUE","iid, iid","02_3","2011","914115.500697273","666115.107884922","1254448.57611514","13.7257122108302","0.161479723135896","index"
"283","283","283","283","283","283","283","283","283","283","283","283","283","283","283","283","283","283","283","283","283","283","283","283","283","283","283","283","283","283","283","283","283","283","283","283","283","283","283","283","283","283","283","283","283","283","283","283","283",NA,NA,NA,NA,NA,NA,NA,NA,NA,NA,NA,NA,NA,"CA","rex sole","rex_sole",NA,NA,"700","total_catch_wt_kg ~ 0 + factor(year) + pass","delta_gamma","TRUE","iid, iid","02_3","2012","1291050.9211836","944869.050007982","1764067.18060555","14.0709671122605","0.159271032156201","index"
"284","284","284","284","284","284","284","284","284","284","284","284","284","284","284","284","284","284","284","284","284","284","284","284","284","284","284","284","284","284","284","284","284","284","284","284","284","284","284","284","284","284","284","284","284","284","284","284","284",NA,NA,NA,NA,NA,NA,NA,NA,NA,NA,NA,NA,NA,"CA","rex sole","rex_sole",NA,NA,"700","total_catch_wt_kg ~ 0 + factor(year) + pass","delta_gamma","TRUE","iid, iid","02_3","2013","1715981.0185485","1214035.67799111","2425456.60675414","14.3554954975169","0.176551641400888","index"
"285","285","285","285","285","285","285","285","285","285","285","285","285","285","285","285","285","285","285","285","285","285","285","285","285","285","285","285","285","285","285","285","285","285","285","285","285","285","285","285","285","285","285","285","285","285","285","285","285",NA,NA,NA,NA,NA,NA,NA,NA,NA,NA,NA,NA,NA,"CA","rex sole","rex_sole",NA,NA,"700","total_catch_wt_kg ~ 0 + factor(year) + pass","delta_gamma","TRUE","iid, iid","02_3","2014","1380055.52871623","1019306.45035846","1868479.55457404","14.137634294524","0.154595336217313","index"
"286","286","286","286","286","286","286","286","286","286","286","286","286","286","286","286","286","286","286","286","286","286","286","286","286","286","286","286","286","286","286","286","286","286","286","286","286","286","286","286","286","286","286","286","286","286","286","286","286",NA,NA,NA,NA,NA,NA,NA,NA,NA,NA,NA,NA,NA,"CA","rex sole","rex_sole",NA,NA,"700","total_catch_wt_kg ~ 0 + factor(year) + pass","delta_gamma","TRUE","iid, iid","02_3","2015","1923502.25619588","1413117.1173611","2618226.67359652","14.4696581741376","0.157324130816745","index"
"287","287","287","287","287","287","287","287","287","287","287","287","287","287","287","287","287","287","287","287","287","287","287","287","287","287","287","287","287","287","287","287","287","287","287","287","287","287","287","287","287","287","287","287","287","287","287","287","287",NA,NA,NA,NA,NA,NA,NA,NA,NA,NA,NA,NA,NA,"CA","rex sole","rex_sole",NA,NA,"700","total_catch_wt_kg ~ 0 + factor(year) + pass","delta_gamma","TRUE","iid, iid","02_3","2016","2351343.523387","1730603.37452549","3194733.37817217","14.6704974348348","0.156388974584849","index"
"288","288","288","288","288","288","288","288","288","288","288","288","288","288","288","288","288","288","288","288","288","288","288","288","288","288","288","288","288","288","288","288","288","288","288","288","288","288","288","288","288","288","288","288","288","288","288","288","288",NA,NA,NA,NA,NA,NA,NA,NA,NA,NA,NA,NA,NA,"CA","rex sole","rex_sole",NA,NA,"700","total_catch_wt_kg ~ 0 + factor(year) + pass","delta_gamma","TRUE","iid, iid","02_3","2017","1892408.90184514","1399502.58174354","2558917.35999598","14.4533611267257","0.153948591100873","index"
"289","289","289","289","289","289","289","289","289","289","289","289","289","289","289","289","289","289","289","289","289","289","289","289","289","289","289","289","289","289","289","289","289","289","289","289","289","289","289","289","289","289","289","289","289","289","289","289","289",NA,NA,NA,NA,NA,NA,NA,NA,NA,NA,NA,NA,NA,"CA","rex sole","rex_sole",NA,NA,"700","total_catch_wt_kg ~ 0 + factor(year) + pass","delta_gamma","TRUE","iid, iid","02_3","2018","2210617.02709657","1630160.33736561","2997758.88817572","14.6087822323067","0.155407599467178","index"
"290","290","290","290","290","290","290","290","290","290","290","290","290","290","290","290","290","290","290","290","290","290","290","290","290","290","290","290","290","290","290","290","290","290","290","290","290","290","290","290","290","290","290","290","290","290","290","290","290",NA,NA,NA,NA,NA,NA,NA,NA,NA,NA,NA,NA,NA,"CA","rex sole","rex_sole",NA,NA,"700","total_catch_wt_kg ~ 0 + factor(year) + pass","delta_gamma","TRUE","iid, iid","02_3","2019","1293353.63778988","860549.053300058","1943832.9819428","14.0727491221302","0.207872811315254","index"
"291","291","291","291","291","291","291","291","291","291","291","291","291","291","291","291","291","291","291","291","291","291","291","291","291","291","291","291","291","291","291","291","291","291","291","291","291","291","291","291","291","291","291","291","291","291","291","291","291",NA,NA,NA,NA,NA,NA,NA,NA,NA,NA,NA,NA,NA,"CA","rex sole","rex_sole",NA,NA,"700","total_catch_wt_kg ~ 0 + factor(year) + pass","delta_gamma","TRUE","iid, iid","02_3","2021","1946513.98597027","1429925.44353494","2649730.24622266","14.4815506311958","0.157358895438793","index"
"292","292","292","292","292","292","292","292","292","292","292","292","292","292","292","292","292","292","292","292","292","292","292","292","292","292","292","292","292","292","292","292","292","292","292","292","292","292","292","292","292","292","292","292","292","292","292","292","292",NA,NA,NA,NA,NA,NA,NA,NA,NA,NA,NA,NA,NA,"CA","rex sole","rex_sole",NA,NA,"700","total_catch_wt_kg ~ 0 + factor(year) + pass","delta_gamma","TRUE","iid, iid","02_3","2022","1851207.49373792","1319538.11554225","2597097.53322522","14.4313486834567","0.172736012123857","index"
"293","293","293","293","293","293","293","293","293","293","293","293","293","293","293","293","293","293","293","293","293","293","293","293","293","293","293","293","293","293","293","293","293","293","293","293","293","293","293","293","293","293","293","293","293","293","293","293","293",NA,NA,NA,NA,NA,NA,NA,NA,NA,NA,NA,NA,NA,"CA","rex sole","rex_sole",NA,NA,"700","total_catch_wt_kg ~ 0 + factor(year) + pass","delta_gamma","TRUE","iid, iid","02_3","2023","1508380.72821541","1094249.95518482","2079243.78746478","14.2265472679757","0.16376196522458","index"
"294","294","294","294","294","294","294","294","294","294","294","294","294","294","294","294","294","294","294","294","294","294","294","294","294","294","294","294","294","294","294","294","294","294","294","294","294","294","294","294","294","294","294","294","294","294","294","294","294",NA,NA,NA,NA,NA,NA,NA,NA,NA,NA,NA,NA,NA,"CA","rex sole","rex_sole",NA,NA,"700","total_catch_wt_kg ~ 0 + factor(year) + pass","delta_gamma","TRUE","iid, iid","02_3","2024","1693891.95990876","1236994.47386232","2319549.54728673","14.3425393740662","0.160382635881008","index"
"295","295","295","295","295","295","295","295","295","295","295","295","295","295","295","295","295","295","295","295","295","295","295","295","295","295","295","295","295","295","295","295","295","295","295","295","295","295","295","295","295","295","295","295","295","295","295","295",NA,NA,NA,NA,NA,NA,NA,NA,NA,NA,NA,NA,NA,NA,"CA","rex sole","rex_sole",NA,NA,"700","total_catch_wt_kg ~ 0 + factor(year) + pass","delta_gamma","TRUE","iid, iid","02_4","2003","1893019.7535219","1369677.66561934","2616326.3643521","14.4536838651724","0.165103990773906","index"
"296","296","296","296","296","296","296","296","296","296","296","296","296","296","296","296","296","296","296","296","296","296","296","296","296","296","296","296","296","296","296","296","296","296","296","296","296","296","296","296","296","296","296","296","296","296","296","296",NA,NA,NA,NA,NA,NA,NA,NA,NA,NA,NA,NA,NA,NA,"CA","rex sole","rex_sole",NA,NA,"700","total_catch_wt_kg ~ 0 + factor(year) + pass","delta_gamma","TRUE","iid, iid","02_4","2004","2519795.61752775","1754397.12134382","3619117.85927271","14.7396883520428","0.184724066174217","index"
"297","297","297","297","297","297","297","297","297","297","297","297","297","297","297","297","297","297","297","297","297","297","297","297","297","297","297","297","297","297","297","297","297","297","297","297","297","297","297","297","297","297","297","297","297","297","297","297",NA,NA,NA,NA,NA,NA,NA,NA,NA,NA,NA,NA,NA,NA,"CA","rex sole","rex_sole",NA,NA,"700","total_catch_wt_kg ~ 0 + factor(year) + pass","delta_gamma","TRUE","iid, iid","02_4","2005","1730807.87982928","1245384.25762856","2405439.04303359","14.3640988400318","0.16793377924357","index"
"298","298","298","298","298","298","298","298","298","298","298","298","298","298","298","298","298","298","298","298","298","298","298","298","298","298","298","298","298","298","298","298","298","298","298","298","298","298","298","298","298","298","298","298","298","298","298","298",NA,NA,NA,NA,NA,NA,NA,NA,NA,NA,NA,NA,NA,NA,"CA","rex sole","rex_sole",NA,NA,"700","total_catch_wt_kg ~ 0 + factor(year) + pass","delta_gamma","TRUE","iid, iid","02_4","2006","1409921.80901473","1024769.5970641","1939830.68314139","14.1590448062172","0.162791993525891","index"
"299","299","299","299","299","299","299","299","299","299","299","299","299","299","299","299","299","299","299","299","299","299","299","299","299","299","299","299","299","299","299","299","299","299","299","299","299","299","299","299","299","299","299","299","299","299","299","299",NA,NA,NA,NA,NA,NA,NA,NA,NA,NA,NA,NA,NA,NA,"CA","rex sole","rex_sole",NA,NA,"700","total_catch_wt_kg ~ 0 + factor(year) + pass","delta_gamma","TRUE","iid, iid","02_4","2007","1384859.36125926","999868.480774439","1918087.71587835","14.1411091482305","0.166191889601282","index"
"300","300","300","300","300","300","300","300","300","300","300","300","300","300","300","300","300","300","300","300","300","300","300","300","300","300","300","300","300","300","300","300","300","300","300","300","300","300","300","300","300","300","300","300","300","300","300","300",NA,NA,NA,NA,NA,NA,NA,NA,NA,NA,NA,NA,NA,NA,"CA","rex sole","rex_sole",NA,NA,"700","total_catch_wt_kg ~ 0 + factor(year) + pass","delta_gamma","TRUE","iid, iid","02_4","2008","933901.26524952","661615.990738702","1318244.3977221","13.7471259998988","0.17586313341449","index"
"301","301","301","301","301","301","301","301","301","301","301","301","301","301","301","301","301","301","301","301","301","301","301","301","301","301","301","301","301","301","301","301","301","301","301","301","301","301","301","301","301","301","301","301","301","301","301","301",NA,NA,NA,NA,NA,NA,NA,NA,NA,NA,NA,NA,NA,NA,"CA","rex sole","rex_sole",NA,NA,"700","total_catch_wt_kg ~ 0 + factor(year) + pass","delta_gamma","TRUE","iid, iid","02_4","2009","741473.244820844","536507.234267733","1024744.00654734","13.5163943574018","0.165084172363591","index"
"302","302","302","302","302","302","302","302","302","302","302","302","302","302","302","302","302","302","302","302","302","302","302","302","302","302","302","302","302","302","302","302","302","302","302","302","302","302","302","302","302","302","302","302","302","302","302","302",NA,NA,NA,NA,NA,NA,NA,NA,NA,NA,NA,NA,NA,NA,"CA","rex sole","rex_sole",NA,NA,"700","total_catch_wt_kg ~ 0 + factor(year) + pass","delta_gamma","TRUE","iid, iid","02_4","2010","1012095.05828474","719146.35572791","1424378.22126983","13.8275330555297","0.174346512322339","index"
"303","303","303","303","303","303","303","303","303","303","303","303","303","303","303","303","303","303","303","303","303","303","303","303","303","303","303","303","303","303","303","303","303","303","303","303","303","303","303","303","303","303","303","303","303","303","303","303",NA,NA,NA,NA,NA,NA,NA,NA,NA,NA,NA,NA,NA,NA,"CA","rex sole","rex_sole",NA,NA,"700","total_catch_wt_kg ~ 0 + factor(year) + pass","delta_gamma","TRUE","iid, iid","02_4","2011","1212039.41780326","874293.274280772","1680259.46615838","14.0078149680225","0.166658070326836","index"
"304","304","304","304","304","304","304","304","304","304","304","304","304","304","304","304","304","304","304","304","304","304","304","304","304","304","304","304","304","304","304","304","304","304","304","304","304","304","304","304","304","304","304","304","304","304","304","304",NA,NA,NA,NA,NA,NA,NA,NA,NA,NA,NA,NA,NA,NA,"CA","rex sole","rex_sole",NA,NA,"700","total_catch_wt_kg ~ 0 + factor(year) + pass","delta_gamma","TRUE","iid, iid","02_4","2012","1351385.22879808","968771.828197481","1885110.59411337","14.1166407197445","0.169827777776197","index"
"305","305","305","305","305","305","305","305","305","305","305","305","305","305","305","305","305","305","305","305","305","305","305","305","305","305","305","305","305","305","305","305","305","305","305","305","305","305","305","305","305","305","305","305","305","305","305","305",NA,NA,NA,NA,NA,NA,NA,NA,NA,NA,NA,NA,NA,NA,"CA","rex sole","rex_sole",NA,NA,"700","total_catch_wt_kg ~ 0 + factor(year) + pass","delta_gamma","TRUE","iid, iid","02_4","2013","1436243.41007144","1016899.37141482","2028514.51280147","14.1775415198466","0.176162826934427","index"
"306","306","306","306","306","306","306","306","306","306","306","306","306","306","306","306","306","306","306","306","306","306","306","306","306","306","306","306","306","306","306","306","306","306","306","306","306","306","306","306","306","306","306","306","306","306","306","306",NA,NA,NA,NA,NA,NA,NA,NA,NA,NA,NA,NA,NA,NA,"CA","rex sole","rex_sole",NA,NA,"700","total_catch_wt_kg ~ 0 + factor(year) + pass","delta_gamma","TRUE","iid, iid","02_4","2014","1500906.55136027","1088481.79662165","2069598.66752756","14.2215798510894","0.163924142212655","index"
"307","307","307","307","307","307","307","307","307","307","307","307","307","307","307","307","307","307","307","307","307","307","307","307","307","307","307","307","307","307","307","307","307","307","307","307","307","307","307","307","307","307","307","307","307","307","307","307",NA,NA,NA,NA,NA,NA,NA,NA,NA,NA,NA,NA,NA,NA,"CA","rex sole","rex_sole",NA,NA,"700","total_catch_wt_kg ~ 0 + factor(year) + pass","delta_gamma","TRUE","iid, iid","02_4","2015","1938843.22981062","1408643.28363022","2668605.39745368","14.4776020799044","0.162995082298792","index"
"308","308","308","308","308","308","308","308","308","308","308","308","308","308","308","308","308","308","308","308","308","308","308","308","308","308","308","308","308","308","308","308","308","308","308","308","308","308","308","308","308","308","308","308","308","308","308","308",NA,NA,NA,NA,NA,NA,NA,NA,NA,NA,NA,NA,NA,NA,"CA","rex sole","rex_sole",NA,NA,"700","total_catch_wt_kg ~ 0 + factor(year) + pass","delta_gamma","TRUE","iid, iid","02_4","2016","2265179.86234469","1633966.1469366","3140236.30072858","14.6331647231702","0.166658106714375","index"
"309","309","309","309","309","309","309","309","309","309","309","309","309","309","309","309","309","309","309","309","309","309","309","309","309","309","309","309","309","309","309","309","309","309","309","309","309","309","309","309","309","309","309","309","309","309","309","309",NA,NA,NA,NA,NA,NA,NA,NA,NA,NA,NA,NA,NA,NA,"CA","rex sole","rex_sole",NA,NA,"700","total_catch_wt_kg ~ 0 + factor(year) + pass","delta_gamma","TRUE","iid, iid","02_4","2017","2465953.56995303","1753823.86895895","3467239.28028967","14.7180891344485","0.173870595097385","index"
"310","310","310","310","310","310","310","310","310","310","310","310","310","310","310","310","310","310","310","310","310","310","310","310","310","310","310","310","310","310","310","310","310","310","310","310","310","310","310","310","310","310","310","310","310","310","310","310",NA,NA,NA,NA,NA,NA,NA,NA,NA,NA,NA,NA,NA,NA,"CA","rex sole","rex_sole",NA,NA,"700","total_catch_wt_kg ~ 0 + factor(year) + pass","delta_gamma","TRUE","iid, iid","02_4","2018","2153974.31185907","1573826.30536727","2947978.0076913","14.5828252108423","0.16010746310589","index"
"311","311","311","311","311","311","311","311","311","311","311","311","311","311","311","311","311","311","311","311","311","311","311","311","311","311","311","311","311","311","311","311","311","311","311","311","311","311","311","311","311","311","311","311","311","311","311","311",NA,NA,NA,NA,NA,NA,NA,NA,NA,NA,NA,NA,NA,NA,"CA","rex sole","rex_sole",NA,NA,"700","total_catch_wt_kg ~ 0 + factor(year) + pass","delta_gamma","TRUE","iid, iid","02_4","2019","2192805.5226864","1428294.72433741","3366529.31526765","14.6006923425221","0.218728790796838","index"
"312","312","312","312","312","312","312","312","312","312","312","312","312","312","312","312","312","312","312","312","312","312","312","312","312","312","312","312","312","312","312","312","312","312","312","312","312","312","312","312","312","312","312","312","312","312","312","312",NA,NA,NA,NA,NA,NA,NA,NA,NA,NA,NA,NA,NA,NA,"CA","rex sole","rex_sole",NA,NA,"700","total_catch_wt_kg ~ 0 + factor(year) + pass","delta_gamma","TRUE","iid, iid","02_4","2021","1694790.89884295","1214064.2077734","2365868.43793767","14.3430699276723","0.170199958604427","index"
"313","313","313","313","313","313","313","313","313","313","313","313","313","313","313","313","313","313","313","313","313","313","313","313","313","313","313","313","313","313","313","313","313","313","313","313","313","313","313","313","313","313","313","313","313","313","313","313",NA,NA,NA,NA,NA,NA,NA,NA,NA,NA,NA,NA,NA,NA,"CA","rex sole","rex_sole",NA,NA,"700","total_catch_wt_kg ~ 0 + factor(year) + pass","delta_gamma","TRUE","iid, iid","02_4","2022","1833209.33751223","1299925.23823472","2585269.04186102","14.4215787251631","0.175391699106091","index"
"314","314","314","314","314","314","314","314","314","314","314","314","314","314","314","314","314","314","314","314","314","314","314","314","314","314","314","314","314","314","314","314","314","314","314","314","314","314","314","314","314","314","314","314","314","314","314","314",NA,NA,NA,NA,NA,NA,NA,NA,NA,NA,NA,NA,NA,NA,"CA","rex sole","rex_sole",NA,NA,"700","total_catch_wt_kg ~ 0 + factor(year) + pass","delta_gamma","TRUE","iid, iid","02_4","2023","1573831.33073619","1131031.46062366","2189987.76235724","14.2690235425835","0.168565837859679","index"
"315","315","315","315","315","315","315","315","315","315","315","315","315","315","315","315","315","315","315","315","315","315","315","315","315","315","315","315","315","315","315","315","315","315","315","315","315","315","315","315","315","315","315","315","315","315","315","315",NA,NA,NA,NA,NA,NA,NA,NA,NA,NA,NA,NA,NA,NA,"CA","rex sole","rex_sole",NA,NA,"700","total_catch_wt_kg ~ 0 + factor(year) + pass","delta_gamma","TRUE","iid, iid","02_4","2024","1202634.04202676","868107.194593772","1666071.48062911","14.0000247442107","0.16630625087428","index"
"316","316","316","316","316","316","316","316","316","316","316","316","316","316","316","316","316","316","316","316","316","316","316","316","316","316","316","316","316","316","316","316","316","316","316","316","316","316","316","316","316","316","316","316","316","316","316",NA,NA,NA,NA,NA,NA,NA,NA,NA,NA,NA,NA,NA,NA,NA,"CA","rex sole","rex_sole",NA,NA,"700","total_catch_wt_kg ~ 0 + factor(year) + pass","delta_gamma","TRUE","iid, iid","02_5","2003","2170501.22291388","1515993.29800742","3107583.36785706","14.5904686771466","0.183109105903064","index"
"317","317","317","317","317","317","317","317","317","317","317","317","317","317","317","317","317","317","317","317","317","317","317","317","317","317","317","317","317","317","317","317","317","317","317","317","317","317","317","317","317","317","317","317","317","317","317",NA,NA,NA,NA,NA,NA,NA,NA,NA,NA,NA,NA,NA,NA,NA,"CA","rex sole","rex_sole",NA,NA,"700","total_catch_wt_kg ~ 0 + factor(year) + pass","delta_gamma","TRUE","iid, iid","02_5","2004","2244756.8742229","1520141.1939166","3314779.86685453","14.624107776734","0.198878142948389","index"
"318","318","318","318","318","318","318","318","318","318","318","318","318","318","318","318","318","318","318","318","318","318","318","318","318","318","318","318","318","318","318","318","318","318","318","318","318","318","318","318","318","318","318","318","318","318","318",NA,NA,NA,NA,NA,NA,NA,NA,NA,NA,NA,NA,NA,NA,NA,"CA","rex sole","rex_sole",NA,NA,"700","total_catch_wt_kg ~ 0 + factor(year) + pass","delta_gamma","TRUE","iid, iid","02_5","2005","1720623.5312786","1239046.82912601","2389373.23981365","14.358197301281","0.16752570356862","index"
"319","319","319","319","319","319","319","319","319","319","319","319","319","319","319","319","319","319","319","319","319","319","319","319","319","319","319","319","319","319","319","319","319","319","319","319","319","319","319","319","319","319","319","319","319","319","319",NA,NA,NA,NA,NA,NA,NA,NA,NA,NA,NA,NA,NA,NA,NA,"CA","rex sole","rex_sole",NA,NA,"700","total_catch_wt_kg ~ 0 + factor(year) + pass","delta_gamma","TRUE","iid, iid","02_5","2006","1569767.38402591","1103403.70131815","2233243.949615","14.2664380033064","0.179864411696318","index"
"320","320","320","320","320","320","320","320","320","320","320","320","320","320","320","320","320","320","320","320","320","320","320","320","320","320","320","320","320","320","320","320","320","320","320","320","320","320","320","320","320","320","320","320","320","320","320",NA,NA,NA,NA,NA,NA,NA,NA,NA,NA,NA,NA,NA,NA,NA,"CA","rex sole","rex_sole",NA,NA,"700","total_catch_wt_kg ~ 0 + factor(year) + pass","delta_gamma","TRUE","iid, iid","02_5","2007","1347506.34810739","975198.446435455","1861952.67724916","14.1137662927801","0.164987740211354","index"
"321","321","321","321","321","321","321","321","321","321","321","321","321","321","321","321","321","321","321","321","321","321","321","321","321","321","321","321","321","321","321","321","321","321","321","321","321","321","321","321","321","321","321","321","321","321","321",NA,NA,NA,NA,NA,NA,NA,NA,NA,NA,NA,NA,NA,NA,NA,"CA","rex sole","rex_sole",NA,NA,"700","total_catch_wt_kg ~ 0 + factor(year) + pass","delta_gamma","TRUE","iid, iid","02_5","2008","980502.467825183","700094.158211064","1373222.55604572","13.7958204415202","0.171865568687736","index"
"322","322","322","322","322","322","322","322","322","322","322","322","322","322","322","322","322","322","322","322","322","322","322","322","322","322","322","322","322","322","322","322","322","322","322","322","322","322","322","322","322","322","322","322","322","322","322",NA,NA,NA,NA,NA,NA,NA,NA,NA,NA,NA,NA,NA,NA,NA,"CA","rex sole","rex_sole",NA,NA,"700","total_catch_wt_kg ~ 0 + factor(year) + pass","delta_gamma","TRUE","iid, iid","02_5","2009","964866.310600264","683993.470506359","1361075.85448465","13.7797448324857","0.175534440777336","index"
"323","323","323","323","323","323","323","323","323","323","323","323","323","323","323","323","323","323","323","323","323","323","323","323","323","323","323","323","323","323","323","323","323","323","323","323","323","323","323","323","323","323","323","323","323","323","323",NA,NA,NA,NA,NA,NA,NA,NA,NA,NA,NA,NA,NA,NA,NA,"CA","rex sole","rex_sole",NA,NA,"700","total_catch_wt_kg ~ 0 + factor(year) + pass","delta_gamma","TRUE","iid, iid","02_5","2010","1016373.47562393","730520.143991654","1414081.52868631","13.8317514336924","0.168492559497487","index"
"324","324","324","324","324","324","324","324","324","324","324","324","324","324","324","324","324","324","324","324","324","324","324","324","324","324","324","324","324","324","324","324","324","324","324","324","324","324","324","324","324","324","324","324","324","324","324",NA,NA,NA,NA,NA,NA,NA,NA,NA,NA,NA,NA,NA,NA,NA,"CA","rex sole","rex_sole",NA,NA,"700","total_catch_wt_kg ~ 0 + factor(year) + pass","delta_gamma","TRUE","iid, iid","02_5","2011","1070374.37518249","765458.125412862","1496752.42186418","13.8835190285913","0.171069081330913","index"
"325","325","325","325","325","325","325","325","325","325","325","325","325","325","325","325","325","325","325","325","325","325","325","325","325","325","325","325","325","325","325","325","325","325","325","325","325","325","325","325","325","325","325","325","325","325","325",NA,NA,NA,NA,NA,NA,NA,NA,NA,NA,NA,NA,NA,NA,NA,"CA","rex sole","rex_sole",NA,NA,"700","total_catch_wt_kg ~ 0 + factor(year) + pass","delta_gamma","TRUE","iid, iid","02_5","2012","1099077.47131605","795455.595088889","1518590.47244429","13.9099817234546","0.16495783643471","index"
"326","326","326","326","326","326","326","326","326","326","326","326","326","326","326","326","326","326","326","326","326","326","326","326","326","326","326","326","326","326","326","326","326","326","326","326","326","326","326","326","326","326","326","326","326","326","326",NA,NA,NA,NA,NA,NA,NA,NA,NA,NA,NA,NA,NA,NA,NA,"CA","rex sole","rex_sole",NA,NA,"700","total_catch_wt_kg ~ 0 + factor(year) + pass","delta_gamma","TRUE","iid, iid","02_5","2013","1324148.8446445","926654.39373056","1892151.13491728","14.0962804295867","0.182117875464514","index"
"327","327","327","327","327","327","327","327","327","327","327","327","327","327","327","327","327","327","327","327","327","327","327","327","327","327","327","327","327","327","327","327","327","327","327","327","327","327","327","327","327","327","327","327","327","327","327",NA,NA,NA,NA,NA,NA,NA,NA,NA,NA,NA,NA,NA,NA,NA,"CA","rex sole","rex_sole",NA,NA,"700","total_catch_wt_kg ~ 0 + factor(year) + pass","delta_gamma","TRUE","iid, iid","02_5","2014","1586339.86276719","1139757.44204992","2207903.24972847","14.2769399474808","0.168683670969658","index"
"328","328","328","328","328","328","328","328","328","328","328","328","328","328","328","328","328","328","328","328","328","328","328","328","328","328","328","328","328","328","328","328","328","328","328","328","328","328","328","328","328","328","328","328","328","328","328",NA,NA,NA,NA,NA,NA,NA,NA,NA,NA,NA,NA,NA,NA,NA,"CA","rex sole","rex_sole",NA,NA,"700","total_catch_wt_kg ~ 0 + factor(year) + pass","delta_gamma","TRUE","iid, iid","02_5","2015","2072224.13699987","1476318.67568938","2908662.57040315","14.5441330507388","0.17299852835886","index"
"329","329","329","329","329","329","329","329","329","329","329","329","329","329","329","329","329","329","329","329","329","329","329","329","329","329","329","329","329","329","329","329","329","329","329","329","329","329","329","329","329","329","329","329","329","329","329",NA,NA,NA,NA,NA,NA,NA,NA,NA,NA,NA,NA,NA,NA,NA,"CA","rex sole","rex_sole",NA,NA,"700","total_catch_wt_kg ~ 0 + factor(year) + pass","delta_gamma","TRUE","iid, iid","02_5","2016","2189872.31623738","1576071.99963003","3042716.80643306","14.599353797005","0.167813065035149","index"
"330","330","330","330","330","330","330","330","330","330","330","330","330","330","330","330","330","330","330","330","330","330","330","330","330","330","330","330","330","330","330","330","330","330","330","330","330","330","330","330","330","330","330","330","330","330","330",NA,NA,NA,NA,NA,NA,NA,NA,NA,NA,NA,NA,NA,NA,NA,"CA","rex sole","rex_sole",NA,NA,"700","total_catch_wt_kg ~ 0 + factor(year) + pass","delta_gamma","TRUE","iid, iid","02_5","2017","2131533.89653997","1549179.91345337","2932801.22769654","14.5723524177304","0.162817357595975","index"
"331","331","331","331","331","331","331","331","331","331","331","331","331","331","331","331","331","331","331","331","331","331","331","331","331","331","331","331","331","331","331","331","331","331","331","331","331","331","331","331","331","331","331","331","331","331","331",NA,NA,NA,NA,NA,NA,NA,NA,NA,NA,NA,NA,NA,NA,NA,"CA","rex sole","rex_sole",NA,NA,"700","total_catch_wt_kg ~ 0 + factor(year) + pass","delta_gamma","TRUE","iid, iid","02_5","2018","2719260.37217561","1953298.9205526","3785583.91338931","14.8158704793004","0.168799134394661","index"
"332","332","332","332","332","332","332","332","332","332","332","332","332","332","332","332","332","332","332","332","332","332","332","332","332","332","332","332","332","332","332","332","332","332","332","332","332","332","332","332","332","332","332","332","332","332","332",NA,NA,NA,NA,NA,NA,NA,NA,NA,NA,NA,NA,NA,NA,NA,"CA","rex sole","rex_sole",NA,NA,"700","total_catch_wt_kg ~ 0 + factor(year) + pass","delta_gamma","TRUE","iid, iid","02_5","2019","1920948.15754457","1236005.57939434","2985457.2547982","14.4683294541635","0.224970472201971","index"
"333","333","333","333","333","333","333","333","333","333","333","333","333","333","333","333","333","333","333","333","333","333","333","333","333","333","333","333","333","333","333","333","333","333","333","333","333","333","333","333","333","333","333","333","333","333","333",NA,NA,NA,NA,NA,NA,NA,NA,NA,NA,NA,NA,NA,NA,NA,"CA","rex sole","rex_sole",NA,NA,"700","total_catch_wt_kg ~ 0 + factor(year) + pass","delta_gamma","TRUE","iid, iid","02_5","2021","1600681.9435598","1140799.79970968","2245952.95781998","14.2859403111312","0.172809378504258","index"
"334","334","334","334","334","334","334","334","334","334","334","334","334","334","334","334","334","334","334","334","334","334","334","334","334","334","334","334","334","334","334","334","334","334","334","334","334","334","334","334","334","334","334","334","334","334","334",NA,NA,NA,NA,NA,NA,NA,NA,NA,NA,NA,NA,NA,NA,NA,"CA","rex sole","rex_sole",NA,NA,"700","total_catch_wt_kg ~ 0 + factor(year) + pass","delta_gamma","TRUE","iid, iid","02_5","2022","2268285.98815876","1605917.25268832","3203852.07610441","14.634535032952","0.176191699117836","index"
"335","335","335","335","335","335","335","335","335","335","335","335","335","335","335","335","335","335","335","335","335","335","335","335","335","335","335","335","335","335","335","335","335","335","335","335","335","335","335","335","335","335","335","335","335","335","335",NA,NA,NA,NA,NA,NA,NA,NA,NA,NA,NA,NA,NA,NA,NA,"CA","rex sole","rex_sole",NA,NA,"700","total_catch_wt_kg ~ 0 + factor(year) + pass","delta_gamma","TRUE","iid, iid","02_5","2023","1894486.50936003","1354663.02357607","2649425.777248","14.4544583884653","0.171123092481024","index"
"336","336","336","336","336","336","336","336","336","336","336","336","336","336","336","336","336","336","336","336","336","336","336","336","336","336","336","336","336","336","336","336","336","336","336","336","336","336","336","336","336","336","336","336","336","336","336",NA,NA,NA,NA,NA,NA,NA,NA,NA,NA,NA,NA,NA,NA,NA,"CA","rex sole","rex_sole",NA,NA,"700","total_catch_wt_kg ~ 0 + factor(year) + pass","delta_gamma","TRUE","iid, iid","02_5","2024","1789676.1486447","1261208.24577523","2539581.17365381","14.3975452389036","0.178556594403303","index"
"337","337","337","337","337","337","337","337","337","337","337","337","337","337","337","337","337","337","337","337","337","337","337","337","337","337","337","337","337","337","337","337","337","337","337","337","337","337","337","337","337","337","337","337","337","337",NA,NA,NA,NA,NA,NA,NA,NA,NA,NA,NA,NA,NA,NA,NA,NA,"CA","rex sole","rex_sole",NA,NA,"700","total_catch_wt_kg ~ 0 + factor(year) + pass","delta_gamma","TRUE","iid, iid","02_6","2003","1503900.09119355","1070591.46914825","2112585.00508262","14.2235723525577","0.173396310656327","index"
"338","338","338","338","338","338","338","338","338","338","338","338","338","338","338","338","338","338","338","338","338","338","338","338","338","338","338","338","338","338","338","338","338","338","338","338","338","338","338","338","338","338","338","338","338","338",NA,NA,NA,NA,NA,NA,NA,NA,NA,NA,NA,NA,NA,NA,NA,NA,"CA","rex sole","rex_sole",NA,NA,"700","total_catch_wt_kg ~ 0 + factor(year) + pass","delta_gamma","TRUE","iid, iid","02_6","2004","1396033.21179709","945384.793005461","2061497.86082845","14.1491453527071","0.198880205870604","index"
"339","339","339","339","339","339","339","339","339","339","339","339","339","339","339","339","339","339","339","339","339","339","339","339","339","339","339","339","339","339","339","339","339","339","339","339","339","339","339","339","339","339","339","339","339","339",NA,NA,NA,NA,NA,NA,NA,NA,NA,NA,NA,NA,NA,NA,NA,NA,"CA","rex sole","rex_sole",NA,NA,"700","total_catch_wt_kg ~ 0 + factor(year) + pass","delta_gamma","TRUE","iid, iid","02_6","2005","1415639.07853264","1002893.26602879","1998252.52452261","14.1630916327044","0.175866489827721","index"
"340","340","340","340","340","340","340","340","340","340","340","340","340","340","340","340","340","340","340","340","340","340","340","340","340","340","340","340","340","340","340","340","340","340","340","340","340","340","340","340","340","340","340","340","340","340",NA,NA,NA,NA,NA,NA,NA,NA,NA,NA,NA,NA,NA,NA,NA,NA,"CA","rex sole","rex_sole",NA,NA,"700","total_catch_wt_kg ~ 0 + factor(year) + pass","delta_gamma","TRUE","iid, iid","02_6","2006","1176894.08454729","832367.929881031","1664023.36817611","13.9783893945529","0.176717302878455","index"
"341","341","341","341","341","341","341","341","341","341","341","341","341","341","341","341","341","341","341","341","341","341","341","341","341","341","341","341","341","341","341","341","341","341","341","341","341","341","341","341","341","341","341","341","341","341",NA,NA,NA,NA,NA,NA,NA,NA,NA,NA,NA,NA,NA,NA,NA,NA,"CA","rex sole","rex_sole",NA,NA,"700","total_catch_wt_kg ~ 0 + factor(year) + pass","delta_gamma","TRUE","iid, iid","02_6","2007","1106373.39629691","803618.416164581","1523188.20401805","13.9165980137588","0.163124520420531","index"
"342","342","342","342","342","342","342","342","342","342","342","342","342","342","342","342","342","342","342","342","342","342","342","342","342","342","342","342","342","342","342","342","342","342","342","342","342","342","342","342","342","342","342","342","342","342",NA,NA,NA,NA,NA,NA,NA,NA,NA,NA,NA,NA,NA,NA,NA,NA,"CA","rex sole","rex_sole",NA,NA,"700","total_catch_wt_kg ~ 0 + factor(year) + pass","delta_gamma","TRUE","iid, iid","02_6","2008","701299.294577468","506847.531139226","970352.365077922","13.4606900286461","0.165678819303714","index"
"343","343","343","343","343","343","343","343","343","343","343","343","343","343","343","343","343","343","343","343","343","343","343","343","343","343","343","343","343","343","343","343","343","343","343","343","343","343","343","343","343","343","343","343","343","343",NA,NA,NA,NA,NA,NA,NA,NA,NA,NA,NA,NA,NA,NA,NA,NA,"CA","rex sole","rex_sole",NA,NA,"700","total_catch_wt_kg ~ 0 + factor(year) + pass","delta_gamma","TRUE","iid, iid","02_6","2009","827913.490326947","592335.372957073","1157183.54627966","13.6266639476275","0.170837672750287","index"
"344","344","344","344","344","344","344","344","344","344","344","344","344","344","344","344","344","344","344","344","344","344","344","344","344","344","344","344","344","344","344","344","344","344","344","344","344","344","344","344","344","344","344","344","344","344",NA,NA,NA,NA,NA,NA,NA,NA,NA,NA,NA,NA,NA,NA,NA,NA,"CA","rex sole","rex_sole",NA,NA,"700","total_catch_wt_kg ~ 0 + factor(year) + pass","delta_gamma","TRUE","iid, iid","02_6","2010","784228.935129531","573472.504226013","1072440.29689698","13.5724562658","0.159692217650304","index"
"345","345","345","345","345","345","345","345","345","345","345","345","345","345","345","345","345","345","345","345","345","345","345","345","345","345","345","345","345","345","345","345","345","345","345","345","345","345","345","345","345","345","345","345","345","345",NA,NA,NA,NA,NA,NA,NA,NA,NA,NA,NA,NA,NA,NA,NA,NA,"CA","rex sole","rex_sole",NA,NA,"700","total_catch_wt_kg ~ 0 + factor(year) + pass","delta_gamma","TRUE","iid, iid","02_6","2011","895320.621299447","650542.580755192","1232200.68699189","13.7049371691945","0.162949492143678","index"
"346","346","346","346","346","346","346","346","346","346","346","346","346","346","346","346","346","346","346","346","346","346","346","346","346","346","346","346","346","346","346","346","346","346","346","346","346","346","346","346","346","346","346","346","346","346",NA,NA,NA,NA,NA,NA,NA,NA,NA,NA,NA,NA,NA,NA,NA,NA,"CA","rex sole","rex_sole",NA,NA,"700","total_catch_wt_kg ~ 0 + factor(year) + pass","delta_gamma","TRUE","iid, iid","02_6","2012","1002148.00268343","730123.511407113","1375521.5433987","13.8176562569882","0.161578103967665","index"
"347","347","347","347","347","347","347","347","347","347","347","347","347","347","347","347","347","347","347","347","347","347","347","347","347","347","347","347","347","347","347","347","347","347","347","347","347","347","347","347","347","347","347","347","347","347",NA,NA,NA,NA,NA,NA,NA,NA,NA,NA,NA,NA,NA,NA,NA,NA,"CA","rex sole","rex_sole",NA,NA,"700","total_catch_wt_kg ~ 0 + factor(year) + pass","delta_gamma","TRUE","iid, iid","02_6","2013","1141850.70668013","787335.755221774","1655993.68210918","13.9481609309501","0.189672295384438","index"
"348","348","348","348","348","348","348","348","348","348","348","348","348","348","348","348","348","348","348","348","348","348","348","348","348","348","348","348","348","348","348","348","348","348","348","348","348","348","348","348","348","348","348","348","348","348",NA,NA,NA,NA,NA,NA,NA,NA,NA,NA,NA,NA,NA,NA,NA,NA,"CA","rex sole","rex_sole",NA,NA,"700","total_catch_wt_kg ~ 0 + factor(year) + pass","delta_gamma","TRUE","iid, iid","02_6","2014","1130642.07491412","817736.020901305","1563281.38774797","13.9382962372081","0.165309867475385","index"
"349","349","349","349","349","349","349","349","349","349","349","349","349","349","349","349","349","349","349","349","349","349","349","349","349","349","349","349","349","349","349","349","349","349","349","349","349","349","349","349","349","349","349","349","349","349",NA,NA,NA,NA,NA,NA,NA,NA,NA,NA,NA,NA,NA,NA,NA,NA,"CA","rex sole","rex_sole",NA,NA,"700","total_catch_wt_kg ~ 0 + factor(year) + pass","delta_gamma","TRUE","iid, iid","02_6","2015","1505179.88882527","1084346.76986312","2089337.61845395","14.2244229764809","0.167316680737388","index"
"350","350","350","350","350","350","350","350","350","350","350","350","350","350","350","350","350","350","350","350","350","350","350","350","350","350","350","350","350","350","350","350","350","350","350","350","350","350","350","350","350","350","350","350","350","350",NA,NA,NA,NA,NA,NA,NA,NA,NA,NA,NA,NA,NA,NA,NA,NA,"CA","rex sole","rex_sole",NA,NA,"700","total_catch_wt_kg ~ 0 + factor(year) + pass","delta_gamma","TRUE","iid, iid","02_6","2016","1614180.96279448","1174159.55142983","2219102.31661035","14.2943382422175","0.162388222680595","index"
"351","351","351","351","351","351","351","351","351","351","351","351","351","351","351","351","351","351","351","351","351","351","351","351","351","351","351","351","351","351","351","351","351","351","351","351","351","351","351","351","351","351","351","351","351","351",NA,NA,NA,NA,NA,NA,NA,NA,NA,NA,NA,NA,NA,NA,NA,NA,"CA","rex sole","rex_sole",NA,NA,"700","total_catch_wt_kg ~ 0 + factor(year) + pass","delta_gamma","TRUE","iid, iid","02_6","2017","1669980.52741617","1219373.78469049","2287104.24724858","14.3283225240951","0.160449137271174","index"
"352","352","352","352","352","352","352","352","352","352","352","352","352","352","352","352","352","352","352","352","352","352","352","352","352","352","352","352","352","352","352","352","352","352","352","352","352","352","352","352","352","352","352","352","352","352",NA,NA,NA,NA,NA,NA,NA,NA,NA,NA,NA,NA,NA,NA,NA,NA,"CA","rex sole","rex_sole",NA,NA,"700","total_catch_wt_kg ~ 0 + factor(year) + pass","delta_gamma","TRUE","iid, iid","02_6","2018","2167451.68640074","1581206.95409122","2971051.1965092","14.5890626973772","0.160902797952639","index"
"353","353","353","353","353","353","353","353","353","353","353","353","353","353","353","353","353","353","353","353","353","353","353","353","353","353","353","353","353","353","353","353","353","353","353","353","353","353","353","353","353","353","353","353","353","353",NA,NA,NA,NA,NA,NA,NA,NA,NA,NA,NA,NA,NA,NA,NA,NA,"CA","rex sole","rex_sole",NA,NA,"700","total_catch_wt_kg ~ 0 + factor(year) + pass","delta_gamma","TRUE","iid, iid","02_6","2019","1043448.33836068","700101.068290621","1555181.79323174","13.8580414962342","0.20360655221544","index"
"354","354","354","354","354","354","354","354","354","354","354","354","354","354","354","354","354","354","354","354","354","354","354","354","354","354","354","354","354","354","354","354","354","354","354","354","354","354","354","354","354","354","354","354","354","354",NA,NA,NA,NA,NA,NA,NA,NA,NA,NA,NA,NA,NA,NA,NA,NA,"CA","rex sole","rex_sole",NA,NA,"700","total_catch_wt_kg ~ 0 + factor(year) + pass","delta_gamma","TRUE","iid, iid","02_6","2021","1415501.13459323","1030946.12543397","1943499.67724192","14.1629941850832","0.161741073112142","index"
"355","355","355","355","355","355","355","355","355","355","355","355","355","355","355","355","355","355","355","355","355","355","355","355","355","355","355","355","355","355","355","355","355","355","355","355","355","355","355","355","355","355","355","355","355","355",NA,NA,NA,NA,NA,NA,NA,NA,NA,NA,NA,NA,NA,NA,NA,NA,"CA","rex sole","rex_sole",NA,NA,"700","total_catch_wt_kg ~ 0 + factor(year) + pass","delta_gamma","TRUE","iid, iid","02_6","2022","1599661.54589725","1144512.49843393","2235813.99497499","14.2853026310194","0.170826247274757","index"
"356","356","356","356","356","356","356","356","356","356","356","356","356","356","356","356","356","356","356","356","356","356","356","356","356","356","356","356","356","356","356","356","356","356","356","356","356","356","356","356","356","356","356","356","356","356",NA,NA,NA,NA,NA,NA,NA,NA,NA,NA,NA,NA,NA,NA,NA,NA,"CA","rex sole","rex_sole",NA,NA,"700","total_catch_wt_kg ~ 0 + factor(year) + pass","delta_gamma","TRUE","iid, iid","02_6","2023","1277895.55476117","918067.254088078","1778755.3598134","14.0607251850409","0.168727210906137","index"
"357","357","357","357","357","357","357","357","357","357","357","357","357","357","357","357","357","357","357","357","357","357","357","357","357","357","357","357","357","357","357","357","357","357","357","357","357","357","357","357","357","357","357","357","357","357",NA,NA,NA,NA,NA,NA,NA,NA,NA,NA,NA,NA,NA,NA,NA,NA,"CA","rex sole","rex_sole",NA,NA,"700","total_catch_wt_kg ~ 0 + factor(year) + pass","delta_gamma","TRUE","iid, iid","02_6","2024","1331780.87554924","953358.493669761","1860412.7537076","14.1020276087037","0.170554829374146","index"
"358","358","358","358","358","358","358","358","358","358","358","358","358","358","358","358","358","358","358","358","358","358","358","358","358","358","358","358","358","358","358","358","358","358","358","358","358","358","358","358","358","358","358","358","358",NA,NA,NA,NA,NA,NA,NA,NA,NA,NA,NA,NA,NA,NA,NA,NA,NA,"CA","rex sole","rex_sole",NA,NA,"700","total_catch_wt_kg ~ 0 + factor(year) + pass","delta_gamma","TRUE","iid, iid","02_7","2003","1333323.29669363","940047.337823905","1891129.24634332","14.1031851029079","0.1783193942845","index"
"359","359","359","359","359","359","359","359","359","359","359","359","359","359","359","359","359","359","359","359","359","359","359","359","359","359","359","359","359","359","359","359","359","359","359","359","359","359","359","359","359","359","359","359","359",NA,NA,NA,NA,NA,NA,NA,NA,NA,NA,NA,NA,NA,NA,NA,NA,NA,"CA","rex sole","rex_sole",NA,NA,"700","total_catch_wt_kg ~ 0 + factor(year) + pass","delta_gamma","TRUE","iid, iid","02_7","2004","1695818.91348072","1187312.20663458","2422110.85782596","14.3436763169215","0.181877656492441","index"
"360","360","360","360","360","360","360","360","360","360","360","360","360","360","360","360","360","360","360","360","360","360","360","360","360","360","360","360","360","360","360","360","360","360","360","360","360","360","360","360","360","360","360","360","360",NA,NA,NA,NA,NA,NA,NA,NA,NA,NA,NA,NA,NA,NA,NA,NA,NA,"CA","rex sole","rex_sole",NA,NA,"700","total_catch_wt_kg ~ 0 + factor(year) + pass","delta_gamma","TRUE","iid, iid","02_7","2005","1447118.47692232","1054444.90365168","1986023.05250627","14.1850848798861","0.161513095973416","index"
"361","361","361","361","361","361","361","361","361","361","361","361","361","361","361","361","361","361","361","361","361","361","361","361","361","361","361","361","361","361","361","361","361","361","361","361","361","361","361","361","361","361","361","361","361",NA,NA,NA,NA,NA,NA,NA,NA,NA,NA,NA,NA,NA,NA,NA,NA,NA,"CA","rex sole","rex_sole",NA,NA,"700","total_catch_wt_kg ~ 0 + factor(year) + pass","delta_gamma","TRUE","iid, iid","02_7","2006","1547247.88862099","1125125.4890728","2127741.35160243","14.2519883549996","0.16254544689095","index"
"362","362","362","362","362","362","362","362","362","362","362","362","362","362","362","362","362","362","362","362","362","362","362","362","362","362","362","362","362","362","362","362","362","362","362","362","362","362","362","362","362","362","362","362","362",NA,NA,NA,NA,NA,NA,NA,NA,NA,NA,NA,NA,NA,NA,NA,NA,NA,"CA","rex sole","rex_sole",NA,NA,"700","total_catch_wt_kg ~ 0 + factor(year) + pass","delta_gamma","TRUE","iid, iid","02_7","2007","1280100.36305043","946033.234799553","1732134.64305939","14.0624490414552","0.154296744481149","index"
"363","363","363","363","363","363","363","363","363","363","363","363","363","363","363","363","363","363","363","363","363","363","363","363","363","363","363","363","363","363","363","363","363","363","363","363","363","363","363","363","363","363","363","363","363",NA,NA,NA,NA,NA,NA,NA,NA,NA,NA,NA,NA,NA,NA,NA,NA,NA,"CA","rex sole","rex_sole",NA,NA,"700","total_catch_wt_kg ~ 0 + factor(year) + pass","delta_gamma","TRUE","iid, iid","02_7","2008","966902.173348107","709872.880422927","1316996.09691851","13.7818526042177","0.157661781198718","index"
"364","364","364","364","364","364","364","364","364","364","364","364","364","364","364","364","364","364","364","364","364","364","364","364","364","364","364","364","364","364","364","364","364","364","364","364","364","364","364","364","364","364","364","364","364",NA,NA,NA,NA,NA,NA,NA,NA,NA,NA,NA,NA,NA,NA,NA,NA,NA,"CA","rex sole","rex_sole",NA,NA,"700","total_catch_wt_kg ~ 0 + factor(year) + pass","delta_gamma","TRUE","iid, iid","02_7","2009","781700.694053191","574823.445975565","1063032.44824362","13.5692272020847","0.156844198340857","index"
"365","365","365","365","365","365","365","365","365","365","365","365","365","365","365","365","365","365","365","365","365","365","365","365","365","365","365","365","365","365","365","365","365","365","365","365","365","365","365","365","365","365","365","365","365",NA,NA,NA,NA,NA,NA,NA,NA,NA,NA,NA,NA,NA,NA,NA,NA,NA,"CA","rex sole","rex_sole",NA,NA,"700","total_catch_wt_kg ~ 0 + factor(year) + pass","delta_gamma","TRUE","iid, iid","02_7","2010","924398.060789254","686355.057518329","1244999.6039668","13.7368980595754","0.151914888515893","index"
"366","366","366","366","366","366","366","366","366","366","366","366","366","366","366","366","366","366","366","366","366","366","366","366","366","366","366","366","366","366","366","366","366","366","366","366","366","366","366","366","366","366","366","366","366",NA,NA,NA,NA,NA,NA,NA,NA,NA,NA,NA,NA,NA,NA,NA,NA,NA,"CA","rex sole","rex_sole",NA,NA,"700","total_catch_wt_kg ~ 0 + factor(year) + pass","delta_gamma","TRUE","iid, iid","02_7","2011","1123297.20359745","831351.952193526","1517764.65344262","13.9317788501736","0.15355911632092","index"
"367","367","367","367","367","367","367","367","367","367","367","367","367","367","367","367","367","367","367","367","367","367","367","367","367","367","367","367","367","367","367","367","367","367","367","367","367","367","367","367","367","367","367","367","367",NA,NA,NA,NA,NA,NA,NA,NA,NA,NA,NA,NA,NA,NA,NA,NA,NA,"CA","rex sole","rex_sole",NA,NA,"700","total_catch_wt_kg ~ 0 + factor(year) + pass","delta_gamma","TRUE","iid, iid","02_7","2012","1101192.51545188","825630.957479666","1468725.15510914","13.9119042555074","0.146942029458418","index"
"368","368","368","368","368","368","368","368","368","368","368","368","368","368","368","368","368","368","368","368","368","368","368","368","368","368","368","368","368","368","368","368","368","368","368","368","368","368","368","368","368","368","368","368","368",NA,NA,NA,NA,NA,NA,NA,NA,NA,NA,NA,NA,NA,NA,NA,NA,NA,"CA","rex sole","rex_sole",NA,NA,"700","total_catch_wt_kg ~ 0 + factor(year) + pass","delta_gamma","TRUE","iid, iid","02_7","2013","1091484.91081733","781272.25181864","1524870.88562115","13.9030496306139","0.170600414750691","index"
"369","369","369","369","369","369","369","369","369","369","369","369","369","369","369","369","369","369","369","369","369","369","369","369","369","369","369","369","369","369","369","369","369","369","369","369","369","369","369","369","369","369","369","369","369",NA,NA,NA,NA,NA,NA,NA,NA,NA,NA,NA,NA,NA,NA,NA,NA,NA,"CA","rex sole","rex_sole",NA,NA,"700","total_catch_wt_kg ~ 0 + factor(year) + pass","delta_gamma","TRUE","iid, iid","02_7","2014","1281047.11350384","951095.968820271","1725463.84467605","14.0631883588941","0.151950806862343","index"
"370","370","370","370","370","370","370","370","370","370","370","370","370","370","370","370","370","370","370","370","370","370","370","370","370","370","370","370","370","370","370","370","370","370","370","370","370","370","370","370","370","370","370","370","370",NA,NA,NA,NA,NA,NA,NA,NA,NA,NA,NA,NA,NA,NA,NA,NA,NA,"CA","rex sole","rex_sole",NA,NA,"700","total_catch_wt_kg ~ 0 + factor(year) + pass","delta_gamma","TRUE","iid, iid","02_7","2015","1962767.19546606","1460520.69855511","2637727.1252704","14.489865869927","0.150799861277974","index"
"371","371","371","371","371","371","371","371","371","371","371","371","371","371","371","371","371","371","371","371","371","371","371","371","371","371","371","371","371","371","371","371","371","371","371","371","371","371","371","371","371","371","371","371","371",NA,NA,NA,NA,NA,NA,NA,NA,NA,NA,NA,NA,NA,NA,NA,NA,NA,"CA","rex sole","rex_sole",NA,NA,"700","total_catch_wt_kg ~ 0 + factor(year) + pass","delta_gamma","TRUE","iid, iid","02_7","2016","2034848.38176944","1497182.22202812","2765600.52334895","14.5259318688102","0.156552105260543","index"
"372","372","372","372","372","372","372","372","372","372","372","372","372","372","372","372","372","372","372","372","372","372","372","372","372","372","372","372","372","372","372","372","372","372","372","372","372","372","372","372","372","372","372","372","372",NA,NA,NA,NA,NA,NA,NA,NA,NA,NA,NA,NA,NA,NA,NA,NA,NA,"CA","rex sole","rex_sole",NA,NA,"700","total_catch_wt_kg ~ 0 + factor(year) + pass","delta_gamma","TRUE","iid, iid","02_7","2017","1911194.32193804","1406380.68804945","2597208.39972155","14.4632389040486","0.156486972274495","index"
"373","373","373","373","373","373","373","373","373","373","373","373","373","373","373","373","373","373","373","373","373","373","373","373","373","373","373","373","373","373","373","373","373","373","373","373","373","373","373","373","373","373","373","373","373",NA,NA,NA,NA,NA,NA,NA,NA,NA,NA,NA,NA,NA,NA,NA,NA,NA,"CA","rex sole","rex_sole",NA,NA,"700","total_catch_wt_kg ~ 0 + factor(year) + pass","delta_gamma","TRUE","iid, iid","02_7","2018","2036136.27994308","1516140.01190767","2734477.63263233","14.5265645895515","0.150455005713392","index"
"374","374","374","374","374","374","374","374","374","374","374","374","374","374","374","374","374","374","374","374","374","374","374","374","374","374","374","374","374","374","374","374","374","374","374","374","374","374","374","374","374","374","374","374","374",NA,NA,NA,NA,NA,NA,NA,NA,NA,NA,NA,NA,NA,NA,NA,NA,NA,"CA","rex sole","rex_sole",NA,NA,"700","total_catch_wt_kg ~ 0 + factor(year) + pass","delta_gamma","TRUE","iid, iid","02_7","2019","1766464.88387148","1165694.62957944","2676857.30616848","14.3844908666545","0.212076933081815","index"
"375","375","375","375","375","375","375","375","375","375","375","375","375","375","375","375","375","375","375","375","375","375","375","375","375","375","375","375","375","375","375","375","375","375","375","375","375","375","375","375","375","375","375","375","375",NA,NA,NA,NA,NA,NA,NA,NA,NA,NA,NA,NA,NA,NA,NA,NA,NA,"CA","rex sole","rex_sole",NA,NA,"700","total_catch_wt_kg ~ 0 + factor(year) + pass","delta_gamma","TRUE","iid, iid","02_7","2021","1592394.16961813","1173519.33621933","2160781.77254669","14.2807492087214","0.155733186731844","index"
"376","376","376","376","376","376","376","376","376","376","376","376","376","376","376","376","376","376","376","376","376","376","376","376","376","376","376","376","376","376","376","376","376","376","376","376","376","376","376","376","376","376","376","376","376",NA,NA,NA,NA,NA,NA,NA,NA,NA,NA,NA,NA,NA,NA,NA,NA,NA,"CA","rex sole","rex_sole",NA,NA,"700","total_catch_wt_kg ~ 0 + factor(year) + pass","delta_gamma","TRUE","iid, iid","02_7","2022","1816627.66776058","1307352.06994315","2524290.24984583","14.4124924104531","0.167849044242884","index"
"377","377","377","377","377","377","377","377","377","377","377","377","377","377","377","377","377","377","377","377","377","377","377","377","377","377","377","377","377","377","377","377","377","377","377","377","377","377","377","377","377","377","377","377","377",NA,NA,NA,NA,NA,NA,NA,NA,NA,NA,NA,NA,NA,NA,NA,NA,NA,"CA","rex sole","rex_sole",NA,NA,"700","total_catch_wt_kg ~ 0 + factor(year) + pass","delta_gamma","TRUE","iid, iid","02_7","2023","1422757.95123902","1046763.29078337","1933808.91901451","14.1681077650908","0.156581644622552","index"
"378","378","378","378","378","378","378","378","378","378","378","378","378","378","378","378","378","378","378","378","378","378","378","378","378","378","378","378","378","378","378","378","378","378","378","378","378","378","378","378","378","378","378","378","378",NA,NA,NA,NA,NA,NA,NA,NA,NA,NA,NA,NA,NA,NA,NA,NA,NA,"CA","rex sole","rex_sole",NA,NA,"700","total_catch_wt_kg ~ 0 + factor(year) + pass","delta_gamma","TRUE","iid, iid","02_7","2024","1545421.46294854","1136053.4337372","2102302.08123686","14.2508072226656","0.15701120591778","index"
"379","379","379","379","379","379","379","379","379","379","379","379","379","379","379","379","379","379","379","379","379","379","379","379","379","379","379","379","379","379","379","379","379","379","379","379","379","379","379","379","379","379","379","379",NA,NA,NA,NA,NA,NA,NA,NA,NA,NA,NA,NA,NA,NA,NA,NA,NA,NA,"CA","rex sole","rex_sole",NA,NA,"700","total_catch_wt_kg ~ 0 + factor(year) + pass","delta_gamma","TRUE","iid, iid","02_8","2003","1777816.29297258","1278514.17763402","2472112.41521602","14.3908963674302","0.168210848315098","index"
"380","380","380","380","380","380","380","380","380","380","380","380","380","380","380","380","380","380","380","380","380","380","380","380","380","380","380","380","380","380","380","380","380","380","380","380","380","380","380","380","380","380","380","380",NA,NA,NA,NA,NA,NA,NA,NA,NA,NA,NA,NA,NA,NA,NA,NA,NA,NA,"CA","rex sole","rex_sole",NA,NA,"700","total_catch_wt_kg ~ 0 + factor(year) + pass","delta_gamma","TRUE","iid, iid","02_8","2004","2106081.18282532","1440555.66130757","3079074.32374032","14.5603395192832","0.193779094539364","index"
"381","381","381","381","381","381","381","381","381","381","381","381","381","381","381","381","381","381","381","381","381","381","381","381","381","381","381","381","381","381","381","381","381","381","381","381","381","381","381","381","381","381","381","381",NA,NA,NA,NA,NA,NA,NA,NA,NA,NA,NA,NA,NA,NA,NA,NA,NA,NA,"CA","rex sole","rex_sole",NA,NA,"700","total_catch_wt_kg ~ 0 + factor(year) + pass","delta_gamma","TRUE","iid, iid","02_8","2005","1766590.51887102","1269836.55777652","2457672.24313463","14.3845619863995","0.168453723392369","index"
"382","382","382","382","382","382","382","382","382","382","382","382","382","382","382","382","382","382","382","382","382","382","382","382","382","382","382","382","382","382","382","382","382","382","382","382","382","382","382","382","382","382","382","382",NA,NA,NA,NA,NA,NA,NA,NA,NA,NA,NA,NA,NA,NA,NA,NA,NA,NA,"CA","rex sole","rex_sole",NA,NA,"700","total_catch_wt_kg ~ 0 + factor(year) + pass","delta_gamma","TRUE","iid, iid","02_8","2006","1401149.68352238","1030374.28519811","1905346.88592058","14.1528036600992","0.156824811393594","index"
"383","383","383","383","383","383","383","383","383","383","383","383","383","383","383","383","383","383","383","383","383","383","383","383","383","383","383","383","383","383","383","383","383","383","383","383","383","383","383","383","383","383","383","383",NA,NA,NA,NA,NA,NA,NA,NA,NA,NA,NA,NA,NA,NA,NA,NA,NA,NA,"CA","rex sole","rex_sole",NA,NA,"700","total_catch_wt_kg ~ 0 + factor(year) + pass","delta_gamma","TRUE","iid, iid","02_8","2007","1227584.1775516","887570.334254894","1697851.82628948","14.0205587127163","0.165470216911242","index"
"384","384","384","384","384","384","384","384","384","384","384","384","384","384","384","384","384","384","384","384","384","384","384","384","384","384","384","384","384","384","384","384","384","384","384","384","384","384","384","384","384","384","384","384",NA,NA,NA,NA,NA,NA,NA,NA,NA,NA,NA,NA,NA,NA,NA,NA,NA,NA,"CA","rex sole","rex_sole",NA,NA,"700","total_catch_wt_kg ~ 0 + factor(year) + pass","delta_gamma","TRUE","iid, iid","02_8","2008","796779.494973858","577646.413972396","1099041.81564111","13.5883332507018","0.164092826861087","index"
"385","385","385","385","385","385","385","385","385","385","385","385","385","385","385","385","385","385","385","385","385","385","385","385","385","385","385","385","385","385","385","385","385","385","385","385","385","385","385","385","385","385","385","385",NA,NA,NA,NA,NA,NA,NA,NA,NA,NA,NA,NA,NA,NA,NA,NA,NA,NA,"CA","rex sole","rex_sole",NA,NA,"700","total_catch_wt_kg ~ 0 + factor(year) + pass","delta_gamma","TRUE","iid, iid","02_8","2009","851913.299217841","609886.578750485","1189985.63777405","13.655240039152","0.170519335764159","index"
"386","386","386","386","386","386","386","386","386","386","386","386","386","386","386","386","386","386","386","386","386","386","386","386","386","386","386","386","386","386","386","386","386","386","386","386","386","386","386","386","386","386","386","386",NA,NA,NA,NA,NA,NA,NA,NA,NA,NA,NA,NA,NA,NA,NA,NA,NA,NA,"CA","rex sole","rex_sole",NA,NA,"700","total_catch_wt_kg ~ 0 + factor(year) + pass","delta_gamma","TRUE","iid, iid","02_8","2010","760452.014342258","556495.816476207","1039158.33505987","13.5416682911789","0.159315865768675","index"
"387","387","387","387","387","387","387","387","387","387","387","387","387","387","387","387","387","387","387","387","387","387","387","387","387","387","387","387","387","387","387","387","387","387","387","387","387","387","387","387","387","387","387","387",NA,NA,NA,NA,NA,NA,NA,NA,NA,NA,NA,NA,NA,NA,NA,NA,NA,NA,"CA","rex sole","rex_sole",NA,NA,"700","total_catch_wt_kg ~ 0 + factor(year) + pass","delta_gamma","TRUE","iid, iid","02_8","2011","990330.393640155","725644.844084674","1351562.40213432","13.8057938973846","0.158665118951909","index"
"388","388","388","388","388","388","388","388","388","388","388","388","388","388","388","388","388","388","388","388","388","388","388","388","388","388","388","388","388","388","388","388","388","388","388","388","388","388","388","388","388","388","388","388",NA,NA,NA,NA,NA,NA,NA,NA,NA,NA,NA,NA,NA,NA,NA,NA,NA,NA,"CA","rex sole","rex_sole",NA,NA,"700","total_catch_wt_kg ~ 0 + factor(year) + pass","delta_gamma","TRUE","iid, iid","02_8","2012","1156253.20625773","853851.288350184","1565754.47647855","13.9606953407846","0.154688056000013","index"
"389","389","389","389","389","389","389","389","389","389","389","389","389","389","389","389","389","389","389","389","389","389","389","389","389","389","389","389","389","389","389","389","389","389","389","389","389","389","389","389","389","389","389","389",NA,NA,NA,NA,NA,NA,NA,NA,NA,NA,NA,NA,NA,NA,NA,NA,NA,NA,"CA","rex sole","rex_sole",NA,NA,"700","total_catch_wt_kg ~ 0 + factor(year) + pass","delta_gamma","TRUE","iid, iid","02_8","2013","994926.021892505","694467.96381035","1425375.74175152","13.8104236635199","0.183433141968916","index"
"390","390","390","390","390","390","390","390","390","390","390","390","390","390","390","390","390","390","390","390","390","390","390","390","390","390","390","390","390","390","390","390","390","390","390","390","390","390","390","390","390","390","390","390",NA,NA,NA,NA,NA,NA,NA,NA,NA,NA,NA,NA,NA,NA,NA,NA,NA,NA,"CA","rex sole","rex_sole",NA,NA,"700","total_catch_wt_kg ~ 0 + factor(year) + pass","delta_gamma","TRUE","iid, iid","02_8","2014","1765043.53336768","1288607.06364058","2417632.77773869","14.3836859128429","0.160520049354709","index"
"391","391","391","391","391","391","391","391","391","391","391","391","391","391","391","391","391","391","391","391","391","391","391","391","391","391","391","391","391","391","391","391","391","391","391","391","391","391","391","391","391","391","391","391",NA,NA,NA,NA,NA,NA,NA,NA,NA,NA,NA,NA,NA,NA,NA,NA,NA,NA,"CA","rex sole","rex_sole",NA,NA,"700","total_catch_wt_kg ~ 0 + factor(year) + pass","delta_gamma","TRUE","iid, iid","02_8","2015","1714679.53584159","1255693.59704792","2341435.77505374","14.3547367615542","0.158950939485219","index"
"392","392","392","392","392","392","392","392","392","392","392","392","392","392","392","392","392","392","392","392","392","392","392","392","392","392","392","392","392","392","392","392","392","392","392","392","392","392","392","392","392","392","392","392",NA,NA,NA,NA,NA,NA,NA,NA,NA,NA,NA,NA,NA,NA,NA,NA,NA,NA,"CA","rex sole","rex_sole",NA,NA,"700","total_catch_wt_kg ~ 0 + factor(year) + pass","delta_gamma","TRUE","iid, iid","02_8","2016","2116830.48111607","1555663.67620723","2880424.19085522","14.5654304718594","0.157154754030113","index"
"393","393","393","393","393","393","393","393","393","393","393","393","393","393","393","393","393","393","393","393","393","393","393","393","393","393","393","393","393","393","393","393","393","393","393","393","393","393","393","393","393","393","393","393",NA,NA,NA,NA,NA,NA,NA,NA,NA,NA,NA,NA,NA,NA,NA,NA,NA,NA,"CA","rex sole","rex_sole",NA,NA,"700","total_catch_wt_kg ~ 0 + factor(year) + pass","delta_gamma","TRUE","iid, iid","02_8","2017","1998064.19977863","1446640.4560729","2759677.10544647","14.5076893696957","0.164765716574708","index"
"394","394","394","394","394","394","394","394","394","394","394","394","394","394","394","394","394","394","394","394","394","394","394","394","394","394","394","394","394","394","394","394","394","394","394","394","394","394","394","394","394","394","394","394",NA,NA,NA,NA,NA,NA,NA,NA,NA,NA,NA,NA,NA,NA,NA,NA,NA,NA,"CA","rex sole","rex_sole",NA,NA,"700","total_catch_wt_kg ~ 0 + factor(year) + pass","delta_gamma","TRUE","iid, iid","02_8","2018","2205763.70531407","1629592.8297034","2985649.81079745","14.6065843585136","0.154463866199199","index"
"395","395","395","395","395","395","395","395","395","395","395","395","395","395","395","395","395","395","395","395","395","395","395","395","395","395","395","395","395","395","395","395","395","395","395","395","395","395","395","395","395","395","395","395",NA,NA,NA,NA,NA,NA,NA,NA,NA,NA,NA,NA,NA,NA,NA,NA,NA,NA,"CA","rex sole","rex_sole",NA,NA,"700","total_catch_wt_kg ~ 0 + factor(year) + pass","delta_gamma","TRUE","iid, iid","02_8","2019","1971516.47576746","1259830.26515828","3085238.79900141","14.4943135892355","0.22848686664973","index"
"396","396","396","396","396","396","396","396","396","396","396","396","396","396","396","396","396","396","396","396","396","396","396","396","396","396","396","396","396","396","396","396","396","396","396","396","396","396","396","396","396","396","396","396",NA,NA,NA,NA,NA,NA,NA,NA,NA,NA,NA,NA,NA,NA,NA,NA,NA,NA,"CA","rex sole","rex_sole",NA,NA,"700","total_catch_wt_kg ~ 0 + factor(year) + pass","delta_gamma","TRUE","iid, iid","02_8","2021","1684680.07342479","1217378.95280966","2331358.64822061","14.3370862363378","0.165755867275054","index"
"397","397","397","397","397","397","397","397","397","397","397","397","397","397","397","397","397","397","397","397","397","397","397","397","397","397","397","397","397","397","397","397","397","397","397","397","397","397","397","397","397","397","397","397",NA,NA,NA,NA,NA,NA,NA,NA,NA,NA,NA,NA,NA,NA,NA,NA,NA,NA,"CA","rex sole","rex_sole",NA,NA,"700","total_catch_wt_kg ~ 0 + factor(year) + pass","delta_gamma","TRUE","iid, iid","02_8","2022","1853506.46222774","1347922.13445141","2548727.49524081","14.4325897880668","0.162510630579607","index"
"398","398","398","398","398","398","398","398","398","398","398","398","398","398","398","398","398","398","398","398","398","398","398","398","398","398","398","398","398","398","398","398","398","398","398","398","398","398","398","398","398","398","398","398",NA,NA,NA,NA,NA,NA,NA,NA,NA,NA,NA,NA,NA,NA,NA,NA,NA,NA,"CA","rex sole","rex_sole",NA,NA,"700","total_catch_wt_kg ~ 0 + factor(year) + pass","delta_gamma","TRUE","iid, iid","02_8","2023","1813240.92615176","1302787.50059751","2523698.34279479","14.4106263690227","0.168681472492753","index"
"399","399","399","399","399","399","399","399","399","399","399","399","399","399","399","399","399","399","399","399","399","399","399","399","399","399","399","399","399","399","399","399","399","399","399","399","399","399","399","399","399","399","399","399",NA,NA,NA,NA,NA,NA,NA,NA,NA,NA,NA,NA,NA,NA,NA,NA,NA,NA,"CA","rex sole","rex_sole",NA,NA,"700","total_catch_wt_kg ~ 0 + factor(year) + pass","delta_gamma","TRUE","iid, iid","02_8","2024","1778831.02532531","1290295.79961607","2452336.75689049","14.3914669791831","0.163821850623596","index"
"400","400","400","400","400","400","400","400","400","400","400","400","400","400","400","400","400","400","400","400","400","400","400","400","400","400","400","400","400","400","400","400","400","400","400","400","400","400","400","400","400","400","400",NA,NA,NA,NA,NA,NA,NA,NA,NA,NA,NA,NA,NA,NA,NA,NA,NA,NA,NA,"CA","rex sole","rex_sole",NA,NA,"700","total_catch_wt_kg ~ 0 + factor(year) + pass","delta_gamma","TRUE","iid, iid","02_9","2003","1482543.10692346","1076457.57847582","2041821.34794237","14.2092694866141","0.163310806231822","index"
"401","401","401","401","401","401","401","401","401","401","401","401","401","401","401","401","401","401","401","401","401","401","401","401","401","401","401","401","401","401","401","401","401","401","401","401","401","401","401","401","401","401","401",NA,NA,NA,NA,NA,NA,NA,NA,NA,NA,NA,NA,NA,NA,NA,NA,NA,NA,NA,"CA","rex sole","rex_sole",NA,NA,"700","total_catch_wt_kg ~ 0 + factor(year) + pass","delta_gamma","TRUE","iid, iid","02_9","2004","1723116.239916","1213844.03583101","2446055.24978304","14.3596449769118","0.178749307964695","index"
"402","402","402","402","402","402","402","402","402","402","402","402","402","402","402","402","402","402","402","402","402","402","402","402","402","402","402","402","402","402","402","402","402","402","402","402","402","402","402","402","402","402","402",NA,NA,NA,NA,NA,NA,NA,NA,NA,NA,NA,NA,NA,NA,NA,NA,NA,NA,NA,"CA","rex sole","rex_sole",NA,NA,"700","total_catch_wt_kg ~ 0 + factor(year) + pass","delta_gamma","TRUE","iid, iid","02_9","2005","1665985.27704674","1216188.95346862","2282134.64315774","14.325927264363","0.1605613919659","index"
"403","403","403","403","403","403","403","403","403","403","403","403","403","403","403","403","403","403","403","403","403","403","403","403","403","403","403","403","403","403","403","403","403","403","403","403","403","403","403","403","403","403","403",NA,NA,NA,NA,NA,NA,NA,NA,NA,NA,NA,NA,NA,NA,NA,NA,NA,NA,NA,"CA","rex sole","rex_sole",NA,NA,"700","total_catch_wt_kg ~ 0 + factor(year) + pass","delta_gamma","TRUE","iid, iid","02_9","2006","1437688.15570588","1029794.98135084","2007144.40300111","14.178546934014","0.170246312424568","index"
"404","404","404","404","404","404","404","404","404","404","404","404","404","404","404","404","404","404","404","404","404","404","404","404","404","404","404","404","404","404","404","404","404","404","404","404","404","404","404","404","404","404","404",NA,NA,NA,NA,NA,NA,NA,NA,NA,NA,NA,NA,NA,NA,NA,NA,NA,NA,NA,"CA","rex sole","rex_sole",NA,NA,"700","total_catch_wt_kg ~ 0 + factor(year) + pass","delta_gamma","TRUE","iid, iid","02_9","2007","1097712.24166086","801699.543758012","1503022.14199067","13.9087387917139","0.160334379230891","index"
"405","405","405","405","405","405","405","405","405","405","405","405","405","405","405","405","405","405","405","405","405","405","405","405","405","405","405","405","405","405","405","405","405","405","405","405","405","405","405","405","405","405","405",NA,NA,NA,NA,NA,NA,NA,NA,NA,NA,NA,NA,NA,NA,NA,NA,NA,NA,NA,"CA","rex sole","rex_sole",NA,NA,"700","total_catch_wt_kg ~ 0 + factor(year) + pass","delta_gamma","TRUE","iid, iid","02_9","2008","731895.081257632","531137.476514226","1008534.38828049","13.5033924510552","0.163582742189411","index"
"406","406","406","406","406","406","406","406","406","406","406","406","406","406","406","406","406","406","406","406","406","406","406","406","406","406","406","406","406","406","406","406","406","406","406","406","406","406","406","406","406","406","406",NA,NA,NA,NA,NA,NA,NA,NA,NA,NA,NA,NA,NA,NA,NA,NA,NA,NA,NA,"CA","rex sole","rex_sole",NA,NA,"700","total_catch_wt_kg ~ 0 + factor(year) + pass","delta_gamma","TRUE","iid, iid","02_9","2009","1008936.42925607","737078.036144802","1381065.05466405","13.8244072936404","0.16018572129052","index"
"407","407","407","407","407","407","407","407","407","407","407","407","407","407","407","407","407","407","407","407","407","407","407","407","407","407","407","407","407","407","407","407","407","407","407","407","407","407","407","407","407","407","407",NA,NA,NA,NA,NA,NA,NA,NA,NA,NA,NA,NA,NA,NA,NA,NA,NA,NA,NA,"CA","rex sole","rex_sole",NA,NA,"700","total_catch_wt_kg ~ 0 + factor(year) + pass","delta_gamma","TRUE","iid, iid","02_9","2010","997737.907186097","727366.295643798","1368610.20011243","13.8132459027534","0.161258283400134","index"
"408","408","408","408","408","408","408","408","408","408","408","408","408","408","408","408","408","408","408","408","408","408","408","408","408","408","408","408","408","408","408","408","408","408","408","408","408","408","408","408","408","408","408",NA,NA,NA,NA,NA,NA,NA,NA,NA,NA,NA,NA,NA,NA,NA,NA,NA,NA,NA,"CA","rex sole","rex_sole",NA,NA,"700","total_catch_wt_kg ~ 0 + factor(year) + pass","delta_gamma","TRUE","iid, iid","02_9","2011","921245.51319143","678689.717016527","1250487.92444674","13.7334818521253","0.155902109915355","index"
"409","409","409","409","409","409","409","409","409","409","409","409","409","409","409","409","409","409","409","409","409","409","409","409","409","409","409","409","409","409","409","409","409","409","409","409","409","409","409","409","409","409","409",NA,NA,NA,NA,NA,NA,NA,NA,NA,NA,NA,NA,NA,NA,NA,NA,NA,NA,NA,"CA","rex sole","rex_sole",NA,NA,"700","total_catch_wt_kg ~ 0 + factor(year) + pass","delta_gamma","TRUE","iid, iid","02_9","2012","1151920.63221023","855811.513598006","1550482.92974346","13.9569412222137","0.151602676413856","index"
"410","410","410","410","410","410","410","410","410","410","410","410","410","410","410","410","410","410","410","410","410","410","410","410","410","410","410","410","410","410","410","410","410","410","410","410","410","410","410","410","410","410","410",NA,NA,NA,NA,NA,NA,NA,NA,NA,NA,NA,NA,NA,NA,NA,NA,NA,NA,NA,"CA","rex sole","rex_sole",NA,NA,"700","total_catch_wt_kg ~ 0 + factor(year) + pass","delta_gamma","TRUE","iid, iid","02_9","2013","1186487.43728145","838621.897250243","1678649.75079064","13.9865077667542","0.177040264228765","index"
"411","411","411","411","411","411","411","411","411","411","411","411","411","411","411","411","411","411","411","411","411","411","411","411","411","411","411","411","411","411","411","411","411","411","411","411","411","411","411","411","411","411","411",NA,NA,NA,NA,NA,NA,NA,NA,NA,NA,NA,NA,NA,NA,NA,NA,NA,NA,NA,"CA","rex sole","rex_sole",NA,NA,"700","total_catch_wt_kg ~ 0 + factor(year) + pass","delta_gamma","TRUE","iid, iid","02_9","2014","1592880.40993206","1195928.29032369","2121588.74480559","14.2810545138406","0.146238023927809","index"
"412","412","412","412","412","412","412","412","412","412","412","412","412","412","412","412","412","412","412","412","412","412","412","412","412","412","412","412","412","412","412","412","412","412","412","412","412","412","412","412","412","412","412",NA,NA,NA,NA,NA,NA,NA,NA,NA,NA,NA,NA,NA,NA,NA,NA,NA,NA,NA,"CA","rex sole","rex_sole",NA,NA,"700","total_catch_wt_kg ~ 0 + factor(year) + pass","delta_gamma","TRUE","iid, iid","02_9","2015","1863874.27428621","1391757.34783402","2496144.40028109","14.4381678225356","0.149028267479991","index"
"413","413","413","413","413","413","413","413","413","413","413","413","413","413","413","413","413","413","413","413","413","413","413","413","413","413","413","413","413","413","413","413","413","413","413","413","413","413","413","413","413","413","413",NA,NA,NA,NA,NA,NA,NA,NA,NA,NA,NA,NA,NA,NA,NA,NA,NA,NA,NA,"CA","rex sole","rex_sole",NA,NA,"700","total_catch_wt_kg ~ 0 + factor(year) + pass","delta_gamma","TRUE","iid, iid","02_9","2016","1938665.3570133","1417603.84570682","2651250.82572666","14.4775103339838","0.159713017583172","index"
"414","414","414","414","414","414","414","414","414","414","414","414","414","414","414","414","414","414","414","414","414","414","414","414","414","414","414","414","414","414","414","414","414","414","414","414","414","414","414","414","414","414","414",NA,NA,NA,NA,NA,NA,NA,NA,NA,NA,NA,NA,NA,NA,NA,NA,NA,NA,NA,"CA","rex sole","rex_sole",NA,NA,"700","total_catch_wt_kg ~ 0 + factor(year) + pass","delta_gamma","TRUE","iid, iid","02_9","2017","1614509.51375488","1187144.80448041","2195722.8470927","14.2945417618574","0.156880486657518","index"
"415","415","415","415","415","415","415","415","415","415","415","415","415","415","415","415","415","415","415","415","415","415","415","415","415","415","415","415","415","415","415","415","415","415","415","415","415","415","415","415","415","415","415",NA,NA,NA,NA,NA,NA,NA,NA,NA,NA,NA,NA,NA,NA,NA,NA,NA,NA,NA,"CA","rex sole","rex_sole",NA,NA,"700","total_catch_wt_kg ~ 0 + factor(year) + pass","delta_gamma","TRUE","iid, iid","02_9","2018","1918114.79710781","1402550.93047942","2623194.8479948","14.4668533851411","0.159722401954035","index"
"416","416","416","416","416","416","416","416","416","416","416","416","416","416","416","416","416","416","416","416","416","416","416","416","416","416","416","416","416","416","416","416","416","416","416","416","416","416","416","416","416","416","416",NA,NA,NA,NA,NA,NA,NA,NA,NA,NA,NA,NA,NA,NA,NA,NA,NA,NA,NA,"CA","rex sole","rex_sole",NA,NA,"700","total_catch_wt_kg ~ 0 + factor(year) + pass","delta_gamma","TRUE","iid, iid","02_9","2019","1690230.99254212","1151521.94979184","2480960.79164306","14.3403757595367","0.195810077425184","index"
"417","417","417","417","417","417","417","417","417","417","417","417","417","417","417","417","417","417","417","417","417","417","417","417","417","417","417","417","417","417","417","417","417","417","417","417","417","417","417","417","417","417","417",NA,NA,NA,NA,NA,NA,NA,NA,NA,NA,NA,NA,NA,NA,NA,NA,NA,NA,NA,"CA","rex sole","rex_sole",NA,NA,"700","total_catch_wt_kg ~ 0 + factor(year) + pass","delta_gamma","TRUE","iid, iid","02_9","2021","1436533.79152321","1042596.57416198","1979317.20219469","14.1777436806356","0.163533012705034","index"
"418","418","418","418","418","418","418","418","418","418","418","418","418","418","418","418","418","418","418","418","418","418","418","418","418","418","418","418","418","418","418","418","418","418","418","418","418","418","418","418","418","418","418",NA,NA,NA,NA,NA,NA,NA,NA,NA,NA,NA,NA,NA,NA,NA,NA,NA,NA,NA,"CA","rex sole","rex_sole",NA,NA,"700","total_catch_wt_kg ~ 0 + factor(year) + pass","delta_gamma","TRUE","iid, iid","02_9","2022","1575608.84720493","1137124.09509837","2183177.06052627","14.270152325197","0.166400718801855","index"
"419","419","419","419","419","419","419","419","419","419","419","419","419","419","419","419","419","419","419","419","419","419","419","419","419","419","419","419","419","419","419","419","419","419","419","419","419","419","419","419","419","419","419",NA,NA,NA,NA,NA,NA,NA,NA,NA,NA,NA,NA,NA,NA,NA,NA,NA,NA,NA,"CA","rex sole","rex_sole",NA,NA,"700","total_catch_wt_kg ~ 0 + factor(year) + pass","delta_gamma","TRUE","iid, iid","02_9","2023","1842356.45170712","1351774.35242447","2510979.20970247","14.4265559904893","0.157976049748911","index"
"420","420","420","420","420","420","420","420","420","420","420","420","420","420","420","420","420","420","420","420","420","420","420","420","420","420","420","420","420","420","420","420","420","420","420","420","420","420","420","420","420","420","420",NA,NA,NA,NA,NA,NA,NA,NA,NA,NA,NA,NA,NA,NA,NA,NA,NA,NA,NA,"CA","rex sole","rex_sole",NA,NA,"700","total_catch_wt_kg ~ 0 + factor(year) + pass","delta_gamma","TRUE","iid, iid","02_9","2024","1362706.68151498","989349.069198553","1876960.88029864","14.1249834868704","0.163360648153212","index"
"421","421","421","421","421","421","421","421","421","421","421","421","421","421","421","421","421","421","421","421","421","421","421","421","421","421","421","421","421","421","421","421","421","421","421","421","421","421","421","421","421","421",NA,NA,NA,NA,NA,NA,NA,NA,NA,NA,NA,NA,NA,NA,NA,NA,NA,NA,NA,NA,"CA","rex sole","rex_sole",NA,NA,"700","total_catch_wt_kg ~ 0 + factor(year) + pass","delta_gamma","TRUE","iid, iid","03_1","2003","1767593.2615025","1317510.87364236","2371430.85542166","14.3851294400016","0.149938789547697","index"
"422","422","422","422","422","422","422","422","422","422","422","422","422","422","422","422","422","422","422","422","422","422","422","422","422","422","422","422","422","422","422","422","422","422","422","422","422","422","422","422","422","422",NA,NA,NA,NA,NA,NA,NA,NA,NA,NA,NA,NA,NA,NA,NA,NA,NA,NA,NA,NA,"CA","rex sole","rex_sole",NA,NA,"700","total_catch_wt_kg ~ 0 + factor(year) + pass","delta_gamma","TRUE","iid, iid","03_1","2004","2191537.56149001","1596055.8842093","3009190.92554266","14.60011393832","0.161772292385644","index"
"423","423","423","423","423","423","423","423","423","423","423","423","423","423","423","423","423","423","423","423","423","423","423","423","423","423","423","423","423","423","423","423","423","423","423","423","423","423","423","423","423","423",NA,NA,NA,NA,NA,NA,NA,NA,NA,NA,NA,NA,NA,NA,NA,NA,NA,NA,NA,NA,"CA","rex sole","rex_sole",NA,NA,"700","total_catch_wt_kg ~ 0 + factor(year) + pass","delta_gamma","TRUE","iid, iid","03_1","2005","1815165.03551931","1387333.83042208","2374932.43076858","14.4116869502081","0.137141598904654","index"
"424","424","424","424","424","424","424","424","424","424","424","424","424","424","424","424","424","424","424","424","424","424","424","424","424","424","424","424","424","424","424","424","424","424","424","424","424","424","424","424","424","424",NA,NA,NA,NA,NA,NA,NA,NA,NA,NA,NA,NA,NA,NA,NA,NA,NA,NA,NA,NA,"CA","rex sole","rex_sole",NA,NA,"700","total_catch_wt_kg ~ 0 + factor(year) + pass","delta_gamma","TRUE","iid, iid","03_1","2006","1432509.20944482","1088833.20003449","1884662.07227996","14.1749381564822","0.139962232201567","index"
"425","425","425","425","425","425","425","425","425","425","425","425","425","425","425","425","425","425","425","425","425","425","425","425","425","425","425","425","425","425","425","425","425","425","425","425","425","425","425","425","425","425",NA,NA,NA,NA,NA,NA,NA,NA,NA,NA,NA,NA,NA,NA,NA,NA,NA,NA,NA,NA,"CA","rex sole","rex_sole",NA,NA,"700","total_catch_wt_kg ~ 0 + factor(year) + pass","delta_gamma","TRUE","iid, iid","03_1","2007","1343260.54267279","1035959.80325806","1741717.08190508","14.1106104571907","0.132538943641233","index"
"426","426","426","426","426","426","426","426","426","426","426","426","426","426","426","426","426","426","426","426","426","426","426","426","426","426","426","426","426","426","426","426","426","426","426","426","426","426","426","426","426","426",NA,NA,NA,NA,NA,NA,NA,NA,NA,NA,NA,NA,NA,NA,NA,NA,NA,NA,NA,NA,"CA","rex sole","rex_sole",NA,NA,"700","total_catch_wt_kg ~ 0 + factor(year) + pass","delta_gamma","TRUE","iid, iid","03_1","2008","666936.761642501","505527.264082125","879882.601065659","13.4104505102718","0.141376709770535","index"
"427","427","427","427","427","427","427","427","427","427","427","427","427","427","427","427","427","427","427","427","427","427","427","427","427","427","427","427","427","427","427","427","427","427","427","427","427","427","427","427","427","427",NA,NA,NA,NA,NA,NA,NA,NA,NA,NA,NA,NA,NA,NA,NA,NA,NA,NA,NA,NA,"CA","rex sole","rex_sole",NA,NA,"700","total_catch_wt_kg ~ 0 + factor(year) + pass","delta_gamma","TRUE","iid, iid","03_1","2009","844600.042463989","644046.219972611","1107605.64942142","13.646618471759","0.138315143156927","index"
"428","428","428","428","428","428","428","428","428","428","428","428","428","428","428","428","428","428","428","428","428","428","428","428","428","428","428","428","428","428","428","428","428","428","428","428","428","428","428","428","428","428",NA,NA,NA,NA,NA,NA,NA,NA,NA,NA,NA,NA,NA,NA,NA,NA,NA,NA,NA,NA,"CA","rex sole","rex_sole",NA,NA,"700","total_catch_wt_kg ~ 0 + factor(year) + pass","delta_gamma","TRUE","iid, iid","03_1","2010","939097.699736709","722971.762034564","1219832.55219948","13.7526747993559","0.13344600089652","index"
"429","429","429","429","429","429","429","429","429","429","429","429","429","429","429","429","429","429","429","429","429","429","429","429","429","429","429","429","429","429","429","429","429","429","429","429","429","429","429","429","429","429",NA,NA,NA,NA,NA,NA,NA,NA,NA,NA,NA,NA,NA,NA,NA,NA,NA,NA,NA,NA,"CA","rex sole","rex_sole",NA,NA,"700","total_catch_wt_kg ~ 0 + factor(year) + pass","delta_gamma","TRUE","iid, iid","03_1","2011","1055514.38110744","809402.172809163","1376461.10444442","13.8695387711018","0.135455333519764","index"
"430","430","430","430","430","430","430","430","430","430","430","430","430","430","430","430","430","430","430","430","430","430","430","430","430","430","430","430","430","430","430","430","430","430","430","430","430","430","430","430","430","430",NA,NA,NA,NA,NA,NA,NA,NA,NA,NA,NA,NA,NA,NA,NA,NA,NA,NA,NA,NA,"CA","rex sole","rex_sole",NA,NA,"700","total_catch_wt_kg ~ 0 + factor(year) + pass","delta_gamma","TRUE","iid, iid","03_1","2012","1067645.08734198","824789.17216829","1382008.96785401","13.8809659280505","0.13167734015241","index"
"431","431","431","431","431","431","431","431","431","431","431","431","431","431","431","431","431","431","431","431","431","431","431","431","431","431","431","431","431","431","431","431","431","431","431","431","431","431","431","431","431","431",NA,NA,NA,NA,NA,NA,NA,NA,NA,NA,NA,NA,NA,NA,NA,NA,NA,NA,NA,NA,"CA","rex sole","rex_sole",NA,NA,"700","total_catch_wt_kg ~ 0 + factor(year) + pass","delta_gamma","TRUE","iid, iid","03_1","2013","1349673.61693298","1011888.89725218","1800216.28579146","14.1153733559499","0.146963934410602","index"
"432","432","432","432","432","432","432","432","432","432","432","432","432","432","432","432","432","432","432","432","432","432","432","432","432","432","432","432","432","432","432","432","432","432","432","432","432","432","432","432","432","432",NA,NA,NA,NA,NA,NA,NA,NA,NA,NA,NA,NA,NA,NA,NA,NA,NA,NA,NA,NA,"CA","rex sole","rex_sole",NA,NA,"700","total_catch_wt_kg ~ 0 + factor(year) + pass","delta_gamma","TRUE","iid, iid","03_1","2014","1509657.33084656","1160635.96543127","1963634.8729999","14.2273932498237","0.134142562304962","index"
"433","433","433","433","433","433","433","433","433","433","433","433","433","433","433","433","433","433","433","433","433","433","433","433","433","433","433","433","433","433","433","433","433","433","433","433","433","433","433","433","433","433",NA,NA,NA,NA,NA,NA,NA,NA,NA,NA,NA,NA,NA,NA,NA,NA,NA,NA,NA,NA,"CA","rex sole","rex_sole",NA,NA,"700","total_catch_wt_kg ~ 0 + factor(year) + pass","delta_gamma","TRUE","iid, iid","03_1","2015","1673339.22948368","1288109.27707073","2173778.44160599","14.3303317265894","0.133495158155716","index"
"434","434","434","434","434","434","434","434","434","434","434","434","434","434","434","434","434","434","434","434","434","434","434","434","434","434","434","434","434","434","434","434","434","434","434","434","434","434","434","434","434","434",NA,NA,NA,NA,NA,NA,NA,NA,NA,NA,NA,NA,NA,NA,NA,NA,NA,NA,NA,NA,"CA","rex sole","rex_sole",NA,NA,"700","total_catch_wt_kg ~ 0 + factor(year) + pass","delta_gamma","TRUE","iid, iid","03_1","2016","1770555.24290928","1364869.46381106","2296824.67907238","14.3868037519164","0.132775093240753","index"
"435","435","435","435","435","435","435","435","435","435","435","435","435","435","435","435","435","435","435","435","435","435","435","435","435","435","435","435","435","435","435","435","435","435","435","435","435","435","435","435","435","435",NA,NA,NA,NA,NA,NA,NA,NA,NA,NA,NA,NA,NA,NA,NA,NA,NA,NA,NA,NA,"CA","rex sole","rex_sole",NA,NA,"700","total_catch_wt_kg ~ 0 + factor(year) + pass","delta_gamma","TRUE","iid, iid","03_1","2017","1877212.34540313","1448868.23335791","2432192.31990947","14.4452984393794","0.132147917265528","index"
"436","436","436","436","436","436","436","436","436","436","436","436","436","436","436","436","436","436","436","436","436","436","436","436","436","436","436","436","436","436","436","436","436","436","436","436","436","436","436","436","436","436",NA,NA,NA,NA,NA,NA,NA,NA,NA,NA,NA,NA,NA,NA,NA,NA,NA,NA,NA,NA,"CA","rex sole","rex_sole",NA,NA,"700","total_catch_wt_kg ~ 0 + factor(year) + pass","delta_gamma","TRUE","iid, iid","03_1","2018","2070745.03008471","1583866.07652677","2707290.11951791","14.543419018402","0.136757471250137","index"
"437","437","437","437","437","437","437","437","437","437","437","437","437","437","437","437","437","437","437","437","437","437","437","437","437","437","437","437","437","437","437","437","437","437","437","437","437","437","437","437","437","437",NA,NA,NA,NA,NA,NA,NA,NA,NA,NA,NA,NA,NA,NA,NA,NA,NA,NA,NA,NA,"CA","rex sole","rex_sole",NA,NA,"700","total_catch_wt_kg ~ 0 + factor(year) + pass","delta_gamma","TRUE","iid, iid","03_1","2019","1608216.38246878","1144983.33564189","2258862.51120942","14.2906362858798","0.173337697896254","index"
"438","438","438","438","438","438","438","438","438","438","438","438","438","438","438","438","438","438","438","438","438","438","438","438","438","438","438","438","438","438","438","438","438","438","438","438","438","438","438","438","438","438",NA,NA,NA,NA,NA,NA,NA,NA,NA,NA,NA,NA,NA,NA,NA,NA,NA,NA,NA,NA,"CA","rex sole","rex_sole",NA,NA,"700","total_catch_wt_kg ~ 0 + factor(year) + pass","delta_gamma","TRUE","iid, iid","03_1","2021","1576827.88323006","1213710.00204015","2048583.40884755","14.2709257180928","0.133539889583448","index"
"439","439","439","439","439","439","439","439","439","439","439","439","439","439","439","439","439","439","439","439","439","439","439","439","439","439","439","439","439","439","439","439","439","439","439","439","439","439","439","439","439","439",NA,NA,NA,NA,NA,NA,NA,NA,NA,NA,NA,NA,NA,NA,NA,NA,NA,NA,NA,NA,"CA","rex sole","rex_sole",NA,NA,"700","total_catch_wt_kg ~ 0 + factor(year) + pass","delta_gamma","TRUE","iid, iid","03_1","2022","1556062.25083008","1191986.5922547","2031339.73502028","14.2576689898804","0.135990821028927","index"
"440","440","440","440","440","440","440","440","440","440","440","440","440","440","440","440","440","440","440","440","440","440","440","440","440","440","440","440","440","440","440","440","440","440","440","440","440","440","440","440","440","440",NA,NA,NA,NA,NA,NA,NA,NA,NA,NA,NA,NA,NA,NA,NA,NA,NA,NA,NA,NA,"CA","rex sole","rex_sole",NA,NA,"700","total_catch_wt_kg ~ 0 + factor(year) + pass","delta_gamma","TRUE","iid, iid","03_1","2023","1731467.09175211","1323084.21482364","2265901.33585723","14.3644796370143","0.13724922683542","index"
"441","441","441","441","441","441","441","441","441","441","441","441","441","441","441","441","441","441","441","441","441","441","441","441","441","441","441","441","441","441","441","441","441","441","441","441","441","441","441","441","441","441",NA,NA,NA,NA,NA,NA,NA,NA,NA,NA,NA,NA,NA,NA,NA,NA,NA,NA,NA,NA,"CA","rex sole","rex_sole",NA,NA,"700","total_catch_wt_kg ~ 0 + factor(year) + pass","delta_gamma","TRUE","iid, iid","03_1","2024","1387447.15441681","1062271.04854946","1812164.23899334","14.1429760369706","0.136255750735472","index"
"442","442","442","442","442","442","442","442","442","442","442","442","442","442","442","442","442","442","442","442","442","442","442","442","442","442","442","442","442","442","442","442","442","442","442","442","442","442","442","442","442",NA,NA,NA,NA,NA,NA,NA,NA,NA,NA,NA,NA,NA,NA,NA,NA,NA,NA,NA,NA,NA,"CA","rex sole","rex_sole",NA,NA,"700","total_catch_wt_kg ~ 0 + factor(year) + pass","delta_gamma","TRUE","iid, iid","03_10","2003","2113764.04489662","1545132.79511965","2891659.83118735","14.5639808237129","0.15988069680391","index"
"443","443","443","443","443","443","443","443","443","443","443","443","443","443","443","443","443","443","443","443","443","443","443","443","443","443","443","443","443","443","443","443","443","443","443","443","443","443","443","443","443",NA,NA,NA,NA,NA,NA,NA,NA,NA,NA,NA,NA,NA,NA,NA,NA,NA,NA,NA,NA,NA,"CA","rex sole","rex_sole",NA,NA,"700","total_catch_wt_kg ~ 0 + factor(year) + pass","delta_gamma","TRUE","iid, iid","03_10","2004","1616476.59080148","1201180.93735247","2175356.34087609","14.2957593946332","0.151504645840451","index"
"444","444","444","444","444","444","444","444","444","444","444","444","444","444","444","444","444","444","444","444","444","444","444","444","444","444","444","444","444","444","444","444","444","444","444","444","444","444","444","444","444",NA,NA,NA,NA,NA,NA,NA,NA,NA,NA,NA,NA,NA,NA,NA,NA,NA,NA,NA,NA,NA,"CA","rex sole","rex_sole",NA,NA,"700","total_catch_wt_kg ~ 0 + factor(year) + pass","delta_gamma","TRUE","iid, iid","03_10","2005","1968194.01626675","1489816.04418664","2600178.52592203","14.4926269372365","0.142075940890043","index"
"445","445","445","445","445","445","445","445","445","445","445","445","445","445","445","445","445","445","445","445","445","445","445","445","445","445","445","445","445","445","445","445","445","445","445","445","445","445","445","445","445",NA,NA,NA,NA,NA,NA,NA,NA,NA,NA,NA,NA,NA,NA,NA,NA,NA,NA,NA,NA,NA,"CA","rex sole","rex_sole",NA,NA,"700","total_catch_wt_kg ~ 0 + factor(year) + pass","delta_gamma","TRUE","iid, iid","03_10","2006","1473023.80327614","1133143.04823382","1914850.14041261","14.20282785504","0.133840248547769","index"
"446","446","446","446","446","446","446","446","446","446","446","446","446","446","446","446","446","446","446","446","446","446","446","446","446","446","446","446","446","446","446","446","446","446","446","446","446","446","446","446","446",NA,NA,NA,NA,NA,NA,NA,NA,NA,NA,NA,NA,NA,NA,NA,NA,NA,NA,NA,NA,NA,"CA","rex sole","rex_sole",NA,NA,"700","total_catch_wt_kg ~ 0 + factor(year) + pass","delta_gamma","TRUE","iid, iid","03_10","2007","1588724.27246808","1212728.46424355","2081294.27843819","14.2784419077862","0.137787531686205","index"
"447","447","447","447","447","447","447","447","447","447","447","447","447","447","447","447","447","447","447","447","447","447","447","447","447","447","447","447","447","447","447","447","447","447","447","447","447","447","447","447","447",NA,NA,NA,NA,NA,NA,NA,NA,NA,NA,NA,NA,NA,NA,NA,NA,NA,NA,NA,NA,NA,"CA","rex sole","rex_sole",NA,NA,"700","total_catch_wt_kg ~ 0 + factor(year) + pass","delta_gamma","TRUE","iid, iid","03_10","2008","1002398.24117085","758389.852767217","1324915.18740142","13.8179059279444","0.142325614195649","index"
"448","448","448","448","448","448","448","448","448","448","448","448","448","448","448","448","448","448","448","448","448","448","448","448","448","448","448","448","448","448","448","448","448","448","448","448","448","448","448","448","448",NA,NA,NA,NA,NA,NA,NA,NA,NA,NA,NA,NA,NA,NA,NA,NA,NA,NA,NA,NA,NA,"CA","rex sole","rex_sole",NA,NA,"700","total_catch_wt_kg ~ 0 + factor(year) + pass","delta_gamma","TRUE","iid, iid","03_10","2009","1104300.5327482","843008.548200198","1446580.42819556","13.9147226904658","0.137752691094885","index"
"449","449","449","449","449","449","449","449","449","449","449","449","449","449","449","449","449","449","449","449","449","449","449","449","449","449","449","449","449","449","449","449","449","449","449","449","449","449","449","449","449",NA,NA,NA,NA,NA,NA,NA,NA,NA,NA,NA,NA,NA,NA,NA,NA,NA,NA,NA,NA,NA,"CA","rex sole","rex_sole",NA,NA,"700","total_catch_wt_kg ~ 0 + factor(year) + pass","delta_gamma","TRUE","iid, iid","03_10","2010","1060798.33414692","811796.864517912","1386175.72315599","13.8745323280382","0.136495828061838","index"
"450","450","450","450","450","450","450","450","450","450","450","450","450","450","450","450","450","450","450","450","450","450","450","450","450","450","450","450","450","450","450","450","450","450","450","450","450","450","450","450","450",NA,NA,NA,NA,NA,NA,NA,NA,NA,NA,NA,NA,NA,NA,NA,NA,NA,NA,NA,NA,NA,"CA","rex sole","rex_sole",NA,NA,"700","total_catch_wt_kg ~ 0 + factor(year) + pass","delta_gamma","TRUE","iid, iid","03_10","2011","1040053.52448233","793922.111914531","1362490.49819205","13.8547827356416","0.137779111340641","index"
"451","451","451","451","451","451","451","451","451","451","451","451","451","451","451","451","451","451","451","451","451","451","451","451","451","451","451","451","451","451","451","451","451","451","451","451","451","451","451","451","451",NA,NA,NA,NA,NA,NA,NA,NA,NA,NA,NA,NA,NA,NA,NA,NA,NA,NA,NA,NA,NA,"CA","rex sole","rex_sole",NA,NA,"700","total_catch_wt_kg ~ 0 + factor(year) + pass","delta_gamma","TRUE","iid, iid","03_10","2012","1289550.65276397","999919.624032062","1663074.55727127","14.0698043844657","0.129785142842515","index"
"452","452","452","452","452","452","452","452","452","452","452","452","452","452","452","452","452","452","452","452","452","452","452","452","452","452","452","452","452","452","452","452","452","452","452","452","452","452","452","452","452",NA,NA,NA,NA,NA,NA,NA,NA,NA,NA,NA,NA,NA,NA,NA,NA,NA,NA,NA,NA,NA,"CA","rex sole","rex_sole",NA,NA,"700","total_catch_wt_kg ~ 0 + factor(year) + pass","delta_gamma","TRUE","iid, iid","03_10","2013","1335740.14490141","1020102.96975235","1749040.82000115","14.1049961118414","0.137544354419244","index"
"453","453","453","453","453","453","453","453","453","453","453","453","453","453","453","453","453","453","453","453","453","453","453","453","453","453","453","453","453","453","453","453","453","453","453","453","453","453","453","453","453",NA,NA,NA,NA,NA,NA,NA,NA,NA,NA,NA,NA,NA,NA,NA,NA,NA,NA,NA,NA,NA,"CA","rex sole","rex_sole",NA,NA,"700","total_catch_wt_kg ~ 0 + factor(year) + pass","delta_gamma","TRUE","iid, iid","03_10","2014","1674609.29755234","1295752.41866985","2164237.75023896","14.3310904408404","0.130863801679881","index"
"454","454","454","454","454","454","454","454","454","454","454","454","454","454","454","454","454","454","454","454","454","454","454","454","454","454","454","454","454","454","454","454","454","454","454","454","454","454","454","454","454",NA,NA,NA,NA,NA,NA,NA,NA,NA,NA,NA,NA,NA,NA,NA,NA,NA,NA,NA,NA,NA,"CA","rex sole","rex_sole",NA,NA,"700","total_catch_wt_kg ~ 0 + factor(year) + pass","delta_gamma","TRUE","iid, iid","03_10","2015","1893059.70428371","1451349.8600625","2469201.35702386","14.4537049691995","0.135563894019696","index"
"455","455","455","455","455","455","455","455","455","455","455","455","455","455","455","455","455","455","455","455","455","455","455","455","455","455","455","455","455","455","455","455","455","455","455","455","455","455","455","455","455",NA,NA,NA,NA,NA,NA,NA,NA,NA,NA,NA,NA,NA,NA,NA,NA,NA,NA,NA,NA,NA,"CA","rex sole","rex_sole",NA,NA,"700","total_catch_wt_kg ~ 0 + factor(year) + pass","delta_gamma","TRUE","iid, iid","03_10","2016","2290931.68908298","1768248.7703674","2968116.30354145","14.6444691439169","0.132129430161382","index"
"456","456","456","456","456","456","456","456","456","456","456","456","456","456","456","456","456","456","456","456","456","456","456","456","456","456","456","456","456","456","456","456","456","456","456","456","456","456","456","456","456",NA,NA,NA,NA,NA,NA,NA,NA,NA,NA,NA,NA,NA,NA,NA,NA,NA,NA,NA,NA,NA,"CA","rex sole","rex_sole",NA,NA,"700","total_catch_wt_kg ~ 0 + factor(year) + pass","delta_gamma","TRUE","iid, iid","03_10","2017","1941258.58520104","1494574.60714768","2521443.14281419","14.4788470759471","0.133418214521767","index"
"457","457","457","457","457","457","457","457","457","457","457","457","457","457","457","457","457","457","457","457","457","457","457","457","457","457","457","457","457","457","457","457","457","457","457","457","457","457","457","457","457",NA,NA,NA,NA,NA,NA,NA,NA,NA,NA,NA,NA,NA,NA,NA,NA,NA,NA,NA,NA,NA,"CA","rex sole","rex_sole",NA,NA,"700","total_catch_wt_kg ~ 0 + factor(year) + pass","delta_gamma","TRUE","iid, iid","03_10","2018","2215215.88575313","1696028.84543427","2893336.06188552","14.6108604220632","0.136257768540275","index"
"458","458","458","458","458","458","458","458","458","458","458","458","458","458","458","458","458","458","458","458","458","458","458","458","458","458","458","458","458","458","458","458","458","458","458","458","458","458","458","458","458",NA,NA,NA,NA,NA,NA,NA,NA,NA,NA,NA,NA,NA,NA,NA,NA,NA,NA,NA,NA,NA,"CA","rex sole","rex_sole",NA,NA,"700","total_catch_wt_kg ~ 0 + factor(year) + pass","delta_gamma","TRUE","iid, iid","03_10","2019","1943437.65335982","1338860.78226831","2821017.66107287","14.479968949192","0.190125586124862","index"
"459","459","459","459","459","459","459","459","459","459","459","459","459","459","459","459","459","459","459","459","459","459","459","459","459","459","459","459","459","459","459","459","459","459","459","459","459","459","459","459","459",NA,NA,NA,NA,NA,NA,NA,NA,NA,NA,NA,NA,NA,NA,NA,NA,NA,NA,NA,NA,NA,"CA","rex sole","rex_sole",NA,NA,"700","total_catch_wt_kg ~ 0 + factor(year) + pass","delta_gamma","TRUE","iid, iid","03_10","2021","1898578.71949228","1466253.04209269","2458375.90827047","14.4566161218409","0.131836794036974","index"
"460","460","460","460","460","460","460","460","460","460","460","460","460","460","460","460","460","460","460","460","460","460","460","460","460","460","460","460","460","460","460","460","460","460","460","460","460","460","460","460","460",NA,NA,NA,NA,NA,NA,NA,NA,NA,NA,NA,NA,NA,NA,NA,NA,NA,NA,NA,NA,NA,"CA","rex sole","rex_sole",NA,NA,"700","total_catch_wt_kg ~ 0 + factor(year) + pass","delta_gamma","TRUE","iid, iid","03_10","2022","1905537.63828881","1435824.7912473","2528911.40553504","14.4602747515485","0.144403032045963","index"
"461","461","461","461","461","461","461","461","461","461","461","461","461","461","461","461","461","461","461","461","461","461","461","461","461","461","461","461","461","461","461","461","461","461","461","461","461","461","461","461","461",NA,NA,NA,NA,NA,NA,NA,NA,NA,NA,NA,NA,NA,NA,NA,NA,NA,NA,NA,NA,NA,"CA","rex sole","rex_sole",NA,NA,"700","total_catch_wt_kg ~ 0 + factor(year) + pass","delta_gamma","TRUE","iid, iid","03_10","2023","1569275.71700025","1207325.49212429","2039736.83321607","14.2661247441291","0.133781340939131","index"
"462","462","462","462","462","462","462","462","462","462","462","462","462","462","462","462","462","462","462","462","462","462","462","462","462","462","462","462","462","462","462","462","462","462","462","462","462","462","462","462","462",NA,NA,NA,NA,NA,NA,NA,NA,NA,NA,NA,NA,NA,NA,NA,NA,NA,NA,NA,NA,NA,"CA","rex sole","rex_sole",NA,NA,"700","total_catch_wt_kg ~ 0 + factor(year) + pass","delta_gamma","TRUE","iid, iid","03_10","2024","1603229.54457149","1220167.87940219","2106550.26736665","14.2875306182031","0.139304398982192","index"
"463","463","463","463","463","463","463","463","463","463","463","463","463","463","463","463","463","463","463","463","463","463","463","463","463","463","463","463","463","463","463","463","463","463","463","463","463","463","463","463",NA,NA,NA,NA,NA,NA,NA,NA,NA,NA,NA,NA,NA,NA,NA,NA,NA,NA,NA,NA,NA,NA,"CA","rex sole","rex_sole",NA,NA,"700","total_catch_wt_kg ~ 0 + factor(year) + pass","delta_gamma","TRUE","iid, iid","03_2","2003","1883197.94426123","1432867.25785114","2475061.43910935","14.4484819238676","0.139438201848367","index"
"464","464","464","464","464","464","464","464","464","464","464","464","464","464","464","464","464","464","464","464","464","464","464","464","464","464","464","464","464","464","464","464","464","464","464","464","464","464","464","464",NA,NA,NA,NA,NA,NA,NA,NA,NA,NA,NA,NA,NA,NA,NA,NA,NA,NA,NA,NA,NA,NA,"CA","rex sole","rex_sole",NA,NA,"700","total_catch_wt_kg ~ 0 + factor(year) + pass","delta_gamma","TRUE","iid, iid","03_2","2004","1828906.62836169","1365122.96973987","2450255.05350828","14.4192288754202","0.149224071188099","index"
"465","465","465","465","465","465","465","465","465","465","465","465","465","465","465","465","465","465","465","465","465","465","465","465","465","465","465","465","465","465","465","465","465","465","465","465","465","465","465","465",NA,NA,NA,NA,NA,NA,NA,NA,NA,NA,NA,NA,NA,NA,NA,NA,NA,NA,NA,NA,NA,NA,"CA","rex sole","rex_sole",NA,NA,"700","total_catch_wt_kg ~ 0 + factor(year) + pass","delta_gamma","TRUE","iid, iid","03_2","2005","1665965.00622959","1278166.09531463","2171423.11328355","14.3259150968242","0.135195456857634","index"
"466","466","466","466","466","466","466","466","466","466","466","466","466","466","466","466","466","466","466","466","466","466","466","466","466","466","466","466","466","466","466","466","466","466","466","466","466","466","466","466",NA,NA,NA,NA,NA,NA,NA,NA,NA,NA,NA,NA,NA,NA,NA,NA,NA,NA,NA,NA,NA,NA,"CA","rex sole","rex_sole",NA,NA,"700","total_catch_wt_kg ~ 0 + factor(year) + pass","delta_gamma","TRUE","iid, iid","03_2","2006","1578193.53394623","1217456.91270674","2045817.64216378","14.271791417954","0.132408899685054","index"
"467","467","467","467","467","467","467","467","467","467","467","467","467","467","467","467","467","467","467","467","467","467","467","467","467","467","467","467","467","467","467","467","467","467","467","467","467","467","467","467",NA,NA,NA,NA,NA,NA,NA,NA,NA,NA,NA,NA,NA,NA,NA,NA,NA,NA,NA,NA,NA,NA,"CA","rex sole","rex_sole",NA,NA,"700","total_catch_wt_kg ~ 0 + factor(year) + pass","delta_gamma","TRUE","iid, iid","03_2","2007","1289891.38460208","993921.875518107","1673994.53121338","14.0700685748101","0.132989529590591","index"
"468","468","468","468","468","468","468","468","468","468","468","468","468","468","468","468","468","468","468","468","468","468","468","468","468","468","468","468","468","468","468","468","468","468","468","468","468","468","468","468",NA,NA,NA,NA,NA,NA,NA,NA,NA,NA,NA,NA,NA,NA,NA,NA,NA,NA,NA,NA,NA,NA,"CA","rex sole","rex_sole",NA,NA,"700","total_catch_wt_kg ~ 0 + factor(year) + pass","delta_gamma","TRUE","iid, iid","03_2","2008","1015980.75050473","782130.74180933","1319749.79401564","13.8313649605875","0.133465598390292","index"
"469","469","469","469","469","469","469","469","469","469","469","469","469","469","469","469","469","469","469","469","469","469","469","469","469","469","469","469","469","469","469","469","469","469","469","469","469","469","469","469",NA,NA,NA,NA,NA,NA,NA,NA,NA,NA,NA,NA,NA,NA,NA,NA,NA,NA,NA,NA,NA,NA,"CA","rex sole","rex_sole",NA,NA,"700","total_catch_wt_kg ~ 0 + factor(year) + pass","delta_gamma","TRUE","iid, iid","03_2","2009","835940.056011301","645701.429563202","1082227.39682781","13.6363121861603","0.131747162504346","index"
"470","470","470","470","470","470","470","470","470","470","470","470","470","470","470","470","470","470","470","470","470","470","470","470","470","470","470","470","470","470","470","470","470","470","470","470","470","470","470","470",NA,NA,NA,NA,NA,NA,NA,NA,NA,NA,NA,NA,NA,NA,NA,NA,NA,NA,NA,NA,NA,NA,"CA","rex sole","rex_sole",NA,NA,"700","total_catch_wt_kg ~ 0 + factor(year) + pass","delta_gamma","TRUE","iid, iid","03_2","2010","829163.498412137","646769.434553173","1062994.1218141","13.628172638329","0.126751048045464","index"
"471","471","471","471","471","471","471","471","471","471","471","471","471","471","471","471","471","471","471","471","471","471","471","471","471","471","471","471","471","471","471","471","471","471","471","471","471","471","471","471",NA,NA,NA,NA,NA,NA,NA,NA,NA,NA,NA,NA,NA,NA,NA,NA,NA,NA,NA,NA,NA,NA,"CA","rex sole","rex_sole",NA,NA,"700","total_catch_wt_kg ~ 0 + factor(year) + pass","delta_gamma","TRUE","iid, iid","03_2","2011","1009591.23461793","780112.142075438","1306574.28085358","13.8250560886969","0.131565238191965","index"
"472","472","472","472","472","472","472","472","472","472","472","472","472","472","472","472","472","472","472","472","472","472","472","472","472","472","472","472","472","472","472","472","472","472","472","472","472","472","472","472",NA,NA,NA,NA,NA,NA,NA,NA,NA,NA,NA,NA,NA,NA,NA,NA,NA,NA,NA,NA,NA,NA,"CA","rex sole","rex_sole",NA,NA,"700","total_catch_wt_kg ~ 0 + factor(year) + pass","delta_gamma","TRUE","iid, iid","03_2","2012","1063941.62046143","830197.507674642","1363496.95257543","13.877491079391","0.12656975782692","index"
"473","473","473","473","473","473","473","473","473","473","473","473","473","473","473","473","473","473","473","473","473","473","473","473","473","473","473","473","473","473","473","473","473","473","473","473","473","473","473","473",NA,NA,NA,NA,NA,NA,NA,NA,NA,NA,NA,NA,NA,NA,NA,NA,NA,NA,NA,NA,NA,NA,"CA","rex sole","rex_sole",NA,NA,"700","total_catch_wt_kg ~ 0 + factor(year) + pass","delta_gamma","TRUE","iid, iid","03_2","2013","1187325.41342279","910649.941157208","1548060.97672194","13.9872137838068","0.135359599099304","index"
"474","474","474","474","474","474","474","474","474","474","474","474","474","474","474","474","474","474","474","474","474","474","474","474","474","474","474","474","474","474","474","474","474","474","474","474","474","474","474","474",NA,NA,NA,NA,NA,NA,NA,NA,NA,NA,NA,NA,NA,NA,NA,NA,NA,NA,NA,NA,NA,NA,"CA","rex sole","rex_sole",NA,NA,"700","total_catch_wt_kg ~ 0 + factor(year) + pass","delta_gamma","TRUE","iid, iid","03_2","2014","1528764.1381012","1188936.80516338","1965722.46716101","14.2399702140854","0.128267759701836","index"
"475","475","475","475","475","475","475","475","475","475","475","475","475","475","475","475","475","475","475","475","475","475","475","475","475","475","475","475","475","475","475","475","475","475","475","475","475","475","475","475",NA,NA,NA,NA,NA,NA,NA,NA,NA,NA,NA,NA,NA,NA,NA,NA,NA,NA,NA,NA,NA,NA,"CA","rex sole","rex_sole",NA,NA,"700","total_catch_wt_kg ~ 0 + factor(year) + pass","delta_gamma","TRUE","iid, iid","03_2","2015","1836335.44884167","1425259.05000093","2365975.42086847","14.4232825398146","0.129297475451586","index"
"476","476","476","476","476","476","476","476","476","476","476","476","476","476","476","476","476","476","476","476","476","476","476","476","476","476","476","476","476","476","476","476","476","476","476","476","476","476","476","476",NA,NA,NA,NA,NA,NA,NA,NA,NA,NA,NA,NA,NA,NA,NA,NA,NA,NA,NA,NA,NA,NA,"CA","rex sole","rex_sole",NA,NA,"700","total_catch_wt_kg ~ 0 + factor(year) + pass","delta_gamma","TRUE","iid, iid","03_2","2016","1938413.54608261","1511229.86187545","2486350.46886483","14.4773804367404","0.127015640775532","index"
"477","477","477","477","477","477","477","477","477","477","477","477","477","477","477","477","477","477","477","477","477","477","477","477","477","477","477","477","477","477","477","477","477","477","477","477","477","477","477","477",NA,NA,NA,NA,NA,NA,NA,NA,NA,NA,NA,NA,NA,NA,NA,NA,NA,NA,NA,NA,NA,NA,"CA","rex sole","rex_sole",NA,NA,"700","total_catch_wt_kg ~ 0 + factor(year) + pass","delta_gamma","TRUE","iid, iid","03_2","2017","1802611.7852846","1394332.08226222","2330441.42767981","14.4047471630197","0.131033580485986","index"
"478","478","478","478","478","478","478","478","478","478","478","478","478","478","478","478","478","478","478","478","478","478","478","478","478","478","478","478","478","478","478","478","478","478","478","478","478","478","478","478",NA,NA,NA,NA,NA,NA,NA,NA,NA,NA,NA,NA,NA,NA,NA,NA,NA,NA,NA,NA,NA,NA,"CA","rex sole","rex_sole",NA,NA,"700","total_catch_wt_kg ~ 0 + factor(year) + pass","delta_gamma","TRUE","iid, iid","03_2","2018","1712603.74907632","1323771.2887691","2215648.29682738","14.3535254306856","0.13139535970108","index"
"479","479","479","479","479","479","479","479","479","479","479","479","479","479","479","479","479","479","479","479","479","479","479","479","479","479","479","479","479","479","479","479","479","479","479","479","479","479","479","479",NA,NA,NA,NA,NA,NA,NA,NA,NA,NA,NA,NA,NA,NA,NA,NA,NA,NA,NA,NA,NA,NA,"CA","rex sole","rex_sole",NA,NA,"700","total_catch_wt_kg ~ 0 + factor(year) + pass","delta_gamma","TRUE","iid, iid","03_2","2019","1702460.05322403","1219928.86067185","2375851.84371107","14.3475848531323","0.170044833311538","index"
"480","480","480","480","480","480","480","480","480","480","480","480","480","480","480","480","480","480","480","480","480","480","480","480","480","480","480","480","480","480","480","480","480","480","480","480","480","480","480","480",NA,NA,NA,NA,NA,NA,NA,NA,NA,NA,NA,NA,NA,NA,NA,NA,NA,NA,NA,NA,NA,NA,"CA","rex sole","rex_sole",NA,NA,"700","total_catch_wt_kg ~ 0 + factor(year) + pass","delta_gamma","TRUE","iid, iid","03_2","2021","1613529.73344483","1242357.68387951","2095594.71840725","14.2939347182218","0.133376546726544","index"
"481","481","481","481","481","481","481","481","481","481","481","481","481","481","481","481","481","481","481","481","481","481","481","481","481","481","481","481","481","481","481","481","481","481","481","481","481","481","481","481",NA,NA,NA,NA,NA,NA,NA,NA,NA,NA,NA,NA,NA,NA,NA,NA,NA,NA,NA,NA,NA,NA,"CA","rex sole","rex_sole",NA,NA,"700","total_catch_wt_kg ~ 0 + factor(year) + pass","delta_gamma","TRUE","iid, iid","03_2","2022","1545758.91124524","1189466.19298542","2008775.55476968","14.2510255524019","0.133681214218731","index"
"482","482","482","482","482","482","482","482","482","482","482","482","482","482","482","482","482","482","482","482","482","482","482","482","482","482","482","482","482","482","482","482","482","482","482","482","482","482","482","482",NA,NA,NA,NA,NA,NA,NA,NA,NA,NA,NA,NA,NA,NA,NA,NA,NA,NA,NA,NA,NA,NA,"CA","rex sole","rex_sole",NA,NA,"700","total_catch_wt_kg ~ 0 + factor(year) + pass","delta_gamma","TRUE","iid, iid","03_2","2023","1493472.32715149","1159694.1335546","1923317.12943194","14.2166143876093","0.129057237409077","index"
"483","483","483","483","483","483","483","483","483","483","483","483","483","483","483","483","483","483","483","483","483","483","483","483","483","483","483","483","483","483","483","483","483","483","483","483","483","483","483","483",NA,NA,NA,NA,NA,NA,NA,NA,NA,NA,NA,NA,NA,NA,NA,NA,NA,NA,NA,NA,NA,NA,"CA","rex sole","rex_sole",NA,NA,"700","total_catch_wt_kg ~ 0 + factor(year) + pass","delta_gamma","TRUE","iid, iid","03_2","2024","1342406.03686553","1036153.93220816","1739175.91952061","14.109974111754","0.132118671475551","index"
"484","484","484","484","484","484","484","484","484","484","484","484","484","484","484","484","484","484","484","484","484","484","484","484","484","484","484","484","484","484","484","484","484","484","484","484","484","484","484",NA,NA,NA,NA,NA,NA,NA,NA,NA,NA,NA,NA,NA,NA,NA,NA,NA,NA,NA,NA,NA,NA,NA,"CA","rex sole","rex_sole",NA,NA,"700","total_catch_wt_kg ~ 0 + factor(year) + pass","delta_gamma","TRUE","iid, iid","03_3","2003","1674267.46973893","1260551.39529985","2223766.17937041","14.3308862960848","0.144812098489709","index"
"485","485","485","485","485","485","485","485","485","485","485","485","485","485","485","485","485","485","485","485","485","485","485","485","485","485","485","485","485","485","485","485","485","485","485","485","485","485","485",NA,NA,NA,NA,NA,NA,NA,NA,NA,NA,NA,NA,NA,NA,NA,NA,NA,NA,NA,NA,NA,NA,NA,"CA","rex sole","rex_sole",NA,NA,"700","total_catch_wt_kg ~ 0 + factor(year) + pass","delta_gamma","TRUE","iid, iid","03_3","2004","1778287.61597775","1326993.71737323","2383060.90205129","14.3911614457407","0.149357268401527","index"
"486","486","486","486","486","486","486","486","486","486","486","486","486","486","486","486","486","486","486","486","486","486","486","486","486","486","486","486","486","486","486","486","486","486","486","486","486","486","486",NA,NA,NA,NA,NA,NA,NA,NA,NA,NA,NA,NA,NA,NA,NA,NA,NA,NA,NA,NA,NA,NA,NA,"CA","rex sole","rex_sole",NA,NA,"700","total_catch_wt_kg ~ 0 + factor(year) + pass","delta_gamma","TRUE","iid, iid","03_3","2005","1776352.63881776","1366397.20462525","2309305.58607243","14.3900727407171","0.133872196921869","index"
"487","487","487","487","487","487","487","487","487","487","487","487","487","487","487","487","487","487","487","487","487","487","487","487","487","487","487","487","487","487","487","487","487","487","487","487","487","487","487",NA,NA,NA,NA,NA,NA,NA,NA,NA,NA,NA,NA,NA,NA,NA,NA,NA,NA,NA,NA,NA,NA,NA,"CA","rex sole","rex_sole",NA,NA,"700","total_catch_wt_kg ~ 0 + factor(year) + pass","delta_gamma","TRUE","iid, iid","03_3","2006","1313511.40701378","1002130.63027428","1721644.0294646","14.0882145725114","0.138051338178098","index"
"488","488","488","488","488","488","488","488","488","488","488","488","488","488","488","488","488","488","488","488","488","488","488","488","488","488","488","488","488","488","488","488","488","488","488","488","488","488","488",NA,NA,NA,NA,NA,NA,NA,NA,NA,NA,NA,NA,NA,NA,NA,NA,NA,NA,NA,NA,NA,NA,NA,"CA","rex sole","rex_sole",NA,NA,"700","total_catch_wt_kg ~ 0 + factor(year) + pass","delta_gamma","TRUE","iid, iid","03_3","2007","1363629.41951383","1053119.68747058","1765692.17714447","14.1256603938986","0.131835558186261","index"
"489","489","489","489","489","489","489","489","489","489","489","489","489","489","489","489","489","489","489","489","489","489","489","489","489","489","489","489","489","489","489","489","489","489","489","489","489","489","489",NA,NA,NA,NA,NA,NA,NA,NA,NA,NA,NA,NA,NA,NA,NA,NA,NA,NA,NA,NA,NA,NA,NA,"CA","rex sole","rex_sole",NA,NA,"700","total_catch_wt_kg ~ 0 + factor(year) + pass","delta_gamma","TRUE","iid, iid","03_3","2008","697746.938837874","531059.669156373","916753.462809597","13.4556117641985","0.139279140406792","index"
"490","490","490","490","490","490","490","490","490","490","490","490","490","490","490","490","490","490","490","490","490","490","490","490","490","490","490","490","490","490","490","490","490","490","490","490","490","490","490",NA,NA,NA,NA,NA,NA,NA,NA,NA,NA,NA,NA,NA,NA,NA,NA,NA,NA,NA,NA,NA,NA,NA,"CA","rex sole","rex_sole",NA,NA,"700","total_catch_wt_kg ~ 0 + factor(year) + pass","delta_gamma","TRUE","iid, iid","03_3","2009","802234.196025681","621472.967192527","1035571.51999758","13.5951558592152","0.130261662108106","index"
"491","491","491","491","491","491","491","491","491","491","491","491","491","491","491","491","491","491","491","491","491","491","491","491","491","491","491","491","491","491","491","491","491","491","491","491","491","491","491",NA,NA,NA,NA,NA,NA,NA,NA,NA,NA,NA,NA,NA,NA,NA,NA,NA,NA,NA,NA,NA,NA,NA,"CA","rex sole","rex_sole",NA,NA,"700","total_catch_wt_kg ~ 0 + factor(year) + pass","delta_gamma","TRUE","iid, iid","03_3","2010","882337.959319334","690957.505459612","1126726.70649688","13.690330435428","0.124745573725795","index"
"492","492","492","492","492","492","492","492","492","492","492","492","492","492","492","492","492","492","492","492","492","492","492","492","492","492","492","492","492","492","492","492","492","492","492","492","492","492","492",NA,NA,NA,NA,NA,NA,NA,NA,NA,NA,NA,NA,NA,NA,NA,NA,NA,NA,NA,NA,NA,NA,NA,"CA","rex sole","rex_sole",NA,NA,"700","total_catch_wt_kg ~ 0 + factor(year) + pass","delta_gamma","TRUE","iid, iid","03_3","2011","870631.346187046","672368.817608592","1127355.88134416","13.676973912721","0.131845079849526","index"
"493","493","493","493","493","493","493","493","493","493","493","493","493","493","493","493","493","493","493","493","493","493","493","493","493","493","493","493","493","493","493","493","493","493","493","493","493","493","493",NA,NA,NA,NA,NA,NA,NA,NA,NA,NA,NA,NA,NA,NA,NA,NA,NA,NA,NA,NA,NA,NA,NA,"CA","rex sole","rex_sole",NA,NA,"700","total_catch_wt_kg ~ 0 + factor(year) + pass","delta_gamma","TRUE","iid, iid","03_3","2012","1123584.52659895","868783.517708945","1453114.80095956","13.9320346028455","0.131219424551588","index"
"494","494","494","494","494","494","494","494","494","494","494","494","494","494","494","494","494","494","494","494","494","494","494","494","494","494","494","494","494","494","494","494","494","494","494","494","494","494","494",NA,NA,NA,NA,NA,NA,NA,NA,NA,NA,NA,NA,NA,NA,NA,NA,NA,NA,NA,NA,NA,NA,NA,"CA","rex sole","rex_sole",NA,NA,"700","total_catch_wt_kg ~ 0 + factor(year) + pass","delta_gamma","TRUE","iid, iid","03_3","2013","1664451.67276952","1260350.49452374","2198118.2084053","14.3250063014931","0.141893368033476","index"
"495","495","495","495","495","495","495","495","495","495","495","495","495","495","495","495","495","495","495","495","495","495","495","495","495","495","495","495","495","495","495","495","495","495","495","495","495","495","495",NA,NA,NA,NA,NA,NA,NA,NA,NA,NA,NA,NA,NA,NA,NA,NA,NA,NA,NA,NA,NA,NA,NA,"CA","rex sole","rex_sole",NA,NA,"700","total_catch_wt_kg ~ 0 + factor(year) + pass","delta_gamma","TRUE","iid, iid","03_3","2014","1402044.85112228","1098431.33126623","1789579.11032317","14.1534423368797","0.124516920370095","index"
"496","496","496","496","496","496","496","496","496","496","496","496","496","496","496","496","496","496","496","496","496","496","496","496","496","496","496","496","496","496","496","496","496","496","496","496","496","496","496",NA,NA,NA,NA,NA,NA,NA,NA,NA,NA,NA,NA,NA,NA,NA,NA,NA,NA,NA,NA,NA,NA,NA,"CA","rex sole","rex_sole",NA,NA,"700","total_catch_wt_kg ~ 0 + factor(year) + pass","delta_gamma","TRUE","iid, iid","03_3","2015","1782347.06753102","1383843.8890348","2295606.53069918","14.3934416309733","0.129117688443226","index"
"497","497","497","497","497","497","497","497","497","497","497","497","497","497","497","497","497","497","497","497","497","497","497","497","497","497","497","497","497","497","497","497","497","497","497","497","497","497","497",NA,NA,NA,NA,NA,NA,NA,NA,NA,NA,NA,NA,NA,NA,NA,NA,NA,NA,NA,NA,NA,NA,NA,"CA","rex sole","rex_sole",NA,NA,"700","total_catch_wt_kg ~ 0 + factor(year) + pass","delta_gamma","TRUE","iid, iid","03_3","2016","1964869.60335541","1532952.59409998","2518481.37577713","14.490936441468","0.126650392386838","index"
"498","498","498","498","498","498","498","498","498","498","498","498","498","498","498","498","498","498","498","498","498","498","498","498","498","498","498","498","498","498","498","498","498","498","498","498","498","498","498",NA,NA,NA,NA,NA,NA,NA,NA,NA,NA,NA,NA,NA,NA,NA,NA,NA,NA,NA,NA,NA,NA,NA,"CA","rex sole","rex_sole",NA,NA,"700","total_catch_wt_kg ~ 0 + factor(year) + pass","delta_gamma","TRUE","iid, iid","03_3","2017","1749643.60265051","1368683.99333883","2236639.53929067","14.3749226695308","0.125289252317043","index"
"499","499","499","499","499","499","499","499","499","499","499","499","499","499","499","499","499","499","499","499","499","499","499","499","499","499","499","499","499","499","499","499","499","499","499","499","499","499","499",NA,NA,NA,NA,NA,NA,NA,NA,NA,NA,NA,NA,NA,NA,NA,NA,NA,NA,NA,NA,NA,NA,NA,"CA","rex sole","rex_sole",NA,NA,"700","total_catch_wt_kg ~ 0 + factor(year) + pass","delta_gamma","TRUE","iid, iid","03_3","2018","1916370.61976883","1500528.88926595","2447454.61322622","14.4659436529243","0.124806097501617","index"
"500","500","500","500","500","500","500","500","500","500","500","500","500","500","500","500","500","500","500","500","500","500","500","500","500","500","500","500","500","500","500","500","500","500","500","500","500","500","500",NA,NA,NA,NA,NA,NA,NA,NA,NA,NA,NA,NA,NA,NA,NA,NA,NA,NA,NA,NA,NA,NA,NA,"CA","rex sole","rex_sole",NA,NA,"700","total_catch_wt_kg ~ 0 + factor(year) + pass","delta_gamma","TRUE","iid, iid","03_3","2019","1549721.83281832","1120046.05993141","2144231.24640147","14.2535860100922","0.165669188459086","index"
"501","501","501","501","501","501","501","501","501","501","501","501","501","501","501","501","501","501","501","501","501","501","501","501","501","501","501","501","501","501","501","501","501","501","501","501","501","501","501",NA,NA,NA,NA,NA,NA,NA,NA,NA,NA,NA,NA,NA,NA,NA,NA,NA,NA,NA,NA,NA,NA,NA,"CA","rex sole","rex_sole",NA,NA,"700","total_catch_wt_kg ~ 0 + factor(year) + pass","delta_gamma","TRUE","iid, iid","03_3","2021","1610648.23942334","1254403.77825925","2068064.36342012","14.2921472891079","0.127541296932369","index"
"502","502","502","502","502","502","502","502","502","502","502","502","502","502","502","502","502","502","502","502","502","502","502","502","502","502","502","502","502","502","502","502","502","502","502","502","502","502","502",NA,NA,NA,NA,NA,NA,NA,NA,NA,NA,NA,NA,NA,NA,NA,NA,NA,NA,NA,NA,NA,NA,NA,"CA","rex sole","rex_sole",NA,NA,"700","total_catch_wt_kg ~ 0 + factor(year) + pass","delta_gamma","TRUE","iid, iid","03_3","2022","1416078.20917574","1075770.26034173","1864038.79009014","14.1634017841793","0.140234362536288","index"
"503","503","503","503","503","503","503","503","503","503","503","503","503","503","503","503","503","503","503","503","503","503","503","503","503","503","503","503","503","503","503","503","503","503","503","503","503","503","503",NA,NA,NA,NA,NA,NA,NA,NA,NA,NA,NA,NA,NA,NA,NA,NA,NA,NA,NA,NA,NA,NA,NA,"CA","rex sole","rex_sole",NA,NA,"700","total_catch_wt_kg ~ 0 + factor(year) + pass","delta_gamma","TRUE","iid, iid","03_3","2023","1244223.09837093","962667.804230749","1608125.99290863","14.0340218757283","0.130899448023449","index"
"504","504","504","504","504","504","504","504","504","504","504","504","504","504","504","504","504","504","504","504","504","504","504","504","504","504","504","504","504","504","504","504","504","504","504","504","504","504","504",NA,NA,NA,NA,NA,NA,NA,NA,NA,NA,NA,NA,NA,NA,NA,NA,NA,NA,NA,NA,NA,NA,NA,"CA","rex sole","rex_sole",NA,NA,"700","total_catch_wt_kg ~ 0 + factor(year) + pass","delta_gamma","TRUE","iid, iid","03_3","2024","1410597.81303833","1091968.20994636","1822201.57329146","14.1595241533781","0.130630885212765","index"
"505","505","505","505","505","505","505","505","505","505","505","505","505","505","505","505","505","505","505","505","505","505","505","505","505","505","505","505","505","505","505","505","505","505","505","505","505","505",NA,NA,NA,NA,NA,NA,NA,NA,NA,NA,NA,NA,NA,NA,NA,NA,NA,NA,NA,NA,NA,NA,NA,NA,"CA","rex sole","rex_sole",NA,NA,"700","total_catch_wt_kg ~ 0 + factor(year) + pass","delta_gamma","TRUE","iid, iid","03_4","2003","1668274.31286963","1259764.03238737","2209254.36147461","14.3273003045362","0.143301265352515","index"
"506","506","506","506","506","506","506","506","506","506","506","506","506","506","506","506","506","506","506","506","506","506","506","506","506","506","506","506","506","506","506","506","506","506","506","506","506","506",NA,NA,NA,NA,NA,NA,NA,NA,NA,NA,NA,NA,NA,NA,NA,NA,NA,NA,NA,NA,NA,NA,NA,NA,"CA","rex sole","rex_sole",NA,NA,"700","total_catch_wt_kg ~ 0 + factor(year) + pass","delta_gamma","TRUE","iid, iid","03_4","2004","2344559.8806329","1729336.92491201","3178652.43879705","14.6676082580826","0.155288386867178","index"
"507","507","507","507","507","507","507","507","507","507","507","507","507","507","507","507","507","507","507","507","507","507","507","507","507","507","507","507","507","507","507","507","507","507","507","507","507","507",NA,NA,NA,NA,NA,NA,NA,NA,NA,NA,NA,NA,NA,NA,NA,NA,NA,NA,NA,NA,NA,NA,NA,NA,"CA","rex sole","rex_sole",NA,NA,"700","total_catch_wt_kg ~ 0 + factor(year) + pass","delta_gamma","TRUE","iid, iid","03_4","2005","1720258.29549837","1301790.94053703","2273244.12167914","14.3579850093164","0.142213576678268","index"
"508","508","508","508","508","508","508","508","508","508","508","508","508","508","508","508","508","508","508","508","508","508","508","508","508","508","508","508","508","508","508","508","508","508","508","508","508","508",NA,NA,NA,NA,NA,NA,NA,NA,NA,NA,NA,NA,NA,NA,NA,NA,NA,NA,NA,NA,NA,NA,NA,NA,"CA","rex sole","rex_sole",NA,NA,"700","total_catch_wt_kg ~ 0 + factor(year) + pass","delta_gamma","TRUE","iid, iid","03_4","2006","1437330.06902679","1097901.83814247","1881696.2095845","14.178297831815","0.137444533411637","index"
"509","509","509","509","509","509","509","509","509","509","509","509","509","509","509","509","509","509","509","509","509","509","509","509","509","509","509","509","509","509","509","509","509","509","509","509","509","509",NA,NA,NA,NA,NA,NA,NA,NA,NA,NA,NA,NA,NA,NA,NA,NA,NA,NA,NA,NA,NA,NA,NA,NA,"CA","rex sole","rex_sole",NA,NA,"700","total_catch_wt_kg ~ 0 + factor(year) + pass","delta_gamma","TRUE","iid, iid","03_4","2007","1310534.41589298","1001778.2588379","1714451.71632326","14.0859455630513","0.137073092974452","index"
"510","510","510","510","510","510","510","510","510","510","510","510","510","510","510","510","510","510","510","510","510","510","510","510","510","510","510","510","510","510","510","510","510","510","510","510","510","510",NA,NA,NA,NA,NA,NA,NA,NA,NA,NA,NA,NA,NA,NA,NA,NA,NA,NA,NA,NA,NA,NA,NA,NA,"CA","rex sole","rex_sole",NA,NA,"700","total_catch_wt_kg ~ 0 + factor(year) + pass","delta_gamma","TRUE","iid, iid","03_4","2008","929621.581087858","705769.699492149","1224473.48567973","13.7425328802663","0.140558002017164","index"
"511","511","511","511","511","511","511","511","511","511","511","511","511","511","511","511","511","511","511","511","511","511","511","511","511","511","511","511","511","511","511","511","511","511","511","511","511","511",NA,NA,NA,NA,NA,NA,NA,NA,NA,NA,NA,NA,NA,NA,NA,NA,NA,NA,NA,NA,NA,NA,NA,NA,"CA","rex sole","rex_sole",NA,NA,"700","total_catch_wt_kg ~ 0 + factor(year) + pass","delta_gamma","TRUE","iid, iid","03_4","2009","900324.887151042","691192.480249102","1172733.97148564","13.7105109628902","0.134868470967657","index"
"512","512","512","512","512","512","512","512","512","512","512","512","512","512","512","512","512","512","512","512","512","512","512","512","512","512","512","512","512","512","512","512","512","512","512","512","512","512",NA,NA,NA,NA,NA,NA,NA,NA,NA,NA,NA,NA,NA,NA,NA,NA,NA,NA,NA,NA,NA,NA,NA,NA,"CA","rex sole","rex_sole",NA,NA,"700","total_catch_wt_kg ~ 0 + factor(year) + pass","delta_gamma","TRUE","iid, iid","03_4","2010","989151.8947504","758069.276844781","1290675.53688585","13.8046031829883","0.135754090577409","index"
"513","513","513","513","513","513","513","513","513","513","513","513","513","513","513","513","513","513","513","513","513","513","513","513","513","513","513","513","513","513","513","513","513","513","513","513","513","513",NA,NA,NA,NA,NA,NA,NA,NA,NA,NA,NA,NA,NA,NA,NA,NA,NA,NA,NA,NA,NA,NA,NA,NA,"CA","rex sole","rex_sole",NA,NA,"700","total_catch_wt_kg ~ 0 + factor(year) + pass","delta_gamma","TRUE","iid, iid","03_4","2011","1006721.23963873","775067.475251191","1307612.15855598","13.8222093107752","0.133422829935705","index"
"514","514","514","514","514","514","514","514","514","514","514","514","514","514","514","514","514","514","514","514","514","514","514","514","514","514","514","514","514","514","514","514","514","514","514","514","514","514",NA,NA,NA,NA,NA,NA,NA,NA,NA,NA,NA,NA,NA,NA,NA,NA,NA,NA,NA,NA,NA,NA,NA,NA,"CA","rex sole","rex_sole",NA,NA,"700","total_catch_wt_kg ~ 0 + factor(year) + pass","delta_gamma","TRUE","iid, iid","03_4","2012","1257379.76842638","964647.897428018","1638943.99838876","14.0445405647956","0.135217854143708","index"
"515","515","515","515","515","515","515","515","515","515","515","515","515","515","515","515","515","515","515","515","515","515","515","515","515","515","515","515","515","515","515","515","515","515","515","515","515","515",NA,NA,NA,NA,NA,NA,NA,NA,NA,NA,NA,NA,NA,NA,NA,NA,NA,NA,NA,NA,NA,NA,NA,NA,"CA","rex sole","rex_sole",NA,NA,"700","total_catch_wt_kg ~ 0 + factor(year) + pass","delta_gamma","TRUE","iid, iid","03_4","2013","1360085.57085671","1022070.70458518","1809887.27272386","14.1230581754805","0.145776630495609","index"
"516","516","516","516","516","516","516","516","516","516","516","516","516","516","516","516","516","516","516","516","516","516","516","516","516","516","516","516","516","516","516","516","516","516","516","516","516","516",NA,NA,NA,NA,NA,NA,NA,NA,NA,NA,NA,NA,NA,NA,NA,NA,NA,NA,NA,NA,NA,NA,NA,NA,"CA","rex sole","rex_sole",NA,NA,"700","total_catch_wt_kg ~ 0 + factor(year) + pass","delta_gamma","TRUE","iid, iid","03_4","2014","1421864.51799903","1090301.13008536","1854257.18799938","14.1674796091376","0.135469390788648","index"
"517","517","517","517","517","517","517","517","517","517","517","517","517","517","517","517","517","517","517","517","517","517","517","517","517","517","517","517","517","517","517","517","517","517","517","517","517","517",NA,NA,NA,NA,NA,NA,NA,NA,NA,NA,NA,NA,NA,NA,NA,NA,NA,NA,NA,NA,NA,NA,NA,NA,"CA","rex sole","rex_sole",NA,NA,"700","total_catch_wt_kg ~ 0 + factor(year) + pass","delta_gamma","TRUE","iid, iid","03_4","2015","1959718.78460714","1510110.21760462","2543190.33800989","14.4883115436716","0.132970987124687","index"
"518","518","518","518","518","518","518","518","518","518","518","518","518","518","518","518","518","518","518","518","518","518","518","518","518","518","518","518","518","518","518","518","518","518","518","518","518","518",NA,NA,NA,NA,NA,NA,NA,NA,NA,NA,NA,NA,NA,NA,NA,NA,NA,NA,NA,NA,NA,NA,NA,NA,"CA","rex sole","rex_sole",NA,NA,"700","total_catch_wt_kg ~ 0 + factor(year) + pass","delta_gamma","TRUE","iid, iid","03_4","2016","2111781.91843274","1625574.39602051","2743413.57857067","14.563042660159","0.133508001402183","index"
"519","519","519","519","519","519","519","519","519","519","519","519","519","519","519","519","519","519","519","519","519","519","519","519","519","519","519","519","519","519","519","519","519","519","519","519","519","519",NA,NA,NA,NA,NA,NA,NA,NA,NA,NA,NA,NA,NA,NA,NA,NA,NA,NA,NA,NA,NA,NA,NA,NA,"CA","rex sole","rex_sole",NA,NA,"700","total_catch_wt_kg ~ 0 + factor(year) + pass","delta_gamma","TRUE","iid, iid","03_4","2017","2109642.64121831","1605460.44803434","2772159.27623485","14.562029126757","0.139343361407494","index"
"520","520","520","520","520","520","520","520","520","520","520","520","520","520","520","520","520","520","520","520","520","520","520","520","520","520","520","520","520","520","520","520","520","520","520","520","520","520",NA,NA,NA,NA,NA,NA,NA,NA,NA,NA,NA,NA,NA,NA,NA,NA,NA,NA,NA,NA,NA,NA,NA,NA,"CA","rex sole","rex_sole",NA,NA,"700","total_catch_wt_kg ~ 0 + factor(year) + pass","delta_gamma","TRUE","iid, iid","03_4","2018","2179979.86649647","1679957.21683289","2828829.31226617","14.5948261991705","0.132934745914434","index"
"521","521","521","521","521","521","521","521","521","521","521","521","521","521","521","521","521","521","521","521","521","521","521","521","521","521","521","521","521","521","521","521","521","521","521","521","521","521",NA,NA,NA,NA,NA,NA,NA,NA,NA,NA,NA,NA,NA,NA,NA,NA,NA,NA,NA,NA,NA,NA,NA,NA,"CA","rex sole","rex_sole",NA,NA,"700","total_catch_wt_kg ~ 0 + factor(year) + pass","delta_gamma","TRUE","iid, iid","03_4","2019","2333591.83410494","1647916.00933572","3304568.20453881","14.6629191982601","0.177501820472432","index"
"522","522","522","522","522","522","522","522","522","522","522","522","522","522","522","522","522","522","522","522","522","522","522","522","522","522","522","522","522","522","522","522","522","522","522","522","522","522",NA,NA,NA,NA,NA,NA,NA,NA,NA,NA,NA,NA,NA,NA,NA,NA,NA,NA,NA,NA,NA,NA,NA,NA,"CA","rex sole","rex_sole",NA,NA,"700","total_catch_wt_kg ~ 0 + factor(year) + pass","delta_gamma","TRUE","iid, iid","03_4","2021","1521637.7464809","1166422.08019604","1985028.80803345","14.235297777564","0.135638312435498","index"
"523","523","523","523","523","523","523","523","523","523","523","523","523","523","523","523","523","523","523","523","523","523","523","523","523","523","523","523","523","523","523","523","523","523","523","523","523","523",NA,NA,NA,NA,NA,NA,NA,NA,NA,NA,NA,NA,NA,NA,NA,NA,NA,NA,NA,NA,NA,NA,NA,NA,"CA","rex sole","rex_sole",NA,NA,"700","total_catch_wt_kg ~ 0 + factor(year) + pass","delta_gamma","TRUE","iid, iid","03_4","2022","1519026.51282517","1151235.00349835","2004318.44033061","14.2335802355567","0.141448719238676","index"
"524","524","524","524","524","524","524","524","524","524","524","524","524","524","524","524","524","524","524","524","524","524","524","524","524","524","524","524","524","524","524","524","524","524","524","524","524","524",NA,NA,NA,NA,NA,NA,NA,NA,NA,NA,NA,NA,NA,NA,NA,NA,NA,NA,NA,NA,NA,NA,NA,NA,"CA","rex sole","rex_sole",NA,NA,"700","total_catch_wt_kg ~ 0 + factor(year) + pass","delta_gamma","TRUE","iid, iid","03_4","2023","1768701.02785112","1350231.95831849","2316863.63713198","14.3857559525564","0.137741814673193","index"
"525","525","525","525","525","525","525","525","525","525","525","525","525","525","525","525","525","525","525","525","525","525","525","525","525","525","525","525","525","525","525","525","525","525","525","525","525","525",NA,NA,NA,NA,NA,NA,NA,NA,NA,NA,NA,NA,NA,NA,NA,NA,NA,NA,NA,NA,NA,NA,NA,NA,"CA","rex sole","rex_sole",NA,NA,"700","total_catch_wt_kg ~ 0 + factor(year) + pass","delta_gamma","TRUE","iid, iid","03_4","2024","1178105.98467752","906614.254195876","1530897.73816099","13.9794186091615","0.133648511486304","index"
"526","526","526","526","526","526","526","526","526","526","526","526","526","526","526","526","526","526","526","526","526","526","526","526","526","526","526","526","526","526","526","526","526","526","526","526","526",NA,NA,NA,NA,NA,NA,NA,NA,NA,NA,NA,NA,NA,NA,NA,NA,NA,NA,NA,NA,NA,NA,NA,NA,NA,"CA","rex sole","rex_sole",NA,NA,"700","total_catch_wt_kg ~ 0 + factor(year) + pass","delta_gamma","TRUE","iid, iid","03_5","2003","1954490.45270394","1463302.37150633","2610556.09838074","14.4856400794265","0.147672989898819","index"
"527","527","527","527","527","527","527","527","527","527","527","527","527","527","527","527","527","527","527","527","527","527","527","527","527","527","527","527","527","527","527","527","527","527","527","527","527",NA,NA,NA,NA,NA,NA,NA,NA,NA,NA,NA,NA,NA,NA,NA,NA,NA,NA,NA,NA,NA,NA,NA,NA,NA,"CA","rex sole","rex_sole",NA,NA,"700","total_catch_wt_kg ~ 0 + factor(year) + pass","delta_gamma","TRUE","iid, iid","03_5","2004","1905458.05168488","1387561.41516612","2616655.62838965","14.4602329847188","0.161826748049837","index"
"528","528","528","528","528","528","528","528","528","528","528","528","528","528","528","528","528","528","528","528","528","528","528","528","528","528","528","528","528","528","528","528","528","528","528","528","528",NA,NA,NA,NA,NA,NA,NA,NA,NA,NA,NA,NA,NA,NA,NA,NA,NA,NA,NA,NA,NA,NA,NA,NA,NA,"CA","rex sole","rex_sole",NA,NA,"700","total_catch_wt_kg ~ 0 + factor(year) + pass","delta_gamma","TRUE","iid, iid","03_5","2005","1541441.08887601","1181167.60078148","2011603.28890093","14.2482283088256","0.13582612309235","index"
"529","529","529","529","529","529","529","529","529","529","529","529","529","529","529","529","529","529","529","529","529","529","529","529","529","529","529","529","529","529","529","529","529","529","529","529","529",NA,NA,NA,NA,NA,NA,NA,NA,NA,NA,NA,NA,NA,NA,NA,NA,NA,NA,NA,NA,NA,NA,NA,NA,NA,"CA","rex sole","rex_sole",NA,NA,"700","total_catch_wt_kg ~ 0 + factor(year) + pass","delta_gamma","TRUE","iid, iid","03_5","2006","1378984.72939737","1043658.41519243","1822051.02381176","14.1368580830356","0.142153263967826","index"
"530","530","530","530","530","530","530","530","530","530","530","530","530","530","530","530","530","530","530","530","530","530","530","530","530","530","530","530","530","530","530","530","530","530","530","530","530",NA,NA,NA,NA,NA,NA,NA,NA,NA,NA,NA,NA,NA,NA,NA,NA,NA,NA,NA,NA,NA,NA,NA,NA,NA,"CA","rex sole","rex_sole",NA,NA,"700","total_catch_wt_kg ~ 0 + factor(year) + pass","delta_gamma","TRUE","iid, iid","03_5","2007","1272360.43175594","966035.38151669","1675819.64312369","14.0563843410425","0.140527379004044","index"
"531","531","531","531","531","531","531","531","531","531","531","531","531","531","531","531","531","531","531","531","531","531","531","531","531","531","531","531","531","531","531","531","531","531","531","531","531",NA,NA,NA,NA,NA,NA,NA,NA,NA,NA,NA,NA,NA,NA,NA,NA,NA,NA,NA,NA,NA,NA,NA,NA,NA,"CA","rex sole","rex_sole",NA,NA,"700","total_catch_wt_kg ~ 0 + factor(year) + pass","delta_gamma","TRUE","iid, iid","03_5","2008","903171.517081316","684067.121032925","1192454.31359901","13.7136677557593","0.141766091619902","index"
"532","532","532","532","532","532","532","532","532","532","532","532","532","532","532","532","532","532","532","532","532","532","532","532","532","532","532","532","532","532","532","532","532","532","532","532","532",NA,NA,NA,NA,NA,NA,NA,NA,NA,NA,NA,NA,NA,NA,NA,NA,NA,NA,NA,NA,NA,NA,NA,NA,NA,"CA","rex sole","rex_sole",NA,NA,"700","total_catch_wt_kg ~ 0 + factor(year) + pass","delta_gamma","TRUE","iid, iid","03_5","2009","802363.920052008","609295.501698071","1056610.23002308","13.595317549579","0.140440792932094","index"
"533","533","533","533","533","533","533","533","533","533","533","533","533","533","533","533","533","533","533","533","533","533","533","533","533","533","533","533","533","533","533","533","533","533","533","533","533",NA,NA,NA,NA,NA,NA,NA,NA,NA,NA,NA,NA,NA,NA,NA,NA,NA,NA,NA,NA,NA,NA,NA,NA,NA,"CA","rex sole","rex_sole",NA,NA,"700","total_catch_wt_kg ~ 0 + factor(year) + pass","delta_gamma","TRUE","iid, iid","03_5","2010","973700.272485916","745094.927533606","1272444.87326937","13.7888588068127","0.1365289873542","index"
"534","534","534","534","534","534","534","534","534","534","534","534","534","534","534","534","534","534","534","534","534","534","534","534","534","534","534","534","534","534","534","534","534","534","534","534","534",NA,NA,NA,NA,NA,NA,NA,NA,NA,NA,NA,NA,NA,NA,NA,NA,NA,NA,NA,NA,NA,NA,NA,NA,NA,"CA","rex sole","rex_sole",NA,NA,"700","total_catch_wt_kg ~ 0 + factor(year) + pass","delta_gamma","TRUE","iid, iid","03_5","2011","987866.506982765","755324.961682181","1292000.50987982","13.8033028532113","0.136941039158989","index"
"535","535","535","535","535","535","535","535","535","535","535","535","535","535","535","535","535","535","535","535","535","535","535","535","535","535","535","535","535","535","535","535","535","535","535","535","535",NA,NA,NA,NA,NA,NA,NA,NA,NA,NA,NA,NA,NA,NA,NA,NA,NA,NA,NA,NA,NA,NA,NA,NA,NA,"CA","rex sole","rex_sole",NA,NA,"700","total_catch_wt_kg ~ 0 + factor(year) + pass","delta_gamma","TRUE","iid, iid","03_5","2012","977468.86725777","757256.52119932","1261719.58868705","13.7927217209818","0.130239321975687","index"
"536","536","536","536","536","536","536","536","536","536","536","536","536","536","536","536","536","536","536","536","536","536","536","536","536","536","536","536","536","536","536","536","536","536","536","536","536",NA,NA,NA,NA,NA,NA,NA,NA,NA,NA,NA,NA,NA,NA,NA,NA,NA,NA,NA,NA,NA,NA,NA,NA,NA,"CA","rex sole","rex_sole",NA,NA,"700","total_catch_wt_kg ~ 0 + factor(year) + pass","delta_gamma","TRUE","iid, iid","03_5","2013","1162071.06397434","858863.668640103","1572320.73847605","13.9657143711284","0.154262473456389","index"
"537","537","537","537","537","537","537","537","537","537","537","537","537","537","537","537","537","537","537","537","537","537","537","537","537","537","537","537","537","537","537","537","537","537","537","537","537",NA,NA,NA,NA,NA,NA,NA,NA,NA,NA,NA,NA,NA,NA,NA,NA,NA,NA,NA,NA,NA,NA,NA,NA,NA,"CA","rex sole","rex_sole",NA,NA,"700","total_catch_wt_kg ~ 0 + factor(year) + pass","delta_gamma","TRUE","iid, iid","03_5","2014","1635519.16497526","1247917.58475788","2143509.29233868","14.3074708440058","0.138004605320656","index"
"538","538","538","538","538","538","538","538","538","538","538","538","538","538","538","538","538","538","538","538","538","538","538","538","538","538","538","538","538","538","538","538","538","538","538","538","538",NA,NA,NA,NA,NA,NA,NA,NA,NA,NA,NA,NA,NA,NA,NA,NA,NA,NA,NA,NA,NA,NA,NA,NA,NA,"CA","rex sole","rex_sole",NA,NA,"700","total_catch_wt_kg ~ 0 + factor(year) + pass","delta_gamma","TRUE","iid, iid","03_5","2015","1853262.73051479","1411635.32572094","2433052.42206308","14.432458281787","0.138879534603037","index"
"539","539","539","539","539","539","539","539","539","539","539","539","539","539","539","539","539","539","539","539","539","539","539","539","539","539","539","539","539","539","539","539","539","539","539","539","539",NA,NA,NA,NA,NA,NA,NA,NA,NA,NA,NA,NA,NA,NA,NA,NA,NA,NA,NA,NA,NA,NA,NA,NA,NA,"CA","rex sole","rex_sole",NA,NA,"700","total_catch_wt_kg ~ 0 + factor(year) + pass","delta_gamma","TRUE","iid, iid","03_5","2016","1950730.66837306","1487387.09516386","2558412.77156705","14.4837145620865","0.138361241897946","index"
"540","540","540","540","540","540","540","540","540","540","540","540","540","540","540","540","540","540","540","540","540","540","540","540","540","540","540","540","540","540","540","540","540","540","540","540","540",NA,NA,NA,NA,NA,NA,NA,NA,NA,NA,NA,NA,NA,NA,NA,NA,NA,NA,NA,NA,NA,NA,NA,NA,NA,"CA","rex sole","rex_sole",NA,NA,"700","total_catch_wt_kg ~ 0 + factor(year) + pass","delta_gamma","TRUE","iid, iid","03_5","2017","1995296.44157379","1534037.9858321","2595247.26670801","14.5063031895349","0.134129590341148","index"
"541","541","541","541","541","541","541","541","541","541","541","541","541","541","541","541","541","541","541","541","541","541","541","541","541","541","541","541","541","541","541","541","541","541","541","541","541",NA,NA,NA,NA,NA,NA,NA,NA,NA,NA,NA,NA,NA,NA,NA,NA,NA,NA,NA,NA,NA,NA,NA,NA,NA,"CA","rex sole","rex_sole",NA,NA,"700","total_catch_wt_kg ~ 0 + factor(year) + pass","delta_gamma","TRUE","iid, iid","03_5","2018","2148914.23927404","1646319.51474488","2804943.00553214","14.5804732675571","0.135931329551747","index"
"542","542","542","542","542","542","542","542","542","542","542","542","542","542","542","542","542","542","542","542","542","542","542","542","542","542","542","542","542","542","542","542","542","542","542","542","542",NA,NA,NA,NA,NA,NA,NA,NA,NA,NA,NA,NA,NA,NA,NA,NA,NA,NA,NA,NA,NA,NA,NA,NA,NA,"CA","rex sole","rex_sole",NA,NA,"700","total_catch_wt_kg ~ 0 + factor(year) + pass","delta_gamma","TRUE","iid, iid","03_5","2019","1476300.97296723","1028299.89667997","2119483.40150645","14.2050501745799","0.184509902575598","index"
"543","543","543","543","543","543","543","543","543","543","543","543","543","543","543","543","543","543","543","543","543","543","543","543","543","543","543","543","543","543","543","543","543","543","543","543","543",NA,NA,NA,NA,NA,NA,NA,NA,NA,NA,NA,NA,NA,NA,NA,NA,NA,NA,NA,NA,NA,NA,NA,NA,NA,"CA","rex sole","rex_sole",NA,NA,"700","total_catch_wt_kg ~ 0 + factor(year) + pass","delta_gamma","TRUE","iid, iid","03_5","2021","1674886.98569937","1281570.20505945","2188913.57164079","14.3312562497408","0.136563551709645","index"
"544","544","544","544","544","544","544","544","544","544","544","544","544","544","544","544","544","544","544","544","544","544","544","544","544","544","544","544","544","544","544","544","544","544","544","544","544",NA,NA,NA,NA,NA,NA,NA,NA,NA,NA,NA,NA,NA,NA,NA,NA,NA,NA,NA,NA,NA,NA,NA,NA,NA,"CA","rex sole","rex_sole",NA,NA,"700","total_catch_wt_kg ~ 0 + factor(year) + pass","delta_gamma","TRUE","iid, iid","03_5","2022","1780729.53006806","1341173.56783781","2364345.47719919","14.3925336866562","0.14463434193567","index"
"545","545","545","545","545","545","545","545","545","545","545","545","545","545","545","545","545","545","545","545","545","545","545","545","545","545","545","545","545","545","545","545","545","545","545","545","545",NA,NA,NA,NA,NA,NA,NA,NA,NA,NA,NA,NA,NA,NA,NA,NA,NA,NA,NA,NA,NA,NA,NA,NA,NA,"CA","rex sole","rex_sole",NA,NA,"700","total_catch_wt_kg ~ 0 + factor(year) + pass","delta_gamma","TRUE","iid, iid","03_5","2023","1612590.11033199","1226596.49992472","2120050.7779862","14.2933522084671","0.139593580255868","index"
"546","546","546","546","546","546","546","546","546","546","546","546","546","546","546","546","546","546","546","546","546","546","546","546","546","546","546","546","546","546","546","546","546","546","546","546","546",NA,NA,NA,NA,NA,NA,NA,NA,NA,NA,NA,NA,NA,NA,NA,NA,NA,NA,NA,NA,NA,NA,NA,NA,NA,"CA","rex sole","rex_sole",NA,NA,"700","total_catch_wt_kg ~ 0 + factor(year) + pass","delta_gamma","TRUE","iid, iid","03_5","2024","1452355.27579661","1094644.47231582","1926959.75769352","14.1886971247382","0.144266395338548","index"
"547","547","547","547","547","547","547","547","547","547","547","547","547","547","547","547","547","547","547","547","547","547","547","547","547","547","547","547","547","547","547","547","547","547","547","547",NA,NA,NA,NA,NA,NA,NA,NA,NA,NA,NA,NA,NA,NA,NA,NA,NA,NA,NA,NA,NA,NA,NA,NA,NA,NA,"CA","rex sole","rex_sole",NA,NA,"700","total_catch_wt_kg ~ 0 + factor(year) + pass","delta_gamma","TRUE","iid, iid","03_6","2003","1282934.80863483","977837.938802383","1683225.46906162","14.0646608306426","0.138554383776751","index"
"548","548","548","548","548","548","548","548","548","548","548","548","548","548","548","548","548","548","548","548","548","548","548","548","548","548","548","548","548","548","548","548","548","548","548","548",NA,NA,NA,NA,NA,NA,NA,NA,NA,NA,NA,NA,NA,NA,NA,NA,NA,NA,NA,NA,NA,NA,NA,NA,NA,NA,"CA","rex sole","rex_sole",NA,NA,"700","total_catch_wt_kg ~ 0 + factor(year) + pass","delta_gamma","TRUE","iid, iid","03_6","2004","1578417.61985055","1166730.3281826","2135371.06431054","14.2719333967368","0.154195483082434","index"
"549","549","549","549","549","549","549","549","549","549","549","549","549","549","549","549","549","549","549","549","549","549","549","549","549","549","549","549","549","549","549","549","549","549","549","549",NA,NA,NA,NA,NA,NA,NA,NA,NA,NA,NA,NA,NA,NA,NA,NA,NA,NA,NA,NA,NA,NA,NA,NA,NA,NA,"CA","rex sole","rex_sole",NA,NA,"700","total_catch_wt_kg ~ 0 + factor(year) + pass","delta_gamma","TRUE","iid, iid","03_6","2005","1271564.52758842","965688.655145713","1674324.67929033","14.0557586117414","0.140391280569322","index"
"550","550","550","550","550","550","550","550","550","550","550","550","550","550","550","550","550","550","550","550","550","550","550","550","550","550","550","550","550","550","550","550","550","550","550","550",NA,NA,NA,NA,NA,NA,NA,NA,NA,NA,NA,NA,NA,NA,NA,NA,NA,NA,NA,NA,NA,NA,NA,NA,NA,NA,"CA","rex sole","rex_sole",NA,NA,"700","total_catch_wt_kg ~ 0 + factor(year) + pass","delta_gamma","TRUE","iid, iid","03_6","2006","1201811.56350047","914763.711000658","1578933.46313822","13.9993406126533","0.139247222521178","index"
"551","551","551","551","551","551","551","551","551","551","551","551","551","551","551","551","551","551","551","551","551","551","551","551","551","551","551","551","551","551","551","551","551","551","551","551",NA,NA,NA,NA,NA,NA,NA,NA,NA,NA,NA,NA,NA,NA,NA,NA,NA,NA,NA,NA,NA,NA,NA,NA,NA,NA,"CA","rex sole","rex_sole",NA,NA,"700","total_catch_wt_kg ~ 0 + factor(year) + pass","delta_gamma","TRUE","iid, iid","03_6","2007","1101694.20948667","854632.987318151","1420177.02244931","13.9123597433342","0.129559698123569","index"
"552","552","552","552","552","552","552","552","552","552","552","552","552","552","552","552","552","552","552","552","552","552","552","552","552","552","552","552","552","552","552","552","552","552","552","552",NA,NA,NA,NA,NA,NA,NA,NA,NA,NA,NA,NA,NA,NA,NA,NA,NA,NA,NA,NA,NA,NA,NA,NA,NA,NA,"CA","rex sole","rex_sole",NA,NA,"700","total_catch_wt_kg ~ 0 + factor(year) + pass","delta_gamma","TRUE","iid, iid","03_6","2008","724433.05974176","554483.699393991","946471.931673336","13.4931446413627","0.136406564138999","index"
"553","553","553","553","553","553","553","553","553","553","553","553","553","553","553","553","553","553","553","553","553","553","553","553","553","553","553","553","553","553","553","553","553","553","553","553",NA,NA,NA,NA,NA,NA,NA,NA,NA,NA,NA,NA,NA,NA,NA,NA,NA,NA,NA,NA,NA,NA,NA,NA,NA,NA,"CA","rex sole","rex_sole",NA,NA,"700","total_catch_wt_kg ~ 0 + factor(year) + pass","delta_gamma","TRUE","iid, iid","03_6","2009","777799.873434544","599986.526718498","1008310.38060732","13.5642245379814","0.132432055666234","index"
"554","554","554","554","554","554","554","554","554","554","554","554","554","554","554","554","554","554","554","554","554","554","554","554","554","554","554","554","554","554","554","554","554","554","554","554",NA,NA,NA,NA,NA,NA,NA,NA,NA,NA,NA,NA,NA,NA,NA,NA,NA,NA,NA,NA,NA,NA,NA,NA,NA,NA,"CA","rex sole","rex_sole",NA,NA,"700","total_catch_wt_kg ~ 0 + factor(year) + pass","delta_gamma","TRUE","iid, iid","03_6","2010","794197.731740301","616958.371091214","1022354.28945689","13.5850877416444","0.128844669031337","index"
"555","555","555","555","555","555","555","555","555","555","555","555","555","555","555","555","555","555","555","555","555","555","555","555","555","555","555","555","555","555","555","555","555","555","555","555",NA,NA,NA,NA,NA,NA,NA,NA,NA,NA,NA,NA,NA,NA,NA,NA,NA,NA,NA,NA,NA,NA,NA,NA,NA,NA,"CA","rex sole","rex_sole",NA,NA,"700","total_catch_wt_kg ~ 0 + factor(year) + pass","delta_gamma","TRUE","iid, iid","03_6","2011","877893.381539692","675130.02133267","1141553.13050645","13.6852804319175","0.133992184799054","index"
"556","556","556","556","556","556","556","556","556","556","556","556","556","556","556","556","556","556","556","556","556","556","556","556","556","556","556","556","556","556","556","556","556","556","556","556",NA,NA,NA,NA,NA,NA,NA,NA,NA,NA,NA,NA,NA,NA,NA,NA,NA,NA,NA,NA,NA,NA,NA,NA,NA,NA,"CA","rex sole","rex_sole",NA,NA,"700","total_catch_wt_kg ~ 0 + factor(year) + pass","delta_gamma","TRUE","iid, iid","03_6","2012","1073535.07784329","832497.348068948","1384361.84335395","13.8864675719136","0.129738229166704","index"
"557","557","557","557","557","557","557","557","557","557","557","557","557","557","557","557","557","557","557","557","557","557","557","557","557","557","557","557","557","557","557","557","557","557","557","557",NA,NA,NA,NA,NA,NA,NA,NA,NA,NA,NA,NA,NA,NA,NA,NA,NA,NA,NA,NA,NA,NA,NA,NA,NA,NA,"CA","rex sole","rex_sole",NA,NA,"700","total_catch_wt_kg ~ 0 + factor(year) + pass","delta_gamma","TRUE","iid, iid","03_6","2013","1042825.53219149","786542.303589143","1382614.87732836","13.8574444450067","0.143901959450752","index"
"558","558","558","558","558","558","558","558","558","558","558","558","558","558","558","558","558","558","558","558","558","558","558","558","558","558","558","558","558","558","558","558","558","558","558","558",NA,NA,NA,NA,NA,NA,NA,NA,NA,NA,NA,NA,NA,NA,NA,NA,NA,NA,NA,NA,NA,NA,NA,NA,NA,NA,"CA","rex sole","rex_sole",NA,NA,"700","total_catch_wt_kg ~ 0 + factor(year) + pass","delta_gamma","TRUE","iid, iid","03_6","2014","1123271.36670667","866648.718185319","1455882.33939242","13.9317558489698","0.132332454418873","index"
"559","559","559","559","559","559","559","559","559","559","559","559","559","559","559","559","559","559","559","559","559","559","559","559","559","559","559","559","559","559","559","559","559","559","559","559",NA,NA,NA,NA,NA,NA,NA,NA,NA,NA,NA,NA,NA,NA,NA,NA,NA,NA,NA,NA,NA,NA,NA,NA,NA,NA,"CA","rex sole","rex_sole",NA,NA,"700","total_catch_wt_kg ~ 0 + factor(year) + pass","delta_gamma","TRUE","iid, iid","03_6","2015","1568271.5509256","1216135.10648581","2022370.41289728","14.2654846478863","0.129745345959654","index"
"560","560","560","560","560","560","560","560","560","560","560","560","560","560","560","560","560","560","560","560","560","560","560","560","560","560","560","560","560","560","560","560","560","560","560","560",NA,NA,NA,NA,NA,NA,NA,NA,NA,NA,NA,NA,NA,NA,NA,NA,NA,NA,NA,NA,NA,NA,NA,NA,NA,NA,"CA","rex sole","rex_sole",NA,NA,"700","total_catch_wt_kg ~ 0 + factor(year) + pass","delta_gamma","TRUE","iid, iid","03_6","2016","1723071.00603971","1336393.91359197","2221630.65968675","14.359618725363","0.129662224532842","index"
"561","561","561","561","561","561","561","561","561","561","561","561","561","561","561","561","561","561","561","561","561","561","561","561","561","561","561","561","561","561","561","561","561","561","561","561",NA,NA,NA,NA,NA,NA,NA,NA,NA,NA,NA,NA,NA,NA,NA,NA,NA,NA,NA,NA,NA,NA,NA,NA,NA,NA,"CA","rex sole","rex_sole",NA,NA,"700","total_catch_wt_kg ~ 0 + factor(year) + pass","delta_gamma","TRUE","iid, iid","03_6","2017","1647004.35472055","1269983.1775343","2135952.18618176","14.3144686531882","0.132632253922834","index"
"562","562","562","562","562","562","562","562","562","562","562","562","562","562","562","562","562","562","562","562","562","562","562","562","562","562","562","562","562","562","562","562","562","562","562","562",NA,NA,NA,NA,NA,NA,NA,NA,NA,NA,NA,NA,NA,NA,NA,NA,NA,NA,NA,NA,NA,NA,NA,NA,NA,NA,"CA","rex sole","rex_sole",NA,NA,"700","total_catch_wt_kg ~ 0 + factor(year) + pass","delta_gamma","TRUE","iid, iid","03_6","2018","1955024.5289981","1512574.79037425","2526897.13811675","14.485913298125","0.130915355742758","index"
"563","563","563","563","563","563","563","563","563","563","563","563","563","563","563","563","563","563","563","563","563","563","563","563","563","563","563","563","563","563","563","563","563","563","563","563",NA,NA,NA,NA,NA,NA,NA,NA,NA,NA,NA,NA,NA,NA,NA,NA,NA,NA,NA,NA,NA,NA,NA,NA,NA,NA,"CA","rex sole","rex_sole",NA,NA,"700","total_catch_wt_kg ~ 0 + factor(year) + pass","delta_gamma","TRUE","iid, iid","03_6","2019","1332212.75290963","963783.502307941","1841482.87946931","14.1023518417345","0.165171339160283","index"
"564","564","564","564","564","564","564","564","564","564","564","564","564","564","564","564","564","564","564","564","564","564","564","564","564","564","564","564","564","564","564","564","564","564","564","564",NA,NA,NA,NA,NA,NA,NA,NA,NA,NA,NA,NA,NA,NA,NA,NA,NA,NA,NA,NA,NA,NA,NA,NA,NA,NA,"CA","rex sole","rex_sole",NA,NA,"700","total_catch_wt_kg ~ 0 + factor(year) + pass","delta_gamma","TRUE","iid, iid","03_6","2021","1415571.37894058","1095782.09283268","1828686.87304029","14.1630438089251","0.130647759157986","index"
"565","565","565","565","565","565","565","565","565","565","565","565","565","565","565","565","565","565","565","565","565","565","565","565","565","565","565","565","565","565","565","565","565","565","565","565",NA,NA,NA,NA,NA,NA,NA,NA,NA,NA,NA,NA,NA,NA,NA,NA,NA,NA,NA,NA,NA,NA,NA,NA,NA,NA,"CA","rex sole","rex_sole",NA,NA,"700","total_catch_wt_kg ~ 0 + factor(year) + pass","delta_gamma","TRUE","iid, iid","03_6","2022","1471772.52943046","1118061.60656907","1937383.74134244","14.2019780346928","0.140242882734699","index"
"566","566","566","566","566","566","566","566","566","566","566","566","566","566","566","566","566","566","566","566","566","566","566","566","566","566","566","566","566","566","566","566","566","566","566","566",NA,NA,NA,NA,NA,NA,NA,NA,NA,NA,NA,NA,NA,NA,NA,NA,NA,NA,NA,NA,NA,NA,NA,NA,NA,NA,"CA","rex sole","rex_sole",NA,NA,"700","total_catch_wt_kg ~ 0 + factor(year) + pass","delta_gamma","TRUE","iid, iid","03_6","2023","1306064.91630134","1003334.25479302","1700136.87606542","14.0825292937864","0.134538200401355","index"
"567","567","567","567","567","567","567","567","567","567","567","567","567","567","567","567","567","567","567","567","567","567","567","567","567","567","567","567","567","567","567","567","567","567","567","567",NA,NA,NA,NA,NA,NA,NA,NA,NA,NA,NA,NA,NA,NA,NA,NA,NA,NA,NA,NA,NA,NA,NA,NA,NA,NA,"CA","rex sole","rex_sole",NA,NA,"700","total_catch_wt_kg ~ 0 + factor(year) + pass","delta_gamma","TRUE","iid, iid","03_6","2024","1300328.75200661","999604.159250894","1691524.43759557","14.0781276766204","0.134192791217316","index"
"568","568","568","568","568","568","568","568","568","568","568","568","568","568","568","568","568","568","568","568","568","568","568","568","568","568","568","568","568","568","568","568","568","568","568",NA,NA,NA,NA,NA,NA,NA,NA,NA,NA,NA,NA,NA,NA,NA,NA,NA,NA,NA,NA,NA,NA,NA,NA,NA,NA,NA,"CA","rex sole","rex_sole",NA,NA,"700","total_catch_wt_kg ~ 0 + factor(year) + pass","delta_gamma","TRUE","iid, iid","03_7","2003","1568238.17944563","1164720.54103071","2111554.57539588","14.2654633685135","0.151774029317435","index"
"569","569","569","569","569","569","569","569","569","569","569","569","569","569","569","569","569","569","569","569","569","569","569","569","569","569","569","569","569","569","569","569","569","569","569",NA,NA,NA,NA,NA,NA,NA,NA,NA,NA,NA,NA,NA,NA,NA,NA,NA,NA,NA,NA,NA,NA,NA,NA,NA,NA,NA,"CA","rex sole","rex_sole",NA,NA,"700","total_catch_wt_kg ~ 0 + factor(year) + pass","delta_gamma","TRUE","iid, iid","03_7","2004","2191911.47868811","1598921.79516062","3004822.3402459","14.6002845424244","0.160944008606827","index"
"570","570","570","570","570","570","570","570","570","570","570","570","570","570","570","570","570","570","570","570","570","570","570","570","570","570","570","570","570","570","570","570","570","570","570",NA,NA,NA,NA,NA,NA,NA,NA,NA,NA,NA,NA,NA,NA,NA,NA,NA,NA,NA,NA,NA,NA,NA,NA,NA,NA,NA,"CA","rex sole","rex_sole",NA,NA,"700","total_catch_wt_kg ~ 0 + factor(year) + pass","delta_gamma","TRUE","iid, iid","03_7","2005","1868610.33584348","1421726.68456186","2455960.50572629","14.4407055766558","0.139453027142154","index"
"571","571","571","571","571","571","571","571","571","571","571","571","571","571","571","571","571","571","571","571","571","571","571","571","571","571","571","571","571","571","571","571","571","571","571",NA,NA,NA,NA,NA,NA,NA,NA,NA,NA,NA,NA,NA,NA,NA,NA,NA,NA,NA,NA,NA,NA,NA,NA,NA,NA,NA,"CA","rex sole","rex_sole",NA,NA,"700","total_catch_wt_kg ~ 0 + factor(year) + pass","delta_gamma","TRUE","iid, iid","03_7","2006","1640797.05896767","1235073.43247888","2179801.55504882","14.3106926933007","0.144927003642714","index"
"572","572","572","572","572","572","572","572","572","572","572","572","572","572","572","572","572","572","572","572","572","572","572","572","572","572","572","572","572","572","572","572","572","572","572",NA,NA,NA,NA,NA,NA,NA,NA,NA,NA,NA,NA,NA,NA,NA,NA,NA,NA,NA,NA,NA,NA,NA,NA,NA,NA,NA,"CA","rex sole","rex_sole",NA,NA,"700","total_catch_wt_kg ~ 0 + factor(year) + pass","delta_gamma","TRUE","iid, iid","03_7","2007","1409779.2310488","1080968.6135038","1838607.94427178","14.1589436763711","0.135500252531543","index"
"573","573","573","573","573","573","573","573","573","573","573","573","573","573","573","573","573","573","573","573","573","573","573","573","573","573","573","573","573","573","573","573","573","573","573",NA,NA,NA,NA,NA,NA,NA,NA,NA,NA,NA,NA,NA,NA,NA,NA,NA,NA,NA,NA,NA,NA,NA,NA,NA,NA,NA,"CA","rex sole","rex_sole",NA,NA,"700","total_catch_wt_kg ~ 0 + factor(year) + pass","delta_gamma","TRUE","iid, iid","03_7","2008","986320.341451676","757157.598511525","1284841.91121347","13.8017364707299","0.134905423674016","index"
"574","574","574","574","574","574","574","574","574","574","574","574","574","574","574","574","574","574","574","574","574","574","574","574","574","574","574","574","574","574","574","574","574","574","574",NA,NA,NA,NA,NA,NA,NA,NA,NA,NA,NA,NA,NA,NA,NA,NA,NA,NA,NA,NA,NA,NA,NA,NA,NA,NA,NA,"CA","rex sole","rex_sole",NA,NA,"700","total_catch_wt_kg ~ 0 + factor(year) + pass","delta_gamma","TRUE","iid, iid","03_7","2009","851751.962829019","657195.975126333","1103904.21372198","13.6550506399867","0.132305032735713","index"
"575","575","575","575","575","575","575","575","575","575","575","575","575","575","575","575","575","575","575","575","575","575","575","575","575","575","575","575","575","575","575","575","575","575","575",NA,NA,NA,NA,NA,NA,NA,NA,NA,NA,NA,NA,NA,NA,NA,NA,NA,NA,NA,NA,NA,NA,NA,NA,NA,NA,NA,"CA","rex sole","rex_sole",NA,NA,"700","total_catch_wt_kg ~ 0 + factor(year) + pass","delta_gamma","TRUE","iid, iid","03_7","2010","945398.243066969","731046.592433095","1222600.37492194","13.7593615389378","0.131190708771523","index"
"576","576","576","576","576","576","576","576","576","576","576","576","576","576","576","576","576","576","576","576","576","576","576","576","576","576","576","576","576","576","576","576","576","576","576",NA,NA,NA,NA,NA,NA,NA,NA,NA,NA,NA,NA,NA,NA,NA,NA,NA,NA,NA,NA,NA,NA,NA,NA,NA,NA,NA,"CA","rex sole","rex_sole",NA,NA,"700","total_catch_wt_kg ~ 0 + factor(year) + pass","delta_gamma","TRUE","iid, iid","03_7","2011","1212202.67964883","938111.641860511","1566375.76060088","14.0079496590635","0.130780677097222","index"
"577","577","577","577","577","577","577","577","577","577","577","577","577","577","577","577","577","577","577","577","577","577","577","577","577","577","577","577","577","577","577","577","577","577","577",NA,NA,NA,NA,NA,NA,NA,NA,NA,NA,NA,NA,NA,NA,NA,NA,NA,NA,NA,NA,NA,NA,NA,NA,NA,NA,NA,"CA","rex sole","rex_sole",NA,NA,"700","total_catch_wt_kg ~ 0 + factor(year) + pass","delta_gamma","TRUE","iid, iid","03_7","2012","1186666.60134932","928616.854473519","1516424.79454706","13.9866587591174","0.125108040879989","index"
"578","578","578","578","578","578","578","578","578","578","578","578","578","578","578","578","578","578","578","578","578","578","578","578","578","578","578","578","578","578","578","578","578","578","578",NA,NA,NA,NA,NA,NA,NA,NA,NA,NA,NA,NA,NA,NA,NA,NA,NA,NA,NA,NA,NA,NA,NA,NA,NA,NA,NA,"CA","rex sole","rex_sole",NA,NA,"700","total_catch_wt_kg ~ 0 + factor(year) + pass","delta_gamma","TRUE","iid, iid","03_7","2013","1442049.29382986","1092218.55595176","1903928.61804395","14.1815757805908","0.141764963391375","index"
"579","579","579","579","579","579","579","579","579","579","579","579","579","579","579","579","579","579","579","579","579","579","579","579","579","579","579","579","579","579","579","579","579","579","579",NA,NA,NA,NA,NA,NA,NA,NA,NA,NA,NA,NA,NA,NA,NA,NA,NA,NA,NA,NA,NA,NA,NA,NA,NA,NA,NA,"CA","rex sole","rex_sole",NA,NA,"700","total_catch_wt_kg ~ 0 + factor(year) + pass","delta_gamma","TRUE","iid, iid","03_7","2014","1515415.07801068","1177905.32384919","1949632.80338833","14.2311999382852","0.12854913179814","index"
"580","580","580","580","580","580","580","580","580","580","580","580","580","580","580","580","580","580","580","580","580","580","580","580","580","580","580","580","580","580","580","580","580","580","580",NA,NA,NA,NA,NA,NA,NA,NA,NA,NA,NA,NA,NA,NA,NA,NA,NA,NA,NA,NA,NA,NA,NA,NA,NA,NA,NA,"CA","rex sole","rex_sole",NA,NA,"700","total_catch_wt_kg ~ 0 + factor(year) + pass","delta_gamma","TRUE","iid, iid","03_7","2015","2059272.7136619","1595080.77711977","2658551.32232844","14.5378634268079","0.130323052842685","index"
"581","581","581","581","581","581","581","581","581","581","581","581","581","581","581","581","581","581","581","581","581","581","581","581","581","581","581","581","581","581","581","581","581","581","581",NA,NA,NA,NA,NA,NA,NA,NA,NA,NA,NA,NA,NA,NA,NA,NA,NA,NA,NA,NA,NA,NA,NA,NA,NA,NA,NA,"CA","rex sole","rex_sole",NA,NA,"700","total_catch_wt_kg ~ 0 + factor(year) + pass","delta_gamma","TRUE","iid, iid","03_7","2016","2119590.30808057","1636446.31050881","2745377.61810971","14.5667333770674","0.131990084630873","index"
"582","582","582","582","582","582","582","582","582","582","582","582","582","582","582","582","582","582","582","582","582","582","582","582","582","582","582","582","582","582","582","582","582","582","582",NA,NA,NA,NA,NA,NA,NA,NA,NA,NA,NA,NA,NA,NA,NA,NA,NA,NA,NA,NA,NA,NA,NA,NA,NA,NA,NA,"CA","rex sole","rex_sole",NA,NA,"700","total_catch_wt_kg ~ 0 + factor(year) + pass","delta_gamma","TRUE","iid, iid","03_7","2017","2044936.60219641","1569393.36700434","2664574.60246868","14.5308773456075","0.135042090304671","index"
"583","583","583","583","583","583","583","583","583","583","583","583","583","583","583","583","583","583","583","583","583","583","583","583","583","583","583","583","583","583","583","583","583","583","583",NA,NA,NA,NA,NA,NA,NA,NA,NA,NA,NA,NA,NA,NA,NA,NA,NA,NA,NA,NA,NA,NA,NA,NA,NA,NA,NA,"CA","rex sole","rex_sole",NA,NA,"700","total_catch_wt_kg ~ 0 + factor(year) + pass","delta_gamma","TRUE","iid, iid","03_7","2018","2335909.71825658","1810452.19857515","3013873.66987092","14.6639119741768","0.13001502613368","index"
"584","584","584","584","584","584","584","584","584","584","584","584","584","584","584","584","584","584","584","584","584","584","584","584","584","584","584","584","584","584","584","584","584","584","584",NA,NA,NA,NA,NA,NA,NA,NA,NA,NA,NA,NA,NA,NA,NA,NA,NA,NA,NA,NA,NA,NA,NA,NA,NA,NA,NA,"CA","rex sole","rex_sole",NA,NA,"700","total_catch_wt_kg ~ 0 + factor(year) + pass","delta_gamma","TRUE","iid, iid","03_7","2019","2096440.55901623","1493687.41693926","2942424.87929252","14.5557514927065","0.172958839144937","index"
"585","585","585","585","585","585","585","585","585","585","585","585","585","585","585","585","585","585","585","585","585","585","585","585","585","585","585","585","585","585","585","585","585","585","585",NA,NA,NA,NA,NA,NA,NA,NA,NA,NA,NA,NA,NA,NA,NA,NA,NA,NA,NA,NA,NA,NA,NA,NA,NA,NA,NA,"CA","rex sole","rex_sole",NA,NA,"700","total_catch_wt_kg ~ 0 + factor(year) + pass","delta_gamma","TRUE","iid, iid","03_7","2021","1692970.48009542","1302569.02255293","2200381.70480754","14.3419952245164","0.1337505092009","index"
"586","586","586","586","586","586","586","586","586","586","586","586","586","586","586","586","586","586","586","586","586","586","586","586","586","586","586","586","586","586","586","586","586","586","586",NA,NA,NA,NA,NA,NA,NA,NA,NA,NA,NA,NA,NA,NA,NA,NA,NA,NA,NA,NA,NA,NA,NA,NA,NA,NA,NA,"CA","rex sole","rex_sole",NA,NA,"700","total_catch_wt_kg ~ 0 + factor(year) + pass","delta_gamma","TRUE","iid, iid","03_7","2022","1937280.75199579","1469755.2007978","2553525.04282085","14.4767958735463","0.140915578504055","index"
"587","587","587","587","587","587","587","587","587","587","587","587","587","587","587","587","587","587","587","587","587","587","587","587","587","587","587","587","587","587","587","587","587","587","587",NA,NA,NA,NA,NA,NA,NA,NA,NA,NA,NA,NA,NA,NA,NA,NA,NA,NA,NA,NA,NA,NA,NA,NA,NA,NA,NA,"CA","rex sole","rex_sole",NA,NA,"700","total_catch_wt_kg ~ 0 + factor(year) + pass","delta_gamma","TRUE","iid, iid","03_7","2023","1815452.81755042","1396135.98792596","2360707.6683468","14.4118454808182","0.133995579906178","index"
"588","588","588","588","588","588","588","588","588","588","588","588","588","588","588","588","588","588","588","588","588","588","588","588","588","588","588","588","588","588","588","588","588","588","588",NA,NA,NA,NA,NA,NA,NA,NA,NA,NA,NA,NA,NA,NA,NA,NA,NA,NA,NA,NA,NA,NA,NA,NA,NA,NA,NA,"CA","rex sole","rex_sole",NA,NA,"700","total_catch_wt_kg ~ 0 + factor(year) + pass","delta_gamma","TRUE","iid, iid","03_7","2024","1611755.58875567","1249833.86713906","2078481.10551807","14.2928345706746","0.129754106975289","index"
"589","589","589","589","589","589","589","589","589","589","589","589","589","589","589","589","589","589","589","589","589","589","589","589","589","589","589","589","589","589","589","589","589","589",NA,NA,NA,NA,NA,NA,NA,NA,NA,NA,NA,NA,NA,NA,NA,NA,NA,NA,NA,NA,NA,NA,NA,NA,NA,NA,NA,NA,"CA","rex sole","rex_sole",NA,NA,"700","total_catch_wt_kg ~ 0 + factor(year) + pass","delta_gamma","TRUE","iid, iid","03_8","2003","1739200.29155178","1307461.36658556","2313504.42272197","14.3689359629846","0.145583305762339","index"
"590","590","590","590","590","590","590","590","590","590","590","590","590","590","590","590","590","590","590","590","590","590","590","590","590","590","590","590","590","590","590","590","590","590",NA,NA,NA,NA,NA,NA,NA,NA,NA,NA,NA,NA,NA,NA,NA,NA,NA,NA,NA,NA,NA,NA,NA,NA,NA,NA,NA,NA,"CA","rex sole","rex_sole",NA,NA,"700","total_catch_wt_kg ~ 0 + factor(year) + pass","delta_gamma","TRUE","iid, iid","03_8","2004","2109305.93741477","1514642.47668716","2937440.09302081","14.5618695117259","0.168972253698408","index"
"591","591","591","591","591","591","591","591","591","591","591","591","591","591","591","591","591","591","591","591","591","591","591","591","591","591","591","591","591","591","591","591","591","591",NA,NA,NA,NA,NA,NA,NA,NA,NA,NA,NA,NA,NA,NA,NA,NA,NA,NA,NA,NA,NA,NA,NA,NA,NA,NA,NA,NA,"CA","rex sole","rex_sole",NA,NA,"700","total_catch_wt_kg ~ 0 + factor(year) + pass","delta_gamma","TRUE","iid, iid","03_8","2005","1684806.62927189","1261470.57599018","2250209.7409687","14.3371613551071","0.147641811390297","index"
"592","592","592","592","592","592","592","592","592","592","592","592","592","592","592","592","592","592","592","592","592","592","592","592","592","592","592","592","592","592","592","592","592","592",NA,NA,NA,NA,NA,NA,NA,NA,NA,NA,NA,NA,NA,NA,NA,NA,NA,NA,NA,NA,NA,NA,NA,NA,NA,NA,NA,NA,"CA","rex sole","rex_sole",NA,NA,"700","total_catch_wt_kg ~ 0 + factor(year) + pass","delta_gamma","TRUE","iid, iid","03_8","2006","1378990.74995922","1042766.66652332","1823625.12105727","14.1368624489641","0.142591627191776","index"
"593","593","593","593","593","593","593","593","593","593","593","593","593","593","593","593","593","593","593","593","593","593","593","593","593","593","593","593","593","593","593","593","593","593",NA,NA,NA,NA,NA,NA,NA,NA,NA,NA,NA,NA,NA,NA,NA,NA,NA,NA,NA,NA,NA,NA,NA,NA,NA,NA,NA,NA,"CA","rex sole","rex_sole",NA,NA,"700","total_catch_wt_kg ~ 0 + factor(year) + pass","delta_gamma","TRUE","iid, iid","03_8","2007","1285405.17317096","968121.285932978","1706672.99978056","14.0665845364724","0.144631169201677","index"
"594","594","594","594","594","594","594","594","594","594","594","594","594","594","594","594","594","594","594","594","594","594","594","594","594","594","594","594","594","594","594","594","594","594",NA,NA,NA,NA,NA,NA,NA,NA,NA,NA,NA,NA,NA,NA,NA,NA,NA,NA,NA,NA,NA,NA,NA,NA,NA,NA,NA,NA,"CA","rex sole","rex_sole",NA,NA,"700","total_catch_wt_kg ~ 0 + factor(year) + pass","delta_gamma","TRUE","iid, iid","03_8","2008","798619.113213718","599621.917892982","1063657.72990989","13.5906394067255","0.14621942558762","index"
"595","595","595","595","595","595","595","595","595","595","595","595","595","595","595","595","595","595","595","595","595","595","595","595","595","595","595","595","595","595","595","595","595","595",NA,NA,NA,NA,NA,NA,NA,NA,NA,NA,NA,NA,NA,NA,NA,NA,NA,NA,NA,NA,NA,NA,NA,NA,NA,NA,NA,NA,"CA","rex sole","rex_sole",NA,NA,"700","total_catch_wt_kg ~ 0 + factor(year) + pass","delta_gamma","TRUE","iid, iid","03_8","2009","870488.640212572","650658.623668411","1164589.9173163","13.6768099883781","0.148507622909784","index"
"596","596","596","596","596","596","596","596","596","596","596","596","596","596","596","596","596","596","596","596","596","596","596","596","596","596","596","596","596","596","596","596","596","596",NA,NA,NA,NA,NA,NA,NA,NA,NA,NA,NA,NA,NA,NA,NA,NA,NA,NA,NA,NA,NA,NA,NA,NA,NA,NA,NA,NA,"CA","rex sole","rex_sole",NA,NA,"700","total_catch_wt_kg ~ 0 + factor(year) + pass","delta_gamma","TRUE","iid, iid","03_8","2010","850854.301979986","650092.464552082","1113615.49729184","13.6539961848836","0.137311859857943","index"
"597","597","597","597","597","597","597","597","597","597","597","597","597","597","597","597","597","597","597","597","597","597","597","597","597","597","597","597","597","597","597","597","597","597",NA,NA,NA,NA,NA,NA,NA,NA,NA,NA,NA,NA,NA,NA,NA,NA,NA,NA,NA,NA,NA,NA,NA,NA,NA,NA,NA,NA,"CA","rex sole","rex_sole",NA,NA,"700","total_catch_wt_kg ~ 0 + factor(year) + pass","delta_gamma","TRUE","iid, iid","03_8","2011","1090475.60759815","833631.306035912","1426454.40754995","13.9021244962839","0.137032105641199","index"
"598","598","598","598","598","598","598","598","598","598","598","598","598","598","598","598","598","598","598","598","598","598","598","598","598","598","598","598","598","598","598","598","598","598",NA,NA,NA,NA,NA,NA,NA,NA,NA,NA,NA,NA,NA,NA,NA,NA,NA,NA,NA,NA,NA,NA,NA,NA,NA,NA,NA,NA,"CA","rex sole","rex_sole",NA,NA,"700","total_catch_wt_kg ~ 0 + factor(year) + pass","delta_gamma","TRUE","iid, iid","03_8","2012","1031848.34588772","791617.969024804","1344980.85007197","13.846862262566","0.135220888024735","index"
"599","599","599","599","599","599","599","599","599","599","599","599","599","599","599","599","599","599","599","599","599","599","599","599","599","599","599","599","599","599","599","599","599","599",NA,NA,NA,NA,NA,NA,NA,NA,NA,NA,NA,NA,NA,NA,NA,NA,NA,NA,NA,NA,NA,NA,NA,NA,NA,NA,NA,NA,"CA","rex sole","rex_sole",NA,NA,"700","total_catch_wt_kg ~ 0 + factor(year) + pass","delta_gamma","TRUE","iid, iid","03_8","2013","1127812.44042296","836347.043824463","1520852.98820013","13.9357904209939","0.152549482150575","index"
"600","600","600","600","600","600","600","600","600","600","600","600","600","600","600","600","600","600","600","600","600","600","600","600","600","600","600","600","600","600","600","600","600","600",NA,NA,NA,NA,NA,NA,NA,NA,NA,NA,NA,NA,NA,NA,NA,NA,NA,NA,NA,NA,NA,NA,NA,NA,NA,NA,NA,NA,"CA","rex sole","rex_sole",NA,NA,"700","total_catch_wt_kg ~ 0 + factor(year) + pass","delta_gamma","TRUE","iid, iid","03_8","2014","1779190.70344747","1355599.22120724","2335144.12645859","14.3916691578941","0.138734699119186","index"
"601","601","601","601","601","601","601","601","601","601","601","601","601","601","601","601","601","601","601","601","601","601","601","601","601","601","601","601","601","601","601","601","601","601",NA,NA,NA,NA,NA,NA,NA,NA,NA,NA,NA,NA,NA,NA,NA,NA,NA,NA,NA,NA,NA,NA,NA,NA,NA,NA,NA,NA,"CA","rex sole","rex_sole",NA,NA,"700","total_catch_wt_kg ~ 0 + factor(year) + pass","delta_gamma","TRUE","iid, iid","03_8","2015","1657980.2338494","1260613.41387625","2180603.84379281","14.3211106929232","0.139799352546021","index"
"602","602","602","602","602","602","602","602","602","602","602","602","602","602","602","602","602","602","602","602","602","602","602","602","602","602","602","602","602","602","602","602","602","602",NA,NA,NA,NA,NA,NA,NA,NA,NA,NA,NA,NA,NA,NA,NA,NA,NA,NA,NA,NA,NA,NA,NA,NA,NA,NA,NA,NA,"CA","rex sole","rex_sole",NA,NA,"700","total_catch_wt_kg ~ 0 + factor(year) + pass","delta_gamma","TRUE","iid, iid","03_8","2016","1995722.65027343","1523107.88107378","2614988.04274225","14.5065167734299","0.137886875272928","index"
"603","603","603","603","603","603","603","603","603","603","603","603","603","603","603","603","603","603","603","603","603","603","603","603","603","603","603","603","603","603","603","603","603","603",NA,NA,NA,NA,NA,NA,NA,NA,NA,NA,NA,NA,NA,NA,NA,NA,NA,NA,NA,NA,NA,NA,NA,NA,NA,NA,NA,NA,"CA","rex sole","rex_sole",NA,NA,"700","total_catch_wt_kg ~ 0 + factor(year) + pass","delta_gamma","TRUE","iid, iid","03_8","2017","1868013.09543316","1414854.47067024","2466312.25828954","14.4403859081495","0.141762131423713","index"
"604","604","604","604","604","604","604","604","604","604","604","604","604","604","604","604","604","604","604","604","604","604","604","604","604","604","604","604","604","604","604","604","604","604",NA,NA,NA,NA,NA,NA,NA,NA,NA,NA,NA,NA,NA,NA,NA,NA,NA,NA,NA,NA,NA,NA,NA,NA,NA,NA,NA,NA,"CA","rex sole","rex_sole",NA,NA,"700","total_catch_wt_kg ~ 0 + factor(year) + pass","delta_gamma","TRUE","iid, iid","03_8","2018","2128073.87585688","1625781.89781481","2785551.01836937","14.5707278449392","0.137363962376358","index"
"605","605","605","605","605","605","605","605","605","605","605","605","605","605","605","605","605","605","605","605","605","605","605","605","605","605","605","605","605","605","605","605","605","605",NA,NA,NA,NA,NA,NA,NA,NA,NA,NA,NA,NA,NA,NA,NA,NA,NA,NA,NA,NA,NA,NA,NA,NA,NA,NA,NA,NA,"CA","rex sole","rex_sole",NA,NA,"700","total_catch_wt_kg ~ 0 + factor(year) + pass","delta_gamma","TRUE","iid, iid","03_8","2019","1896150.24284544","1317451.16674186","2729046.68818535","14.4553362006647","0.185782345960299","index"
"606","606","606","606","606","606","606","606","606","606","606","606","606","606","606","606","606","606","606","606","606","606","606","606","606","606","606","606","606","606","606","606","606","606",NA,NA,NA,NA,NA,NA,NA,NA,NA,NA,NA,NA,NA,NA,NA,NA,NA,NA,NA,NA,NA,NA,NA,NA,NA,NA,NA,NA,"CA","rex sole","rex_sole",NA,NA,"700","total_catch_wt_kg ~ 0 + factor(year) + pass","delta_gamma","TRUE","iid, iid","03_8","2021","1706834.80157287","1295998.9276423","2247906.98334928","14.3501512200417","0.140491811970133","index"
"607","607","607","607","607","607","607","607","607","607","607","607","607","607","607","607","607","607","607","607","607","607","607","607","607","607","607","607","607","607","607","607","607","607",NA,NA,NA,NA,NA,NA,NA,NA,NA,NA,NA,NA,NA,NA,NA,NA,NA,NA,NA,NA,NA,NA,NA,NA,NA,NA,NA,NA,"CA","rex sole","rex_sole",NA,NA,"700","total_catch_wt_kg ~ 0 + factor(year) + pass","delta_gamma","TRUE","iid, iid","03_8","2022","1690636.19386249","1285687.14861339","2223130.83169608","14.3406154621337","0.139702354178483","index"
"608","608","608","608","608","608","608","608","608","608","608","608","608","608","608","608","608","608","608","608","608","608","608","608","608","608","608","608","608","608","608","608","608","608",NA,NA,NA,NA,NA,NA,NA,NA,NA,NA,NA,NA,NA,NA,NA,NA,NA,NA,NA,NA,NA,NA,NA,NA,NA,NA,NA,NA,"CA","rex sole","rex_sole",NA,NA,"700","total_catch_wt_kg ~ 0 + factor(year) + pass","delta_gamma","TRUE","iid, iid","03_8","2023","1717208.68215866","1292151.60164161","2282089.54300315","14.3562106713171","0.145100307142087","index"
"609","609","609","609","609","609","609","609","609","609","609","609","609","609","609","609","609","609","609","609","609","609","609","609","609","609","609","609","609","609","609","609","609","609",NA,NA,NA,NA,NA,NA,NA,NA,NA,NA,NA,NA,NA,NA,NA,NA,NA,NA,NA,NA,NA,NA,NA,NA,NA,NA,NA,NA,"CA","rex sole","rex_sole",NA,NA,"700","total_catch_wt_kg ~ 0 + factor(year) + pass","delta_gamma","TRUE","iid, iid","03_8","2024","1655215.8032144","1255619.95479605","2181981.37481474","14.3194419529841","0.140972976392473","index"
"610","610","610","610","610","610","610","610","610","610","610","610","610","610","610","610","610","610","610","610","610","610","610","610","610","610","610","610","610","610","610","610","610",NA,NA,NA,NA,NA,NA,NA,NA,NA,NA,NA,NA,NA,NA,NA,NA,NA,NA,NA,NA,NA,NA,NA,NA,NA,NA,NA,NA,NA,"CA","rex sole","rex_sole",NA,NA,"700","total_catch_wt_kg ~ 0 + factor(year) + pass","delta_gamma","TRUE","iid, iid","03_9","2003","1439067.69647694","1112387.3530334","1861685.88612251","14.1795060288748","0.131373330688891","index"
"611","611","611","611","611","611","611","611","611","611","611","611","611","611","611","611","611","611","611","611","611","611","611","611","611","611","611","611","611","611","611","611","611",NA,NA,NA,NA,NA,NA,NA,NA,NA,NA,NA,NA,NA,NA,NA,NA,NA,NA,NA,NA,NA,NA,NA,NA,NA,NA,NA,NA,NA,"CA","rex sole","rex_sole",NA,NA,"700","total_catch_wt_kg ~ 0 + factor(year) + pass","delta_gamma","TRUE","iid, iid","03_9","2004","1520124.7718457","1142048.71145844","2023363.1882724","14.2343029761941","0.145905055217526","index"
"612","612","612","612","612","612","612","612","612","612","612","612","612","612","612","612","612","612","612","612","612","612","612","612","612","612","612","612","612","612","612","612","612",NA,NA,NA,NA,NA,NA,NA,NA,NA,NA,NA,NA,NA,NA,NA,NA,NA,NA,NA,NA,NA,NA,NA,NA,NA,NA,NA,NA,NA,"CA","rex sole","rex_sole",NA,NA,"700","total_catch_wt_kg ~ 0 + factor(year) + pass","delta_gamma","TRUE","iid, iid","03_9","2005","1458133.84394049","1127686.9864844","1885411.76082295","14.1926679870222","0.131119148499295","index"
"613","613","613","613","613","613","613","613","613","613","613","613","613","613","613","613","613","613","613","613","613","613","613","613","613","613","613","613","613","613","613","613","613",NA,NA,NA,NA,NA,NA,NA,NA,NA,NA,NA,NA,NA,NA,NA,NA,NA,NA,NA,NA,NA,NA,NA,NA,NA,NA,NA,NA,NA,"CA","rex sole","rex_sole",NA,NA,"700","total_catch_wt_kg ~ 0 + factor(year) + pass","delta_gamma","TRUE","iid, iid","03_9","2006","1231346.9897073","946942.49831067","1601169.46041195","14.0236192417323","0.13399511078779","index"
"614","614","614","614","614","614","614","614","614","614","614","614","614","614","614","614","614","614","614","614","614","614","614","614","614","614","614","614","614","614","614","614","614",NA,NA,NA,NA,NA,NA,NA,NA,NA,NA,NA,NA,NA,NA,NA,NA,NA,NA,NA,NA,NA,NA,NA,NA,NA,NA,NA,NA,NA,"CA","rex sole","rex_sole",NA,NA,"700","total_catch_wt_kg ~ 0 + factor(year) + pass","delta_gamma","TRUE","iid, iid","03_9","2007","1013169.56420083","788875.758308701","1301234.76987514","13.8285941573778","0.127670732325799","index"
"615","615","615","615","615","615","615","615","615","615","615","615","615","615","615","615","615","615","615","615","615","615","615","615","615","615","615","615","615","615","615","615","615",NA,NA,NA,NA,NA,NA,NA,NA,NA,NA,NA,NA,NA,NA,NA,NA,NA,NA,NA,NA,NA,NA,NA,NA,NA,NA,NA,NA,NA,"CA","rex sole","rex_sole",NA,NA,"700","total_catch_wt_kg ~ 0 + factor(year) + pass","delta_gamma","TRUE","iid, iid","03_9","2008","700662.342183186","537316.514073581","913665.790823618","13.4597813697764","0.135430426442182","index"
"616","616","616","616","616","616","616","616","616","616","616","616","616","616","616","616","616","616","616","616","616","616","616","616","616","616","616","616","616","616","616","616","616",NA,NA,NA,NA,NA,NA,NA,NA,NA,NA,NA,NA,NA,NA,NA,NA,NA,NA,NA,NA,NA,NA,NA,NA,NA,NA,NA,NA,NA,"CA","rex sole","rex_sole",NA,NA,"700","total_catch_wt_kg ~ 0 + factor(year) + pass","delta_gamma","TRUE","iid, iid","03_9","2009","870094.10536827","674898.563268133","1121744.50117452","13.6763566518711","0.129614101051205","index"
"617","617","617","617","617","617","617","617","617","617","617","617","617","617","617","617","617","617","617","617","617","617","617","617","617","617","617","617","617","617","617","617","617",NA,NA,NA,NA,NA,NA,NA,NA,NA,NA,NA,NA,NA,NA,NA,NA,NA,NA,NA,NA,NA,NA,NA,NA,NA,NA,NA,NA,NA,"CA","rex sole","rex_sole",NA,NA,"700","total_catch_wt_kg ~ 0 + factor(year) + pass","delta_gamma","TRUE","iid, iid","03_9","2010","923393.696189488","721988.089629723","1180983.35749524","13.735810962293","0.12553651130972","index"
"618","618","618","618","618","618","618","618","618","618","618","618","618","618","618","618","618","618","618","618","618","618","618","618","618","618","618","618","618","618","618","618","618",NA,NA,NA,NA,NA,NA,NA,NA,NA,NA,NA,NA,NA,NA,NA,NA,NA,NA,NA,NA,NA,NA,NA,NA,NA,NA,NA,NA,NA,"CA","rex sole","rex_sole",NA,NA,"700","total_catch_wt_kg ~ 0 + factor(year) + pass","delta_gamma","TRUE","iid, iid","03_9","2011","856297.375846222","669324.217299517","1095500.77067211","13.6603729964834","0.125690648892582","index"
"619","619","619","619","619","619","619","619","619","619","619","619","619","619","619","619","619","619","619","619","619","619","619","619","619","619","619","619","619","619","619","619","619",NA,NA,NA,NA,NA,NA,NA,NA,NA,NA,NA,NA,NA,NA,NA,NA,NA,NA,NA,NA,NA,NA,NA,NA,NA,NA,NA,NA,NA,"CA","rex sole","rex_sole",NA,NA,"700","total_catch_wt_kg ~ 0 + factor(year) + pass","delta_gamma","TRUE","iid, iid","03_9","2012","1170653.73475983","918354.128835191","1492267.6598028","13.9730728983906","0.123846429746137","index"
"620","620","620","620","620","620","620","620","620","620","620","620","620","620","620","620","620","620","620","620","620","620","620","620","620","620","620","620","620","620","620","620","620",NA,NA,NA,NA,NA,NA,NA,NA,NA,NA,NA,NA,NA,NA,NA,NA,NA,NA,NA,NA,NA,NA,NA,NA,NA,NA,NA,NA,NA,"CA","rex sole","rex_sole",NA,NA,"700","total_catch_wt_kg ~ 0 + factor(year) + pass","delta_gamma","TRUE","iid, iid","03_9","2013","1297936.9645092","986054.071754113","1708466.51527185","14.0762866115147","0.140216933624335","index"
"621","621","621","621","621","621","621","621","621","621","621","621","621","621","621","621","621","621","621","621","621","621","621","621","621","621","621","621","621","621","621","621","621",NA,NA,NA,NA,NA,NA,NA,NA,NA,NA,NA,NA,NA,NA,NA,NA,NA,NA,NA,NA,NA,NA,NA,NA,NA,NA,NA,NA,NA,"CA","rex sole","rex_sole",NA,NA,"700","total_catch_wt_kg ~ 0 + factor(year) + pass","delta_gamma","TRUE","iid, iid","03_9","2014","1380942.14183445","1089788.54517992","1749881.8532539","14.1382765356662","0.12080951353996","index"
"622","622","622","622","622","622","622","622","622","622","622","622","622","622","622","622","622","622","622","622","622","622","622","622","622","622","622","622","622","622","622","622","622",NA,NA,NA,NA,NA,NA,NA,NA,NA,NA,NA,NA,NA,NA,NA,NA,NA,NA,NA,NA,NA,NA,NA,NA,NA,NA,NA,NA,NA,"CA","rex sole","rex_sole",NA,NA,"700","total_catch_wt_kg ~ 0 + factor(year) + pass","delta_gamma","TRUE","iid, iid","03_9","2015","1627845.72755816","1278651.37833161","2072403.59462713","14.3027680591123","0.123191850073442","index"
"623","623","623","623","623","623","623","623","623","623","623","623","623","623","623","623","623","623","623","623","623","623","623","623","623","623","623","623","623","623","623","623","623",NA,NA,NA,NA,NA,NA,NA,NA,NA,NA,NA,NA,NA,NA,NA,NA,NA,NA,NA,NA,NA,NA,NA,NA,NA,NA,NA,NA,NA,"CA","rex sole","rex_sole",NA,NA,"700","total_catch_wt_kg ~ 0 + factor(year) + pass","delta_gamma","TRUE","iid, iid","03_9","2016","1676466.3938367","1305378.26214051","2153046.09489606","14.3321987992576","0.12765305303869","index"
"624","624","624","624","624","624","624","624","624","624","624","624","624","624","624","624","624","624","624","624","624","624","624","624","624","624","624","624","624","624","624","624","624",NA,NA,NA,NA,NA,NA,NA,NA,NA,NA,NA,NA,NA,NA,NA,NA,NA,NA,NA,NA,NA,NA,NA,NA,NA,NA,NA,NA,NA,"CA","rex sole","rex_sole",NA,NA,"700","total_catch_wt_kg ~ 0 + factor(year) + pass","delta_gamma","TRUE","iid, iid","03_9","2017","1459475.70674434","1141311.56511813","1866334.6659038","14.1935878242213","0.125461065297915","index"
"625","625","625","625","625","625","625","625","625","625","625","625","625","625","625","625","625","625","625","625","625","625","625","625","625","625","625","625","625","625","625","625","625",NA,NA,NA,NA,NA,NA,NA,NA,NA,NA,NA,NA,NA,NA,NA,NA,NA,NA,NA,NA,NA,NA,NA,NA,NA,NA,NA,NA,NA,"CA","rex sole","rex_sole",NA,NA,"700","total_catch_wt_kg ~ 0 + factor(year) + pass","delta_gamma","TRUE","iid, iid","03_9","2018","1744885.83344207","1364597.69987538","2231153.23441105","14.3721996865168","0.125425503050437","index"
"626","626","626","626","626","626","626","626","626","626","626","626","626","626","626","626","626","626","626","626","626","626","626","626","626","626","626","626","626","626","626","626","626",NA,NA,NA,NA,NA,NA,NA,NA,NA,NA,NA,NA,NA,NA,NA,NA,NA,NA,NA,NA,NA,NA,NA,NA,NA,NA,NA,NA,NA,"CA","rex sole","rex_sole",NA,NA,"700","total_catch_wt_kg ~ 0 + factor(year) + pass","delta_gamma","TRUE","iid, iid","03_9","2019","1364344.30281108","999129.542085076","1863057.08940247","14.1261845069484","0.158954342235328","index"
"627","627","627","627","627","627","627","627","627","627","627","627","627","627","627","627","627","627","627","627","627","627","627","627","627","627","627","627","627","627","627","627","627",NA,NA,NA,NA,NA,NA,NA,NA,NA,NA,NA,NA,NA,NA,NA,NA,NA,NA,NA,NA,NA,NA,NA,NA,NA,NA,NA,NA,NA,"CA","rex sole","rex_sole",NA,NA,"700","total_catch_wt_kg ~ 0 + factor(year) + pass","delta_gamma","TRUE","iid, iid","03_9","2021","1362750.44088281","1061422.57508737","1749622.44794295","14.1250155984508","0.12749978168544","index"
"628","628","628","628","628","628","628","628","628","628","628","628","628","628","628","628","628","628","628","628","628","628","628","628","628","628","628","628","628","628","628","628","628",NA,NA,NA,NA,NA,NA,NA,NA,NA,NA,NA,NA,NA,NA,NA,NA,NA,NA,NA,NA,NA,NA,NA,NA,NA,NA,NA,NA,NA,"CA","rex sole","rex_sole",NA,NA,"700","total_catch_wt_kg ~ 0 + factor(year) + pass","delta_gamma","TRUE","iid, iid","03_9","2022","1503900.84697718","1154538.82079738","1958979.39228811","14.2235728551067","0.134880704106844","index"
"629","629","629","629","629","629","629","629","629","629","629","629","629","629","629","629","629","629","629","629","629","629","629","629","629","629","629","629","629","629","629","629","629",NA,NA,NA,NA,NA,NA,NA,NA,NA,NA,NA,NA,NA,NA,NA,NA,NA,NA,NA,NA,NA,NA,NA,NA,NA,NA,NA,NA,NA,"CA","rex sole","rex_sole",NA,NA,"700","total_catch_wt_kg ~ 0 + factor(year) + pass","delta_gamma","TRUE","iid, iid","03_9","2023","1586656.87929534","1232226.90841627","2043032.85005424","14.2771397690091","0.12898511706193","index"
"630","630","630","630","630","630","630","630","630","630","630","630","630","630","630","630","630","630","630","630","630","630","630","630","630","630","630","630","630","630","630","630","630",NA,NA,NA,NA,NA,NA,NA,NA,NA,NA,NA,NA,NA,NA,NA,NA,NA,NA,NA,NA,NA,NA,NA,NA,NA,NA,NA,NA,NA,"CA","rex sole","rex_sole",NA,NA,"700","total_catch_wt_kg ~ 0 + factor(year) + pass","delta_gamma","TRUE","iid, iid","03_9","2024","1264574.84634314","981501.146747292","1629289.529924","14.0502465338056","0.12929220880816","index"
"631","631","631","631","631","631","631","631","631","631","631","631","631","631","631","631","631","631","631","631","631","631","631","631","631","631","631","631","631","631","631","631",NA,NA,NA,NA,NA,NA,NA,NA,NA,NA,NA,NA,NA,NA,NA,NA,NA,NA,NA,NA,NA,NA,NA,NA,NA,NA,NA,NA,NA,NA,"CA","rex sole","rex_sole",NA,NA,"700","total_catch_wt_kg ~ 0 + factor(year) + pass","delta_gamma","TRUE","iid, iid","04_1","2003","1885551.20429714","1456798.8184532","2440490.27154026","14.4497307521918","0.131624232836795","index"
"632","632","632","632","632","632","632","632","632","632","632","632","632","632","632","632","632","632","632","632","632","632","632","632","632","632","632","632","632","632","632","632",NA,NA,NA,NA,NA,NA,NA,NA,NA,NA,NA,NA,NA,NA,NA,NA,NA,NA,NA,NA,NA,NA,NA,NA,NA,NA,NA,NA,NA,NA,"CA","rex sole","rex_sole",NA,NA,"700","total_catch_wt_kg ~ 0 + factor(year) + pass","delta_gamma","TRUE","iid, iid","04_1","2004","2045112.71231632","1541163.10748585","2713850.32886028","14.5309634619873","0.144347299387477","index"
"633","633","633","633","633","633","633","633","633","633","633","633","633","633","633","633","633","633","633","633","633","633","633","633","633","633","633","633","633","633","633","633",NA,NA,NA,NA,NA,NA,NA,NA,NA,NA,NA,NA,NA,NA,NA,NA,NA,NA,NA,NA,NA,NA,NA,NA,NA,NA,NA,NA,NA,NA,"CA","rex sole","rex_sole",NA,NA,"700","total_catch_wt_kg ~ 0 + factor(year) + pass","delta_gamma","TRUE","iid, iid","04_1","2005","1692139.94027783","1335981.12147154","2143247.03505508","14.3415045227483","0.120577736258711","index"
"634","634","634","634","634","634","634","634","634","634","634","634","634","634","634","634","634","634","634","634","634","634","634","634","634","634","634","634","634","634","634","634",NA,NA,NA,NA,NA,NA,NA,NA,NA,NA,NA,NA,NA,NA,NA,NA,NA,NA,NA,NA,NA,NA,NA,NA,NA,NA,NA,NA,NA,NA,"CA","rex sole","rex_sole",NA,NA,"700","total_catch_wt_kg ~ 0 + factor(year) + pass","delta_gamma","TRUE","iid, iid","04_1","2006","1307337.17362076","1025782.09423894","1666173.05481315","14.0835029345628","0.123745659666378","index"
"635","635","635","635","635","635","635","635","635","635","635","635","635","635","635","635","635","635","635","635","635","635","635","635","635","635","635","635","635","635","635","635",NA,NA,NA,NA,NA,NA,NA,NA,NA,NA,NA,NA,NA,NA,NA,NA,NA,NA,NA,NA,NA,NA,NA,NA,NA,NA,NA,NA,NA,NA,"CA","rex sole","rex_sole",NA,NA,"700","total_catch_wt_kg ~ 0 + factor(year) + pass","delta_gamma","TRUE","iid, iid","04_1","2007","1298952.55729804","1032270.34569314","1634530.86989353","14.0770687725054","0.117245837535656","index"
"636","636","636","636","636","636","636","636","636","636","636","636","636","636","636","636","636","636","636","636","636","636","636","636","636","636","636","636","636","636","636","636",NA,NA,NA,NA,NA,NA,NA,NA,NA,NA,NA,NA,NA,NA,NA,NA,NA,NA,NA,NA,NA,NA,NA,NA,NA,NA,NA,NA,NA,NA,"CA","rex sole","rex_sole",NA,NA,"700","total_catch_wt_kg ~ 0 + factor(year) + pass","delta_gamma","TRUE","iid, iid","04_1","2008","724691.4212202","568538.978299254","923732.014929192","13.4935012173292","0.123816593575128","index"
"637","637","637","637","637","637","637","637","637","637","637","637","637","637","637","637","637","637","637","637","637","637","637","637","637","637","637","637","637","637","637","637",NA,NA,NA,NA,NA,NA,NA,NA,NA,NA,NA,NA,NA,NA,NA,NA,NA,NA,NA,NA,NA,NA,NA,NA,NA,NA,NA,NA,NA,NA,"CA","rex sole","rex_sole",NA,NA,"700","total_catch_wt_kg ~ 0 + factor(year) + pass","delta_gamma","TRUE","iid, iid","04_1","2009","756749.18650741","598960.593128561","956105.189305348","13.5367871519014","0.119306306941235","index"
"638","638","638","638","638","638","638","638","638","638","638","638","638","638","638","638","638","638","638","638","638","638","638","638","638","638","638","638","638","638","638","638",NA,NA,NA,NA,NA,NA,NA,NA,NA,NA,NA,NA,NA,NA,NA,NA,NA,NA,NA,NA,NA,NA,NA,NA,NA,NA,NA,NA,NA,NA,"CA","rex sole","rex_sole",NA,NA,"700","total_catch_wt_kg ~ 0 + factor(year) + pass","delta_gamma","TRUE","iid, iid","04_1","2010","973427.02579557","776705.418585436","1219973.68870548","13.7885781403227","0.11518666225506","index"
"639","639","639","639","639","639","639","639","639","639","639","639","639","639","639","639","639","639","639","639","639","639","639","639","639","639","639","639","639","639","639","639",NA,NA,NA,NA,NA,NA,NA,NA,NA,NA,NA,NA,NA,NA,NA,NA,NA,NA,NA,NA,NA,NA,NA,NA,NA,NA,NA,NA,NA,NA,"CA","rex sole","rex_sole",NA,NA,"700","total_catch_wt_kg ~ 0 + factor(year) + pass","delta_gamma","TRUE","iid, iid","04_1","2011","992691.600359703","784416.380657657","1256267.25515155","13.8081753211334","0.12014509800344","index"
"640","640","640","640","640","640","640","640","640","640","640","640","640","640","640","640","640","640","640","640","640","640","640","640","640","640","640","640","640","640","640","640",NA,NA,NA,NA,NA,NA,NA,NA,NA,NA,NA,NA,NA,NA,NA,NA,NA,NA,NA,NA,NA,NA,NA,NA,NA,NA,NA,NA,NA,NA,"CA","rex sole","rex_sole",NA,NA,"700","total_catch_wt_kg ~ 0 + factor(year) + pass","delta_gamma","TRUE","iid, iid","04_1","2012","1077090.89198046","860780.112111447","1347759.75102578","13.8897743462456","0.114379643631669","index"
"641","641","641","641","641","641","641","641","641","641","641","641","641","641","641","641","641","641","641","641","641","641","641","641","641","641","641","641","641","641","641","641",NA,NA,NA,NA,NA,NA,NA,NA,NA,NA,NA,NA,NA,NA,NA,NA,NA,NA,NA,NA,NA,NA,NA,NA,NA,NA,NA,NA,NA,NA,"CA","rex sole","rex_sole",NA,NA,"700","total_catch_wt_kg ~ 0 + factor(year) + pass","delta_gamma","TRUE","iid, iid","04_1","2013","1292042.61322742","1001844.27370613","1666300.99927607","14.0717349451549","0.12978902371457","index"
"642","642","642","642","642","642","642","642","642","642","642","642","642","642","642","642","642","642","642","642","642","642","642","642","642","642","642","642","642","642","642","642",NA,NA,NA,NA,NA,NA,NA,NA,NA,NA,NA,NA,NA,NA,NA,NA,NA,NA,NA,NA,NA,NA,NA,NA,NA,NA,NA,NA,NA,NA,"CA","rex sole","rex_sole",NA,NA,"700","total_catch_wt_kg ~ 0 + factor(year) + pass","delta_gamma","TRUE","iid, iid","04_1","2014","1515254.20397044","1207099.05622287","1902076.95947878","14.2310937742498","0.116003769053565","index"
"643","643","643","643","643","643","643","643","643","643","643","643","643","643","643","643","643","643","643","643","643","643","643","643","643","643","643","643","643","643","643","643",NA,NA,NA,NA,NA,NA,NA,NA,NA,NA,NA,NA,NA,NA,NA,NA,NA,NA,NA,NA,NA,NA,NA,NA,NA,NA,NA,NA,NA,NA,"CA","rex sole","rex_sole",NA,NA,"700","total_catch_wt_kg ~ 0 + factor(year) + pass","delta_gamma","TRUE","iid, iid","04_1","2015","1655002.55693676","1317219.47699495","2079405.52907396","14.319313111769","0.11647127066097","index"
"644","644","644","644","644","644","644","644","644","644","644","644","644","644","644","644","644","644","644","644","644","644","644","644","644","644","644","644","644","644","644","644",NA,NA,NA,NA,NA,NA,NA,NA,NA,NA,NA,NA,NA,NA,NA,NA,NA,NA,NA,NA,NA,NA,NA,NA,NA,NA,NA,NA,NA,NA,"CA","rex sole","rex_sole",NA,NA,"700","total_catch_wt_kg ~ 0 + factor(year) + pass","delta_gamma","TRUE","iid, iid","04_1","2016","1837588.93281431","1468544.58392279","2299373.89914419","14.4239649077085","0.114380937679403","index"
"645","645","645","645","645","645","645","645","645","645","645","645","645","645","645","645","645","645","645","645","645","645","645","645","645","645","645","645","645","645","645","645",NA,NA,NA,NA,NA,NA,NA,NA,NA,NA,NA,NA,NA,NA,NA,NA,NA,NA,NA,NA,NA,NA,NA,NA,NA,NA,NA,NA,NA,NA,"CA","rex sole","rex_sole",NA,NA,"700","total_catch_wt_kg ~ 0 + factor(year) + pass","delta_gamma","TRUE","iid, iid","04_1","2017","1756566.46782058","1404202.41279043","2197351.12813266","14.3788715910313","0.114232491498109","index"
"646","646","646","646","646","646","646","646","646","646","646","646","646","646","646","646","646","646","646","646","646","646","646","646","646","646","646","646","646","646","646","646",NA,NA,NA,NA,NA,NA,NA,NA,NA,NA,NA,NA,NA,NA,NA,NA,NA,NA,NA,NA,NA,NA,NA,NA,NA,NA,NA,NA,NA,NA,"CA","rex sole","rex_sole",NA,NA,"700","total_catch_wt_kg ~ 0 + factor(year) + pass","delta_gamma","TRUE","iid, iid","04_1","2018","2080637.97667791","1657383.83567585","2611980.57855383","14.5481851242054","0.116039994341725","index"
"647","647","647","647","647","647","647","647","647","647","647","647","647","647","647","647","647","647","647","647","647","647","647","647","647","647","647","647","647","647","647","647",NA,NA,NA,NA,NA,NA,NA,NA,NA,NA,NA,NA,NA,NA,NA,NA,NA,NA,NA,NA,NA,NA,NA,NA,NA,NA,NA,NA,NA,NA,"CA","rex sole","rex_sole",NA,NA,"700","total_catch_wt_kg ~ 0 + factor(year) + pass","delta_gamma","TRUE","iid, iid","04_1","2019","1690668.33425307","1258742.44084333","2270805.62607472","14.340634472779","0.150518457174458","index"
"648","648","648","648","648","648","648","648","648","648","648","648","648","648","648","648","648","648","648","648","648","648","648","648","648","648","648","648","648","648","648","648",NA,NA,NA,NA,NA,NA,NA,NA,NA,NA,NA,NA,NA,NA,NA,NA,NA,NA,NA,NA,NA,NA,NA,NA,NA,NA,NA,NA,NA,NA,"CA","rex sole","rex_sole",NA,NA,"700","total_catch_wt_kg ~ 0 + factor(year) + pass","delta_gamma","TRUE","iid, iid","04_1","2021","1606284.96844829","1282004.99732856","2012590.75061285","14.2894345976289","0.11505251365853","index"
"649","649","649","649","649","649","649","649","649","649","649","649","649","649","649","649","649","649","649","649","649","649","649","649","649","649","649","649","649","649","649","649",NA,NA,NA,NA,NA,NA,NA,NA,NA,NA,NA,NA,NA,NA,NA,NA,NA,NA,NA,NA,NA,NA,NA,NA,NA,NA,NA,NA,NA,NA,"CA","rex sole","rex_sole",NA,NA,"700","total_catch_wt_kg ~ 0 + factor(year) + pass","delta_gamma","TRUE","iid, iid","04_1","2022","1646582.94535906","1301162.7187182","2083702.02815081","14.3142127563041","0.120126663781555","index"
"650","650","650","650","650","650","650","650","650","650","650","650","650","650","650","650","650","650","650","650","650","650","650","650","650","650","650","650","650","650","650","650",NA,NA,NA,NA,NA,NA,NA,NA,NA,NA,NA,NA,NA,NA,NA,NA,NA,NA,NA,NA,NA,NA,NA,NA,NA,NA,NA,NA,NA,NA,"CA","rex sole","rex_sole",NA,NA,"700","total_catch_wt_kg ~ 0 + factor(year) + pass","delta_gamma","TRUE","iid, iid","04_1","2023","1705108.63915895","1352062.11810811","2150341.63918644","14.3491393846516","0.118368452994943","index"
"651","651","651","651","651","651","651","651","651","651","651","651","651","651","651","651","651","651","651","651","651","651","651","651","651","651","651","651","651","651","651","651",NA,NA,NA,NA,NA,NA,NA,NA,NA,NA,NA,NA,NA,NA,NA,NA,NA,NA,NA,NA,NA,NA,NA,NA,NA,NA,NA,NA,NA,NA,"CA","rex sole","rex_sole",NA,NA,"700","total_catch_wt_kg ~ 0 + factor(year) + pass","delta_gamma","TRUE","iid, iid","04_1","2024","1317129.79516924","1048353.69009069","1654814.50937851","14.0909655295286","0.116448033667106","index"
"652","652","652","652","652","652","652","652","652","652","652","652","652","652","652","652","652","652","652","652","652","652","652","652","652","652","652","652","652","652","652",NA,NA,NA,NA,NA,NA,NA,NA,NA,NA,NA,NA,NA,NA,NA,NA,NA,NA,NA,NA,NA,NA,NA,NA,NA,NA,NA,NA,NA,NA,NA,"CA","rex sole","rex_sole",NA,NA,"700","total_catch_wt_kg ~ 0 + factor(year) + pass","delta_gamma","TRUE","iid, iid","04_10","2003","1967741.12055174","1509266.40270982","2565488.18058774","14.4923968035065","0.135340516907173","index"
"653","653","653","653","653","653","653","653","653","653","653","653","653","653","653","653","653","653","653","653","653","653","653","653","653","653","653","653","653","653","653",NA,NA,NA,NA,NA,NA,NA,NA,NA,NA,NA,NA,NA,NA,NA,NA,NA,NA,NA,NA,NA,NA,NA,NA,NA,NA,NA,NA,NA,NA,NA,"CA","rex sole","rex_sole",NA,NA,"700","total_catch_wt_kg ~ 0 + factor(year) + pass","delta_gamma","TRUE","iid, iid","04_10","2004","1634282.17536598","1253042.01259501","2131515.3058497","14.3067142294354","0.135527728371313","index"
"654","654","654","654","654","654","654","654","654","654","654","654","654","654","654","654","654","654","654","654","654","654","654","654","654","654","654","654","654","654","654",NA,NA,NA,NA,NA,NA,NA,NA,NA,NA,NA,NA,NA,NA,NA,NA,NA,NA,NA,NA,NA,NA,NA,NA,NA,NA,NA,NA,NA,NA,NA,"CA","rex sole","rex_sole",NA,NA,"700","total_catch_wt_kg ~ 0 + factor(year) + pass","delta_gamma","TRUE","iid, iid","04_10","2005","1793090.68955885","1399977.24027157","2296590.35053953","14.3994513310956","0.126270072074408","index"
"655","655","655","655","655","655","655","655","655","655","655","655","655","655","655","655","655","655","655","655","655","655","655","655","655","655","655","655","655","655","655",NA,NA,NA,NA,NA,NA,NA,NA,NA,NA,NA,NA,NA,NA,NA,NA,NA,NA,NA,NA,NA,NA,NA,NA,NA,NA,NA,NA,NA,NA,NA,"CA","rex sole","rex_sole",NA,NA,"700","total_catch_wt_kg ~ 0 + factor(year) + pass","delta_gamma","TRUE","iid, iid","04_10","2006","1461312.4324575","1159225.88344799","1842120.72534409","14.194845516233","0.118156516958461","index"
"656","656","656","656","656","656","656","656","656","656","656","656","656","656","656","656","656","656","656","656","656","656","656","656","656","656","656","656","656","656","656",NA,NA,NA,NA,NA,NA,NA,NA,NA,NA,NA,NA,NA,NA,NA,NA,NA,NA,NA,NA,NA,NA,NA,NA,NA,NA,NA,NA,NA,NA,NA,"CA","rex sole","rex_sole",NA,NA,"700","total_catch_wt_kg ~ 0 + factor(year) + pass","delta_gamma","TRUE","iid, iid","04_10","2007","1559897.47608732","1230481.73504262","1977502.03567167","14.2601306566092","0.12102995427575","index"
"657","657","657","657","657","657","657","657","657","657","657","657","657","657","657","657","657","657","657","657","657","657","657","657","657","657","657","657","657","657","657",NA,NA,NA,NA,NA,NA,NA,NA,NA,NA,NA,NA,NA,NA,NA,NA,NA,NA,NA,NA,NA,NA,NA,NA,NA,NA,NA,NA,NA,NA,NA,"CA","rex sole","rex_sole",NA,NA,"700","total_catch_wt_kg ~ 0 + factor(year) + pass","delta_gamma","TRUE","iid, iid","04_10","2008","991191.248254374","776800.893560905","1264751.49392839","13.8066627798134","0.124350975562355","index"
"658","658","658","658","658","658","658","658","658","658","658","658","658","658","658","658","658","658","658","658","658","658","658","658","658","658","658","658","658","658","658",NA,NA,NA,NA,NA,NA,NA,NA,NA,NA,NA,NA,NA,NA,NA,NA,NA,NA,NA,NA,NA,NA,NA,NA,NA,NA,NA,NA,NA,NA,NA,"CA","rex sole","rex_sole",NA,NA,"700","total_catch_wt_kg ~ 0 + factor(year) + pass","delta_gamma","TRUE","iid, iid","04_10","2009","1025756.71137166","811412.046055046","1296723.20744993","13.8409411531752","0.119599073945648","index"
"659","659","659","659","659","659","659","659","659","659","659","659","659","659","659","659","659","659","659","659","659","659","659","659","659","659","659","659","659","659","659",NA,NA,NA,NA,NA,NA,NA,NA,NA,NA,NA,NA,NA,NA,NA,NA,NA,NA,NA,NA,NA,NA,NA,NA,NA,NA,NA,NA,NA,NA,NA,"CA","rex sole","rex_sole",NA,NA,"700","total_catch_wt_kg ~ 0 + factor(year) + pass","delta_gamma","TRUE","iid, iid","04_10","2010","1037611.2621474","829042.179857446","1298651.8147005","13.8524317659611","0.11449468179063","index"
"660","660","660","660","660","660","660","660","660","660","660","660","660","660","660","660","660","660","660","660","660","660","660","660","660","660","660","660","660","660","660",NA,NA,NA,NA,NA,NA,NA,NA,NA,NA,NA,NA,NA,NA,NA,NA,NA,NA,NA,NA,NA,NA,NA,NA,NA,NA,NA,NA,NA,NA,NA,"CA","rex sole","rex_sole",NA,NA,"700","total_catch_wt_kg ~ 0 + factor(year) + pass","delta_gamma","TRUE","iid, iid","04_10","2011","1030834.01792152","824064.552610577","1289484.8700116","13.8458787586919","0.114223839870423","index"
"661","661","661","661","661","661","661","661","661","661","661","661","661","661","661","661","661","661","661","661","661","661","661","661","661","661","661","661","661","661","661",NA,NA,NA,NA,NA,NA,NA,NA,NA,NA,NA,NA,NA,NA,NA,NA,NA,NA,NA,NA,NA,NA,NA,NA,NA,NA,NA,NA,NA,NA,NA,"CA","rex sole","rex_sole",NA,NA,"700","total_catch_wt_kg ~ 0 + factor(year) + pass","delta_gamma","TRUE","iid, iid","04_10","2012","1186579.70843331","951768.691869918","1479320.99100619","13.9865855320649","0.112506260460797","index"
"662","662","662","662","662","662","662","662","662","662","662","662","662","662","662","662","662","662","662","662","662","662","662","662","662","662","662","662","662","662","662",NA,NA,NA,NA,NA,NA,NA,NA,NA,NA,NA,NA,NA,NA,NA,NA,NA,NA,NA,NA,NA,NA,NA,NA,NA,NA,NA,NA,NA,NA,NA,"CA","rex sole","rex_sole",NA,NA,"700","total_catch_wt_kg ~ 0 + factor(year) + pass","delta_gamma","TRUE","iid, iid","04_10","2013","1448135.77352976","1133556.79949248","1850015.12012062","14.1857876137819","0.124959824879081","index"
"663","663","663","663","663","663","663","663","663","663","663","663","663","663","663","663","663","663","663","663","663","663","663","663","663","663","663","663","663","663","663",NA,NA,NA,NA,NA,NA,NA,NA,NA,NA,NA,NA,NA,NA,NA,NA,NA,NA,NA,NA,NA,NA,NA,NA,NA,NA,NA,NA,NA,NA,NA,"CA","rex sole","rex_sole",NA,NA,"700","total_catch_wt_kg ~ 0 + factor(year) + pass","delta_gamma","TRUE","iid, iid","04_10","2014","1666082.41501973","1339181.15673945","2072782.01285057","14.3259855692847","0.111439119761527","index"
"664","664","664","664","664","664","664","664","664","664","664","664","664","664","664","664","664","664","664","664","664","664","664","664","664","664","664","664","664","664","664",NA,NA,NA,NA,NA,NA,NA,NA,NA,NA,NA,NA,NA,NA,NA,NA,NA,NA,NA,NA,NA,NA,NA,NA,NA,NA,NA,NA,NA,NA,NA,"CA","rex sole","rex_sole",NA,NA,"700","total_catch_wt_kg ~ 0 + factor(year) + pass","delta_gamma","TRUE","iid, iid","04_10","2015","1851475.82201226","1470867.20659986","2330572.53850962","14.431493620656","0.117415881719243","index"
"665","665","665","665","665","665","665","665","665","665","665","665","665","665","665","665","665","665","665","665","665","665","665","665","665","665","665","665","665","665","665",NA,NA,NA,NA,NA,NA,NA,NA,NA,NA,NA,NA,NA,NA,NA,NA,NA,NA,NA,NA,NA,NA,NA,NA,NA,NA,NA,NA,NA,NA,NA,"CA","rex sole","rex_sole",NA,NA,"700","total_catch_wt_kg ~ 0 + factor(year) + pass","delta_gamma","TRUE","iid, iid","04_10","2016","2143161.96975435","1717928.35667096","2673652.37366594","14.5777928524463","0.112840427233596","index"
"666","666","666","666","666","666","666","666","666","666","666","666","666","666","666","666","666","666","666","666","666","666","666","666","666","666","666","666","666","666","666",NA,NA,NA,NA,NA,NA,NA,NA,NA,NA,NA,NA,NA,NA,NA,NA,NA,NA,NA,NA,NA,NA,NA,NA,NA,NA,NA,NA,NA,NA,NA,"CA","rex sole","rex_sole",NA,NA,"700","total_catch_wt_kg ~ 0 + factor(year) + pass","delta_gamma","TRUE","iid, iid","04_10","2017","1876074.4194545","1501849.77513543","2343546.79516076","14.4446920769803","0.113514324235204","index"
"667","667","667","667","667","667","667","667","667","667","667","667","667","667","667","667","667","667","667","667","667","667","667","667","667","667","667","667","667","667","667",NA,NA,NA,NA,NA,NA,NA,NA,NA,NA,NA,NA,NA,NA,NA,NA,NA,NA,NA,NA,NA,NA,NA,NA,NA,NA,NA,NA,NA,NA,NA,"CA","rex sole","rex_sole",NA,NA,"700","total_catch_wt_kg ~ 0 + factor(year) + pass","delta_gamma","TRUE","iid, iid","04_10","2018","2158802.345312","1708451.51330362","2727866.45089667","14.5850641561222","0.119372696396756","index"
"668","668","668","668","668","668","668","668","668","668","668","668","668","668","668","668","668","668","668","668","668","668","668","668","668","668","668","668","668","668","668",NA,NA,NA,NA,NA,NA,NA,NA,NA,NA,NA,NA,NA,NA,NA,NA,NA,NA,NA,NA,NA,NA,NA,NA,NA,NA,NA,NA,NA,NA,NA,"CA","rex sole","rex_sole",NA,NA,"700","total_catch_wt_kg ~ 0 + factor(year) + pass","delta_gamma","TRUE","iid, iid","04_10","2019","2036945.12702536","1467897.14168955","2826591.40935224","14.5269617567142","0.167156305200318","index"
"669","669","669","669","669","669","669","669","669","669","669","669","669","669","669","669","669","669","669","669","669","669","669","669","669","669","669","669","669","669","669",NA,NA,NA,NA,NA,NA,NA,NA,NA,NA,NA,NA,NA,NA,NA,NA,NA,NA,NA,NA,NA,NA,NA,NA,NA,NA,NA,NA,NA,NA,NA,"CA","rex sole","rex_sole",NA,NA,"700","total_catch_wt_kg ~ 0 + factor(year) + pass","delta_gamma","TRUE","iid, iid","04_10","2021","1822845.05745396","1456474.44799814","2281374.80067112","14.4159090568802","0.114481565401044","index"
"670","670","670","670","670","670","670","670","670","670","670","670","670","670","670","670","670","670","670","670","670","670","670","670","670","670","670","670","670","670","670",NA,NA,NA,NA,NA,NA,NA,NA,NA,NA,NA,NA,NA,NA,NA,NA,NA,NA,NA,NA,NA,NA,NA,NA,NA,NA,NA,NA,NA,NA,NA,"CA","rex sole","rex_sole",NA,NA,"700","total_catch_wt_kg ~ 0 + factor(year) + pass","delta_gamma","TRUE","iid, iid","04_10","2022","1915671.76085743","1503374.45445487","2441040.74302452","14.4655789080443","0.123653360073658","index"
"671","671","671","671","671","671","671","671","671","671","671","671","671","671","671","671","671","671","671","671","671","671","671","671","671","671","671","671","671","671","671",NA,NA,NA,NA,NA,NA,NA,NA,NA,NA,NA,NA,NA,NA,NA,NA,NA,NA,NA,NA,NA,NA,NA,NA,NA,NA,NA,NA,NA,NA,NA,"CA","rex sole","rex_sole",NA,NA,"700","total_catch_wt_kg ~ 0 + factor(year) + pass","delta_gamma","TRUE","iid, iid","04_10","2023","1647068.64497338","1305903.22654475","2077363.05884797","14.314507687085","0.118421665890934","index"
"672","672","672","672","672","672","672","672","672","672","672","672","672","672","672","672","672","672","672","672","672","672","672","672","672","672","672","672","672","672","672",NA,NA,NA,NA,NA,NA,NA,NA,NA,NA,NA,NA,NA,NA,NA,NA,NA,NA,NA,NA,NA,NA,NA,NA,NA,NA,NA,NA,NA,NA,NA,"CA","rex sole","rex_sole",NA,NA,"700","total_catch_wt_kg ~ 0 + factor(year) + pass","delta_gamma","TRUE","iid, iid","04_10","2024","1528755.10742187","1206177.42790995","1937602.31653325","14.2399643068917","0.120919334399175","index"
"673","673","673","673","673","673","673","673","673","673","673","673","673","673","673","673","673","673","673","673","673","673","673","673","673","673","673","673","673","673",NA,NA,NA,NA,NA,NA,NA,NA,NA,NA,NA,NA,NA,NA,NA,NA,NA,NA,NA,NA,NA,NA,NA,NA,NA,NA,NA,NA,NA,NA,NA,NA,"CA","rex sole","rex_sole",NA,NA,"700","total_catch_wt_kg ~ 0 + factor(year) + pass","delta_gamma","TRUE","iid, iid","04_2","2003","1634568.07814227","1296862.90058178","2060212.22511887","14.3068891550238","0.118078905614318","index"
"674","674","674","674","674","674","674","674","674","674","674","674","674","674","674","674","674","674","674","674","674","674","674","674","674","674","674","674","674","674",NA,NA,NA,NA,NA,NA,NA,NA,NA,NA,NA,NA,NA,NA,NA,NA,NA,NA,NA,NA,NA,NA,NA,NA,NA,NA,NA,NA,NA,NA,NA,NA,"CA","rex sole","rex_sole",NA,NA,"700","total_catch_wt_kg ~ 0 + factor(year) + pass","delta_gamma","TRUE","iid, iid","04_2","2004","1704347.37856134","1335469.05423821","2175115.9097175","14.3486928262527","0.124440902271801","index"
"675","675","675","675","675","675","675","675","675","675","675","675","675","675","675","675","675","675","675","675","675","675","675","675","675","675","675","675","675","675",NA,NA,NA,NA,NA,NA,NA,NA,NA,NA,NA,NA,NA,NA,NA,NA,NA,NA,NA,NA,NA,NA,NA,NA,NA,NA,NA,NA,NA,NA,NA,NA,"CA","rex sole","rex_sole",NA,NA,"700","total_catch_wt_kg ~ 0 + factor(year) + pass","delta_gamma","TRUE","iid, iid","04_2","2005","1554235.05220878","1238355.32860486","1950689.38754106","14.2564940547193","0.115920163435344","index"
"676","676","676","676","676","676","676","676","676","676","676","676","676","676","676","676","676","676","676","676","676","676","676","676","676","676","676","676","676","676",NA,NA,NA,NA,NA,NA,NA,NA,NA,NA,NA,NA,NA,NA,NA,NA,NA,NA,NA,NA,NA,NA,NA,NA,NA,NA,NA,NA,NA,NA,NA,NA,"CA","rex sole","rex_sole",NA,NA,"700","total_catch_wt_kg ~ 0 + factor(year) + pass","delta_gamma","TRUE","iid, iid","04_2","2006","1521656.66000301","1214027.93627494","1907236.99327389","14.2353102072008","0.115234742519195","index"
"677","677","677","677","677","677","677","677","677","677","677","677","677","677","677","677","677","677","677","677","677","677","677","677","677","677","677","677","677","677",NA,NA,NA,NA,NA,NA,NA,NA,NA,NA,NA,NA,NA,NA,NA,NA,NA,NA,NA,NA,NA,NA,NA,NA,NA,NA,NA,NA,NA,NA,NA,NA,"CA","rex sole","rex_sole",NA,NA,"700","total_catch_wt_kg ~ 0 + factor(year) + pass","delta_gamma","TRUE","iid, iid","04_2","2007","1168355.02001629","935289.67991216","1459498.03800409","13.9711073516786","0.113520337648363","index"
"678","678","678","678","678","678","678","678","678","678","678","678","678","678","678","678","678","678","678","678","678","678","678","678","678","678","678","678","678","678",NA,NA,NA,NA,NA,NA,NA,NA,NA,NA,NA,NA,NA,NA,NA,NA,NA,NA,NA,NA,NA,NA,NA,NA,NA,NA,NA,NA,NA,NA,NA,NA,"CA","rex sole","rex_sole",NA,NA,"700","total_catch_wt_kg ~ 0 + factor(year) + pass","delta_gamma","TRUE","iid, iid","04_2","2008","957788.145724813","763097.814048902","1202150.12440356","13.7723818902478","0.115941105721135","index"
"679","679","679","679","679","679","679","679","679","679","679","679","679","679","679","679","679","679","679","679","679","679","679","679","679","679","679","679","679","679",NA,NA,NA,NA,NA,NA,NA,NA,NA,NA,NA,NA,NA,NA,NA,NA,NA,NA,NA,NA,NA,NA,NA,NA,NA,NA,NA,NA,NA,NA,NA,NA,"CA","rex sole","rex_sole",NA,NA,"700","total_catch_wt_kg ~ 0 + factor(year) + pass","delta_gamma","TRUE","iid, iid","04_2","2009","789675.903903047","631697.993678173","987161.649151586","13.5793778920444","0.113885353501789","index"
"680","680","680","680","680","680","680","680","680","680","680","680","680","680","680","680","680","680","680","680","680","680","680","680","680","680","680","680","680","680",NA,NA,NA,NA,NA,NA,NA,NA,NA,NA,NA,NA,NA,NA,NA,NA,NA,NA,NA,NA,NA,NA,NA,NA,NA,NA,NA,NA,NA,NA,NA,NA,"CA","rex sole","rex_sole",NA,NA,"700","total_catch_wt_kg ~ 0 + factor(year) + pass","delta_gamma","TRUE","iid, iid","04_2","2010","840823.879576624","677052.698004527","1044209.40725881","13.6421374991604","0.110529127843579","index"
"681","681","681","681","681","681","681","681","681","681","681","681","681","681","681","681","681","681","681","681","681","681","681","681","681","681","681","681","681","681",NA,NA,NA,NA,NA,NA,NA,NA,NA,NA,NA,NA,NA,NA,NA,NA,NA,NA,NA,NA,NA,NA,NA,NA,NA,NA,NA,NA,NA,NA,NA,NA,"CA","rex sole","rex_sole",NA,NA,"700","total_catch_wt_kg ~ 0 + factor(year) + pass","delta_gamma","TRUE","iid, iid","04_2","2011","945488.333471053","758847.9742812","1178033.30710165","13.7594568279998","0.112195984624473","index"
"682","682","682","682","682","682","682","682","682","682","682","682","682","682","682","682","682","682","682","682","682","682","682","682","682","682","682","682","682","682",NA,NA,NA,NA,NA,NA,NA,NA,NA,NA,NA,NA,NA,NA,NA,NA,NA,NA,NA,NA,NA,NA,NA,NA,NA,NA,NA,NA,NA,NA,NA,NA,"CA","rex sole","rex_sole",NA,NA,"700","total_catch_wt_kg ~ 0 + factor(year) + pass","delta_gamma","TRUE","iid, iid","04_2","2012","962463.469747017","775545.3797898","1194431.62803515","13.7772513909142","0.110170194919941","index"
"683","683","683","683","683","683","683","683","683","683","683","683","683","683","683","683","683","683","683","683","683","683","683","683","683","683","683","683","683","683",NA,NA,NA,NA,NA,NA,NA,NA,NA,NA,NA,NA,NA,NA,NA,NA,NA,NA,NA,NA,NA,NA,NA,NA,NA,NA,NA,NA,NA,NA,NA,NA,"CA","rex sole","rex_sole",NA,NA,"700","total_catch_wt_kg ~ 0 + factor(year) + pass","delta_gamma","TRUE","iid, iid","04_2","2013","1061689.05656271","845034.786295657","1333890.23872756","13.8753716474819","0.11645039224011","index"
"684","684","684","684","684","684","684","684","684","684","684","684","684","684","684","684","684","684","684","684","684","684","684","684","684","684","684","684","684","684",NA,NA,NA,NA,NA,NA,NA,NA,NA,NA,NA,NA,NA,NA,NA,NA,NA,NA,NA,NA,NA,NA,NA,NA,NA,NA,NA,NA,NA,NA,NA,NA,"CA","rex sole","rex_sole",NA,NA,"700","total_catch_wt_kg ~ 0 + factor(year) + pass","delta_gamma","TRUE","iid, iid","04_2","2014","1437922.38529443","1158240.68274146","1785139.14848591","14.1787098417414","0.110357682312612","index"
"685","685","685","685","685","685","685","685","685","685","685","685","685","685","685","685","685","685","685","685","685","685","685","685","685","685","685","685","685","685",NA,NA,NA,NA,NA,NA,NA,NA,NA,NA,NA,NA,NA,NA,NA,NA,NA,NA,NA,NA,NA,NA,NA,NA,NA,NA,NA,NA,NA,NA,NA,NA,"CA","rex sole","rex_sole",NA,NA,"700","total_catch_wt_kg ~ 0 + factor(year) + pass","delta_gamma","TRUE","iid, iid","04_2","2015","1766595.49439146","1424381.65758604","2191027.68150865","14.3845648028492","0.109857350204503","index"
"686","686","686","686","686","686","686","686","686","686","686","686","686","686","686","686","686","686","686","686","686","686","686","686","686","686","686","686","686","686",NA,NA,NA,NA,NA,NA,NA,NA,NA,NA,NA,NA,NA,NA,NA,NA,NA,NA,NA,NA,NA,NA,NA,NA,NA,NA,NA,NA,NA,NA,NA,NA,"CA","rex sole","rex_sole",NA,NA,"700","total_catch_wt_kg ~ 0 + factor(year) + pass","delta_gamma","TRUE","iid, iid","04_2","2016","1720152.21164739","1391799.48928726","2125969.76361204","14.357923340018","0.10807100397763","index"
"687","687","687","687","687","687","687","687","687","687","687","687","687","687","687","687","687","687","687","687","687","687","687","687","687","687","687","687","687","687",NA,NA,NA,NA,NA,NA,NA,NA,NA,NA,NA,NA,NA,NA,NA,NA,NA,NA,NA,NA,NA,NA,NA,NA,NA,NA,NA,NA,NA,NA,NA,NA,"CA","rex sole","rex_sole",NA,NA,"700","total_catch_wt_kg ~ 0 + factor(year) + pass","delta_gamma","TRUE","iid, iid","04_2","2017","1668297.38642938","1338168.52223536","2079869.70498891","14.3273141352354","0.112502920659263","index"
"688","688","688","688","688","688","688","688","688","688","688","688","688","688","688","688","688","688","688","688","688","688","688","688","688","688","688","688","688","688",NA,NA,NA,NA,NA,NA,NA,NA,NA,NA,NA,NA,NA,NA,NA,NA,NA,NA,NA,NA,NA,NA,NA,NA,NA,NA,NA,NA,NA,NA,NA,NA,"CA","rex sole","rex_sole",NA,NA,"700","total_catch_wt_kg ~ 0 + factor(year) + pass","delta_gamma","TRUE","iid, iid","04_2","2018","1571242.77785336","1259490.52262187","1960160.73373625","14.2673774424422","0.112838600175753","index"
"689","689","689","689","689","689","689","689","689","689","689","689","689","689","689","689","689","689","689","689","689","689","689","689","689","689","689","689","689","689",NA,NA,NA,NA,NA,NA,NA,NA,NA,NA,NA,NA,NA,NA,NA,NA,NA,NA,NA,NA,NA,NA,NA,NA,NA,NA,NA,NA,NA,NA,NA,NA,"CA","rex sole","rex_sole",NA,NA,"700","total_catch_wt_kg ~ 0 + factor(year) + pass","delta_gamma","TRUE","iid, iid","04_2","2019","1728327.67558898","1306838.86232268","2285757.3648351","14.3626648374462","0.142626672145685","index"
"690","690","690","690","690","690","690","690","690","690","690","690","690","690","690","690","690","690","690","690","690","690","690","690","690","690","690","690","690","690",NA,NA,NA,NA,NA,NA,NA,NA,NA,NA,NA,NA,NA,NA,NA,NA,NA,NA,NA,NA,NA,NA,NA,NA,NA,NA,NA,NA,NA,NA,NA,NA,"CA","rex sole","rex_sole",NA,NA,"700","total_catch_wt_kg ~ 0 + factor(year) + pass","delta_gamma","TRUE","iid, iid","04_2","2021","1513303.29522291","1213584.60563857","1887043.43536684","14.2298054321808","0.112612482606004","index"
"691","691","691","691","691","691","691","691","691","691","691","691","691","691","691","691","691","691","691","691","691","691","691","691","691","691","691","691","691","691",NA,NA,NA,NA,NA,NA,NA,NA,NA,NA,NA,NA,NA,NA,NA,NA,NA,NA,NA,NA,NA,NA,NA,NA,NA,NA,NA,NA,NA,NA,NA,NA,"CA","rex sole","rex_sole",NA,NA,"700","total_catch_wt_kg ~ 0 + factor(year) + pass","delta_gamma","TRUE","iid, iid","04_2","2022","1690563.78420126","1351607.15483296","2114524.10431055","14.3405726313862","0.114169293793469","index"
"692","692","692","692","692","692","692","692","692","692","692","692","692","692","692","692","692","692","692","692","692","692","692","692","692","692","692","692","692","692",NA,NA,NA,NA,NA,NA,NA,NA,NA,NA,NA,NA,NA,NA,NA,NA,NA,NA,NA,NA,NA,NA,NA,NA,NA,NA,NA,NA,NA,NA,NA,NA,"CA","rex sole","rex_sole",NA,NA,"700","total_catch_wt_kg ~ 0 + factor(year) + pass","delta_gamma","TRUE","iid, iid","04_2","2023","1402504.99475283","1126649.82179208","1745902.07379417","14.1537704776937","0.111742589054729","index"
"693","693","693","693","693","693","693","693","693","693","693","693","693","693","693","693","693","693","693","693","693","693","693","693","693","693","693","693","693","693",NA,NA,NA,NA,NA,NA,NA,NA,NA,NA,NA,NA,NA,NA,NA,NA,NA,NA,NA,NA,NA,NA,NA,NA,NA,NA,NA,NA,NA,NA,NA,NA,"CA","rex sole","rex_sole",NA,NA,"700","total_catch_wt_kg ~ 0 + factor(year) + pass","delta_gamma","TRUE","iid, iid","04_2","2024","1382969.58122723","1110511.85302008","1722273.25390397","14.1397436156308","0.111946965104085","index"
"694","694","694","694","694","694","694","694","694","694","694","694","694","694","694","694","694","694","694","694","694","694","694","694","694","694","694","694","694",NA,NA,NA,NA,NA,NA,NA,NA,NA,NA,NA,NA,NA,NA,NA,NA,NA,NA,NA,NA,NA,NA,NA,NA,NA,NA,NA,NA,NA,NA,NA,NA,NA,"CA","rex sole","rex_sole",NA,NA,"700","total_catch_wt_kg ~ 0 + factor(year) + pass","delta_gamma","TRUE","iid, iid","04_3","2003","1592455.88957327","1236015.69356015","2051685.72975986","14.2807879671897","0.129280106784669","index"
"695","695","695","695","695","695","695","695","695","695","695","695","695","695","695","695","695","695","695","695","695","695","695","695","695","695","695","695","695",NA,NA,NA,NA,NA,NA,NA,NA,NA,NA,NA,NA,NA,NA,NA,NA,NA,NA,NA,NA,NA,NA,NA,NA,NA,NA,NA,NA,NA,NA,NA,NA,NA,"CA","rex sole","rex_sole",NA,NA,"700","total_catch_wt_kg ~ 0 + factor(year) + pass","delta_gamma","TRUE","iid, iid","04_3","2004","1800507.05397178","1393463.1218236","2326452.4196088","14.4035788798483","0.130755575480454","index"
"696","696","696","696","696","696","696","696","696","696","696","696","696","696","696","696","696","696","696","696","696","696","696","696","696","696","696","696","696",NA,NA,NA,NA,NA,NA,NA,NA,NA,NA,NA,NA,NA,NA,NA,NA,NA,NA,NA,NA,NA,NA,NA,NA,NA,NA,NA,NA,NA,NA,NA,NA,NA,"CA","rex sole","rex_sole",NA,NA,"700","total_catch_wt_kg ~ 0 + factor(year) + pass","delta_gamma","TRUE","iid, iid","04_3","2005","1741064.42268378","1378142.08622059","2199559.35911386","14.3700072213304","0.119267694441922","index"
"697","697","697","697","697","697","697","697","697","697","697","697","697","697","697","697","697","697","697","697","697","697","697","697","697","697","697","697","697",NA,NA,NA,NA,NA,NA,NA,NA,NA,NA,NA,NA,NA,NA,NA,NA,NA,NA,NA,NA,NA,NA,NA,NA,NA,NA,NA,NA,NA,NA,NA,NA,NA,"CA","rex sole","rex_sole",NA,NA,"700","total_catch_wt_kg ~ 0 + factor(year) + pass","delta_gamma","TRUE","iid, iid","04_3","2006","1359132.09585547","1076283.33091918","1716313.9118831","14.1223568891862","0.119049425033842","index"
"698","698","698","698","698","698","698","698","698","698","698","698","698","698","698","698","698","698","698","698","698","698","698","698","698","698","698","698","698",NA,NA,NA,NA,NA,NA,NA,NA,NA,NA,NA,NA,NA,NA,NA,NA,NA,NA,NA,NA,NA,NA,NA,NA,NA,NA,NA,NA,NA,NA,NA,NA,NA,"CA","rex sole","rex_sole",NA,NA,"700","total_catch_wt_kg ~ 0 + factor(year) + pass","delta_gamma","TRUE","iid, iid","04_3","2007","1295298.66617662","1033917.01949338","1622759.47002117","14.0742518567769","0.114995367091047","index"
"699","699","699","699","699","699","699","699","699","699","699","699","699","699","699","699","699","699","699","699","699","699","699","699","699","699","699","699","699",NA,NA,NA,NA,NA,NA,NA,NA,NA,NA,NA,NA,NA,NA,NA,NA,NA,NA,NA,NA,NA,NA,NA,NA,NA,NA,NA,NA,NA,NA,NA,NA,NA,"CA","rex sole","rex_sole",NA,NA,"700","total_catch_wt_kg ~ 0 + factor(year) + pass","delta_gamma","TRUE","iid, iid","04_3","2008","742318.903544981","583951.4445102","943635.570629362","13.5175342189608","0.122431384179388","index"
"700","700","700","700","700","700","700","700","700","700","700","700","700","700","700","700","700","700","700","700","700","700","700","700","700","700","700","700","700",NA,NA,NA,NA,NA,NA,NA,NA,NA,NA,NA,NA,NA,NA,NA,NA,NA,NA,NA,NA,NA,NA,NA,NA,NA,NA,NA,NA,NA,NA,NA,NA,NA,"CA","rex sole","rex_sole",NA,NA,"700","total_catch_wt_kg ~ 0 + factor(year) + pass","delta_gamma","TRUE","iid, iid","04_3","2009","798192.71452936","639986.320936362","995508.167417694","13.5901053441802","0.11270781726204","index"
"701","701","701","701","701","701","701","701","701","701","701","701","701","701","701","701","701","701","701","701","701","701","701","701","701","701","701","701","701",NA,NA,NA,NA,NA,NA,NA,NA,NA,NA,NA,NA,NA,NA,NA,NA,NA,NA,NA,NA,NA,NA,NA,NA,NA,NA,NA,NA,NA,NA,NA,NA,NA,"CA","rex sole","rex_sole",NA,NA,"700","total_catch_wt_kg ~ 0 + factor(year) + pass","delta_gamma","TRUE","iid, iid","04_3","2010","870463.844701154","702894.555160665","1077981.46872644","13.6767815033831","0.109093502832717","index"
"702","702","702","702","702","702","702","702","702","702","702","702","702","702","702","702","702","702","702","702","702","702","702","702","702","702","702","702","702",NA,NA,NA,NA,NA,NA,NA,NA,NA,NA,NA,NA,NA,NA,NA,NA,NA,NA,NA,NA,NA,NA,NA,NA,NA,NA,NA,NA,NA,NA,NA,NA,NA,"CA","rex sole","rex_sole",NA,NA,"700","total_catch_wt_kg ~ 0 + factor(year) + pass","delta_gamma","TRUE","iid, iid","04_3","2011","923033.455858463","735482.76077762","1158410.2389201","13.7354207596953","0.115889057920251","index"
"703","703","703","703","703","703","703","703","703","703","703","703","703","703","703","703","703","703","703","703","703","703","703","703","703","703","703","703","703",NA,NA,NA,NA,NA,NA,NA,NA,NA,NA,NA,NA,NA,NA,NA,NA,NA,NA,NA,NA,NA,NA,NA,NA,NA,NA,NA,NA,NA,NA,NA,NA,NA,"CA","rex sole","rex_sole",NA,NA,"700","total_catch_wt_kg ~ 0 + factor(year) + pass","delta_gamma","TRUE","iid, iid","04_3","2012","1117099.5336881","891553.295734822","1399704.73345359","13.9262461821281","0.115066239643576","index"
"704","704","704","704","704","704","704","704","704","704","704","704","704","704","704","704","704","704","704","704","704","704","704","704","704","704","704","704","704",NA,NA,NA,NA,NA,NA,NA,NA,NA,NA,NA,NA,NA,NA,NA,NA,NA,NA,NA,NA,NA,NA,NA,NA,NA,NA,NA,NA,NA,NA,NA,NA,NA,"CA","rex sole","rex_sole",NA,NA,"700","total_catch_wt_kg ~ 0 + factor(year) + pass","delta_gamma","TRUE","iid, iid","04_3","2013","1575252.33773077","1237776.46609526","2004739.94739475","14.2699260318411","0.123011891199978","index"
"705","705","705","705","705","705","705","705","705","705","705","705","705","705","705","705","705","705","705","705","705","705","705","705","705","705","705","705","705",NA,NA,NA,NA,NA,NA,NA,NA,NA,NA,NA,NA,NA,NA,NA,NA,NA,NA,NA,NA,NA,NA,NA,NA,NA,NA,NA,NA,NA,NA,NA,NA,NA,"CA","rex sole","rex_sole",NA,NA,"700","total_catch_wt_kg ~ 0 + factor(year) + pass","delta_gamma","TRUE","iid, iid","04_3","2014","1342252.25597916","1080936.79836672","1666740.48048267","14.1098595490278","0.110471887095509","index"
"706","706","706","706","706","706","706","706","706","706","706","706","706","706","706","706","706","706","706","706","706","706","706","706","706","706","706","706","706",NA,NA,NA,NA,NA,NA,NA,NA,NA,NA,NA,NA,NA,NA,NA,NA,NA,NA,NA,NA,NA,NA,NA,NA,NA,NA,NA,NA,NA,NA,NA,NA,NA,"CA","rex sole","rex_sole",NA,NA,"700","total_catch_wt_kg ~ 0 + factor(year) + pass","delta_gamma","TRUE","iid, iid","04_3","2015","1711275.11537091","1372001.97600797","2134444.82711932","14.3527493321","0.112740747450955","index"
"707","707","707","707","707","707","707","707","707","707","707","707","707","707","707","707","707","707","707","707","707","707","707","707","707","707","707","707","707",NA,NA,NA,NA,NA,NA,NA,NA,NA,NA,NA,NA,NA,NA,NA,NA,NA,NA,NA,NA,NA,NA,NA,NA,NA,NA,NA,NA,NA,NA,NA,NA,NA,"CA","rex sole","rex_sole",NA,NA,"700","total_catch_wt_kg ~ 0 + factor(year) + pass","delta_gamma","TRUE","iid, iid","04_3","2016","1828985.43618949","1471224.61384975","2273743.71955341","14.4192719646237","0.111056266212215","index"
"708","708","708","708","708","708","708","708","708","708","708","708","708","708","708","708","708","708","708","708","708","708","708","708","708","708","708","708","708",NA,NA,NA,NA,NA,NA,NA,NA,NA,NA,NA,NA,NA,NA,NA,NA,NA,NA,NA,NA,NA,NA,NA,NA,NA,NA,NA,NA,NA,NA,NA,NA,NA,"CA","rex sole","rex_sole",NA,NA,"700","total_catch_wt_kg ~ 0 + factor(year) + pass","delta_gamma","TRUE","iid, iid","04_3","2017","1743279.23690811","1402530.13961198","2166814.39635634","14.3712785164373","0.110966381058701","index"
"709","709","709","709","709","709","709","709","709","709","709","709","709","709","709","709","709","709","709","709","709","709","709","709","709","709","709","709","709",NA,NA,NA,NA,NA,NA,NA,NA,NA,NA,NA,NA,NA,NA,NA,NA,NA,NA,NA,NA,NA,NA,NA,NA,NA,NA,NA,NA,NA,NA,NA,NA,NA,"CA","rex sole","rex_sole",NA,NA,"700","total_catch_wt_kg ~ 0 + factor(year) + pass","delta_gamma","TRUE","iid, iid","04_3","2018","2014077.03839552","1624546.50153325","2497008.43451605","14.5156716029668","0.109661374313324","index"
"710","710","710","710","710","710","710","710","710","710","710","710","710","710","710","710","710","710","710","710","710","710","710","710","710","710","710","710","710",NA,NA,NA,NA,NA,NA,NA,NA,NA,NA,NA,NA,NA,NA,NA,NA,NA,NA,NA,NA,NA,NA,NA,NA,NA,NA,NA,NA,NA,NA,NA,NA,NA,"CA","rex sole","rex_sole",NA,NA,"700","total_catch_wt_kg ~ 0 + factor(year) + pass","delta_gamma","TRUE","iid, iid","04_3","2019","1748580.15429233","1315784.3923838","2323733.7163163","14.3743146761806","0.145089979486038","index"
"711","711","711","711","711","711","711","711","711","711","711","711","711","711","711","711","711","711","711","711","711","711","711","711","711","711","711","711","711",NA,NA,NA,NA,NA,NA,NA,NA,NA,NA,NA,NA,NA,NA,NA,NA,NA,NA,NA,NA,NA,NA,NA,NA,NA,NA,NA,NA,NA,NA,NA,NA,NA,"CA","rex sole","rex_sole",NA,NA,"700","total_catch_wt_kg ~ 0 + factor(year) + pass","delta_gamma","TRUE","iid, iid","04_3","2021","1599769.56443064","1281667.96248965","1996821.90253647","14.285370154607","0.113112931185057","index"
"712","712","712","712","712","712","712","712","712","712","712","712","712","712","712","712","712","712","712","712","712","712","712","712","712","712","712","712","712",NA,NA,NA,NA,NA,NA,NA,NA,NA,NA,NA,NA,NA,NA,NA,NA,NA,NA,NA,NA,NA,NA,NA,NA,NA,NA,NA,NA,NA,NA,NA,NA,NA,"CA","rex sole","rex_sole",NA,NA,"700","total_catch_wt_kg ~ 0 + factor(year) + pass","delta_gamma","TRUE","iid, iid","04_3","2022","1419620.18443597","1123590.94512406","1793643.38668242","14.1658999180501","0.119318316317218","index"
"713","713","713","713","713","713","713","713","713","713","713","713","713","713","713","713","713","713","713","713","713","713","713","713","713","713","713","713","713",NA,NA,NA,NA,NA,NA,NA,NA,NA,NA,NA,NA,NA,NA,NA,NA,NA,NA,NA,NA,NA,NA,NA,NA,NA,NA,NA,NA,NA,NA,NA,NA,NA,"CA","rex sole","rex_sole",NA,NA,"700","total_catch_wt_kg ~ 0 + factor(year) + pass","delta_gamma","TRUE","iid, iid","04_3","2023","1339670.62063461","1067982.01935268","1680475.26949875","14.1079343362154","0.115641346195525","index"
"714","714","714","714","714","714","714","714","714","714","714","714","714","714","714","714","714","714","714","714","714","714","714","714","714","714","714","714","714",NA,NA,NA,NA,NA,NA,NA,NA,NA,NA,NA,NA,NA,NA,NA,NA,NA,NA,NA,NA,NA,NA,NA,NA,NA,NA,NA,NA,NA,NA,NA,NA,NA,"CA","rex sole","rex_sole",NA,NA,"700","total_catch_wt_kg ~ 0 + factor(year) + pass","delta_gamma","TRUE","iid, iid","04_3","2024","1411481.05880256","1128823.3705498","1764916.31138717","14.160150107388","0.114014199217612","index"
"715","715","715","715","715","715","715","715","715","715","715","715","715","715","715","715","715","715","715","715","715","715","715","715","715","715","715","715",NA,NA,NA,NA,NA,NA,NA,NA,NA,NA,NA,NA,NA,NA,NA,NA,NA,NA,NA,NA,NA,NA,NA,NA,NA,NA,NA,NA,NA,NA,NA,NA,NA,NA,"CA","rex sole","rex_sole",NA,NA,"700","total_catch_wt_kg ~ 0 + factor(year) + pass","delta_gamma","TRUE","iid, iid","04_4","2003","1701589.20244422","1330133.13420164","2176778.95499732","14.3470731973169","0.125657207564979","index"
"716","716","716","716","716","716","716","716","716","716","716","716","716","716","716","716","716","716","716","716","716","716","716","716","716","716","716","716",NA,NA,NA,NA,NA,NA,NA,NA,NA,NA,NA,NA,NA,NA,NA,NA,NA,NA,NA,NA,NA,NA,NA,NA,NA,NA,NA,NA,NA,NA,NA,NA,NA,NA,"CA","rex sole","rex_sole",NA,NA,"700","total_catch_wt_kg ~ 0 + factor(year) + pass","delta_gamma","TRUE","iid, iid","04_4","2004","1999811.33726339","1532807.11220346","2609098.92236743","14.5085634027064","0.13569232833296","index"
"717","717","717","717","717","717","717","717","717","717","717","717","717","717","717","717","717","717","717","717","717","717","717","717","717","717","717","717",NA,NA,NA,NA,NA,NA,NA,NA,NA,NA,NA,NA,NA,NA,NA,NA,NA,NA,NA,NA,NA,NA,NA,NA,NA,NA,NA,NA,NA,NA,NA,NA,NA,NA,"CA","rex sole","rex_sole",NA,NA,"700","total_catch_wt_kg ~ 0 + factor(year) + pass","delta_gamma","TRUE","iid, iid","04_4","2005","1622976.7324603","1275658.86591799","2064857.26276986","14.2997725102635","0.122858966531397","index"
"718","718","718","718","718","718","718","718","718","718","718","718","718","718","718","718","718","718","718","718","718","718","718","718","718","718","718","718",NA,NA,NA,NA,NA,NA,NA,NA,NA,NA,NA,NA,NA,NA,NA,NA,NA,NA,NA,NA,NA,NA,NA,NA,NA,NA,NA,NA,NA,NA,NA,NA,NA,NA,"CA","rex sole","rex_sole",NA,NA,"700","total_catch_wt_kg ~ 0 + factor(year) + pass","delta_gamma","TRUE","iid, iid","04_4","2006","1301155.22292693","1025819.78067022","1650392.1507966","14.0787630608519","0.121308567816231","index"
"719","719","719","719","719","719","719","719","719","719","719","719","719","719","719","719","719","719","719","719","719","719","719","719","719","719","719","719",NA,NA,NA,NA,NA,NA,NA,NA,NA,NA,NA,NA,NA,NA,NA,NA,NA,NA,NA,NA,NA,NA,NA,NA,NA,NA,NA,NA,NA,NA,NA,NA,NA,NA,"CA","rex sole","rex_sole",NA,NA,"700","total_catch_wt_kg ~ 0 + factor(year) + pass","delta_gamma","TRUE","iid, iid","04_4","2007","1275582.11815832","1012044.97472557","1607744.49831786","14.0589131956428","0.118078509706201","index"
"720","720","720","720","720","720","720","720","720","720","720","720","720","720","720","720","720","720","720","720","720","720","720","720","720","720","720","720",NA,NA,NA,NA,NA,NA,NA,NA,NA,NA,NA,NA,NA,NA,NA,NA,NA,NA,NA,NA,NA,NA,NA,NA,NA,NA,NA,NA,NA,NA,NA,NA,NA,NA,"CA","rex sole","rex_sole",NA,NA,"700","total_catch_wt_kg ~ 0 + factor(year) + pass","delta_gamma","TRUE","iid, iid","04_4","2008","818110.963769941","645878.607144167","1036271.43187169","13.6147532589154","0.120607526623412","index"
"721","721","721","721","721","721","721","721","721","721","721","721","721","721","721","721","721","721","721","721","721","721","721","721","721","721","721","721",NA,NA,NA,NA,NA,NA,NA,NA,NA,NA,NA,NA,NA,NA,NA,NA,NA,NA,NA,NA,NA,NA,NA,NA,NA,NA,NA,NA,NA,NA,NA,NA,NA,NA,"CA","rex sole","rex_sole",NA,NA,"700","total_catch_wt_kg ~ 0 + factor(year) + pass","delta_gamma","TRUE","iid, iid","04_4","2009","942661.507499947","748676.547245826","1186908.71377102","13.7564625443664","0.117553293371984","index"
"722","722","722","722","722","722","722","722","722","722","722","722","722","722","722","722","722","722","722","722","722","722","722","722","722","722","722","722",NA,NA,NA,NA,NA,NA,NA,NA,NA,NA,NA,NA,NA,NA,NA,NA,NA,NA,NA,NA,NA,NA,NA,NA,NA,NA,NA,NA,NA,NA,NA,NA,NA,NA,"CA","rex sole","rex_sole",NA,NA,"700","total_catch_wt_kg ~ 0 + factor(year) + pass","delta_gamma","TRUE","iid, iid","04_4","2010","843841.43703078","669987.404880434","1062808.59261414","13.6457198851115","0.117709148957223","index"
"723","723","723","723","723","723","723","723","723","723","723","723","723","723","723","723","723","723","723","723","723","723","723","723","723","723","723","723",NA,NA,NA,NA,NA,NA,NA,NA,NA,NA,NA,NA,NA,NA,NA,NA,NA,NA,NA,NA,NA,NA,NA,NA,NA,NA,NA,NA,NA,NA,NA,NA,NA,NA,"CA","rex sole","rex_sole",NA,NA,"700","total_catch_wt_kg ~ 0 + factor(year) + pass","delta_gamma","TRUE","iid, iid","04_4","2011","966931.688053407","772357.464399917","1210523.53664793","13.7818831287688","0.114634948353732","index"
"724","724","724","724","724","724","724","724","724","724","724","724","724","724","724","724","724","724","724","724","724","724","724","724","724","724","724","724",NA,NA,NA,NA,NA,NA,NA,NA,NA,NA,NA,NA,NA,NA,NA,NA,NA,NA,NA,NA,NA,NA,NA,NA,NA,NA,NA,NA,NA,NA,NA,NA,NA,NA,"CA","rex sole","rex_sole",NA,NA,"700","total_catch_wt_kg ~ 0 + factor(year) + pass","delta_gamma","TRUE","iid, iid","04_4","2012","1153643.41913573","919963.845445252","1446679.82889159","13.9584356827516","0.115484791921197","index"
"725","725","725","725","725","725","725","725","725","725","725","725","725","725","725","725","725","725","725","725","725","725","725","725","725","725","725","725",NA,NA,NA,NA,NA,NA,NA,NA,NA,NA,NA,NA,NA,NA,NA,NA,NA,NA,NA,NA,NA,NA,NA,NA,NA,NA,NA,NA,NA,NA,NA,NA,NA,NA,"CA","rex sole","rex_sole",NA,NA,"700","total_catch_wt_kg ~ 0 + factor(year) + pass","delta_gamma","TRUE","iid, iid","04_4","2013","1340607.71402946","1040318.04110052","1727576.54093362","14.1086335870513","0.129388374446467","index"
"726","726","726","726","726","726","726","726","726","726","726","726","726","726","726","726","726","726","726","726","726","726","726","726","726","726","726","726",NA,NA,NA,NA,NA,NA,NA,NA,NA,NA,NA,NA,NA,NA,NA,NA,NA,NA,NA,NA,NA,NA,NA,NA,NA,NA,NA,NA,NA,NA,NA,NA,NA,NA,"CA","rex sole","rex_sole",NA,NA,"700","total_catch_wt_kg ~ 0 + factor(year) + pass","delta_gamma","TRUE","iid, iid","04_4","2014","1405777.93410889","1117578.878828","1768297.19804648","14.1561013972776","0.11705633931411","index"
"727","727","727","727","727","727","727","727","727","727","727","727","727","727","727","727","727","727","727","727","727","727","727","727","727","727","727","727",NA,NA,NA,NA,NA,NA,NA,NA,NA,NA,NA,NA,NA,NA,NA,NA,NA,NA,NA,NA,NA,NA,NA,NA,NA,NA,NA,NA,NA,NA,NA,NA,NA,NA,"CA","rex sole","rex_sole",NA,NA,"700","total_catch_wt_kg ~ 0 + factor(year) + pass","delta_gamma","TRUE","iid, iid","04_4","2015","1942336.25891965","1549490.20564087","2434781.53587528","14.4794020636785","0.115290653425966","index"
"728","728","728","728","728","728","728","728","728","728","728","728","728","728","728","728","728","728","728","728","728","728","728","728","728","728","728","728",NA,NA,NA,NA,NA,NA,NA,NA,NA,NA,NA,NA,NA,NA,NA,NA,NA,NA,NA,NA,NA,NA,NA,NA,NA,NA,NA,NA,NA,NA,NA,NA,NA,NA,"CA","rex sole","rex_sole",NA,NA,"700","total_catch_wt_kg ~ 0 + factor(year) + pass","delta_gamma","TRUE","iid, iid","04_4","2016","1993610.82103321","1592436.25937765","2495851.29849656","14.5054580354464","0.114635981630159","index"
"729","729","729","729","729","729","729","729","729","729","729","729","729","729","729","729","729","729","729","729","729","729","729","729","729","729","729","729",NA,NA,NA,NA,NA,NA,NA,NA,NA,NA,NA,NA,NA,NA,NA,NA,NA,NA,NA,NA,NA,NA,NA,NA,NA,NA,NA,NA,NA,NA,NA,NA,NA,NA,"CA","rex sole","rex_sole",NA,NA,"700","total_catch_wt_kg ~ 0 + factor(year) + pass","delta_gamma","TRUE","iid, iid","04_4","2017","2027881.08200132","1597489.45110213","2574227.75461942","14.5225020039075","0.121715574345326","index"
"730","730","730","730","730","730","730","730","730","730","730","730","730","730","730","730","730","730","730","730","730","730","730","730","730","730","730","730",NA,NA,NA,NA,NA,NA,NA,NA,NA,NA,NA,NA,NA,NA,NA,NA,NA,NA,NA,NA,NA,NA,NA,NA,NA,NA,NA,NA,NA,NA,NA,NA,NA,NA,"CA","rex sole","rex_sole",NA,NA,"700","total_catch_wt_kg ~ 0 + factor(year) + pass","delta_gamma","TRUE","iid, iid","04_4","2018","2008282.89473158","1604124.30176109","2514269.11296315","14.512790633701","0.11464602217383","index"
"731","731","731","731","731","731","731","731","731","731","731","731","731","731","731","731","731","731","731","731","731","731","731","731","731","731","731","731",NA,NA,NA,NA,NA,NA,NA,NA,NA,NA,NA,NA,NA,NA,NA,NA,NA,NA,NA,NA,NA,NA,NA,NA,NA,NA,NA,NA,NA,NA,NA,NA,NA,NA,"CA","rex sole","rex_sole",NA,NA,"700","total_catch_wt_kg ~ 0 + factor(year) + pass","delta_gamma","TRUE","iid, iid","04_4","2019","2114452.10087584","1568907.60590165","2849694.69845154","14.5643062829428","0.152255930500469","index"
"732","732","732","732","732","732","732","732","732","732","732","732","732","732","732","732","732","732","732","732","732","732","732","732","732","732","732","732",NA,NA,NA,NA,NA,NA,NA,NA,NA,NA,NA,NA,NA,NA,NA,NA,NA,NA,NA,NA,NA,NA,NA,NA,NA,NA,NA,NA,NA,NA,NA,NA,NA,NA,"CA","rex sole","rex_sole",NA,NA,"700","total_catch_wt_kg ~ 0 + factor(year) + pass","delta_gamma","TRUE","iid, iid","04_4","2021","1576324.09707128","1251299.59100856","1985773.57242227","14.2706061736077","0.117814885084215","index"
"733","733","733","733","733","733","733","733","733","733","733","733","733","733","733","733","733","733","733","733","733","733","733","733","733","733","733","733",NA,NA,NA,NA,NA,NA,NA,NA,NA,NA,NA,NA,NA,NA,NA,NA,NA,NA,NA,NA,NA,NA,NA,NA,NA,NA,NA,NA,NA,NA,NA,NA,NA,NA,"CA","rex sole","rex_sole",NA,NA,"700","total_catch_wt_kg ~ 0 + factor(year) + pass","delta_gamma","TRUE","iid, iid","04_4","2022","1656840.52959233","1300144.67807447","2111396.20597098","14.3204230513381","0.123694591423383","index"
"734","734","734","734","734","734","734","734","734","734","734","734","734","734","734","734","734","734","734","734","734","734","734","734","734","734","734","734",NA,NA,NA,NA,NA,NA,NA,NA,NA,NA,NA,NA,NA,NA,NA,NA,NA,NA,NA,NA,NA,NA,NA,NA,NA,NA,NA,NA,NA,NA,NA,NA,NA,NA,"CA","rex sole","rex_sole",NA,NA,"700","total_catch_wt_kg ~ 0 + factor(year) + pass","delta_gamma","TRUE","iid, iid","04_4","2023","1717193.4169411","1359437.22707513","2169098.48609205","14.3562017817246","0.119196278664673","index"
"735","735","735","735","735","735","735","735","735","735","735","735","735","735","735","735","735","735","735","735","735","735","735","735","735","735","735","735",NA,NA,NA,NA,NA,NA,NA,NA,NA,NA,NA,NA,NA,NA,NA,NA,NA,NA,NA,NA,NA,NA,NA,NA,NA,NA,NA,NA,NA,NA,NA,NA,NA,NA,"CA","rex sole","rex_sole",NA,NA,"700","total_catch_wt_kg ~ 0 + factor(year) + pass","delta_gamma","TRUE","iid, iid","04_4","2024","1190614.55810761","945801.433641772","1498795.59869083","13.9899801671654","0.117447179638163","index"
"736","736","736","736","736","736","736","736","736","736","736","736","736","736","736","736","736","736","736","736","736","736","736","736","736","736","736",NA,NA,NA,NA,NA,NA,NA,NA,NA,NA,NA,NA,NA,NA,NA,NA,NA,NA,NA,NA,NA,NA,NA,NA,NA,NA,NA,NA,NA,NA,NA,NA,NA,NA,NA,"CA","rex sole","rex_sole",NA,NA,"700","total_catch_wt_kg ~ 0 + factor(year) + pass","delta_gamma","TRUE","iid, iid","04_5","2003","1704680.70532014","1315958.1088876","2208228.58073133","14.3488883815557","0.132049785296397","index"
"737","737","737","737","737","737","737","737","737","737","737","737","737","737","737","737","737","737","737","737","737","737","737","737","737","737","737",NA,NA,NA,NA,NA,NA,NA,NA,NA,NA,NA,NA,NA,NA,NA,NA,NA,NA,NA,NA,NA,NA,NA,NA,NA,NA,NA,NA,NA,NA,NA,NA,NA,NA,NA,"CA","rex sole","rex_sole",NA,NA,"700","total_catch_wt_kg ~ 0 + factor(year) + pass","delta_gamma","TRUE","iid, iid","04_5","2004","1902097.31092937","1446852.13284779","2500583.23038416","14.4584676832022","0.139577499249689","index"
"738","738","738","738","738","738","738","738","738","738","738","738","738","738","738","738","738","738","738","738","738","738","738","738","738","738","738",NA,NA,NA,NA,NA,NA,NA,NA,NA,NA,NA,NA,NA,NA,NA,NA,NA,NA,NA,NA,NA,NA,NA,NA,NA,NA,NA,NA,NA,NA,NA,NA,NA,NA,NA,"CA","rex sole","rex_sole",NA,NA,"700","total_catch_wt_kg ~ 0 + factor(year) + pass","delta_gamma","TRUE","iid, iid","04_5","2005","1587214.0741642","1253625.87776909","2009569.65064257","14.2774908827644","0.120379900881061","index"
"739","739","739","739","739","739","739","739","739","739","739","739","739","739","739","739","739","739","739","739","739","739","739","739","739","739","739",NA,NA,NA,NA,NA,NA,NA,NA,NA,NA,NA,NA,NA,NA,NA,NA,NA,NA,NA,NA,NA,NA,NA,NA,NA,NA,NA,NA,NA,NA,NA,NA,NA,NA,NA,"CA","rex sole","rex_sole",NA,NA,"700","total_catch_wt_kg ~ 0 + factor(year) + pass","delta_gamma","TRUE","iid, iid","04_5","2006","1261426.68960185","985436.142831878","1614713.75371641","14.0477539317019","0.12597901129538","index"
"740","740","740","740","740","740","740","740","740","740","740","740","740","740","740","740","740","740","740","740","740","740","740","740","740","740","740",NA,NA,NA,NA,NA,NA,NA,NA,NA,NA,NA,NA,NA,NA,NA,NA,NA,NA,NA,NA,NA,NA,NA,NA,NA,NA,NA,NA,NA,NA,NA,NA,NA,NA,NA,"CA","rex sole","rex_sole",NA,NA,"700","total_catch_wt_kg ~ 0 + factor(year) + pass","delta_gamma","TRUE","iid, iid","04_5","2007","1253883.43652641","982729.840804393","1599853.39522038","14.0417560425264","0.124321933678526","index"
"741","741","741","741","741","741","741","741","741","741","741","741","741","741","741","741","741","741","741","741","741","741","741","741","741","741","741",NA,NA,NA,NA,NA,NA,NA,NA,NA,NA,NA,NA,NA,NA,NA,NA,NA,NA,NA,NA,NA,NA,NA,NA,NA,NA,NA,NA,NA,NA,NA,NA,NA,NA,NA,"CA","rex sole","rex_sole",NA,NA,"700","total_catch_wt_kg ~ 0 + factor(year) + pass","delta_gamma","TRUE","iid, iid","04_5","2008","804382.635402308","630093.306084916","1026881.92032557","13.5978303496291","0.124597777947673","index"
"742","742","742","742","742","742","742","742","742","742","742","742","742","742","742","742","742","742","742","742","742","742","742","742","742","742","742",NA,NA,NA,NA,NA,NA,NA,NA,NA,NA,NA,NA,NA,NA,NA,NA,NA,NA,NA,NA,NA,NA,NA,NA,NA,NA,NA,NA,NA,NA,NA,NA,NA,NA,NA,"CA","rex sole","rex_sole",NA,NA,"700","total_catch_wt_kg ~ 0 + factor(year) + pass","delta_gamma","TRUE","iid, iid","04_5","2009","964929.080798532","757351.271606267","1229400.63069539","13.77980988622","0.123587694547599","index"
"743","743","743","743","743","743","743","743","743","743","743","743","743","743","743","743","743","743","743","743","743","743","743","743","743","743","743",NA,NA,NA,NA,NA,NA,NA,NA,NA,NA,NA,NA,NA,NA,NA,NA,NA,NA,NA,NA,NA,NA,NA,NA,NA,NA,NA,NA,NA,NA,NA,NA,NA,NA,NA,"CA","rex sole","rex_sole",NA,NA,"700","total_catch_wt_kg ~ 0 + factor(year) + pass","delta_gamma","TRUE","iid, iid","04_5","2010","918994.978010552","725919.211370093","1163423.913268","13.7310359366989","0.120329725468832","index"
"744","744","744","744","744","744","744","744","744","744","744","744","744","744","744","744","744","744","744","744","744","744","744","744","744","744","744",NA,NA,NA,NA,NA,NA,NA,NA,NA,NA,NA,NA,NA,NA,NA,NA,NA,NA,NA,NA,NA,NA,NA,NA,NA,NA,NA,NA,NA,NA,NA,NA,NA,NA,NA,"CA","rex sole","rex_sole",NA,NA,"700","total_catch_wt_kg ~ 0 + factor(year) + pass","delta_gamma","TRUE","iid, iid","04_5","2011","985248.799214278","778973.684918715","1246146.32707967","13.800649476294","0.119857780273962","index"
"745","745","745","745","745","745","745","745","745","745","745","745","745","745","745","745","745","745","745","745","745","745","745","745","745","745","745",NA,NA,NA,NA,NA,NA,NA,NA,NA,NA,NA,NA,NA,NA,NA,NA,NA,NA,NA,NA,NA,NA,NA,NA,NA,NA,NA,NA,NA,NA,NA,NA,NA,NA,NA,"CA","rex sole","rex_sole",NA,NA,"700","total_catch_wt_kg ~ 0 + factor(year) + pass","delta_gamma","TRUE","iid, iid","04_5","2012","963704.749090014","766920.924324384","1210981.22891458","13.7785402498028","0.116533402618881","index"
"746","746","746","746","746","746","746","746","746","746","746","746","746","746","746","746","746","746","746","746","746","746","746","746","746","746","746",NA,NA,NA,NA,NA,NA,NA,NA,NA,NA,NA,NA,NA,NA,NA,NA,NA,NA,NA,NA,NA,NA,NA,NA,NA,NA,NA,NA,NA,NA,NA,NA,NA,NA,NA,"CA","rex sole","rex_sole",NA,NA,"700","total_catch_wt_kg ~ 0 + factor(year) + pass","delta_gamma","TRUE","iid, iid","04_5","2013","1146264.71480113","887220.454462758","1480942.85900312","13.9520191398106","0.13070157003058","index"
"747","747","747","747","747","747","747","747","747","747","747","747","747","747","747","747","747","747","747","747","747","747","747","747","747","747","747",NA,NA,NA,NA,NA,NA,NA,NA,NA,NA,NA,NA,NA,NA,NA,NA,NA,NA,NA,NA,NA,NA,NA,NA,NA,NA,NA,NA,NA,NA,NA,NA,NA,NA,NA,"CA","rex sole","rex_sole",NA,NA,"700","total_catch_wt_kg ~ 0 + factor(year) + pass","delta_gamma","TRUE","iid, iid","04_5","2014","1641623.07044548","1292929.60375647","2084356.56325681","14.3111959874938","0.121826103552173","index"
"748","748","748","748","748","748","748","748","748","748","748","748","748","748","748","748","748","748","748","748","748","748","748","748","748","748","748",NA,NA,NA,NA,NA,NA,NA,NA,NA,NA,NA,NA,NA,NA,NA,NA,NA,NA,NA,NA,NA,NA,NA,NA,NA,NA,NA,NA,NA,NA,NA,NA,NA,NA,NA,"CA","rex sole","rex_sole",NA,NA,"700","total_catch_wt_kg ~ 0 + factor(year) + pass","delta_gamma","TRUE","iid, iid","04_5","2015","1797055.14232407","1420918.76146521","2272759.90164513","14.4016598510623","0.119821393375087","index"
"749","749","749","749","749","749","749","749","749","749","749","749","749","749","749","749","749","749","749","749","749","749","749","749","749","749","749",NA,NA,NA,NA,NA,NA,NA,NA,NA,NA,NA,NA,NA,NA,NA,NA,NA,NA,NA,NA,NA,NA,NA,NA,NA,NA,NA,NA,NA,NA,NA,NA,NA,NA,NA,"CA","rex sole","rex_sole",NA,NA,"700","total_catch_wt_kg ~ 0 + factor(year) + pass","delta_gamma","TRUE","iid, iid","04_5","2016","1863994.51527191","1466781.03925612","2368775.88404459","14.4382323317727","0.122273442355066","index"
"750","750","750","750","750","750","750","750","750","750","750","750","750","750","750","750","750","750","750","750","750","750","750","750","750","750","750",NA,NA,NA,NA,NA,NA,NA,NA,NA,NA,NA,NA,NA,NA,NA,NA,NA,NA,NA,NA,NA,NA,NA,NA,NA,NA,NA,NA,NA,NA,NA,NA,NA,NA,NA,"CA","rex sole","rex_sole",NA,NA,"700","total_catch_wt_kg ~ 0 + factor(year) + pass","delta_gamma","TRUE","iid, iid","04_5","2017","1813229.62686806","1437121.36854102","2287768.97464819","14.4106201374631","0.118608055115035","index"
"751","751","751","751","751","751","751","751","751","751","751","751","751","751","751","751","751","751","751","751","751","751","751","751","751","751","751",NA,NA,NA,NA,NA,NA,NA,NA,NA,NA,NA,NA,NA,NA,NA,NA,NA,NA,NA,NA,NA,NA,NA,NA,NA,NA,NA,NA,NA,NA,NA,NA,NA,NA,NA,"CA","rex sole","rex_sole",NA,NA,"700","total_catch_wt_kg ~ 0 + factor(year) + pass","delta_gamma","TRUE","iid, iid","04_5","2018","2072400.59898939","1636042.19372546","2625142.71279992","14.5442182029545","0.1206285514537","index"
"752","752","752","752","752","752","752","752","752","752","752","752","752","752","752","752","752","752","752","752","752","752","752","752","752","752","752",NA,NA,NA,NA,NA,NA,NA,NA,NA,NA,NA,NA,NA,NA,NA,NA,NA,NA,NA,NA,NA,NA,NA,NA,NA,NA,NA,NA,NA,NA,NA,NA,NA,NA,NA,"CA","rex sole","rex_sole",NA,NA,"700","total_catch_wt_kg ~ 0 + factor(year) + pass","delta_gamma","TRUE","iid, iid","04_5","2019","1564529.79764431","1140008.02255306","2147137.07210163","14.263095888023","0.161508085274412","index"
"753","753","753","753","753","753","753","753","753","753","753","753","753","753","753","753","753","753","753","753","753","753","753","753","753","753","753",NA,NA,NA,NA,NA,NA,NA,NA,NA,NA,NA,NA,NA,NA,NA,NA,NA,NA,NA,NA,NA,NA,NA,NA,NA,NA,NA,NA,NA,NA,NA,NA,NA,NA,NA,"CA","rex sole","rex_sole",NA,NA,"700","total_catch_wt_kg ~ 0 + factor(year) + pass","delta_gamma","TRUE","iid, iid","04_5","2021","1677847.99738772","1324969.55956968","2124708.36179232","14.3330225763208","0.120472893866625","index"
"754","754","754","754","754","754","754","754","754","754","754","754","754","754","754","754","754","754","754","754","754","754","754","754","754","754","754",NA,NA,NA,NA,NA,NA,NA,NA,NA,NA,NA,NA,NA,NA,NA,NA,NA,NA,NA,NA,NA,NA,NA,NA,NA,NA,NA,NA,NA,NA,NA,NA,NA,NA,NA,"CA","rex sole","rex_sole",NA,NA,"700","total_catch_wt_kg ~ 0 + factor(year) + pass","delta_gamma","TRUE","iid, iid","04_5","2022","1704312.2099767","1333756.13066183","2177819.49960696","14.3486721914056","0.125085213397781","index"
"755","755","755","755","755","755","755","755","755","755","755","755","755","755","755","755","755","755","755","755","755","755","755","755","755","755","755",NA,NA,NA,NA,NA,NA,NA,NA,NA,NA,NA,NA,NA,NA,NA,NA,NA,NA,NA,NA,NA,NA,NA,NA,NA,NA,NA,NA,NA,NA,NA,NA,NA,NA,NA,"CA","rex sole","rex_sole",NA,NA,"700","total_catch_wt_kg ~ 0 + factor(year) + pass","delta_gamma","TRUE","iid, iid","04_5","2023","1629661.68689133","1287424.81953244","2062875.57411391","14.3038829971862","0.120271842659694","index"
"756","756","756","756","756","756","756","756","756","756","756","756","756","756","756","756","756","756","756","756","756","756","756","756","756","756","756",NA,NA,NA,NA,NA,NA,NA,NA,NA,NA,NA,NA,NA,NA,NA,NA,NA,NA,NA,NA,NA,NA,NA,NA,NA,NA,NA,NA,NA,NA,NA,NA,NA,NA,NA,"CA","rex sole","rex_sole",NA,NA,"700","total_catch_wt_kg ~ 0 + factor(year) + pass","delta_gamma","TRUE","iid, iid","04_5","2024","1372848.58149152","1079776.92483009","1745465.36822858","14.1323983957053","0.122519276332061","index"
"757","757","757","757","757","757","757","757","757","757","757","757","757","757","757","757","757","757","757","757","757","757","757","757","757","757",NA,NA,NA,NA,NA,NA,NA,NA,NA,NA,NA,NA,NA,NA,NA,NA,NA,NA,NA,NA,NA,NA,NA,NA,NA,NA,NA,NA,NA,NA,NA,NA,NA,NA,NA,NA,"CA","rex sole","rex_sole",NA,NA,"700","total_catch_wt_kg ~ 0 + factor(year) + pass","delta_gamma","TRUE","iid, iid","04_6","2003","1297426.37535467","1006290.45621791","1672792.57103622","14.0758931489476","0.129651278854222","index"
"758","758","758","758","758","758","758","758","758","758","758","758","758","758","758","758","758","758","758","758","758","758","758","758","758","758",NA,NA,NA,NA,NA,NA,NA,NA,NA,NA,NA,NA,NA,NA,NA,NA,NA,NA,NA,NA,NA,NA,NA,NA,NA,NA,NA,NA,NA,NA,NA,NA,NA,NA,NA,NA,"CA","rex sole","rex_sole",NA,NA,"700","total_catch_wt_kg ~ 0 + factor(year) + pass","delta_gamma","TRUE","iid, iid","04_6","2004","1446466.43474932","1102304.61737008","1898082.53897023","14.1846341986696","0.138635479029001","index"
"759","759","759","759","759","759","759","759","759","759","759","759","759","759","759","759","759","759","759","759","759","759","759","759","759","759",NA,NA,NA,NA,NA,NA,NA,NA,NA,NA,NA,NA,NA,NA,NA,NA,NA,NA,NA,NA,NA,NA,NA,NA,NA,NA,NA,NA,NA,NA,NA,NA,NA,NA,NA,NA,"CA","rex sole","rex_sole",NA,NA,"700","total_catch_wt_kg ~ 0 + factor(year) + pass","delta_gamma","TRUE","iid, iid","04_6","2005","1435152.79338644","1124822.97920747","1831100.16281504","14.1767818777351","0.124311288489491","index"
"760","760","760","760","760","760","760","760","760","760","760","760","760","760","760","760","760","760","760","760","760","760","760","760","760","760",NA,NA,NA,NA,NA,NA,NA,NA,NA,NA,NA,NA,NA,NA,NA,NA,NA,NA,NA,NA,NA,NA,NA,NA,NA,NA,NA,NA,NA,NA,NA,NA,NA,NA,NA,NA,"CA","rex sole","rex_sole",NA,NA,"700","total_catch_wt_kg ~ 0 + factor(year) + pass","delta_gamma","TRUE","iid, iid","04_6","2006","1172237.34725314","919682.123934929","1494147.12163341","13.9744247433369","0.123798892935028","index"
"761","761","761","761","761","761","761","761","761","761","761","761","761","761","761","761","761","761","761","761","761","761","761","761","761","761",NA,NA,NA,NA,NA,NA,NA,NA,NA,NA,NA,NA,NA,NA,NA,NA,NA,NA,NA,NA,NA,NA,NA,NA,NA,NA,NA,NA,NA,NA,NA,NA,NA,NA,NA,NA,"CA","rex sole","rex_sole",NA,NA,"700","total_catch_wt_kg ~ 0 + factor(year) + pass","delta_gamma","TRUE","iid, iid","04_6","2007","1118796.64579353","891158.760332699","1404582.42723389","13.9277642422661","0.116066606982818","index"
"762","762","762","762","762","762","762","762","762","762","762","762","762","762","762","762","762","762","762","762","762","762","762","762","762","762",NA,NA,NA,NA,NA,NA,NA,NA,NA,NA,NA,NA,NA,NA,NA,NA,NA,NA,NA,NA,NA,NA,NA,NA,NA,NA,NA,NA,NA,NA,NA,NA,NA,NA,NA,NA,"CA","rex sole","rex_sole",NA,NA,"700","total_catch_wt_kg ~ 0 + factor(year) + pass","delta_gamma","TRUE","iid, iid","04_6","2008","752687.509665618","596207.436840217","950237.203026471","13.5314054268443","0.118911110000157","index"
"763","763","763","763","763","763","763","763","763","763","763","763","763","763","763","763","763","763","763","763","763","763","763","763","763","763",NA,NA,NA,NA,NA,NA,NA,NA,NA,NA,NA,NA,NA,NA,NA,NA,NA,NA,NA,NA,NA,NA,NA,NA,NA,NA,NA,NA,NA,NA,NA,NA,NA,NA,NA,NA,"CA","rex sole","rex_sole",NA,NA,"700","total_catch_wt_kg ~ 0 + factor(year) + pass","delta_gamma","TRUE","iid, iid","04_6","2009","799146.557226697","634148.690003096","1007074.88637115","13.5912996337436","0.117992423752039","index"
"764","764","764","764","764","764","764","764","764","764","764","764","764","764","764","764","764","764","764","764","764","764","764","764","764","764",NA,NA,NA,NA,NA,NA,NA,NA,NA,NA,NA,NA,NA,NA,NA,NA,NA,NA,NA,NA,NA,NA,NA,NA,NA,NA,NA,NA,NA,NA,NA,NA,NA,NA,NA,NA,"CA","rex sole","rex_sole",NA,NA,"700","total_catch_wt_kg ~ 0 + factor(year) + pass","delta_gamma","TRUE","iid, iid","04_6","2010","897845.399443786","717772.512157112","1123094.50090214","13.7077531714872","0.114208837948668","index"
"765","765","765","765","765","765","765","765","765","765","765","765","765","765","765","765","765","765","765","765","765","765","765","765","765","765",NA,NA,NA,NA,NA,NA,NA,NA,NA,NA,NA,NA,NA,NA,NA,NA,NA,NA,NA,NA,NA,NA,NA,NA,NA,NA,NA,NA,NA,NA,NA,NA,NA,NA,NA,NA,"CA","rex sole","rex_sole",NA,NA,"700","total_catch_wt_kg ~ 0 + factor(year) + pass","delta_gamma","TRUE","iid, iid","04_6","2011","854466.712754097","679016.515501464","1075251.25904426","13.6582328255468","0.117263428227769","index"
"766","766","766","766","766","766","766","766","766","766","766","766","766","766","766","766","766","766","766","766","766","766","766","766","766","766",NA,NA,NA,NA,NA,NA,NA,NA,NA,NA,NA,NA,NA,NA,NA,NA,NA,NA,NA,NA,NA,NA,NA,NA,NA,NA,NA,NA,NA,NA,NA,NA,NA,NA,NA,NA,"CA","rex sole","rex_sole",NA,NA,"700","total_catch_wt_kg ~ 0 + factor(year) + pass","delta_gamma","TRUE","iid, iid","04_6","2012","1004111.82483951","806545.243809493","1250073.15401228","13.8196139523538","0.111787094125349","index"
"767","767","767","767","767","767","767","767","767","767","767","767","767","767","767","767","767","767","767","767","767","767","767","767","767","767",NA,NA,NA,NA,NA,NA,NA,NA,NA,NA,NA,NA,NA,NA,NA,NA,NA,NA,NA,NA,NA,NA,NA,NA,NA,NA,NA,NA,NA,NA,NA,NA,NA,NA,NA,NA,"CA","rex sole","rex_sole",NA,NA,"700","total_catch_wt_kg ~ 0 + factor(year) + pass","delta_gamma","TRUE","iid, iid","04_6","2013","1174234.49371744","909155.195573648","1516602.06414579","13.9761269985369","0.130541127165772","index"
"768","768","768","768","768","768","768","768","768","768","768","768","768","768","768","768","768","768","768","768","768","768","768","768","768","768",NA,NA,NA,NA,NA,NA,NA,NA,NA,NA,NA,NA,NA,NA,NA,NA,NA,NA,NA,NA,NA,NA,NA,NA,NA,NA,NA,NA,NA,NA,NA,NA,NA,NA,NA,NA,"CA","rex sole","rex_sole",NA,NA,"700","total_catch_wt_kg ~ 0 + factor(year) + pass","delta_gamma","TRUE","iid, iid","04_6","2014","1119475.76383682","892353.84177484","1404404.76316596","13.9283710656904","0.115692457091521","index"
"769","769","769","769","769","769","769","769","769","769","769","769","769","769","769","769","769","769","769","769","769","769","769","769","769","769",NA,NA,NA,NA,NA,NA,NA,NA,NA,NA,NA,NA,NA,NA,NA,NA,NA,NA,NA,NA,NA,NA,NA,NA,NA,NA,NA,NA,NA,NA,NA,NA,NA,NA,NA,NA,"CA","rex sole","rex_sole",NA,NA,"700","total_catch_wt_kg ~ 0 + factor(year) + pass","delta_gamma","TRUE","iid, iid","04_6","2015","1657879.01766348","1323999.13944609","2075955.15383697","14.3210496431751","0.114737964286738","index"
"770","770","770","770","770","770","770","770","770","770","770","770","770","770","770","770","770","770","770","770","770","770","770","770","770","770",NA,NA,NA,NA,NA,NA,NA,NA,NA,NA,NA,NA,NA,NA,NA,NA,NA,NA,NA,NA,NA,NA,NA,NA,NA,NA,NA,NA,NA,NA,NA,NA,NA,NA,NA,NA,"CA","rex sole","rex_sole",NA,NA,"700","total_catch_wt_kg ~ 0 + factor(year) + pass","delta_gamma","TRUE","iid, iid","04_6","2016","1779293.27682729","1424227.49712871","2222878.41748971","14.3917268079385","0.113566724838182","index"
"771","771","771","771","771","771","771","771","771","771","771","771","771","771","771","771","771","771","771","771","771","771","771","771","771","771",NA,NA,NA,NA,NA,NA,NA,NA,NA,NA,NA,NA,NA,NA,NA,NA,NA,NA,NA,NA,NA,NA,NA,NA,NA,NA,NA,NA,NA,NA,NA,NA,NA,NA,NA,NA,"CA","rex sole","rex_sole",NA,NA,"700","total_catch_wt_kg ~ 0 + factor(year) + pass","delta_gamma","TRUE","iid, iid","04_6","2017","1515890.22421188","1211055.21321967","1897455.33215778","14.2315134310929","0.114548439812196","index"
"772","772","772","772","772","772","772","772","772","772","772","772","772","772","772","772","772","772","772","772","772","772","772","772","772","772",NA,NA,NA,NA,NA,NA,NA,NA,NA,NA,NA,NA,NA,NA,NA,NA,NA,NA,NA,NA,NA,NA,NA,NA,NA,NA,NA,NA,NA,NA,NA,NA,NA,NA,NA,NA,"CA","rex sole","rex_sole",NA,NA,"700","total_catch_wt_kg ~ 0 + factor(year) + pass","delta_gamma","TRUE","iid, iid","04_6","2018","1913331.71678762","1532347.00613974","2389039.97841047","14.4643566347428","0.113290615310721","index"
"773","773","773","773","773","773","773","773","773","773","773","773","773","773","773","773","773","773","773","773","773","773","773","773","773","773",NA,NA,NA,NA,NA,NA,NA,NA,NA,NA,NA,NA,NA,NA,NA,NA,NA,NA,NA,NA,NA,NA,NA,NA,NA,NA,NA,NA,NA,NA,NA,NA,NA,NA,NA,NA,"CA","rex sole","rex_sole",NA,NA,"700","total_catch_wt_kg ~ 0 + factor(year) + pass","delta_gamma","TRUE","iid, iid","04_6","2019","1385794.83026239","1041506.08565273","1843894.4697845","14.1417844176607","0.145720042350747","index"
"774","774","774","774","774","774","774","774","774","774","774","774","774","774","774","774","774","774","774","774","774","774","774","774","774","774",NA,NA,NA,NA,NA,NA,NA,NA,NA,NA,NA,NA,NA,NA,NA,NA,NA,NA,NA,NA,NA,NA,NA,NA,NA,NA,NA,NA,NA,NA,NA,NA,NA,NA,NA,NA,"CA","rex sole","rex_sole",NA,NA,"700","total_catch_wt_kg ~ 0 + factor(year) + pass","delta_gamma","TRUE","iid, iid","04_6","2021","1481359.63437324","1186389.61712056","1849667.5414915","14.2084708958934","0.11329064179823","index"
"775","775","775","775","775","775","775","775","775","775","775","775","775","775","775","775","775","775","775","775","775","775","775","775","775","775",NA,NA,NA,NA,NA,NA,NA,NA,NA,NA,NA,NA,NA,NA,NA,NA,NA,NA,NA,NA,NA,NA,NA,NA,NA,NA,NA,NA,NA,NA,NA,NA,NA,NA,NA,NA,"CA","rex sole","rex_sole",NA,NA,"700","total_catch_wt_kg ~ 0 + factor(year) + pass","delta_gamma","TRUE","iid, iid","04_6","2022","1512695.81005382","1181305.16653768","1937051.2197632","14.2294039217004","0.126162248449662","index"
"776","776","776","776","776","776","776","776","776","776","776","776","776","776","776","776","776","776","776","776","776","776","776","776","776","776",NA,NA,NA,NA,NA,NA,NA,NA,NA,NA,NA,NA,NA,NA,NA,NA,NA,NA,NA,NA,NA,NA,NA,NA,NA,NA,NA,NA,NA,NA,NA,NA,NA,NA,NA,NA,"CA","rex sole","rex_sole",NA,NA,"700","total_catch_wt_kg ~ 0 + factor(year) + pass","delta_gamma","TRUE","iid, iid","04_6","2023","1309022.66690676","1040663.68016618","1646584.1704037","14.0847913609428","0.117054262814359","index"
"777","777","777","777","777","777","777","777","777","777","777","777","777","777","777","777","777","777","777","777","777","777","777","777","777","777",NA,NA,NA,NA,NA,NA,NA,NA,NA,NA,NA,NA,NA,NA,NA,NA,NA,NA,NA,NA,NA,NA,NA,NA,NA,NA,NA,NA,NA,NA,NA,NA,NA,NA,NA,NA,"CA","rex sole","rex_sole",NA,NA,"700","total_catch_wt_kg ~ 0 + factor(year) + pass","delta_gamma","TRUE","iid, iid","04_6","2024","1361278.76356324","1076530.67668403","1721344.2331585","14.1239350832637","0.11973739979249","index"
"778","778","778","778","778","778","778","778","778","778","778","778","778","778","778","778","778","778","778","778","778","778","778","778","778",NA,NA,NA,NA,NA,NA,NA,NA,NA,NA,NA,NA,NA,NA,NA,NA,NA,NA,NA,NA,NA,NA,NA,NA,NA,NA,NA,NA,NA,NA,NA,NA,NA,NA,NA,NA,NA,"CA","rex sole","rex_sole",NA,NA,"700","total_catch_wt_kg ~ 0 + factor(year) + pass","delta_gamma","TRUE","iid, iid","04_7","2003","1471235.38401139","1132500.01313892","1911287.88525816","14.2016130031055","0.133510032443727","index"
"779","779","779","779","779","779","779","779","779","779","779","779","779","779","779","779","779","779","779","779","779","779","779","779","779",NA,NA,NA,NA,NA,NA,NA,NA,NA,NA,NA,NA,NA,NA,NA,NA,NA,NA,NA,NA,NA,NA,NA,NA,NA,NA,NA,NA,NA,NA,NA,NA,NA,NA,NA,NA,NA,"CA","rex sole","rex_sole",NA,NA,"700","total_catch_wt_kg ~ 0 + factor(year) + pass","delta_gamma","TRUE","iid, iid","04_7","2004","1885709.1133209","1439882.73190861","2469575.32114302","14.4498144955616","0.137626132739085","index"
"780","780","780","780","780","780","780","780","780","780","780","780","780","780","780","780","780","780","780","780","780","780","780","780","780",NA,NA,NA,NA,NA,NA,NA,NA,NA,NA,NA,NA,NA,NA,NA,NA,NA,NA,NA,NA,NA,NA,NA,NA,NA,NA,NA,NA,NA,NA,NA,NA,NA,NA,NA,NA,NA,"CA","rex sole","rex_sole",NA,NA,"700","total_catch_wt_kg ~ 0 + factor(year) + pass","delta_gamma","TRUE","iid, iid","04_7","2005","1673362.91875072","1325983.09108701","2111748.99338606","14.3303458833718","0.118717072038207","index"
"781","781","781","781","781","781","781","781","781","781","781","781","781","781","781","781","781","781","781","781","781","781","781","781","781",NA,NA,NA,NA,NA,NA,NA,NA,NA,NA,NA,NA,NA,NA,NA,NA,NA,NA,NA,NA,NA,NA,NA,NA,NA,NA,NA,NA,NA,NA,NA,NA,NA,NA,NA,NA,NA,"CA","rex sole","rex_sole",NA,NA,"700","total_catch_wt_kg ~ 0 + factor(year) + pass","delta_gamma","TRUE","iid, iid","04_7","2006","1355529.89829669","1077180.39632449","1705806.48463893","14.1197030047021","0.11727029960469","index"
"782","782","782","782","782","782","782","782","782","782","782","782","782","782","782","782","782","782","782","782","782","782","782","782","782",NA,NA,NA,NA,NA,NA,NA,NA,NA,NA,NA,NA,NA,NA,NA,NA,NA,NA,NA,NA,NA,NA,NA,NA,NA,NA,NA,NA,NA,NA,NA,NA,NA,NA,NA,NA,NA,"CA","rex sole","rex_sole",NA,NA,"700","total_catch_wt_kg ~ 0 + factor(year) + pass","delta_gamma","TRUE","iid, iid","04_7","2007","1233939.0461162","981699.867674241","1550988.87110721","14.0257220868597","0.116676215366915","index"
"783","783","783","783","783","783","783","783","783","783","783","783","783","783","783","783","783","783","783","783","783","783","783","783","783",NA,NA,NA,NA,NA,NA,NA,NA,NA,NA,NA,NA,NA,NA,NA,NA,NA,NA,NA,NA,NA,NA,NA,NA,NA,NA,NA,NA,NA,NA,NA,NA,NA,NA,NA,NA,NA,"CA","rex sole","rex_sole",NA,NA,"700","total_catch_wt_kg ~ 0 + factor(year) + pass","delta_gamma","TRUE","iid, iid","04_7","2008","882605.750500056","697258.859196927","1117221.96217482","13.6906338912054","0.120268475208768","index"
"784","784","784","784","784","784","784","784","784","784","784","784","784","784","784","784","784","784","784","784","784","784","784","784","784",NA,NA,NA,NA,NA,NA,NA,NA,NA,NA,NA,NA,NA,NA,NA,NA,NA,NA,NA,NA,NA,NA,NA,NA,NA,NA,NA,NA,NA,NA,NA,NA,NA,NA,NA,NA,NA,"CA","rex sole","rex_sole",NA,NA,"700","total_catch_wt_kg ~ 0 + factor(year) + pass","delta_gamma","TRUE","iid, iid","04_7","2009","794349.696764235","632831.967928141","997091.602080827","13.5852790674073","0.115981138849061","index"
"785","785","785","785","785","785","785","785","785","785","785","785","785","785","785","785","785","785","785","785","785","785","785","785","785",NA,NA,NA,NA,NA,NA,NA,NA,NA,NA,NA,NA,NA,NA,NA,NA,NA,NA,NA,NA,NA,NA,NA,NA,NA,NA,NA,NA,NA,NA,NA,NA,NA,NA,NA,NA,NA,"CA","rex sole","rex_sole",NA,NA,"700","total_catch_wt_kg ~ 0 + factor(year) + pass","delta_gamma","TRUE","iid, iid","04_7","2010","915846.633583836","726350.067480028","1154780.72323564","13.7276041990529","0.118276068681606","index"
"786","786","786","786","786","786","786","786","786","786","786","786","786","786","786","786","786","786","786","786","786","786","786","786","786",NA,NA,NA,NA,NA,NA,NA,NA,NA,NA,NA,NA,NA,NA,NA,NA,NA,NA,NA,NA,NA,NA,NA,NA,NA,NA,NA,NA,NA,NA,NA,NA,NA,NA,NA,NA,NA,"CA","rex sole","rex_sole",NA,NA,"700","total_catch_wt_kg ~ 0 + factor(year) + pass","delta_gamma","TRUE","iid, iid","04_7","2011","1006243.87184151","801914.041892129","1262637.48572045","13.821735017601","0.115807391346207","index"
"787","787","787","787","787","787","787","787","787","787","787","787","787","787","787","787","787","787","787","787","787","787","787","787","787",NA,NA,NA,NA,NA,NA,NA,NA,NA,NA,NA,NA,NA,NA,NA,NA,NA,NA,NA,NA,NA,NA,NA,NA,NA,NA,NA,NA,NA,NA,NA,NA,NA,NA,NA,NA,NA,"CA","rex sole","rex_sole",NA,NA,"700","total_catch_wt_kg ~ 0 + factor(year) + pass","delta_gamma","TRUE","iid, iid","04_7","2012","1235668.95993306","995084.971454882","1534419.49415601","14.0271230493571","0.110481437477167","index"
"788","788","788","788","788","788","788","788","788","788","788","788","788","788","788","788","788","788","788","788","788","788","788","788","788",NA,NA,NA,NA,NA,NA,NA,NA,NA,NA,NA,NA,NA,NA,NA,NA,NA,NA,NA,NA,NA,NA,NA,NA,NA,NA,NA,NA,NA,NA,NA,NA,NA,NA,NA,NA,NA,"CA","rex sole","rex_sole",NA,NA,"700","total_catch_wt_kg ~ 0 + factor(year) + pass","delta_gamma","TRUE","iid, iid","04_7","2013","1271323.18185939","1001000.68244128","1614646.88394745","14.055568791539","0.121970634852508","index"
"789","789","789","789","789","789","789","789","789","789","789","789","789","789","789","789","789","789","789","789","789","789","789","789","789",NA,NA,NA,NA,NA,NA,NA,NA,NA,NA,NA,NA,NA,NA,NA,NA,NA,NA,NA,NA,NA,NA,NA,NA,NA,NA,NA,NA,NA,NA,NA,NA,NA,NA,NA,NA,NA,"CA","rex sole","rex_sole",NA,NA,"700","total_catch_wt_kg ~ 0 + factor(year) + pass","delta_gamma","TRUE","iid, iid","04_7","2014","1355443.56192322","1079560.06332852","1701829.58037049","14.1196393107008","0.116111900603506","index"
"790","790","790","790","790","790","790","790","790","790","790","790","790","790","790","790","790","790","790","790","790","790","790","790","790",NA,NA,NA,NA,NA,NA,NA,NA,NA,NA,NA,NA,NA,NA,NA,NA,NA,NA,NA,NA,NA,NA,NA,NA,NA,NA,NA,NA,NA,NA,NA,NA,NA,NA,NA,NA,NA,"CA","rex sole","rex_sole",NA,NA,"700","total_catch_wt_kg ~ 0 + factor(year) + pass","delta_gamma","TRUE","iid, iid","04_7","2015","1832035.96789106","1464067.4945133","2292487.06103012","14.4209384571518","0.114394643814889","index"
"791","791","791","791","791","791","791","791","791","791","791","791","791","791","791","791","791","791","791","791","791","791","791","791","791",NA,NA,NA,NA,NA,NA,NA,NA,NA,NA,NA,NA,NA,NA,NA,NA,NA,NA,NA,NA,NA,NA,NA,NA,NA,NA,NA,NA,NA,NA,NA,NA,NA,NA,NA,NA,NA,"CA","rex sole","rex_sole",NA,NA,"700","total_catch_wt_kg ~ 0 + factor(year) + pass","delta_gamma","TRUE","iid, iid","04_7","2016","1938735.61733287","1541168.30203158","2438861.34237276","14.4775465749194","0.117091565088509","index"
"792","792","792","792","792","792","792","792","792","792","792","792","792","792","792","792","792","792","792","792","792","792","792","792","792",NA,NA,NA,NA,NA,NA,NA,NA,NA,NA,NA,NA,NA,NA,NA,NA,NA,NA,NA,NA,NA,NA,NA,NA,NA,NA,NA,NA,NA,NA,NA,NA,NA,NA,NA,NA,NA,"CA","rex sole","rex_sole",NA,NA,"700","total_catch_wt_kg ~ 0 + factor(year) + pass","delta_gamma","TRUE","iid, iid","04_7","2017","1780098.07377606","1416724.54485864","2236672.72777958","14.3921790183775","0.116492401690106","index"
"793","793","793","793","793","793","793","793","793","793","793","793","793","793","793","793","793","793","793","793","793","793","793","793","793",NA,NA,NA,NA,NA,NA,NA,NA,NA,NA,NA,NA,NA,NA,NA,NA,NA,NA,NA,NA,NA,NA,NA,NA,NA,NA,NA,NA,NA,NA,NA,NA,NA,NA,NA,NA,NA,"CA","rex sole","rex_sole",NA,NA,"700","total_catch_wt_kg ~ 0 + factor(year) + pass","delta_gamma","TRUE","iid, iid","04_7","2018","2105022.47301576","1676897.00823089","2642451.85610783","14.5598367010586","0.116012885045648","index"
"794","794","794","794","794","794","794","794","794","794","794","794","794","794","794","794","794","794","794","794","794","794","794","794","794",NA,NA,NA,NA,NA,NA,NA,NA,NA,NA,NA,NA,NA,NA,NA,NA,NA,NA,NA,NA,NA,NA,NA,NA,NA,NA,NA,NA,NA,NA,NA,NA,NA,NA,NA,NA,NA,"CA","rex sole","rex_sole",NA,NA,"700","total_catch_wt_kg ~ 0 + factor(year) + pass","delta_gamma","TRUE","iid, iid","04_7","2019","1939054.45822316","1454486.5312738","2585058.10202468","14.4777110195566","0.14671061559747","index"
"795","795","795","795","795","795","795","795","795","795","795","795","795","795","795","795","795","795","795","795","795","795","795","795","795",NA,NA,NA,NA,NA,NA,NA,NA,NA,NA,NA,NA,NA,NA,NA,NA,NA,NA,NA,NA,NA,NA,NA,NA,NA,NA,NA,NA,NA,NA,NA,NA,NA,NA,NA,NA,NA,"CA","rex sole","rex_sole",NA,NA,"700","total_catch_wt_kg ~ 0 + factor(year) + pass","delta_gamma","TRUE","iid, iid","04_7","2021","1492080.12076652","1189964.88058634","1870898.14422898","14.2156817585497","0.115434471140492","index"
"796","796","796","796","796","796","796","796","796","796","796","796","796","796","796","796","796","796","796","796","796","796","796","796","796",NA,NA,NA,NA,NA,NA,NA,NA,NA,NA,NA,NA,NA,NA,NA,NA,NA,NA,NA,NA,NA,NA,NA,NA,NA,NA,NA,NA,NA,NA,NA,NA,NA,NA,NA,NA,NA,"CA","rex sole","rex_sole",NA,NA,"700","total_catch_wt_kg ~ 0 + factor(year) + pass","delta_gamma","TRUE","iid, iid","04_7","2022","1673888.60571387","1312492.3646484","2134795.70609868","14.3306599840384","0.12409489660862","index"
"797","797","797","797","797","797","797","797","797","797","797","797","797","797","797","797","797","797","797","797","797","797","797","797","797",NA,NA,NA,NA,NA,NA,NA,NA,NA,NA,NA,NA,NA,NA,NA,NA,NA,NA,NA,NA,NA,NA,NA,NA,NA,NA,NA,NA,NA,NA,NA,NA,NA,NA,NA,NA,NA,"CA","rex sole","rex_sole",NA,NA,"700","total_catch_wt_kg ~ 0 + factor(year) + pass","delta_gamma","TRUE","iid, iid","04_7","2023","1675844.75349031","1327410.81629064","2115739.60625771","14.3318279265514","0.118924164041028","index"
"798","798","798","798","798","798","798","798","798","798","798","798","798","798","798","798","798","798","798","798","798","798","798","798","798",NA,NA,NA,NA,NA,NA,NA,NA,NA,NA,NA,NA,NA,NA,NA,NA,NA,NA,NA,NA,NA,NA,NA,NA,NA,NA,NA,NA,NA,NA,NA,NA,NA,NA,NA,NA,NA,"CA","rex sole","rex_sole",NA,NA,"700","total_catch_wt_kg ~ 0 + factor(year) + pass","delta_gamma","TRUE","iid, iid","04_7","2024","1358533.67635068","1080755.81555463","1707706.51725038","14.1219164969051","0.116708937081494","index"
"799","799","799","799","799","799","799","799","799","799","799","799","799","799","799","799","799","799","799","799","799","799","799","799",NA,NA,NA,NA,NA,NA,NA,NA,NA,NA,NA,NA,NA,NA,NA,NA,NA,NA,NA,NA,NA,NA,NA,NA,NA,NA,NA,NA,NA,NA,NA,NA,NA,NA,NA,NA,NA,NA,"CA","rex sole","rex_sole",NA,NA,"700","total_catch_wt_kg ~ 0 + factor(year) + pass","delta_gamma","TRUE","iid, iid","04_8","2003","1639277.0541747","1283776.76323427","2093221.60776118","14.3097658819852","0.124721166412384","index"
"800","800","800","800","800","800","800","800","800","800","800","800","800","800","800","800","800","800","800","800","800","800","800","800",NA,NA,NA,NA,NA,NA,NA,NA,NA,NA,NA,NA,NA,NA,NA,NA,NA,NA,NA,NA,NA,NA,NA,NA,NA,NA,NA,NA,NA,NA,NA,NA,NA,NA,NA,NA,NA,NA,"CA","rex sole","rex_sole",NA,NA,"700","total_catch_wt_kg ~ 0 + factor(year) + pass","delta_gamma","TRUE","iid, iid","04_8","2004","1930659.86693315","1455132.02415704","2561587.1686596","14.473372402412","0.144270615133161","index"
"801","801","801","801","801","801","801","801","801","801","801","801","801","801","801","801","801","801","801","801","801","801","801","801",NA,NA,NA,NA,NA,NA,NA,NA,NA,NA,NA,NA,NA,NA,NA,NA,NA,NA,NA,NA,NA,NA,NA,NA,NA,NA,NA,NA,NA,NA,NA,NA,NA,NA,NA,NA,NA,NA,"CA","rex sole","rex_sole",NA,NA,"700","total_catch_wt_kg ~ 0 + factor(year) + pass","delta_gamma","TRUE","iid, iid","04_8","2005","1640361.66687632","1274442.88814232","2111343.25687945","14.3104273040706","0.1287817610192","index"
"802","802","802","802","802","802","802","802","802","802","802","802","802","802","802","802","802","802","802","802","802","802","802","802",NA,NA,NA,NA,NA,NA,NA,NA,NA,NA,NA,NA,NA,NA,NA,NA,NA,NA,NA,NA,NA,NA,NA,NA,NA,NA,NA,NA,NA,NA,NA,NA,NA,NA,NA,NA,NA,NA,"CA","rex sole","rex_sole",NA,NA,"700","total_catch_wt_kg ~ 0 + factor(year) + pass","delta_gamma","TRUE","iid, iid","04_8","2006","1275627.09086187","996662.914106658","1632672.8444584","14.0589484516331","0.125910762645829","index"
"803","803","803","803","803","803","803","803","803","803","803","803","803","803","803","803","803","803","803","803","803","803","803","803",NA,NA,NA,NA,NA,NA,NA,NA,NA,NA,NA,NA,NA,NA,NA,NA,NA,NA,NA,NA,NA,NA,NA,NA,NA,NA,NA,NA,NA,NA,NA,NA,NA,NA,NA,NA,NA,NA,"CA","rex sole","rex_sole",NA,NA,"700","total_catch_wt_kg ~ 0 + factor(year) + pass","delta_gamma","TRUE","iid, iid","04_8","2007","1239207.59220989","970525.914236651","1582271.46134315","14.0299826947686","0.124690715501738","index"
"804","804","804","804","804","804","804","804","804","804","804","804","804","804","804","804","804","804","804","804","804","804","804","804",NA,NA,NA,NA,NA,NA,NA,NA,NA,NA,NA,NA,NA,NA,NA,NA,NA,NA,NA,NA,NA,NA,NA,NA,NA,NA,NA,NA,NA,NA,NA,NA,NA,NA,NA,NA,NA,NA,"CA","rex sole","rex_sole",NA,NA,"700","total_catch_wt_kg ~ 0 + factor(year) + pass","delta_gamma","TRUE","iid, iid","04_8","2008","833589.244163609","647680.395297116","1072860.98673173","13.6334960470232","0.128749003800554","index"
"805","805","805","805","805","805","805","805","805","805","805","805","805","805","805","805","805","805","805","805","805","805","805","805",NA,NA,NA,NA,NA,NA,NA,NA,NA,NA,NA,NA,NA,NA,NA,NA,NA,NA,NA,NA,NA,NA,NA,NA,NA,NA,NA,NA,NA,NA,NA,NA,NA,NA,NA,NA,NA,NA,"CA","rex sole","rex_sole",NA,NA,"700","total_catch_wt_kg ~ 0 + factor(year) + pass","delta_gamma","TRUE","iid, iid","04_8","2009","808220.1317751","632009.359638724","1033560.29692339","13.6025897407138","0.125476927167752","index"
"806","806","806","806","806","806","806","806","806","806","806","806","806","806","806","806","806","806","806","806","806","806","806","806",NA,NA,NA,NA,NA,NA,NA,NA,NA,NA,NA,NA,NA,NA,NA,NA,NA,NA,NA,NA,NA,NA,NA,NA,NA,NA,NA,NA,NA,NA,NA,NA,NA,NA,NA,NA,NA,NA,"CA","rex sole","rex_sole",NA,NA,"700","total_catch_wt_kg ~ 0 + factor(year) + pass","delta_gamma","TRUE","iid, iid","04_8","2010","819622.49203925","650000.319169278","1033508.76860367","13.6165991376732","0.118303706905224","index"
"807","807","807","807","807","807","807","807","807","807","807","807","807","807","807","807","807","807","807","807","807","807","807","807",NA,NA,NA,NA,NA,NA,NA,NA,NA,NA,NA,NA,NA,NA,NA,NA,NA,NA,NA,NA,NA,NA,NA,NA,NA,NA,NA,NA,NA,NA,NA,NA,NA,NA,NA,NA,NA,NA,"CA","rex sole","rex_sole",NA,NA,"700","total_catch_wt_kg ~ 0 + factor(year) + pass","delta_gamma","TRUE","iid, iid","04_8","2011","999446.218095922","793970.134795806","1258098.63506155","13.8149566226664","0.117428431627946","index"
"808","808","808","808","808","808","808","808","808","808","808","808","808","808","808","808","808","808","808","808","808","808","808","808",NA,NA,NA,NA,NA,NA,NA,NA,NA,NA,NA,NA,NA,NA,NA,NA,NA,NA,NA,NA,NA,NA,NA,NA,NA,NA,NA,NA,NA,NA,NA,NA,NA,NA,NA,NA,NA,NA,"CA","rex sole","rex_sole",NA,NA,"700","total_catch_wt_kg ~ 0 + factor(year) + pass","delta_gamma","TRUE","iid, iid","04_8","2012","1023374.97876112","813091.010013549","1288043.20089196","13.838616525925","0.117358381091948","index"
"809","809","809","809","809","809","809","809","809","809","809","809","809","809","809","809","809","809","809","809","809","809","809","809",NA,NA,NA,NA,NA,NA,NA,NA,NA,NA,NA,NA,NA,NA,NA,NA,NA,NA,NA,NA,NA,NA,NA,NA,NA,NA,NA,NA,NA,NA,NA,NA,NA,NA,NA,NA,NA,NA,"CA","rex sole","rex_sole",NA,NA,"700","total_catch_wt_kg ~ 0 + factor(year) + pass","delta_gamma","TRUE","iid, iid","04_8","2013","1110324.6019227","855328.706326353","1441341.45447987","13.9201629647026","0.133125833372851","index"
"810","810","810","810","810","810","810","810","810","810","810","810","810","810","810","810","810","810","810","810","810","810","810","810",NA,NA,NA,NA,NA,NA,NA,NA,NA,NA,NA,NA,NA,NA,NA,NA,NA,NA,NA,NA,NA,NA,NA,NA,NA,NA,NA,NA,NA,NA,NA,NA,NA,NA,NA,NA,NA,NA,"CA","rex sole","rex_sole",NA,NA,"700","total_catch_wt_kg ~ 0 + factor(year) + pass","delta_gamma","TRUE","iid, iid","04_8","2014","1563137.71245984","1236783.05240952","1975608.82108946","14.2622057133022","0.119482531924881","index"
"811","811","811","811","811","811","811","811","811","811","811","811","811","811","811","811","811","811","811","811","811","811","811","811",NA,NA,NA,NA,NA,NA,NA,NA,NA,NA,NA,NA,NA,NA,NA,NA,NA,NA,NA,NA,NA,NA,NA,NA,NA,NA,NA,NA,NA,NA,NA,NA,NA,NA,NA,NA,NA,NA,"CA","rex sole","rex_sole",NA,NA,"700","total_catch_wt_kg ~ 0 + factor(year) + pass","delta_gamma","TRUE","iid, iid","04_8","2015","1561564.56520548","1229921.6573297","1982633.50903147","14.2611988030448","0.12180722341621","index"
"812","812","812","812","812","812","812","812","812","812","812","812","812","812","812","812","812","812","812","812","812","812","812","812",NA,NA,NA,NA,NA,NA,NA,NA,NA,NA,NA,NA,NA,NA,NA,NA,NA,NA,NA,NA,NA,NA,NA,NA,NA,NA,NA,NA,NA,NA,NA,NA,NA,NA,NA,NA,NA,NA,"CA","rex sole","rex_sole",NA,NA,"700","total_catch_wt_kg ~ 0 + factor(year) + pass","delta_gamma","TRUE","iid, iid","04_8","2016","1881508.7671472","1488586.235136","2378145.89258806","14.4475845486631","0.119516051569175","index"
"813","813","813","813","813","813","813","813","813","813","813","813","813","813","813","813","813","813","813","813","813","813","813","813",NA,NA,NA,NA,NA,NA,NA,NA,NA,NA,NA,NA,NA,NA,NA,NA,NA,NA,NA,NA,NA,NA,NA,NA,NA,NA,NA,NA,NA,NA,NA,NA,NA,NA,NA,NA,NA,NA,"CA","rex sole","rex_sole",NA,NA,"700","total_catch_wt_kg ~ 0 + factor(year) + pass","delta_gamma","TRUE","iid, iid","04_8","2017","1701547.71372389","1341597.10247367","2158073.10312509","14.3470488146832","0.121266251228843","index"
"814","814","814","814","814","814","814","814","814","814","814","814","814","814","814","814","814","814","814","814","814","814","814","814",NA,NA,NA,NA,NA,NA,NA,NA,NA,NA,NA,NA,NA,NA,NA,NA,NA,NA,NA,NA,NA,NA,NA,NA,NA,NA,NA,NA,NA,NA,NA,NA,NA,NA,NA,NA,NA,NA,"CA","rex sole","rex_sole",NA,NA,"700","total_catch_wt_kg ~ 0 + factor(year) + pass","delta_gamma","TRUE","iid, iid","04_8","2018","1778898.40867344","1413658.70358907","2238503.21180549","14.3915048591565","0.117253752681653","index"
"815","815","815","815","815","815","815","815","815","815","815","815","815","815","815","815","815","815","815","815","815","815","815","815",NA,NA,NA,NA,NA,NA,NA,NA,NA,NA,NA,NA,NA,NA,NA,NA,NA,NA,NA,NA,NA,NA,NA,NA,NA,NA,NA,NA,NA,NA,NA,NA,NA,NA,NA,NA,NA,NA,"CA","rex sole","rex_sole",NA,NA,"700","total_catch_wt_kg ~ 0 + factor(year) + pass","delta_gamma","TRUE","iid, iid","04_8","2019","1734564.25877289","1269802.57480693","2369433.82184417","14.3662667921389","0.159132923439564","index"
"816","816","816","816","816","816","816","816","816","816","816","816","816","816","816","816","816","816","816","816","816","816","816","816",NA,NA,NA,NA,NA,NA,NA,NA,NA,NA,NA,NA,NA,NA,NA,NA,NA,NA,NA,NA,NA,NA,NA,NA,NA,NA,NA,NA,NA,NA,NA,NA,NA,NA,NA,NA,NA,NA,"CA","rex sole","rex_sole",NA,NA,"700","total_catch_wt_kg ~ 0 + factor(year) + pass","delta_gamma","TRUE","iid, iid","04_8","2021","1551365.255334","1225509.53087916","1963864.08658199","14.2546459111029","0.120297441130289","index"
"817","817","817","817","817","817","817","817","817","817","817","817","817","817","817","817","817","817","817","817","817","817","817","817",NA,NA,NA,NA,NA,NA,NA,NA,NA,NA,NA,NA,NA,NA,NA,NA,NA,NA,NA,NA,NA,NA,NA,NA,NA,NA,NA,NA,NA,NA,NA,NA,NA,NA,NA,NA,NA,NA,"CA","rex sole","rex_sole",NA,NA,"700","total_catch_wt_kg ~ 0 + factor(year) + pass","delta_gamma","TRUE","iid, iid","04_8","2022","1554363.71351016","1220413.401429","1979695.20086235","14.2565768324022","0.123408706164102","index"
"818","818","818","818","818","818","818","818","818","818","818","818","818","818","818","818","818","818","818","818","818","818","818","818",NA,NA,NA,NA,NA,NA,NA,NA,NA,NA,NA,NA,NA,NA,NA,NA,NA,NA,NA,NA,NA,NA,NA,NA,NA,NA,NA,NA,NA,NA,NA,NA,NA,NA,NA,NA,NA,NA,"CA","rex sole","rex_sole",NA,NA,"700","total_catch_wt_kg ~ 0 + factor(year) + pass","delta_gamma","TRUE","iid, iid","04_8","2023","1707441.87630096","1338692.08259967","2177765.74526733","14.350506829614","0.124136562723631","index"
"819","819","819","819","819","819","819","819","819","819","819","819","819","819","819","819","819","819","819","819","819","819","819","819",NA,NA,NA,NA,NA,NA,NA,NA,NA,NA,NA,NA,NA,NA,NA,NA,NA,NA,NA,NA,NA,NA,NA,NA,NA,NA,NA,NA,NA,NA,NA,NA,NA,NA,NA,NA,NA,NA,"CA","rex sole","rex_sole",NA,NA,"700","total_catch_wt_kg ~ 0 + factor(year) + pass","delta_gamma","TRUE","iid, iid","04_8","2024","1455461.61291661","1147872.61528967","1845473.51200573","14.190833668008","0.121131195505141","index"
"820","820","820","820","820","820","820","820","820","820","820","820","820","820","820","820","820","820","820","820","820","820","820",NA,NA,NA,NA,NA,NA,NA,NA,NA,NA,NA,NA,NA,NA,NA,NA,NA,NA,NA,NA,NA,NA,NA,NA,NA,NA,NA,NA,NA,NA,NA,NA,NA,NA,NA,NA,NA,NA,NA,"CA","rex sole","rex_sole",NA,NA,"700","total_catch_wt_kg ~ 0 + factor(year) + pass","delta_gamma","TRUE","iid, iid","04_9","2003","1553398.75561642","1218929.27954037","1979645.36126372","14.2559558338964","0.123712702974041","index"
"821","821","821","821","821","821","821","821","821","821","821","821","821","821","821","821","821","821","821","821","821","821","821",NA,NA,NA,NA,NA,NA,NA,NA,NA,NA,NA,NA,NA,NA,NA,NA,NA,NA,NA,NA,NA,NA,NA,NA,NA,NA,NA,NA,NA,NA,NA,NA,NA,NA,NA,NA,NA,NA,NA,"CA","rex sole","rex_sole",NA,NA,"700","total_catch_wt_kg ~ 0 + factor(year) + pass","delta_gamma","TRUE","iid, iid","04_9","2004","1667806.81819605","1301298.47478329","2137541.56845873","14.3270200387644","0.126607881588183","index"
"822","822","822","822","822","822","822","822","822","822","822","822","822","822","822","822","822","822","822","822","822","822","822",NA,NA,NA,NA,NA,NA,NA,NA,NA,NA,NA,NA,NA,NA,NA,NA,NA,NA,NA,NA,NA,NA,NA,NA,NA,NA,NA,NA,NA,NA,NA,NA,NA,NA,NA,NA,NA,NA,NA,"CA","rex sole","rex_sole",NA,NA,"700","total_catch_wt_kg ~ 0 + factor(year) + pass","delta_gamma","TRUE","iid, iid","04_9","2005","1529487.3809616","1213660.62601205","1927500.65247444","14.2404431921053","0.118008051498285","index"
"823","823","823","823","823","823","823","823","823","823","823","823","823","823","823","823","823","823","823","823","823","823","823",NA,NA,NA,NA,NA,NA,NA,NA,NA,NA,NA,NA,NA,NA,NA,NA,NA,NA,NA,NA,NA,NA,NA,NA,NA,NA,NA,NA,NA,NA,NA,NA,NA,NA,NA,NA,NA,NA,NA,"CA","rex sole","rex_sole",NA,NA,"700","total_catch_wt_kg ~ 0 + factor(year) + pass","delta_gamma","TRUE","iid, iid","04_9","2006","1231053.46108278","971920.002031091","1559277.12247597","14.0233808332104","0.120589999334844","index"
"824","824","824","824","824","824","824","824","824","824","824","824","824","824","824","824","824","824","824","824","824","824","824",NA,NA,NA,NA,NA,NA,NA,NA,NA,NA,NA,NA,NA,NA,NA,NA,NA,NA,NA,NA,NA,NA,NA,NA,NA,NA,NA,NA,NA,NA,NA,NA,NA,NA,NA,NA,NA,NA,NA,"CA","rex sole","rex_sole",NA,NA,"700","total_catch_wt_kg ~ 0 + factor(year) + pass","delta_gamma","TRUE","iid, iid","04_9","2007","1116002.27982613","894503.80217153","1392348.56861825","13.9252634647763","0.112879131447565","index"
"825","825","825","825","825","825","825","825","825","825","825","825","825","825","825","825","825","825","825","825","825","825","825",NA,NA,NA,NA,NA,NA,NA,NA,NA,NA,NA,NA,NA,NA,NA,NA,NA,NA,NA,NA,NA,NA,NA,NA,NA,NA,NA,NA,NA,NA,NA,NA,NA,NA,NA,NA,NA,NA,NA,"CA","rex sole","rex_sole",NA,NA,"700","total_catch_wt_kg ~ 0 + factor(year) + pass","delta_gamma","TRUE","iid, iid","04_9","2008","807091.851073404","641230.868137721","1015854.4892901","13.6011927587101","0.117373543986271","index"
"826","826","826","826","826","826","826","826","826","826","826","826","826","826","826","826","826","826","826","826","826","826","826",NA,NA,NA,NA,NA,NA,NA,NA,NA,NA,NA,NA,NA,NA,NA,NA,NA,NA,NA,NA,NA,NA,NA,NA,NA,NA,NA,NA,NA,NA,NA,NA,NA,NA,NA,NA,NA,NA,NA,"CA","rex sole","rex_sole",NA,NA,"700","total_catch_wt_kg ~ 0 + factor(year) + pass","delta_gamma","TRUE","iid, iid","04_9","2009","832307.160279303","666442.656381082","1039452.08551609","13.6319568347001","0.113393643195093","index"
"827","827","827","827","827","827","827","827","827","827","827","827","827","827","827","827","827","827","827","827","827","827","827",NA,NA,NA,NA,NA,NA,NA,NA,NA,NA,NA,NA,NA,NA,NA,NA,NA,NA,NA,NA,NA,NA,NA,NA,NA,NA,NA,NA,NA,NA,NA,NA,NA,NA,NA,NA,NA,NA,NA,"CA","rex sole","rex_sole",NA,NA,"700","total_catch_wt_kg ~ 0 + factor(year) + pass","delta_gamma","TRUE","iid, iid","04_9","2010","959621.321961362","773259.258422533","1190898.2291935","13.7742940293354","0.11016751694145","index"
"828","828","828","828","828","828","828","828","828","828","828","828","828","828","828","828","828","828","828","828","828","828","828",NA,NA,NA,NA,NA,NA,NA,NA,NA,NA,NA,NA,NA,NA,NA,NA,NA,NA,NA,NA,NA,NA,NA,NA,NA,NA,NA,NA,NA,NA,NA,NA,NA,NA,NA,NA,NA,NA,NA,"CA","rex sole","rex_sole",NA,NA,"700","total_catch_wt_kg ~ 0 + factor(year) + pass","delta_gamma","TRUE","iid, iid","04_9","2011","922329.357905563","739051.43718158","1151058.50777945","13.7346576599062","0.113030066053001","index"
"829","829","829","829","829","829","829","829","829","829","829","829","829","829","829","829","829","829","829","829","829","829","829",NA,NA,NA,NA,NA,NA,NA,NA,NA,NA,NA,NA,NA,NA,NA,NA,NA,NA,NA,NA,NA,NA,NA,NA,NA,NA,NA,NA,NA,NA,NA,NA,NA,NA,NA,NA,NA,NA,NA,"CA","rex sole","rex_sole",NA,NA,"700","total_catch_wt_kg ~ 0 + factor(year) + pass","delta_gamma","TRUE","iid, iid","04_9","2012","1258811.67157776","1013938.06302959","1562824.08391462","14.0456787161168","0.110372608058278","index"
"830","830","830","830","830","830","830","830","830","830","830","830","830","830","830","830","830","830","830","830","830","830","830",NA,NA,NA,NA,NA,NA,NA,NA,NA,NA,NA,NA,NA,NA,NA,NA,NA,NA,NA,NA,NA,NA,NA,NA,NA,NA,NA,NA,NA,NA,NA,NA,NA,NA,NA,NA,NA,NA,NA,"CA","rex sole","rex_sole",NA,NA,"700","total_catch_wt_kg ~ 0 + factor(year) + pass","delta_gamma","TRUE","iid, iid","04_9","2013","1446524.05522886","1142856.85406859","1830878.32470588","14.1846740332143","0.120222788364571","index"
"831","831","831","831","831","831","831","831","831","831","831","831","831","831","831","831","831","831","831","831","831","831","831",NA,NA,NA,NA,NA,NA,NA,NA,NA,NA,NA,NA,NA,NA,NA,NA,NA,NA,NA,NA,NA,NA,NA,NA,NA,NA,NA,NA,NA,NA,NA,NA,NA,NA,NA,NA,NA,NA,NA,"CA","rex sole","rex_sole",NA,NA,"700","total_catch_wt_kg ~ 0 + factor(year) + pass","delta_gamma","TRUE","iid, iid","04_9","2014","1488624.47717794","1208397.32377455","1833836.26432685","14.2133630818588","0.106408877763465","index"
"832","832","832","832","832","832","832","832","832","832","832","832","832","832","832","832","832","832","832","832","832","832","832",NA,NA,NA,NA,NA,NA,NA,NA,NA,NA,NA,NA,NA,NA,NA,NA,NA,NA,NA,NA,NA,NA,NA,NA,NA,NA,NA,NA,NA,NA,NA,NA,NA,NA,NA,NA,NA,NA,NA,"CA","rex sole","rex_sole",NA,NA,"700","total_catch_wt_kg ~ 0 + factor(year) + pass","delta_gamma","TRUE","iid, iid","04_9","2015","1777109.9653171","1429566.82641968","2209144.59573659","14.3904989877866","0.111031096358819","index"
"833","833","833","833","833","833","833","833","833","833","833","833","833","833","833","833","833","833","833","833","833","833","833",NA,NA,NA,NA,NA,NA,NA,NA,NA,NA,NA,NA,NA,NA,NA,NA,NA,NA,NA,NA,NA,NA,NA,NA,NA,NA,NA,NA,NA,NA,NA,NA,NA,NA,NA,NA,NA,NA,NA,"CA","rex sole","rex_sole",NA,NA,"700","total_catch_wt_kg ~ 0 + factor(year) + pass","delta_gamma","TRUE","iid, iid","04_9","2016","1696433.05926259","1364698.67057984","2108806.27833855","14.3440384042862","0.111019487054418","index"
"834","834","834","834","834","834","834","834","834","834","834","834","834","834","834","834","834","834","834","834","834","834","834",NA,NA,NA,NA,NA,NA,NA,NA,NA,NA,NA,NA,NA,NA,NA,NA,NA,NA,NA,NA,NA,NA,NA,NA,NA,NA,NA,NA,NA,NA,NA,NA,NA,NA,NA,NA,NA,NA,NA,"CA","rex sole","rex_sole",NA,NA,"700","total_catch_wt_kg ~ 0 + factor(year) + pass","delta_gamma","TRUE","iid, iid","04_9","2017","1574297.66509335","1262146.29971736","1963649.64891421","14.269319803862","0.112754909460094","index"
"835","835","835","835","835","835","835","835","835","835","835","835","835","835","835","835","835","835","835","835","835","835","835",NA,NA,NA,NA,NA,NA,NA,NA,NA,NA,NA,NA,NA,NA,NA,NA,NA,NA,NA,NA,NA,NA,NA,NA,NA,NA,NA,NA,NA,NA,NA,NA,NA,NA,NA,NA,NA,NA,NA,"CA","rex sole","rex_sole",NA,NA,"700","total_catch_wt_kg ~ 0 + factor(year) + pass","delta_gamma","TRUE","iid, iid","04_9","2018","2008975.15382089","1616237.61897356","2497145.91548293","14.5131352762845","0.110983533015211","index"
"836","836","836","836","836","836","836","836","836","836","836","836","836","836","836","836","836","836","836","836","836","836","836",NA,NA,NA,NA,NA,NA,NA,NA,NA,NA,NA,NA,NA,NA,NA,NA,NA,NA,NA,NA,NA,NA,NA,NA,NA,NA,NA,NA,NA,NA,NA,NA,NA,NA,NA,NA,NA,NA,NA,"CA","rex sole","rex_sole",NA,NA,"700","total_catch_wt_kg ~ 0 + factor(year) + pass","delta_gamma","TRUE","iid, iid","04_9","2019","1574350.12031959","1188115.72766812","2086142.15234314","14.2693531230707","0.143611789435186","index"
"837","837","837","837","837","837","837","837","837","837","837","837","837","837","837","837","837","837","837","837","837","837","837",NA,NA,NA,NA,NA,NA,NA,NA,NA,NA,NA,NA,NA,NA,NA,NA,NA,NA,NA,NA,NA,NA,NA,NA,NA,NA,NA,NA,NA,NA,NA,NA,NA,NA,NA,NA,NA,NA,NA,"CA","rex sole","rex_sole",NA,NA,"700","total_catch_wt_kg ~ 0 + factor(year) + pass","delta_gamma","TRUE","iid, iid","04_9","2021","1602964.60873566","1286384.45289276","1997455.37275493","14.2873653532043","0.112256788060767","index"
"838","838","838","838","838","838","838","838","838","838","838","838","838","838","838","838","838","838","838","838","838","838","838",NA,NA,NA,NA,NA,NA,NA,NA,NA,NA,NA,NA,NA,NA,NA,NA,NA,NA,NA,NA,NA,NA,NA,NA,NA,NA,NA,NA,NA,NA,NA,NA,NA,NA,NA,NA,NA,NA,NA,"CA","rex sole","rex_sole",NA,NA,"700","total_catch_wt_kg ~ 0 + factor(year) + pass","delta_gamma","TRUE","iid, iid","04_9","2022","1668784.40315859","1320716.18608364","2108584.27690155","14.3276060170432","0.119349797366776","index"
"839","839","839","839","839","839","839","839","839","839","839","839","839","839","839","839","839","839","839","839","839","839","839",NA,NA,NA,NA,NA,NA,NA,NA,NA,NA,NA,NA,NA,NA,NA,NA,NA,NA,NA,NA,NA,NA,NA,NA,NA,NA,NA,NA,NA,NA,NA,NA,NA,NA,NA,NA,NA,NA,NA,"CA","rex sole","rex_sole",NA,NA,"700","total_catch_wt_kg ~ 0 + factor(year) + pass","delta_gamma","TRUE","iid, iid","04_9","2023","1806312.22974881","1446952.66596134","2254920.94392207","14.4067978827055","0.113179421265357","index"
"840","840","840","840","840","840","840","840","840","840","840","840","840","840","840","840","840","840","840","840","840","840","840",NA,NA,NA,NA,NA,NA,NA,NA,NA,NA,NA,NA,NA,NA,NA,NA,NA,NA,NA,NA,NA,NA,NA,NA,NA,NA,NA,NA,NA,NA,NA,NA,NA,NA,NA,NA,NA,NA,NA,"CA","rex sole","rex_sole",NA,NA,"700","total_catch_wt_kg ~ 0 + factor(year) + pass","delta_gamma","TRUE","iid, iid","04_9","2024","1442581.0357881","1154293.86726732","1802868.49287535","14.1819444531093","0.113749594494688","index"
"841","841","841","841","841","841","841","841","841","841","841","841","841","841","841","841","841","841","841","841","841","841",NA,NA,NA,NA,NA,NA,NA,NA,NA,NA,NA,NA,NA,NA,NA,NA,NA,NA,NA,NA,NA,NA,NA,NA,NA,NA,NA,NA,NA,NA,NA,NA,NA,NA,NA,NA,NA,NA,NA,NA,"CA","rex sole","rex_sole",NA,NA,"700","total_catch_wt_kg ~ 0 + factor(year) + pass","delta_gamma","TRUE","iid, iid","05_1","2003","1730888.20195691","1384534.80832486","2163884.90174431","14.3641452462591","0.113915605236781","index"
"842","842","842","842","842","842","842","842","842","842","842","842","842","842","842","842","842","842","842","842","842","842",NA,NA,NA,NA,NA,NA,NA,NA,NA,NA,NA,NA,NA,NA,NA,NA,NA,NA,NA,NA,NA,NA,NA,NA,NA,NA,NA,NA,NA,NA,NA,NA,NA,NA,NA,NA,NA,NA,NA,NA,"CA","rex sole","rex_sole",NA,NA,"700","total_catch_wt_kg ~ 0 + factor(year) + pass","delta_gamma","TRUE","iid, iid","05_1","2004","1611806.76082457","1261801.31583965","2058898.65672792","14.2928663194441","0.1249081348583","index"
"843","843","843","843","843","843","843","843","843","843","843","843","843","843","843","843","843","843","843","843","843","843",NA,NA,NA,NA,NA,NA,NA,NA,NA,NA,NA,NA,NA,NA,NA,NA,NA,NA,NA,NA,NA,NA,NA,NA,NA,NA,NA,NA,NA,NA,NA,NA,NA,NA,NA,NA,NA,NA,NA,NA,"CA","rex sole","rex_sole",NA,NA,"700","total_catch_wt_kg ~ 0 + factor(year) + pass","delta_gamma","TRUE","iid, iid","05_1","2005","1533658.13201529","1242014.36907322","1893784.26245725","14.2431663755868","0.107614867691324","index"
"844","844","844","844","844","844","844","844","844","844","844","844","844","844","844","844","844","844","844","844","844","844",NA,NA,NA,NA,NA,NA,NA,NA,NA,NA,NA,NA,NA,NA,NA,NA,NA,NA,NA,NA,NA,NA,NA,NA,NA,NA,NA,NA,NA,NA,NA,NA,NA,NA,NA,NA,NA,NA,NA,NA,"CA","rex sole","rex_sole",NA,NA,"700","total_catch_wt_kg ~ 0 + factor(year) + pass","delta_gamma","TRUE","iid, iid","05_1","2006","1181847.57242141","958267.834099739","1457592.16237346","13.9825895112902","0.106995291118082","index"
"845","845","845","845","845","845","845","845","845","845","845","845","845","845","845","845","845","845","845","845","845","845",NA,NA,NA,NA,NA,NA,NA,NA,NA,NA,NA,NA,NA,NA,NA,NA,NA,NA,NA,NA,NA,NA,NA,NA,NA,NA,NA,NA,NA,NA,NA,NA,NA,NA,NA,NA,NA,NA,NA,NA,"CA","rex sole","rex_sole",NA,NA,"700","total_catch_wt_kg ~ 0 + factor(year) + pass","delta_gamma","TRUE","iid, iid","05_1","2007","1186636.61342357","969270.281985148","1452749.02004984","13.9866334880727","0.103233890475534","index"
"846","846","846","846","846","846","846","846","846","846","846","846","846","846","846","846","846","846","846","846","846","846",NA,NA,NA,NA,NA,NA,NA,NA,NA,NA,NA,NA,NA,NA,NA,NA,NA,NA,NA,NA,NA,NA,NA,NA,NA,NA,NA,NA,NA,NA,NA,NA,NA,NA,NA,NA,NA,NA,NA,NA,"CA","rex sole","rex_sole",NA,NA,"700","total_catch_wt_kg ~ 0 + factor(year) + pass","delta_gamma","TRUE","iid, iid","05_1","2008","651762.711167355","527845.763236061","804770.372814845","13.3874358347392","0.107591992236245","index"
"847","847","847","847","847","847","847","847","847","847","847","847","847","847","847","847","847","847","847","847","847","847",NA,NA,NA,NA,NA,NA,NA,NA,NA,NA,NA,NA,NA,NA,NA,NA,NA,NA,NA,NA,NA,NA,NA,NA,NA,NA,NA,NA,NA,NA,NA,NA,NA,NA,NA,NA,NA,NA,NA,NA,"CA","rex sole","rex_sole",NA,NA,"700","total_catch_wt_kg ~ 0 + factor(year) + pass","delta_gamma","TRUE","iid, iid","05_1","2009","703015.735295119","572275.397879553","863624.621823351","13.4631345536079","0.104980977156509","index"
"848","848","848","848","848","848","848","848","848","848","848","848","848","848","848","848","848","848","848","848","848","848",NA,NA,NA,NA,NA,NA,NA,NA,NA,NA,NA,NA,NA,NA,NA,NA,NA,NA,NA,NA,NA,NA,NA,NA,NA,NA,NA,NA,NA,NA,NA,NA,NA,NA,NA,NA,NA,NA,NA,NA,"CA","rex sole","rex_sole",NA,NA,"700","total_catch_wt_kg ~ 0 + factor(year) + pass","delta_gamma","TRUE","iid, iid","05_1","2010","889712.863958798","728924.659156246","1085968.17291112","13.6986540648884","0.101700035826579","index"
"849","849","849","849","849","849","849","849","849","849","849","849","849","849","849","849","849","849","849","849","849","849",NA,NA,NA,NA,NA,NA,NA,NA,NA,NA,NA,NA,NA,NA,NA,NA,NA,NA,NA,NA,NA,NA,NA,NA,NA,NA,NA,NA,NA,NA,NA,NA,NA,NA,NA,NA,NA,NA,NA,NA,"CA","rex sole","rex_sole",NA,NA,"700","total_catch_wt_kg ~ 0 + factor(year) + pass","delta_gamma","TRUE","iid, iid","05_1","2011","920751.171698865","749811.38889026","1130661.30062331","13.7329451068548","0.104781585819264","index"
"850","850","850","850","850","850","850","850","850","850","850","850","850","850","850","850","850","850","850","850","850","850",NA,NA,NA,NA,NA,NA,NA,NA,NA,NA,NA,NA,NA,NA,NA,NA,NA,NA,NA,NA,NA,NA,NA,NA,NA,NA,NA,NA,NA,NA,NA,NA,NA,NA,NA,NA,NA,NA,NA,NA,"CA","rex sole","rex_sole",NA,NA,"700","total_catch_wt_kg ~ 0 + factor(year) + pass","delta_gamma","TRUE","iid, iid","05_1","2012","946959.923162914","777249.411843392","1153726.31025856","13.761012051487","0.100764851721215","index"
"851","851","851","851","851","851","851","851","851","851","851","851","851","851","851","851","851","851","851","851","851","851",NA,NA,NA,NA,NA,NA,NA,NA,NA,NA,NA,NA,NA,NA,NA,NA,NA,NA,NA,NA,NA,NA,NA,NA,NA,NA,NA,NA,NA,NA,NA,NA,NA,NA,NA,NA,NA,NA,NA,NA,"CA","rex sole","rex_sole",NA,NA,"700","total_catch_wt_kg ~ 0 + factor(year) + pass","delta_gamma","TRUE","iid, iid","05_1","2013","1204079.7495629","963695.820430628","1504424.95709861","14.0012261398358","0.113622064877206","index"
"852","852","852","852","852","852","852","852","852","852","852","852","852","852","852","852","852","852","852","852","852","852",NA,NA,NA,NA,NA,NA,NA,NA,NA,NA,NA,NA,NA,NA,NA,NA,NA,NA,NA,NA,NA,NA,NA,NA,NA,NA,NA,NA,NA,NA,NA,NA,NA,NA,NA,NA,NA,NA,NA,NA,"CA","rex sole","rex_sole",NA,NA,"700","total_catch_wt_kg ~ 0 + factor(year) + pass","delta_gamma","TRUE","iid, iid","05_1","2014","1356224.10166663","1110549.07767398","1656247.21222939","14.1202150005432","0.101966100686619","index"
"853","853","853","853","853","853","853","853","853","853","853","853","853","853","853","853","853","853","853","853","853","853",NA,NA,NA,NA,NA,NA,NA,NA,NA,NA,NA,NA,NA,NA,NA,NA,NA,NA,NA,NA,NA,NA,NA,NA,NA,NA,NA,NA,NA,NA,NA,NA,NA,NA,NA,NA,NA,NA,NA,NA,"CA","rex sole","rex_sole",NA,NA,"700","total_catch_wt_kg ~ 0 + factor(year) + pass","delta_gamma","TRUE","iid, iid","05_1","2015","1660071.29071161","1362578.66883822","2022515.65599118","14.3223711056224","0.100757751025275","index"
"854","854","854","854","854","854","854","854","854","854","854","854","854","854","854","854","854","854","854","854","854","854",NA,NA,NA,NA,NA,NA,NA,NA,NA,NA,NA,NA,NA,NA,NA,NA,NA,NA,NA,NA,NA,NA,NA,NA,NA,NA,NA,NA,NA,NA,NA,NA,NA,NA,NA,NA,NA,NA,NA,NA,"CA","rex sole","rex_sole",NA,NA,"700","total_catch_wt_kg ~ 0 + factor(year) + pass","delta_gamma","TRUE","iid, iid","05_1","2016","1698884.2920285","1395023.50694195","2068931.3286398","14.3454822947613","0.100542904035816","index"
"855","855","855","855","855","855","855","855","855","855","855","855","855","855","855","855","855","855","855","855","855","855",NA,NA,NA,NA,NA,NA,NA,NA,NA,NA,NA,NA,NA,NA,NA,NA,NA,NA,NA,NA,NA,NA,NA,NA,NA,NA,NA,NA,NA,NA,NA,NA,NA,NA,NA,NA,NA,NA,NA,NA,"CA","rex sole","rex_sole",NA,NA,"700","total_catch_wt_kg ~ 0 + factor(year) + pass","delta_gamma","TRUE","iid, iid","05_1","2017","1684752.05706184","1381652.6397813","2054343.77067696","14.3371289637971","0.101194746269982","index"
"856","856","856","856","856","856","856","856","856","856","856","856","856","856","856","856","856","856","856","856","856","856",NA,NA,NA,NA,NA,NA,NA,NA,NA,NA,NA,NA,NA,NA,NA,NA,NA,NA,NA,NA,NA,NA,NA,NA,NA,NA,NA,NA,NA,NA,NA,NA,NA,NA,NA,NA,NA,NA,NA,NA,"CA","rex sole","rex_sole",NA,NA,"700","total_catch_wt_kg ~ 0 + factor(year) + pass","delta_gamma","TRUE","iid, iid","05_1","2018","1793728.51999894","1469788.32667071","2189064.87762467","14.3998069835049","0.101623311525876","index"
"857","857","857","857","857","857","857","857","857","857","857","857","857","857","857","857","857","857","857","857","857","857",NA,NA,NA,NA,NA,NA,NA,NA,NA,NA,NA,NA,NA,NA,NA,NA,NA,NA,NA,NA,NA,NA,NA,NA,NA,NA,NA,NA,NA,NA,NA,NA,NA,NA,NA,NA,NA,NA,NA,NA,"CA","rex sole","rex_sole",NA,NA,"700","total_catch_wt_kg ~ 0 + factor(year) + pass","delta_gamma","TRUE","iid, iid","05_1","2019","1676068.09171392","1299325.30919456","2162048.43250761","14.3319611867132","0.129903148190683","index"
"858","858","858","858","858","858","858","858","858","858","858","858","858","858","858","858","858","858","858","858","858","858",NA,NA,NA,NA,NA,NA,NA,NA,NA,NA,NA,NA,NA,NA,NA,NA,NA,NA,NA,NA,NA,NA,NA,NA,NA,NA,NA,NA,NA,NA,NA,NA,NA,NA,NA,NA,NA,NA,NA,NA,"CA","rex sole","rex_sole",NA,NA,"700","total_catch_wt_kg ~ 0 + factor(year) + pass","delta_gamma","TRUE","iid, iid","05_1","2021","1458687.35506264","1199318.70497672","1774147.9316467","14.1930475174021","0.0998912792630934","index"
"859","859","859","859","859","859","859","859","859","859","859","859","859","859","859","859","859","859","859","859","859","859",NA,NA,NA,NA,NA,NA,NA,NA,NA,NA,NA,NA,NA,NA,NA,NA,NA,NA,NA,NA,NA,NA,NA,NA,NA,NA,NA,NA,NA,NA,NA,NA,NA,NA,NA,NA,NA,NA,NA,NA,"CA","rex sole","rex_sole",NA,NA,"700","total_catch_wt_kg ~ 0 + factor(year) + pass","delta_gamma","TRUE","iid, iid","05_1","2022","1534769.18226627","1244937.2321624","1892076.46938379","14.2438905578376","0.106785067895292","index"
"860","860","860","860","860","860","860","860","860","860","860","860","860","860","860","860","860","860","860","860","860","860",NA,NA,NA,NA,NA,NA,NA,NA,NA,NA,NA,NA,NA,NA,NA,NA,NA,NA,NA,NA,NA,NA,NA,NA,NA,NA,NA,NA,NA,NA,NA,NA,NA,NA,NA,NA,NA,NA,NA,NA,"CA","rex sole","rex_sole",NA,NA,"700","total_catch_wt_kg ~ 0 + factor(year) + pass","delta_gamma","TRUE","iid, iid","05_1","2023","1553587.91797658","1269048.19213908","1901925.73759901","14.2560775996974","0.103216119708683","index"
"861","861","861","861","861","861","861","861","861","861","861","861","861","861","861","861","861","861","861","861","861","861",NA,NA,NA,NA,NA,NA,NA,NA,NA,NA,NA,NA,NA,NA,NA,NA,NA,NA,NA,NA,NA,NA,NA,NA,NA,NA,NA,NA,NA,NA,NA,NA,NA,NA,NA,NA,NA,NA,NA,NA,"CA","rex sole","rex_sole",NA,NA,"700","total_catch_wt_kg ~ 0 + factor(year) + pass","delta_gamma","TRUE","iid, iid","05_1","2024","1258395.0969954","1025065.95207852","1544835.44881291","14.0453477344975","0.104634689279625","index"
"862","862","862","862","862","862","862","862","862","862","862","862","862","862","862","862","862","862","862","862","862",NA,NA,NA,NA,NA,NA,NA,NA,NA,NA,NA,NA,NA,NA,NA,NA,NA,NA,NA,NA,NA,NA,NA,NA,NA,NA,NA,NA,NA,NA,NA,NA,NA,NA,NA,NA,NA,NA,NA,NA,NA,"CA","rex sole","rex_sole",NA,NA,"700","total_catch_wt_kg ~ 0 + factor(year) + pass","delta_gamma","TRUE","iid, iid","05_10","2003","1714038.16224512","1353600.29876285","2170453.73314249","14.3543626429125","0.120453312521752","index"
"863","863","863","863","863","863","863","863","863","863","863","863","863","863","863","863","863","863","863","863","863",NA,NA,NA,NA,NA,NA,NA,NA,NA,NA,NA,NA,NA,NA,NA,NA,NA,NA,NA,NA,NA,NA,NA,NA,NA,NA,NA,NA,NA,NA,NA,NA,NA,NA,NA,NA,NA,NA,NA,NA,NA,"CA","rex sole","rex_sole",NA,NA,"700","total_catch_wt_kg ~ 0 + factor(year) + pass","delta_gamma","TRUE","iid, iid","05_10","2004","1663753.0019576","1310828.76993754","2111697.66410819","14.324586453022","0.121643209240497","index"
"864","864","864","864","864","864","864","864","864","864","864","864","864","864","864","864","864","864","864","864","864",NA,NA,NA,NA,NA,NA,NA,NA,NA,NA,NA,NA,NA,NA,NA,NA,NA,NA,NA,NA,NA,NA,NA,NA,NA,NA,NA,NA,NA,NA,NA,NA,NA,NA,NA,NA,NA,NA,NA,NA,NA,"CA","rex sole","rex_sole",NA,NA,"700","total_catch_wt_kg ~ 0 + factor(year) + pass","delta_gamma","TRUE","iid, iid","05_10","2005","1764665.77051188","1426569.80358538","2182890.22646476","14.3834718652686","0.108516526346655","index"
"865","865","865","865","865","865","865","865","865","865","865","865","865","865","865","865","865","865","865","865","865",NA,NA,NA,NA,NA,NA,NA,NA,NA,NA,NA,NA,NA,NA,NA,NA,NA,NA,NA,NA,NA,NA,NA,NA,NA,NA,NA,NA,NA,NA,NA,NA,NA,NA,NA,NA,NA,NA,NA,NA,NA,"CA","rex sole","rex_sole",NA,NA,"700","total_catch_wt_kg ~ 0 + factor(year) + pass","delta_gamma","TRUE","iid, iid","05_10","2006","1536908.41494586","1254742.65481301","1882527.43849169","14.2452834338526","0.103492912041918","index"
"866","866","866","866","866","866","866","866","866","866","866","866","866","866","866","866","866","866","866","866","866",NA,NA,NA,NA,NA,NA,NA,NA,NA,NA,NA,NA,NA,NA,NA,NA,NA,NA,NA,NA,NA,NA,NA,NA,NA,NA,NA,NA,NA,NA,NA,NA,NA,NA,NA,NA,NA,NA,NA,NA,NA,"CA","rex sole","rex_sole",NA,NA,"700","total_catch_wt_kg ~ 0 + factor(year) + pass","delta_gamma","TRUE","iid, iid","05_10","2007","1355657.08240141","1102168.55276389","1667445.61932607","14.1197968264161","0.105617562036101","index"
"867","867","867","867","867","867","867","867","867","867","867","867","867","867","867","867","867","867","867","867","867",NA,NA,NA,NA,NA,NA,NA,NA,NA,NA,NA,NA,NA,NA,NA,NA,NA,NA,NA,NA,NA,NA,NA,NA,NA,NA,NA,NA,NA,NA,NA,NA,NA,NA,NA,NA,NA,NA,NA,NA,NA,"CA","rex sole","rex_sole",NA,NA,"700","total_catch_wt_kg ~ 0 + factor(year) + pass","delta_gamma","TRUE","iid, iid","05_10","2008","950267.785969806","770671.083217014","1171717.59096309","13.7644991038242","0.106880613403519","index"
"868","868","868","868","868","868","868","868","868","868","868","868","868","868","868","868","868","868","868","868","868",NA,NA,NA,NA,NA,NA,NA,NA,NA,NA,NA,NA,NA,NA,NA,NA,NA,NA,NA,NA,NA,NA,NA,NA,NA,NA,NA,NA,NA,NA,NA,NA,NA,NA,NA,NA,NA,NA,NA,NA,NA,"CA","rex sole","rex_sole",NA,NA,"700","total_catch_wt_kg ~ 0 + factor(year) + pass","delta_gamma","TRUE","iid, iid","05_10","2009","915456.919017088","745630.281031819","1123963.70144267","13.7271785846624","0.104692449341044","index"
"869","869","869","869","869","869","869","869","869","869","869","869","869","869","869","869","869","869","869","869","869",NA,NA,NA,NA,NA,NA,NA,NA,NA,NA,NA,NA,NA,NA,NA,NA,NA,NA,NA,NA,NA,NA,NA,NA,NA,NA,NA,NA,NA,NA,NA,NA,NA,NA,NA,NA,NA,NA,NA,NA,NA,"CA","rex sole","rex_sole",NA,NA,"700","total_catch_wt_kg ~ 0 + factor(year) + pass","delta_gamma","TRUE","iid, iid","05_10","2010","1009361.47949652","827883.971095373","1230620.02872626","13.8248284903774","0.101124408366706","index"
"870","870","870","870","870","870","870","870","870","870","870","870","870","870","870","870","870","870","870","870","870",NA,NA,NA,NA,NA,NA,NA,NA,NA,NA,NA,NA,NA,NA,NA,NA,NA,NA,NA,NA,NA,NA,NA,NA,NA,NA,NA,NA,NA,NA,NA,NA,NA,NA,NA,NA,NA,NA,NA,NA,NA,"CA","rex sole","rex_sole",NA,NA,"700","total_catch_wt_kg ~ 0 + factor(year) + pass","delta_gamma","TRUE","iid, iid","05_10","2011","1046904.53450146","857672.794751781","1277887.22117147","13.8613483056587","0.101721439574845","index"
"871","871","871","871","871","871","871","871","871","871","871","871","871","871","871","871","871","871","871","871","871",NA,NA,NA,NA,NA,NA,NA,NA,NA,NA,NA,NA,NA,NA,NA,NA,NA,NA,NA,NA,NA,NA,NA,NA,NA,NA,NA,NA,NA,NA,NA,NA,NA,NA,NA,NA,NA,NA,NA,NA,NA,"CA","rex sole","rex_sole",NA,NA,"700","total_catch_wt_kg ~ 0 + factor(year) + pass","delta_gamma","TRUE","iid, iid","05_10","2012","1109737.03003793","914540.812822229","1346595.20774913","13.9196336353452","0.0987039876698921","index"
"872","872","872","872","872","872","872","872","872","872","872","872","872","872","872","872","872","872","872","872","872",NA,NA,NA,NA,NA,NA,NA,NA,NA,NA,NA,NA,NA,NA,NA,NA,NA,NA,NA,NA,NA,NA,NA,NA,NA,NA,NA,NA,NA,NA,NA,NA,NA,NA,NA,NA,NA,NA,NA,NA,NA,"CA","rex sole","rex_sole",NA,NA,"700","total_catch_wt_kg ~ 0 + factor(year) + pass","delta_gamma","TRUE","iid, iid","05_10","2013","1372268.63390273","1110501.30290105","1695739.75165436","14.1319758654074","0.107988601578756","index"
"873","873","873","873","873","873","873","873","873","873","873","873","873","873","873","873","873","873","873","873","873",NA,NA,NA,NA,NA,NA,NA,NA,NA,NA,NA,NA,NA,NA,NA,NA,NA,NA,NA,NA,NA,NA,NA,NA,NA,NA,NA,NA,NA,NA,NA,NA,NA,NA,NA,NA,NA,NA,NA,NA,NA,"CA","rex sole","rex_sole",NA,NA,"700","total_catch_wt_kg ~ 0 + factor(year) + pass","delta_gamma","TRUE","iid, iid","05_10","2014","1617855.71453982","1332589.0804322","1964189.22494865","14.2966121974325","0.0989701413231317","index"
"874","874","874","874","874","874","874","874","874","874","874","874","874","874","874","874","874","874","874","874","874",NA,NA,NA,NA,NA,NA,NA,NA,NA,NA,NA,NA,NA,NA,NA,NA,NA,NA,NA,NA,NA,NA,NA,NA,NA,NA,NA,NA,NA,NA,NA,NA,NA,NA,NA,NA,NA,NA,NA,NA,NA,"CA","rex sole","rex_sole",NA,NA,"700","total_catch_wt_kg ~ 0 + factor(year) + pass","delta_gamma","TRUE","iid, iid","05_10","2015","1816888.85126244","1486150.59631375","2221231.88997789","14.4126361739401","0.102520420265743","index"
"875","875","875","875","875","875","875","875","875","875","875","875","875","875","875","875","875","875","875","875","875",NA,NA,NA,NA,NA,NA,NA,NA,NA,NA,NA,NA,NA,NA,NA,NA,NA,NA,NA,NA,NA,NA,NA,NA,NA,NA,NA,NA,NA,NA,NA,NA,NA,NA,NA,NA,NA,NA,NA,NA,NA,"CA","rex sole","rex_sole",NA,NA,"700","total_catch_wt_kg ~ 0 + factor(year) + pass","delta_gamma","TRUE","iid, iid","05_10","2016","2012672.92416235","1653581.72012446","2449744.24327292","14.5149742096331","0.100267136788222","index"
"876","876","876","876","876","876","876","876","876","876","876","876","876","876","876","876","876","876","876","876","876",NA,NA,NA,NA,NA,NA,NA,NA,NA,NA,NA,NA,NA,NA,NA,NA,NA,NA,NA,NA,NA,NA,NA,NA,NA,NA,NA,NA,NA,NA,NA,NA,NA,NA,NA,NA,NA,NA,NA,NA,NA,"CA","rex sole","rex_sole",NA,NA,"700","total_catch_wt_kg ~ 0 + factor(year) + pass","delta_gamma","TRUE","iid, iid","05_10","2017","1728139.92635061","1420889.97613965","2101828.89259372","14.3625562009651","0.099880521016381","index"
"877","877","877","877","877","877","877","877","877","877","877","877","877","877","877","877","877","877","877","877","877",NA,NA,NA,NA,NA,NA,NA,NA,NA,NA,NA,NA,NA,NA,NA,NA,NA,NA,NA,NA,NA,NA,NA,NA,NA,NA,NA,NA,NA,NA,NA,NA,NA,NA,NA,NA,NA,NA,NA,NA,NA,"CA","rex sole","rex_sole",NA,NA,"700","total_catch_wt_kg ~ 0 + factor(year) + pass","delta_gamma","TRUE","iid, iid","05_10","2018","2087508.52433221","1705289.71242907","2555396.77944367","14.5514818192112","0.103183653999829","index"
"878","878","878","878","878","878","878","878","878","878","878","878","878","878","878","878","878","878","878","878","878",NA,NA,NA,NA,NA,NA,NA,NA,NA,NA,NA,NA,NA,NA,NA,NA,NA,NA,NA,NA,NA,NA,NA,NA,NA,NA,NA,NA,NA,NA,NA,NA,NA,NA,NA,NA,NA,NA,NA,NA,NA,"CA","rex sole","rex_sole",NA,NA,"700","total_catch_wt_kg ~ 0 + factor(year) + pass","delta_gamma","TRUE","iid, iid","05_10","2019","1820272.33940408","1379245.91577805","2402320.97242099","14.4144966848937","0.141558323082638","index"
"879","879","879","879","879","879","879","879","879","879","879","879","879","879","879","879","879","879","879","879","879",NA,NA,NA,NA,NA,NA,NA,NA,NA,NA,NA,NA,NA,NA,NA,NA,NA,NA,NA,NA,NA,NA,NA,NA,NA,NA,NA,NA,NA,NA,NA,NA,NA,NA,NA,NA,NA,NA,NA,NA,NA,"CA","rex sole","rex_sole",NA,NA,"700","total_catch_wt_kg ~ 0 + factor(year) + pass","delta_gamma","TRUE","iid, iid","05_10","2021","1714606.37466032","1407144.81374843","2089248.37820663","14.3546940930901","0.100828811180113","index"
"880","880","880","880","880","880","880","880","880","880","880","880","880","880","880","880","880","880","880","880","880",NA,NA,NA,NA,NA,NA,NA,NA,NA,NA,NA,NA,NA,NA,NA,NA,NA,NA,NA,NA,NA,NA,NA,NA,NA,NA,NA,NA,NA,NA,NA,NA,NA,NA,NA,NA,NA,NA,NA,NA,NA,"CA","rex sole","rex_sole",NA,NA,"700","total_catch_wt_kg ~ 0 + factor(year) + pass","delta_gamma","TRUE","iid, iid","05_10","2022","1775455.88175348","1438485.27283886","2191363.12868331","14.3895677827059","0.107382870452934","index"
"881","881","881","881","881","881","881","881","881","881","881","881","881","881","881","881","881","881","881","881","881",NA,NA,NA,NA,NA,NA,NA,NA,NA,NA,NA,NA,NA,NA,NA,NA,NA,NA,NA,NA,NA,NA,NA,NA,NA,NA,NA,NA,NA,NA,NA,NA,NA,NA,NA,NA,NA,NA,NA,NA,NA,"CA","rex sole","rex_sole",NA,NA,"700","total_catch_wt_kg ~ 0 + factor(year) + pass","delta_gamma","TRUE","iid, iid","05_10","2023","1550068.81369745","1265557.56484982","1898541.31801782","14.2538098838438","0.103464420611714","index"
"882","882","882","882","882","882","882","882","882","882","882","882","882","882","882","882","882","882","882","882","882",NA,NA,NA,NA,NA,NA,NA,NA,NA,NA,NA,NA,NA,NA,NA,NA,NA,NA,NA,NA,NA,NA,NA,NA,NA,NA,NA,NA,NA,NA,NA,NA,NA,NA,NA,NA,NA,NA,NA,NA,NA,"CA","rex sole","rex_sole",NA,NA,"700","total_catch_wt_kg ~ 0 + factor(year) + pass","delta_gamma","TRUE","iid, iid","05_10","2024","1441324.70858388","1170781.51897113","1774384.78649715","14.1810731851865","0.10606885540197","index"
"883","883","883","883","883","883","883","883","883","883","883","883","883","883","883","883","883","883","883","883",NA,NA,NA,NA,NA,NA,NA,NA,NA,NA,NA,NA,NA,NA,NA,NA,NA,NA,NA,NA,NA,NA,NA,NA,NA,NA,NA,NA,NA,NA,NA,NA,NA,NA,NA,NA,NA,NA,NA,NA,NA,NA,"CA","rex sole","rex_sole",NA,NA,"700","total_catch_wt_kg ~ 0 + factor(year) + pass","delta_gamma","TRUE","iid, iid","05_2","2003","1593558.12039856","1290870.8730607","1967220.37508456","14.2814798855968","0.107477608414751","index"
"884","884","884","884","884","884","884","884","884","884","884","884","884","884","884","884","884","884","884","884",NA,NA,NA,NA,NA,NA,NA,NA,NA,NA,NA,NA,NA,NA,NA,NA,NA,NA,NA,NA,NA,NA,NA,NA,NA,NA,NA,NA,NA,NA,NA,NA,NA,NA,NA,NA,NA,NA,NA,NA,NA,NA,"CA","rex sole","rex_sole",NA,NA,"700","total_catch_wt_kg ~ 0 + factor(year) + pass","delta_gamma","TRUE","iid, iid","05_2","2004","1722938.53407808","1378705.67759112","2153118.85666399","14.3595418410943","0.113719507412066","index"
"885","885","885","885","885","885","885","885","885","885","885","885","885","885","885","885","885","885","885","885",NA,NA,NA,NA,NA,NA,NA,NA,NA,NA,NA,NA,NA,NA,NA,NA,NA,NA,NA,NA,NA,NA,NA,NA,NA,NA,NA,NA,NA,NA,NA,NA,NA,NA,NA,NA,NA,NA,NA,NA,NA,NA,"CA","rex sole","rex_sole",NA,NA,"700","total_catch_wt_kg ~ 0 + factor(year) + pass","delta_gamma","TRUE","iid, iid","05_2","2005","1504852.10224362","1228741.39162777","1843007.70288779","14.2242051804017","0.103422428870118","index"
"886","886","886","886","886","886","886","886","886","886","886","886","886","886","886","886","886","886","886","886",NA,NA,NA,NA,NA,NA,NA,NA,NA,NA,NA,NA,NA,NA,NA,NA,NA,NA,NA,NA,NA,NA,NA,NA,NA,NA,NA,NA,NA,NA,NA,NA,NA,NA,NA,NA,NA,NA,NA,NA,NA,NA,"CA","rex sole","rex_sole",NA,NA,"700","total_catch_wt_kg ~ 0 + factor(year) + pass","delta_gamma","TRUE","iid, iid","05_2","2006","1463402.32852526","1197786.33248197","1787920.19666443","14.1962746446056","0.102190120816366","index"
"887","887","887","887","887","887","887","887","887","887","887","887","887","887","887","887","887","887","887","887",NA,NA,NA,NA,NA,NA,NA,NA,NA,NA,NA,NA,NA,NA,NA,NA,NA,NA,NA,NA,NA,NA,NA,NA,NA,NA,NA,NA,NA,NA,NA,NA,NA,NA,NA,NA,NA,NA,NA,NA,NA,NA,"CA","rex sole","rex_sole",NA,NA,"700","total_catch_wt_kg ~ 0 + factor(year) + pass","delta_gamma","TRUE","iid, iid","05_2","2007","1256201.66186744","1029997.04993182","1532084.59711898","14.0436031719338","0.101296083724972","index"
"888","888","888","888","888","888","888","888","888","888","888","888","888","888","888","888","888","888","888","888",NA,NA,NA,NA,NA,NA,NA,NA,NA,NA,NA,NA,NA,NA,NA,NA,NA,NA,NA,NA,NA,NA,NA,NA,NA,NA,NA,NA,NA,NA,NA,NA,NA,NA,NA,NA,NA,NA,NA,NA,NA,NA,"CA","rex sole","rex_sole",NA,NA,"700","total_catch_wt_kg ~ 0 + factor(year) + pass","delta_gamma","TRUE","iid, iid","05_2","2008","944690.137637604","770468.748925973","1158307.14405199","13.7586122560262","0.104011034992268","index"
"889","889","889","889","889","889","889","889","889","889","889","889","889","889","889","889","889","889","889","889",NA,NA,NA,NA,NA,NA,NA,NA,NA,NA,NA,NA,NA,NA,NA,NA,NA,NA,NA,NA,NA,NA,NA,NA,NA,NA,NA,NA,NA,NA,NA,NA,NA,NA,NA,NA,NA,NA,NA,NA,NA,NA,"CA","rex sole","rex_sole",NA,NA,"700","total_catch_wt_kg ~ 0 + factor(year) + pass","delta_gamma","TRUE","iid, iid","05_2","2009","785336.381261373","642016.05146247","960650.79732475","13.5738674161408","0.10280741538758","index"
"890","890","890","890","890","890","890","890","890","890","890","890","890","890","890","890","890","890","890","890",NA,NA,NA,NA,NA,NA,NA,NA,NA,NA,NA,NA,NA,NA,NA,NA,NA,NA,NA,NA,NA,NA,NA,NA,NA,NA,NA,NA,NA,NA,NA,NA,NA,NA,NA,NA,NA,NA,NA,NA,NA,NA,"CA","rex sole","rex_sole",NA,NA,"700","total_catch_wt_kg ~ 0 + factor(year) + pass","delta_gamma","TRUE","iid, iid","05_2","2010","890030.030353874","730549.851780497","1084324.98206807","13.6990104831097","0.100745591987703","index"
"891","891","891","891","891","891","891","891","891","891","891","891","891","891","891","891","891","891","891","891",NA,NA,NA,NA,NA,NA,NA,NA,NA,NA,NA,NA,NA,NA,NA,NA,NA,NA,NA,NA,NA,NA,NA,NA,NA,NA,NA,NA,NA,NA,NA,NA,NA,NA,NA,NA,NA,NA,NA,NA,NA,NA,"CA","rex sole","rex_sole",NA,NA,"700","total_catch_wt_kg ~ 0 + factor(year) + pass","delta_gamma","TRUE","iid, iid","05_2","2011","958745.865310028","787720.801079395","1166902.83281783","13.7733813190702","0.10024792695931","index"
"892","892","892","892","892","892","892","892","892","892","892","892","892","892","892","892","892","892","892","892",NA,NA,NA,NA,NA,NA,NA,NA,NA,NA,NA,NA,NA,NA,NA,NA,NA,NA,NA,NA,NA,NA,NA,NA,NA,NA,NA,NA,NA,NA,NA,NA,NA,NA,NA,NA,NA,NA,NA,NA,NA,NA,"CA","rex sole","rex_sole",NA,NA,"700","total_catch_wt_kg ~ 0 + factor(year) + pass","delta_gamma","TRUE","iid, iid","05_2","2012","967466.737710234","797854.538458324","1173136.00845623","13.7824363236674","0.0983460655425684","index"
"893","893","893","893","893","893","893","893","893","893","893","893","893","893","893","893","893","893","893","893",NA,NA,NA,NA,NA,NA,NA,NA,NA,NA,NA,NA,NA,NA,NA,NA,NA,NA,NA,NA,NA,NA,NA,NA,NA,NA,NA,NA,NA,NA,NA,NA,NA,NA,NA,NA,NA,NA,NA,NA,NA,NA,"CA","rex sole","rex_sole",NA,NA,"700","total_catch_wt_kg ~ 0 + factor(year) + pass","delta_gamma","TRUE","iid, iid","05_2","2013","1167311.33774418","948327.735386724","1436861.65486919","13.9702136603874","0.106001042927575","index"
"894","894","894","894","894","894","894","894","894","894","894","894","894","894","894","894","894","894","894","894",NA,NA,NA,NA,NA,NA,NA,NA,NA,NA,NA,NA,NA,NA,NA,NA,NA,NA,NA,NA,NA,NA,NA,NA,NA,NA,NA,NA,NA,NA,NA,NA,NA,NA,NA,NA,NA,NA,NA,NA,NA,NA,"CA","rex sole","rex_sole",NA,NA,"700","total_catch_wt_kg ~ 0 + factor(year) + pass","delta_gamma","TRUE","iid, iid","05_2","2014","1413971.3772595","1163590.81673566","1718228.63067795","14.161912882843","0.0994363013416093","index"
"895","895","895","895","895","895","895","895","895","895","895","895","895","895","895","895","895","895","895","895",NA,NA,NA,NA,NA,NA,NA,NA,NA,NA,NA,NA,NA,NA,NA,NA,NA,NA,NA,NA,NA,NA,NA,NA,NA,NA,NA,NA,NA,NA,NA,NA,NA,NA,NA,NA,NA,NA,NA,NA,NA,NA,"CA","rex sole","rex_sole",NA,NA,"700","total_catch_wt_kg ~ 0 + factor(year) + pass","delta_gamma","TRUE","iid, iid","05_2","2015","1709023.23899704","1411261.76643338","2069609.26803356","14.3514325600141","0.0976741560131402","index"
"896","896","896","896","896","896","896","896","896","896","896","896","896","896","896","896","896","896","896","896",NA,NA,NA,NA,NA,NA,NA,NA,NA,NA,NA,NA,NA,NA,NA,NA,NA,NA,NA,NA,NA,NA,NA,NA,NA,NA,NA,NA,NA,NA,NA,NA,NA,NA,NA,NA,NA,NA,NA,NA,NA,NA,"CA","rex sole","rex_sole",NA,NA,"700","total_catch_wt_kg ~ 0 + factor(year) + pass","delta_gamma","TRUE","iid, iid","05_2","2016","1712774.31400897","1415744.35786994","2072122.57949072","14.3536250196534","0.0971747554783555","index"
"897","897","897","897","897","897","897","897","897","897","897","897","897","897","897","897","897","897","897","897",NA,NA,NA,NA,NA,NA,NA,NA,NA,NA,NA,NA,NA,NA,NA,NA,NA,NA,NA,NA,NA,NA,NA,NA,NA,NA,NA,NA,NA,NA,NA,NA,NA,NA,NA,NA,NA,NA,NA,NA,NA,NA,"CA","rex sole","rex_sole",NA,NA,"700","total_catch_wt_kg ~ 0 + factor(year) + pass","delta_gamma","TRUE","iid, iid","05_2","2017","1646989.51414005","1358654.46558416","1996515.32335781","14.3144596424972","0.0981927421050582","index"
"898","898","898","898","898","898","898","898","898","898","898","898","898","898","898","898","898","898","898","898",NA,NA,NA,NA,NA,NA,NA,NA,NA,NA,NA,NA,NA,NA,NA,NA,NA,NA,NA,NA,NA,NA,NA,NA,NA,NA,NA,NA,NA,NA,NA,NA,NA,NA,NA,NA,NA,NA,NA,NA,NA,NA,"CA","rex sole","rex_sole",NA,NA,"700","total_catch_wt_kg ~ 0 + factor(year) + pass","delta_gamma","TRUE","iid, iid","05_2","2018","1684285.72914737","1382671.64082085","2051693.49949593","14.336852132282","0.100677347478629","index"
"899","899","899","899","899","899","899","899","899","899","899","899","899","899","899","899","899","899","899","899",NA,NA,NA,NA,NA,NA,NA,NA,NA,NA,NA,NA,NA,NA,NA,NA,NA,NA,NA,NA,NA,NA,NA,NA,NA,NA,NA,NA,NA,NA,NA,NA,NA,NA,NA,NA,NA,NA,NA,NA,NA,NA,"CA","rex sole","rex_sole",NA,NA,"700","total_catch_wt_kg ~ 0 + factor(year) + pass","delta_gamma","TRUE","iid, iid","05_2","2019","1697781.77987784","1313839.25585339","2193923.61679199","14.3448331216215","0.130802905065121","index"
"900","900","900","900","900","900","900","900","900","900","900","900","900","900","900","900","900","900","900","900",NA,NA,NA,NA,NA,NA,NA,NA,NA,NA,NA,NA,NA,NA,NA,NA,NA,NA,NA,NA,NA,NA,NA,NA,NA,NA,NA,NA,NA,NA,NA,NA,NA,NA,NA,NA,NA,NA,NA,NA,NA,NA,"CA","rex sole","rex_sole",NA,NA,"700","total_catch_wt_kg ~ 0 + factor(year) + pass","delta_gamma","TRUE","iid, iid","05_2","2021","1563043.60216348","1284300.95808728","1902284.10784861","14.2621455054723","0.100216320412595","index"
"901","901","901","901","901","901","901","901","901","901","901","901","901","901","901","901","901","901","901","901",NA,NA,NA,NA,NA,NA,NA,NA,NA,NA,NA,NA,NA,NA,NA,NA,NA,NA,NA,NA,NA,NA,NA,NA,NA,NA,NA,NA,NA,NA,NA,NA,NA,NA,NA,NA,NA,NA,NA,NA,NA,NA,"CA","rex sole","rex_sole",NA,NA,"700","total_catch_wt_kg ~ 0 + factor(year) + pass","delta_gamma","TRUE","iid, iid","05_2","2022","1518248.67119359","1241133.09824823","1857237.57656173","14.233068038537","0.102824710498018","index"
"902","902","902","902","902","902","902","902","902","902","902","902","902","902","902","902","902","902","902","902",NA,NA,NA,NA,NA,NA,NA,NA,NA,NA,NA,NA,NA,NA,NA,NA,NA,NA,NA,NA,NA,NA,NA,NA,NA,NA,NA,NA,NA,NA,NA,NA,NA,NA,NA,NA,NA,NA,NA,NA,NA,NA,"CA","rex sole","rex_sole",NA,NA,"700","total_catch_wt_kg ~ 0 + factor(year) + pass","delta_gamma","TRUE","iid, iid","05_2","2023","1381258.2191853","1132647.89642685","1684437.21485353","14.1385053947719","0.101245061466906","index"
"903","903","903","903","903","903","903","903","903","903","903","903","903","903","903","903","903","903","903","903",NA,NA,NA,NA,NA,NA,NA,NA,NA,NA,NA,NA,NA,NA,NA,NA,NA,NA,NA,NA,NA,NA,NA,NA,NA,NA,NA,NA,NA,NA,NA,NA,NA,NA,NA,NA,NA,NA,NA,NA,NA,NA,"CA","rex sole","rex_sole",NA,NA,"700","total_catch_wt_kg ~ 0 + factor(year) + pass","delta_gamma","TRUE","iid, iid","05_2","2024","1354156.25409042","1113244.18133247","1647203.00473284","14.1186891276354","0.0999508831537868","index"
"904","904","904","904","904","904","904","904","904","904","904","904","904","904","904","904","904","904","904",NA,NA,NA,NA,NA,NA,NA,NA,NA,NA,NA,NA,NA,NA,NA,NA,NA,NA,NA,NA,NA,NA,NA,NA,NA,NA,NA,NA,NA,NA,NA,NA,NA,NA,NA,NA,NA,NA,NA,NA,NA,NA,NA,"CA","rex sole","rex_sole",NA,NA,"700","total_catch_wt_kg ~ 0 + factor(year) + pass","delta_gamma","TRUE","iid, iid","05_3","2003","1526541.994822","1207269.64531146","1930248.53313026","14.2385156013073","0.119718386040047","index"
"905","905","905","905","905","905","905","905","905","905","905","905","905","905","905","905","905","905","905",NA,NA,NA,NA,NA,NA,NA,NA,NA,NA,NA,NA,NA,NA,NA,NA,NA,NA,NA,NA,NA,NA,NA,NA,NA,NA,NA,NA,NA,NA,NA,NA,NA,NA,NA,NA,NA,NA,NA,NA,NA,NA,NA,"CA","rex sole","rex_sole",NA,NA,"700","total_catch_wt_kg ~ 0 + factor(year) + pass","delta_gamma","TRUE","iid, iid","05_3","2004","1787595.98927403","1410476.64090862","2265545.79366169","14.3963822524017","0.120892019364851","index"
"906","906","906","906","906","906","906","906","906","906","906","906","906","906","906","906","906","906","906",NA,NA,NA,NA,NA,NA,NA,NA,NA,NA,NA,NA,NA,NA,NA,NA,NA,NA,NA,NA,NA,NA,NA,NA,NA,NA,NA,NA,NA,NA,NA,NA,NA,NA,NA,NA,NA,NA,NA,NA,NA,NA,NA,"CA","rex sole","rex_sole",NA,NA,"700","total_catch_wt_kg ~ 0 + factor(year) + pass","delta_gamma","TRUE","iid, iid","05_3","2005","1616138.76190905","1302050.90248525","2005992.61730823","14.2955503818948","0.11025671236925","index"
"907","907","907","907","907","907","907","907","907","907","907","907","907","907","907","907","907","907","907",NA,NA,NA,NA,NA,NA,NA,NA,NA,NA,NA,NA,NA,NA,NA,NA,NA,NA,NA,NA,NA,NA,NA,NA,NA,NA,NA,NA,NA,NA,NA,NA,NA,NA,NA,NA,NA,NA,NA,NA,NA,NA,NA,"CA","rex sole","rex_sole",NA,NA,"700","total_catch_wt_kg ~ 0 + factor(year) + pass","delta_gamma","TRUE","iid, iid","05_3","2006","1323121.08728998","1071562.17654523","1633735.72710041","14.0955039636935","0.107591693301988","index"
"908","908","908","908","908","908","908","908","908","908","908","908","908","908","908","908","908","908","908",NA,NA,NA,NA,NA,NA,NA,NA,NA,NA,NA,NA,NA,NA,NA,NA,NA,NA,NA,NA,NA,NA,NA,NA,NA,NA,NA,NA,NA,NA,NA,NA,NA,NA,NA,NA,NA,NA,NA,NA,NA,NA,NA,"CA","rex sole","rex_sole",NA,NA,"700","total_catch_wt_kg ~ 0 + factor(year) + pass","delta_gamma","TRUE","iid, iid","05_3","2007","1274551.78555478","1034455.67599701","1570373.95777756","14.0581051340284","0.106491346905881","index"
"909","909","909","909","909","909","909","909","909","909","909","909","909","909","909","909","909","909","909",NA,NA,NA,NA,NA,NA,NA,NA,NA,NA,NA,NA,NA,NA,NA,NA,NA,NA,NA,NA,NA,NA,NA,NA,NA,NA,NA,NA,NA,NA,NA,NA,NA,NA,NA,NA,NA,NA,NA,NA,NA,NA,NA,"CA","rex sole","rex_sole",NA,NA,"700","total_catch_wt_kg ~ 0 + factor(year) + pass","delta_gamma","TRUE","iid, iid","05_3","2008","812674.96519224","656589.495452423","1005865.31405765","13.6080865117784","0.108814359823015","index"
"910","910","910","910","910","910","910","910","910","910","910","910","910","910","910","910","910","910","910",NA,NA,NA,NA,NA,NA,NA,NA,NA,NA,NA,NA,NA,NA,NA,NA,NA,NA,NA,NA,NA,NA,NA,NA,NA,NA,NA,NA,NA,NA,NA,NA,NA,NA,NA,NA,NA,NA,NA,NA,NA,NA,NA,"CA","rex sole","rex_sole",NA,NA,"700","total_catch_wt_kg ~ 0 + factor(year) + pass","delta_gamma","TRUE","iid, iid","05_3","2009","778791.123494364","636064.522283832","953544.165387307","13.5654981547449","0.103289075224549","index"
"911","911","911","911","911","911","911","911","911","911","911","911","911","911","911","911","911","911","911",NA,NA,NA,NA,NA,NA,NA,NA,NA,NA,NA,NA,NA,NA,NA,NA,NA,NA,NA,NA,NA,NA,NA,NA,NA,NA,NA,NA,NA,NA,NA,NA,NA,NA,NA,NA,NA,NA,NA,NA,NA,NA,NA,"CA","rex sole","rex_sole",NA,NA,"700","total_catch_wt_kg ~ 0 + factor(year) + pass","delta_gamma","TRUE","iid, iid","05_3","2010","801545.45599475","656238.301417569","979027.156199193","13.5942969630789","0.102051720510622","index"
"912","912","912","912","912","912","912","912","912","912","912","912","912","912","912","912","912","912","912",NA,NA,NA,NA,NA,NA,NA,NA,NA,NA,NA,NA,NA,NA,NA,NA,NA,NA,NA,NA,NA,NA,NA,NA,NA,NA,NA,NA,NA,NA,NA,NA,NA,NA,NA,NA,NA,NA,NA,NA,NA,NA,NA,"CA","rex sole","rex_sole",NA,NA,"700","total_catch_wt_kg ~ 0 + factor(year) + pass","delta_gamma","TRUE","iid, iid","05_3","2011","836719.234727926","680490.033961946","1028816.06316491","13.6372438508182","0.105448567755242","index"
"913","913","913","913","913","913","913","913","913","913","913","913","913","913","913","913","913","913","913",NA,NA,NA,NA,NA,NA,NA,NA,NA,NA,NA,NA,NA,NA,NA,NA,NA,NA,NA,NA,NA,NA,NA,NA,NA,NA,NA,NA,NA,NA,NA,NA,NA,NA,NA,NA,NA,NA,NA,NA,NA,NA,NA,"CA","rex sole","rex_sole",NA,NA,"700","total_catch_wt_kg ~ 0 + factor(year) + pass","delta_gamma","TRUE","iid, iid","05_3","2012","1139818.94974416","930208.96577948","1396661.70289726","13.9463799917442","0.103683261055379","index"
"914","914","914","914","914","914","914","914","914","914","914","914","914","914","914","914","914","914","914",NA,NA,NA,NA,NA,NA,NA,NA,NA,NA,NA,NA,NA,NA,NA,NA,NA,NA,NA,NA,NA,NA,NA,NA,NA,NA,NA,NA,NA,NA,NA,NA,NA,NA,NA,NA,NA,NA,NA,NA,NA,NA,NA,"CA","rex sole","rex_sole",NA,NA,"700","total_catch_wt_kg ~ 0 + factor(year) + pass","delta_gamma","TRUE","iid, iid","05_3","2013","1498070.70752658","1198462.8802113","1872578.51853827","14.2196886432315","0.113848154602174","index"
"915","915","915","915","915","915","915","915","915","915","915","915","915","915","915","915","915","915","915",NA,NA,NA,NA,NA,NA,NA,NA,NA,NA,NA,NA,NA,NA,NA,NA,NA,NA,NA,NA,NA,NA,NA,NA,NA,NA,NA,NA,NA,NA,NA,NA,NA,NA,NA,NA,NA,NA,NA,NA,NA,NA,NA,"CA","rex sole","rex_sole",NA,NA,"700","total_catch_wt_kg ~ 0 + factor(year) + pass","delta_gamma","TRUE","iid, iid","05_3","2014","1290410.72754445","1057365.871176","1574818.98286523","14.0704711191067","0.101624200539894","index"
"916","916","916","916","916","916","916","916","916","916","916","916","916","916","916","916","916","916","916",NA,NA,NA,NA,NA,NA,NA,NA,NA,NA,NA,NA,NA,NA,NA,NA,NA,NA,NA,NA,NA,NA,NA,NA,NA,NA,NA,NA,NA,NA,NA,NA,NA,NA,NA,NA,NA,NA,NA,NA,NA,NA,NA,"CA","rex sole","rex_sole",NA,NA,"700","total_catch_wt_kg ~ 0 + factor(year) + pass","delta_gamma","TRUE","iid, iid","05_3","2015","1707192.33512725","1388739.54621533","2098669.74484884","14.3503606697862","0.105335393397407","index"
"917","917","917","917","917","917","917","917","917","917","917","917","917","917","917","917","917","917","917",NA,NA,NA,NA,NA,NA,NA,NA,NA,NA,NA,NA,NA,NA,NA,NA,NA,NA,NA,NA,NA,NA,NA,NA,NA,NA,NA,NA,NA,NA,NA,NA,NA,NA,NA,NA,NA,NA,NA,NA,NA,NA,NA,"CA","rex sole","rex_sole",NA,NA,"700","total_catch_wt_kg ~ 0 + factor(year) + pass","delta_gamma","TRUE","iid, iid","05_3","2016","1785482.85461958","1456884.00752871","2188196.86925397","14.3951994434052","0.103771790442359","index"
"918","918","918","918","918","918","918","918","918","918","918","918","918","918","918","918","918","918","918",NA,NA,NA,NA,NA,NA,NA,NA,NA,NA,NA,NA,NA,NA,NA,NA,NA,NA,NA,NA,NA,NA,NA,NA,NA,NA,NA,NA,NA,NA,NA,NA,NA,NA,NA,NA,NA,NA,NA,NA,NA,NA,NA,"CA","rex sole","rex_sole",NA,NA,"700","total_catch_wt_kg ~ 0 + factor(year) + pass","delta_gamma","TRUE","iid, iid","05_3","2017","1704828.89693319","1392311.64030682","2087493.549345","14.3489753099591","0.10331788604608","index"
"919","919","919","919","919","919","919","919","919","919","919","919","919","919","919","919","919","919","919",NA,NA,NA,NA,NA,NA,NA,NA,NA,NA,NA,NA,NA,NA,NA,NA,NA,NA,NA,NA,NA,NA,NA,NA,NA,NA,NA,NA,NA,NA,NA,NA,NA,NA,NA,NA,NA,NA,NA,NA,NA,NA,NA,"CA","rex sole","rex_sole",NA,NA,"700","total_catch_wt_kg ~ 0 + factor(year) + pass","delta_gamma","TRUE","iid, iid","05_3","2018","1919791.50859527","1571491.93022552","2345286.89940241","14.4677271488344","0.102140218026737","index"
"920","920","920","920","920","920","920","920","920","920","920","920","920","920","920","920","920","920","920",NA,NA,NA,NA,NA,NA,NA,NA,NA,NA,NA,NA,NA,NA,NA,NA,NA,NA,NA,NA,NA,NA,NA,NA,NA,NA,NA,NA,NA,NA,NA,NA,NA,NA,NA,NA,NA,NA,NA,NA,NA,NA,NA,"CA","rex sole","rex_sole",NA,NA,"700","total_catch_wt_kg ~ 0 + factor(year) + pass","delta_gamma","TRUE","iid, iid","05_3","2019","1770144.60755769","1374586.36851292","2279530.77626937","14.3865718003979","0.129037258575172","index"
"921","921","921","921","921","921","921","921","921","921","921","921","921","921","921","921","921","921","921",NA,NA,NA,NA,NA,NA,NA,NA,NA,NA,NA,NA,NA,NA,NA,NA,NA,NA,NA,NA,NA,NA,NA,NA,NA,NA,NA,NA,NA,NA,NA,NA,NA,NA,NA,NA,NA,NA,NA,NA,NA,NA,NA,"CA","rex sole","rex_sole",NA,NA,"700","total_catch_wt_kg ~ 0 + factor(year) + pass","delta_gamma","TRUE","iid, iid","05_3","2021","1707303.05363065","1391460.45468225","2094837.62698967","14.3504255218307","0.104369816537798","index"
"922","922","922","922","922","922","922","922","922","922","922","922","922","922","922","922","922","922","922",NA,NA,NA,NA,NA,NA,NA,NA,NA,NA,NA,NA,NA,NA,NA,NA,NA,NA,NA,NA,NA,NA,NA,NA,NA,NA,NA,NA,NA,NA,NA,NA,NA,NA,NA,NA,NA,NA,NA,NA,NA,NA,NA,"CA","rex sole","rex_sole",NA,NA,"700","total_catch_wt_kg ~ 0 + factor(year) + pass","delta_gamma","TRUE","iid, iid","05_3","2022","1395706.19829562","1122663.81927931","1735155.04686996","14.1489110804811","0.111071556822784","index"
"923","923","923","923","923","923","923","923","923","923","923","923","923","923","923","923","923","923","923",NA,NA,NA,NA,NA,NA,NA,NA,NA,NA,NA,NA,NA,NA,NA,NA,NA,NA,NA,NA,NA,NA,NA,NA,NA,NA,NA,NA,NA,NA,NA,NA,NA,NA,NA,NA,NA,NA,NA,NA,NA,NA,NA,"CA","rex sole","rex_sole",NA,NA,"700","total_catch_wt_kg ~ 0 + factor(year) + pass","delta_gamma","TRUE","iid, iid","05_3","2023","1330826.05469228","1078065.90528411","1642847.60251376","14.1013104011526","0.107466891026859","index"
"924","924","924","924","924","924","924","924","924","924","924","924","924","924","924","924","924","924","924",NA,NA,NA,NA,NA,NA,NA,NA,NA,NA,NA,NA,NA,NA,NA,NA,NA,NA,NA,NA,NA,NA,NA,NA,NA,NA,NA,NA,NA,NA,NA,NA,NA,NA,NA,NA,NA,NA,NA,NA,NA,NA,NA,"CA","rex sole","rex_sole",NA,NA,"700","total_catch_wt_kg ~ 0 + factor(year) + pass","delta_gamma","TRUE","iid, iid","05_3","2024","1372847.11274039","1116983.82765493","1687320.03838991","14.1323973258481","0.105233936900711","index"
"925","925","925","925","925","925","925","925","925","925","925","925","925","925","925","925","925","925",NA,NA,NA,NA,NA,NA,NA,NA,NA,NA,NA,NA,NA,NA,NA,NA,NA,NA,NA,NA,NA,NA,NA,NA,NA,NA,NA,NA,NA,NA,NA,NA,NA,NA,NA,NA,NA,NA,NA,NA,NA,NA,NA,NA,"CA","rex sole","rex_sole",NA,NA,"700","total_catch_wt_kg ~ 0 + factor(year) + pass","delta_gamma","TRUE","iid, iid","05_4","2003","1586836.11390467","1281675.07921814","1964654.60959744","14.2772527263151","0.108968476976232","index"
"926","926","926","926","926","926","926","926","926","926","926","926","926","926","926","926","926","926",NA,NA,NA,NA,NA,NA,NA,NA,NA,NA,NA,NA,NA,NA,NA,NA,NA,NA,NA,NA,NA,NA,NA,NA,NA,NA,NA,NA,NA,NA,NA,NA,NA,NA,NA,NA,NA,NA,NA,NA,NA,NA,NA,NA,"CA","rex sole","rex_sole",NA,NA,"700","total_catch_wt_kg ~ 0 + factor(year) + pass","delta_gamma","TRUE","iid, iid","05_4","2004","1968487.65980321","1560917.29221754","2482478.53112867","14.4927761205138","0.118365392474091","index"
"927","927","927","927","927","927","927","927","927","927","927","927","927","927","927","927","927","927",NA,NA,NA,NA,NA,NA,NA,NA,NA,NA,NA,NA,NA,NA,NA,NA,NA,NA,NA,NA,NA,NA,NA,NA,NA,NA,NA,NA,NA,NA,NA,NA,NA,NA,NA,NA,NA,NA,NA,NA,NA,NA,NA,NA,"CA","rex sole","rex_sole",NA,NA,"700","total_catch_wt_kg ~ 0 + factor(year) + pass","delta_gamma","TRUE","iid, iid","05_4","2005","1551437.94346118","1263549.43843578","1904919.28467063","14.2546927643015","0.104725103477001","index"
"928","928","928","928","928","928","928","928","928","928","928","928","928","928","928","928","928","928",NA,NA,NA,NA,NA,NA,NA,NA,NA,NA,NA,NA,NA,NA,NA,NA,NA,NA,NA,NA,NA,NA,NA,NA,NA,NA,NA,NA,NA,NA,NA,NA,NA,NA,NA,NA,NA,NA,NA,NA,NA,NA,NA,NA,"CA","rex sole","rex_sole",NA,NA,"700","total_catch_wt_kg ~ 0 + factor(year) + pass","delta_gamma","TRUE","iid, iid","05_4","2006","1217727.76154824","993080.392740743","1493193.21183336","14.0124971895831","0.104047978424343","index"
"929","929","929","929","929","929","929","929","929","929","929","929","929","929","929","929","929","929",NA,NA,NA,NA,NA,NA,NA,NA,NA,NA,NA,NA,NA,NA,NA,NA,NA,NA,NA,NA,NA,NA,NA,NA,NA,NA,NA,NA,NA,NA,NA,NA,NA,NA,NA,NA,NA,NA,NA,NA,NA,NA,NA,NA,"CA","rex sole","rex_sole",NA,NA,"700","total_catch_wt_kg ~ 0 + factor(year) + pass","delta_gamma","TRUE","iid, iid","05_4","2007","1244258.19627611","1021088.46682322","1516204.04039713","14.0340500840217","0.100854069236153","index"
"930","930","930","930","930","930","930","930","930","930","930","930","930","930","930","930","930","930",NA,NA,NA,NA,NA,NA,NA,NA,NA,NA,NA,NA,NA,NA,NA,NA,NA,NA,NA,NA,NA,NA,NA,NA,NA,NA,NA,NA,NA,NA,NA,NA,NA,NA,NA,NA,NA,NA,NA,NA,NA,NA,NA,NA,"CA","rex sole","rex_sole",NA,NA,"700","total_catch_wt_kg ~ 0 + factor(year) + pass","delta_gamma","TRUE","iid, iid","05_4","2008","923674.624137207","754086.94980367","1131401.10897972","13.7361151502289","0.103497918046192","index"
"931","931","931","931","931","931","931","931","931","931","931","931","931","931","931","931","931","931",NA,NA,NA,NA,NA,NA,NA,NA,NA,NA,NA,NA,NA,NA,NA,NA,NA,NA,NA,NA,NA,NA,NA,NA,NA,NA,NA,NA,NA,NA,NA,NA,NA,NA,NA,NA,NA,NA,NA,NA,NA,NA,NA,NA,"CA","rex sole","rex_sole",NA,NA,"700","total_catch_wt_kg ~ 0 + factor(year) + pass","delta_gamma","TRUE","iid, iid","05_4","2009","860801.274555941","706671.681780412","1048547.51277183","13.665618949053","0.10066383657826","index"
"932","932","932","932","932","932","932","932","932","932","932","932","932","932","932","932","932","932",NA,NA,NA,NA,NA,NA,NA,NA,NA,NA,NA,NA,NA,NA,NA,NA,NA,NA,NA,NA,NA,NA,NA,NA,NA,NA,NA,NA,NA,NA,NA,NA,NA,NA,NA,NA,NA,NA,NA,NA,NA,NA,NA,NA,"CA","rex sole","rex_sole",NA,NA,"700","total_catch_wt_kg ~ 0 + factor(year) + pass","delta_gamma","TRUE","iid, iid","05_4","2010","785657.766338209","646129.332621505","955316.675228435","13.5742765648087","0.0997577497995519","index"
"933","933","933","933","933","933","933","933","933","933","933","933","933","933","933","933","933","933",NA,NA,NA,NA,NA,NA,NA,NA,NA,NA,NA,NA,NA,NA,NA,NA,NA,NA,NA,NA,NA,NA,NA,NA,NA,NA,NA,NA,NA,NA,NA,NA,NA,NA,NA,NA,NA,NA,NA,NA,NA,NA,NA,NA,"CA","rex sole","rex_sole",NA,NA,"700","total_catch_wt_kg ~ 0 + factor(year) + pass","delta_gamma","TRUE","iid, iid","05_4","2011","953051.937467961","788144.828687285","1152463.30680656","13.7674246800684","0.0969341971915962","index"
"934","934","934","934","934","934","934","934","934","934","934","934","934","934","934","934","934","934",NA,NA,NA,NA,NA,NA,NA,NA,NA,NA,NA,NA,NA,NA,NA,NA,NA,NA,NA,NA,NA,NA,NA,NA,NA,NA,NA,NA,NA,NA,NA,NA,NA,NA,NA,NA,NA,NA,NA,NA,NA,NA,NA,NA,"CA","rex sole","rex_sole",NA,NA,"700","total_catch_wt_kg ~ 0 + factor(year) + pass","delta_gamma","TRUE","iid, iid","05_4","2012","1054188.36351411","867728.67629382","1280714.97016224","13.8682817051277","0.0993116949088538","index"
"935","935","935","935","935","935","935","935","935","935","935","935","935","935","935","935","935","935",NA,NA,NA,NA,NA,NA,NA,NA,NA,NA,NA,NA,NA,NA,NA,NA,NA,NA,NA,NA,NA,NA,NA,NA,NA,NA,NA,NA,NA,NA,NA,NA,NA,NA,NA,NA,NA,NA,NA,NA,NA,NA,NA,NA,"CA","rex sole","rex_sole",NA,NA,"700","total_catch_wt_kg ~ 0 + factor(year) + pass","delta_gamma","TRUE","iid, iid","05_4","2013","1269191.99851851","1017400.01401073","1583298.90595659","14.0538910343209","0.112823557434355","index"
"936","936","936","936","936","936","936","936","936","936","936","936","936","936","936","936","936","936",NA,NA,NA,NA,NA,NA,NA,NA,NA,NA,NA,NA,NA,NA,NA,NA,NA,NA,NA,NA,NA,NA,NA,NA,NA,NA,NA,NA,NA,NA,NA,NA,NA,NA,NA,NA,NA,NA,NA,NA,NA,NA,NA,NA,"CA","rex sole","rex_sole",NA,NA,"700","total_catch_wt_kg ~ 0 + factor(year) + pass","delta_gamma","TRUE","iid, iid","05_4","2014","1403266.46383783","1158183.4247975","1700211.49186815","14.1543132653833","0.0979354439166234","index"
"937","937","937","937","937","937","937","937","937","937","937","937","937","937","937","937","937","937",NA,NA,NA,NA,NA,NA,NA,NA,NA,NA,NA,NA,NA,NA,NA,NA,NA,NA,NA,NA,NA,NA,NA,NA,NA,NA,NA,NA,NA,NA,NA,NA,NA,NA,NA,NA,NA,NA,NA,NA,NA,NA,NA,NA,"CA","rex sole","rex_sole",NA,NA,"700","total_catch_wt_kg ~ 0 + factor(year) + pass","delta_gamma","TRUE","iid, iid","05_4","2015","1757290.87346998","1447518.31314512","2133355.54095424","14.3792839046737","0.0989420041826341","index"
"938","938","938","938","938","938","938","938","938","938","938","938","938","938","938","938","938","938",NA,NA,NA,NA,NA,NA,NA,NA,NA,NA,NA,NA,NA,NA,NA,NA,NA,NA,NA,NA,NA,NA,NA,NA,NA,NA,NA,NA,NA,NA,NA,NA,NA,NA,NA,NA,NA,NA,NA,NA,NA,NA,NA,NA,"CA","rex sole","rex_sole",NA,NA,"700","total_catch_wt_kg ~ 0 + factor(year) + pass","delta_gamma","TRUE","iid, iid","05_4","2016","1862589.21184388","1538682.9174683","2254680.63152697","14.4374781270653","0.0974715701478077","index"
"939","939","939","939","939","939","939","939","939","939","939","939","939","939","939","939","939","939",NA,NA,NA,NA,NA,NA,NA,NA,NA,NA,NA,NA,NA,NA,NA,NA,NA,NA,NA,NA,NA,NA,NA,NA,NA,NA,NA,NA,NA,NA,NA,NA,NA,NA,NA,NA,NA,NA,NA,NA,NA,NA,NA,NA,"CA","rex sole","rex_sole",NA,NA,"700","total_catch_wt_kg ~ 0 + factor(year) + pass","delta_gamma","TRUE","iid, iid","05_4","2017","1865643.26338064","1524980.86515697","2282405.54732421","14.4391164649319","0.102871300705243","index"
"940","940","940","940","940","940","940","940","940","940","940","940","940","940","940","940","940","940",NA,NA,NA,NA,NA,NA,NA,NA,NA,NA,NA,NA,NA,NA,NA,NA,NA,NA,NA,NA,NA,NA,NA,NA,NA,NA,NA,NA,NA,NA,NA,NA,NA,NA,NA,NA,NA,NA,NA,NA,NA,NA,NA,NA,"CA","rex sole","rex_sole",NA,NA,"700","total_catch_wt_kg ~ 0 + factor(year) + pass","delta_gamma","TRUE","iid, iid","05_4","2018","1791965.56650866","1481827.00828093","2167014.48523194","14.3988236572145","0.09695959172922","index"
"941","941","941","941","941","941","941","941","941","941","941","941","941","941","941","941","941","941",NA,NA,NA,NA,NA,NA,NA,NA,NA,NA,NA,NA,NA,NA,NA,NA,NA,NA,NA,NA,NA,NA,NA,NA,NA,NA,NA,NA,NA,NA,NA,NA,NA,NA,NA,NA,NA,NA,NA,NA,NA,NA,NA,NA,"CA","rex sole","rex_sole",NA,NA,"700","total_catch_wt_kg ~ 0 + factor(year) + pass","delta_gamma","TRUE","iid, iid","05_4","2019","1983658.81449521","1533295.60741003","2566303.76641539","14.5004535835383","0.131392013804376","index"
"942","942","942","942","942","942","942","942","942","942","942","942","942","942","942","942","942","942",NA,NA,NA,NA,NA,NA,NA,NA,NA,NA,NA,NA,NA,NA,NA,NA,NA,NA,NA,NA,NA,NA,NA,NA,NA,NA,NA,NA,NA,NA,NA,NA,NA,NA,NA,NA,NA,NA,NA,NA,NA,NA,NA,NA,"CA","rex sole","rex_sole",NA,NA,"700","total_catch_wt_kg ~ 0 + factor(year) + pass","delta_gamma","TRUE","iid, iid","05_4","2021","1462084.23231601","1206367.74256724","1772005.52282501","14.1953735320754","0.0980880242196787","index"
"943","943","943","943","943","943","943","943","943","943","943","943","943","943","943","943","943","943",NA,NA,NA,NA,NA,NA,NA,NA,NA,NA,NA,NA,NA,NA,NA,NA,NA,NA,NA,NA,NA,NA,NA,NA,NA,NA,NA,NA,NA,NA,NA,NA,NA,NA,NA,NA,NA,NA,NA,NA,NA,NA,NA,NA,"CA","rex sole","rex_sole",NA,NA,"700","total_catch_wt_kg ~ 0 + factor(year) + pass","delta_gamma","TRUE","iid, iid","05_4","2022","1630953.09715167","1325157.40095774","2007314.75610832","14.3046751240785","0.105937314253477","index"
"944","944","944","944","944","944","944","944","944","944","944","944","944","944","944","944","944","944",NA,NA,NA,NA,NA,NA,NA,NA,NA,NA,NA,NA,NA,NA,NA,NA,NA,NA,NA,NA,NA,NA,NA,NA,NA,NA,NA,NA,NA,NA,NA,NA,NA,NA,NA,NA,NA,NA,NA,NA,NA,NA,NA,NA,"CA","rex sole","rex_sole",NA,NA,"700","total_catch_wt_kg ~ 0 + factor(year) + pass","delta_gamma","TRUE","iid, iid","05_4","2023","1571724.43947379","1284702.25537868","1922871.78083223","14.2676839436501","0.102882707873262","index"
"945","945","945","945","945","945","945","945","945","945","945","945","945","945","945","945","945","945",NA,NA,NA,NA,NA,NA,NA,NA,NA,NA,NA,NA,NA,NA,NA,NA,NA,NA,NA,NA,NA,NA,NA,NA,NA,NA,NA,NA,NA,NA,NA,NA,NA,NA,NA,NA,NA,NA,NA,NA,NA,NA,NA,NA,"CA","rex sole","rex_sole",NA,NA,"700","total_catch_wt_kg ~ 0 + factor(year) + pass","delta_gamma","TRUE","iid, iid","05_4","2024","1215988.2725027","997330.157189568","1482585.74976896","14.0110676971383","0.101139895393346","index"
"946","946","946","946","946","946","946","946","946","946","946","946","946","946","946","946","946",NA,NA,NA,NA,NA,NA,NA,NA,NA,NA,NA,NA,NA,NA,NA,NA,NA,NA,NA,NA,NA,NA,NA,NA,NA,NA,NA,NA,NA,NA,NA,NA,NA,NA,NA,NA,NA,NA,NA,NA,NA,NA,NA,NA,NA,"CA","rex sole","rex_sole",NA,NA,"700","total_catch_wt_kg ~ 0 + factor(year) + pass","delta_gamma","TRUE","iid, iid","05_5","2003","1805350.82663358","1435982.09296153","2269729.9800617","14.4062654946488","0.11679088902876","index"
"947","947","947","947","947","947","947","947","947","947","947","947","947","947","947","947","947",NA,NA,NA,NA,NA,NA,NA,NA,NA,NA,NA,NA,NA,NA,NA,NA,NA,NA,NA,NA,NA,NA,NA,NA,NA,NA,NA,NA,NA,NA,NA,NA,NA,NA,NA,NA,NA,NA,NA,NA,NA,NA,NA,NA,NA,"CA","rex sole","rex_sole",NA,NA,"700","total_catch_wt_kg ~ 0 + factor(year) + pass","delta_gamma","TRUE","iid, iid","05_5","2004","1978389.4622936","1552514.38696958","2521087.66100025","14.4977936687971","0.123679471150078","index"
"948","948","948","948","948","948","948","948","948","948","948","948","948","948","948","948","948",NA,NA,NA,NA,NA,NA,NA,NA,NA,NA,NA,NA,NA,NA,NA,NA,NA,NA,NA,NA,NA,NA,NA,NA,NA,NA,NA,NA,NA,NA,NA,NA,NA,NA,NA,NA,NA,NA,NA,NA,NA,NA,NA,NA,NA,"CA","rex sole","rex_sole",NA,NA,"700","total_catch_wt_kg ~ 0 + factor(year) + pass","delta_gamma","TRUE","iid, iid","05_5","2005","1713030.91185108","1380085.18928601","2126299.83115425","14.3537748225907","0.110266840462688","index"
"949","949","949","949","949","949","949","949","949","949","949","949","949","949","949","949","949",NA,NA,NA,NA,NA,NA,NA,NA,NA,NA,NA,NA,NA,NA,NA,NA,NA,NA,NA,NA,NA,NA,NA,NA,NA,NA,NA,NA,NA,NA,NA,NA,NA,NA,NA,NA,NA,NA,NA,NA,NA,NA,NA,NA,NA,"CA","rex sole","rex_sole",NA,NA,"700","total_catch_wt_kg ~ 0 + factor(year) + pass","delta_gamma","TRUE","iid, iid","05_5","2006","1434419.10975259","1153204.42609094","1784209.40457019","14.1762705236555","0.111336454415936","index"
"950","950","950","950","950","950","950","950","950","950","950","950","950","950","950","950","950",NA,NA,NA,NA,NA,NA,NA,NA,NA,NA,NA,NA,NA,NA,NA,NA,NA,NA,NA,NA,NA,NA,NA,NA,NA,NA,NA,NA,NA,NA,NA,NA,NA,NA,NA,NA,NA,NA,NA,NA,NA,NA,NA,NA,NA,"CA","rex sole","rex_sole",NA,NA,"700","total_catch_wt_kg ~ 0 + factor(year) + pass","delta_gamma","TRUE","iid, iid","05_5","2007","1265020.17468889","1020365.17875964","1568336.58741197","14.0505986283872","0.109658897053006","index"
"951","951","951","951","951","951","951","951","951","951","951","951","951","951","951","951","951",NA,NA,NA,NA,NA,NA,NA,NA,NA,NA,NA,NA,NA,NA,NA,NA,NA,NA,NA,NA,NA,NA,NA,NA,NA,NA,NA,NA,NA,NA,NA,NA,NA,NA,NA,NA,NA,NA,NA,NA,NA,NA,NA,NA,NA,"CA","rex sole","rex_sole",NA,NA,"700","total_catch_wt_kg ~ 0 + factor(year) + pass","delta_gamma","TRUE","iid, iid","05_5","2008","847014.656942301","684495.697024388","1048120.29088551","13.6494732780208","0.108693650656397","index"
"952","952","952","952","952","952","952","952","952","952","952","952","952","952","952","952","952",NA,NA,NA,NA,NA,NA,NA,NA,NA,NA,NA,NA,NA,NA,NA,NA,NA,NA,NA,NA,NA,NA,NA,NA,NA,NA,NA,NA,NA,NA,NA,NA,NA,NA,NA,NA,NA,NA,NA,NA,NA,NA,NA,NA,NA,"CA","rex sole","rex_sole",NA,NA,"700","total_catch_wt_kg ~ 0 + factor(year) + pass","delta_gamma","TRUE","iid, iid","05_5","2009","921764.547233736","746613.522621364","1138004.94471877","13.734045098162","0.107523476071448","index"
"953","953","953","953","953","953","953","953","953","953","953","953","953","953","953","953","953",NA,NA,NA,NA,NA,NA,NA,NA,NA,NA,NA,NA,NA,NA,NA,NA,NA,NA,NA,NA,NA,NA,NA,NA,NA,NA,NA,NA,NA,NA,NA,NA,NA,NA,NA,NA,NA,NA,NA,NA,NA,NA,NA,NA,NA,"CA","rex sole","rex_sole",NA,NA,"700","total_catch_wt_kg ~ 0 + factor(year) + pass","delta_gamma","TRUE","iid, iid","05_5","2010","1023104.1107492","831068.905550633","1259512.91696851","13.8383518097939","0.106065122726804","index"
"954","954","954","954","954","954","954","954","954","954","954","954","954","954","954","954","954",NA,NA,NA,NA,NA,NA,NA,NA,NA,NA,NA,NA,NA,NA,NA,NA,NA,NA,NA,NA,NA,NA,NA,NA,NA,NA,NA,NA,NA,NA,NA,NA,NA,NA,NA,NA,NA,NA,NA,NA,NA,NA,NA,NA,NA,"CA","rex sole","rex_sole",NA,NA,"700","total_catch_wt_kg ~ 0 + factor(year) + pass","delta_gamma","TRUE","iid, iid","05_5","2011","1035050.27926861","843235.53202971","1270498.02803647","13.8499605625052","0.104572823141929","index"
"955","955","955","955","955","955","955","955","955","955","955","955","955","955","955","955","955",NA,NA,NA,NA,NA,NA,NA,NA,NA,NA,NA,NA,NA,NA,NA,NA,NA,NA,NA,NA,NA,NA,NA,NA,NA,NA,NA,NA,NA,NA,NA,NA,NA,NA,NA,NA,NA,NA,NA,NA,NA,NA,NA,NA,NA,"CA","rex sole","rex_sole",NA,NA,"700","total_catch_wt_kg ~ 0 + factor(year) + pass","delta_gamma","TRUE","iid, iid","05_5","2012","1095126.79559547","894953.84125652","1340072.12790703","13.9063807095934","0.102988263699543","index"
"956","956","956","956","956","956","956","956","956","956","956","956","956","956","956","956","956",NA,NA,NA,NA,NA,NA,NA,NA,NA,NA,NA,NA,NA,NA,NA,NA,NA,NA,NA,NA,NA,NA,NA,NA,NA,NA,NA,NA,NA,NA,NA,NA,NA,NA,NA,NA,NA,NA,NA,NA,NA,NA,NA,NA,NA,"CA","rex sole","rex_sole",NA,NA,"700","total_catch_wt_kg ~ 0 + factor(year) + pass","delta_gamma","TRUE","iid, iid","05_5","2013","1295620.33622957","1034461.06091481","1622711.68928017","14.0745001625359","0.114853655138822","index"
"957","957","957","957","957","957","957","957","957","957","957","957","957","957","957","957","957",NA,NA,NA,NA,NA,NA,NA,NA,NA,NA,NA,NA,NA,NA,NA,NA,NA,NA,NA,NA,NA,NA,NA,NA,NA,NA,NA,NA,NA,NA,NA,NA,NA,NA,NA,NA,NA,NA,NA,NA,NA,NA,NA,NA,NA,"CA","rex sole","rex_sole",NA,NA,"700","total_catch_wt_kg ~ 0 + factor(year) + pass","delta_gamma","TRUE","iid, iid","05_5","2014","1683421.41483835","1365618.90675194","2075181.91636398","14.336338836861","0.106747135728116","index"
"958","958","958","958","958","958","958","958","958","958","958","958","958","958","958","958","958",NA,NA,NA,NA,NA,NA,NA,NA,NA,NA,NA,NA,NA,NA,NA,NA,NA,NA,NA,NA,NA,NA,NA,NA,NA,NA,NA,NA,NA,NA,NA,NA,NA,NA,NA,NA,NA,NA,NA,NA,NA,NA,NA,NA,NA,"CA","rex sole","rex_sole",NA,NA,"700","total_catch_wt_kg ~ 0 + factor(year) + pass","delta_gamma","TRUE","iid, iid","05_5","2015","1753498.33870516","1421496.9743379","2163041.13153243","14.3771234011454","0.107094988086373","index"
"959","959","959","959","959","959","959","959","959","959","959","959","959","959","959","959","959",NA,NA,NA,NA,NA,NA,NA,NA,NA,NA,NA,NA,NA,NA,NA,NA,NA,NA,NA,NA,NA,NA,NA,NA,NA,NA,NA,NA,NA,NA,NA,NA,NA,NA,NA,NA,NA,NA,NA,NA,NA,NA,NA,NA,NA,"CA","rex sole","rex_sole",NA,NA,"700","total_catch_wt_kg ~ 0 + factor(year) + pass","delta_gamma","TRUE","iid, iid","05_5","2016","2104367.17204209","1701906.01879252","2602001.01878144","14.5595253490412","0.108300959724481","index"
"960","960","960","960","960","960","960","960","960","960","960","960","960","960","960","960","960",NA,NA,NA,NA,NA,NA,NA,NA,NA,NA,NA,NA,NA,NA,NA,NA,NA,NA,NA,NA,NA,NA,NA,NA,NA,NA,NA,NA,NA,NA,NA,NA,NA,NA,NA,NA,NA,NA,NA,NA,NA,NA,NA,NA,NA,"CA","rex sole","rex_sole",NA,NA,"700","total_catch_wt_kg ~ 0 + factor(year) + pass","delta_gamma","TRUE","iid, iid","05_5","2017","1797052.55873427","1460660.3876006","2210916.32679808","14.4016584133815","0.10574643377299","index"
"961","961","961","961","961","961","961","961","961","961","961","961","961","961","961","961","961",NA,NA,NA,NA,NA,NA,NA,NA,NA,NA,NA,NA,NA,NA,NA,NA,NA,NA,NA,NA,NA,NA,NA,NA,NA,NA,NA,NA,NA,NA,NA,NA,NA,NA,NA,NA,NA,NA,NA,NA,NA,NA,NA,NA,NA,"CA","rex sole","rex_sole",NA,NA,"700","total_catch_wt_kg ~ 0 + factor(year) + pass","delta_gamma","TRUE","iid, iid","05_5","2018","2169259.91239718","1756895.19617669","2678411.65356582","14.5898966131496","0.107572332310356","index"
"962","962","962","962","962","962","962","962","962","962","962","962","962","962","962","962","962",NA,NA,NA,NA,NA,NA,NA,NA,NA,NA,NA,NA,NA,NA,NA,NA,NA,NA,NA,NA,NA,NA,NA,NA,NA,NA,NA,NA,NA,NA,NA,NA,NA,NA,NA,NA,NA,NA,NA,NA,NA,NA,NA,NA,NA,"CA","rex sole","rex_sole",NA,NA,"700","total_catch_wt_kg ~ 0 + factor(year) + pass","delta_gamma","TRUE","iid, iid","05_5","2019","1636354.66442074","1247908.45879302","2145715.55221395","14.307981560193","0.138268910773637","index"
"963","963","963","963","963","963","963","963","963","963","963","963","963","963","963","963","963",NA,NA,NA,NA,NA,NA,NA,NA,NA,NA,NA,NA,NA,NA,NA,NA,NA,NA,NA,NA,NA,NA,NA,NA,NA,NA,NA,NA,NA,NA,NA,NA,NA,NA,NA,NA,NA,NA,NA,NA,NA,NA,NA,NA,NA,"CA","rex sole","rex_sole",NA,NA,"700","total_catch_wt_kg ~ 0 + factor(year) + pass","delta_gamma","TRUE","iid, iid","05_5","2021","1683725.83356568","1366391.74089958","2074758.35645057","14.3365196538588","0.106550731509078","index"
"964","964","964","964","964","964","964","964","964","964","964","964","964","964","964","964","964",NA,NA,NA,NA,NA,NA,NA,NA,NA,NA,NA,NA,NA,NA,NA,NA,NA,NA,NA,NA,NA,NA,NA,NA,NA,NA,NA,NA,NA,NA,NA,NA,NA,NA,NA,NA,NA,NA,NA,NA,NA,NA,NA,NA,NA,"CA","rex sole","rex_sole",NA,NA,"700","total_catch_wt_kg ~ 0 + factor(year) + pass","delta_gamma","TRUE","iid, iid","05_5","2022","1803676.60761858","1449578.2352241","2244273.00701541","14.4053376994655","0.111509446787501","index"
"965","965","965","965","965","965","965","965","965","965","965","965","965","965","965","965","965",NA,NA,NA,NA,NA,NA,NA,NA,NA,NA,NA,NA,NA,NA,NA,NA,NA,NA,NA,NA,NA,NA,NA,NA,NA,NA,NA,NA,NA,NA,NA,NA,NA,NA,NA,NA,NA,NA,NA,NA,NA,NA,NA,NA,NA,"CA","rex sole","rex_sole",NA,NA,"700","total_catch_wt_kg ~ 0 + factor(year) + pass","delta_gamma","TRUE","iid, iid","05_5","2023","1743645.51146449","1414529.31192337","2149336.63376426","14.3714886010156","0.106727067790004","index"
"966","966","966","966","966","966","966","966","966","966","966","966","966","966","966","966","966",NA,NA,NA,NA,NA,NA,NA,NA,NA,NA,NA,NA,NA,NA,NA,NA,NA,NA,NA,NA,NA,NA,NA,NA,NA,NA,NA,NA,NA,NA,NA,NA,NA,NA,NA,NA,NA,NA,NA,NA,NA,NA,NA,NA,NA,"CA","rex sole","rex_sole",NA,NA,"700","total_catch_wt_kg ~ 0 + factor(year) + pass","delta_gamma","TRUE","iid, iid","05_5","2024","1526770.42040603","1233630.51069839","1889567.33512303","14.2386652260777","0.108774045450606","index"
"967","967","967","967","967","967","967","967","967","967","967","967","967","967","967","967",NA,NA,NA,NA,NA,NA,NA,NA,NA,NA,NA,NA,NA,NA,NA,NA,NA,NA,NA,NA,NA,NA,NA,NA,NA,NA,NA,NA,NA,NA,NA,NA,NA,NA,NA,NA,NA,NA,NA,NA,NA,NA,NA,NA,NA,NA,"CA","rex sole","rex_sole",NA,NA,"700","total_catch_wt_kg ~ 0 + factor(year) + pass","delta_gamma","TRUE","iid, iid","05_6","2003","1311116.83870114","1051835.77609924","1634311.55679142","14.086389880591","0.112421620297439","index"
"968","968","968","968","968","968","968","968","968","968","968","968","968","968","968","968",NA,NA,NA,NA,NA,NA,NA,NA,NA,NA,NA,NA,NA,NA,NA,NA,NA,NA,NA,NA,NA,NA,NA,NA,NA,NA,NA,NA,NA,NA,NA,NA,NA,NA,NA,NA,NA,NA,NA,NA,NA,NA,NA,NA,NA,NA,"CA","rex sole","rex_sole",NA,NA,"700","total_catch_wt_kg ~ 0 + factor(year) + pass","delta_gamma","TRUE","iid, iid","05_6","2004","1371119.42394955","1084268.71021217","1733858.45872456","14.1311380619351","0.119758192433247","index"
"969","969","969","969","969","969","969","969","969","969","969","969","969","969","969","969",NA,NA,NA,NA,NA,NA,NA,NA,NA,NA,NA,NA,NA,NA,NA,NA,NA,NA,NA,NA,NA,NA,NA,NA,NA,NA,NA,NA,NA,NA,NA,NA,NA,NA,NA,NA,NA,NA,NA,NA,NA,NA,NA,NA,NA,NA,"CA","rex sole","rex_sole",NA,NA,"700","total_catch_wt_kg ~ 0 + factor(year) + pass","delta_gamma","TRUE","iid, iid","05_6","2005","1415082.40278656","1153683.26213086","1735708.8140272","14.1626983225487","0.104199926805003","index"
"970","970","970","970","970","970","970","970","970","970","970","970","970","970","970","970",NA,NA,NA,NA,NA,NA,NA,NA,NA,NA,NA,NA,NA,NA,NA,NA,NA,NA,NA,NA,NA,NA,NA,NA,NA,NA,NA,NA,NA,NA,NA,NA,NA,NA,NA,NA,NA,NA,NA,NA,NA,NA,NA,NA,NA,NA,"CA","rex sole","rex_sole",NA,NA,"700","total_catch_wt_kg ~ 0 + factor(year) + pass","delta_gamma","TRUE","iid, iid","05_6","2006","1114356.91658804","905548.541591684","1371313.93902407","13.9237880400651","0.105865148202988","index"
"971","971","971","971","971","971","971","971","971","971","971","971","971","971","971","971",NA,NA,NA,NA,NA,NA,NA,NA,NA,NA,NA,NA,NA,NA,NA,NA,NA,NA,NA,NA,NA,NA,NA,NA,NA,NA,NA,NA,NA,NA,NA,NA,NA,NA,NA,NA,NA,NA,NA,NA,NA,NA,NA,NA,NA,NA,"CA","rex sole","rex_sole",NA,NA,"700","total_catch_wt_kg ~ 0 + factor(year) + pass","delta_gamma","TRUE","iid, iid","05_6","2007","1050158.11671504","864697.059846983","1275397.03939509","13.8644512981442","0.099143042899932","index"
"972","972","972","972","972","972","972","972","972","972","972","972","972","972","972","972",NA,NA,NA,NA,NA,NA,NA,NA,NA,NA,NA,NA,NA,NA,NA,NA,NA,NA,NA,NA,NA,NA,NA,NA,NA,NA,NA,NA,NA,NA,NA,NA,NA,NA,NA,NA,NA,NA,NA,NA,NA,NA,NA,NA,NA,NA,"CA","rex sole","rex_sole",NA,NA,"700","total_catch_wt_kg ~ 0 + factor(year) + pass","delta_gamma","TRUE","iid, iid","05_6","2008","748160.664806484","612296.79855939","914171.65936625","13.525373026414","0.102247091829999","index"
"973","973","973","973","973","973","973","973","973","973","973","973","973","973","973","973",NA,NA,NA,NA,NA,NA,NA,NA,NA,NA,NA,NA,NA,NA,NA,NA,NA,NA,NA,NA,NA,NA,NA,NA,NA,NA,NA,NA,NA,NA,NA,NA,NA,NA,NA,NA,NA,NA,NA,NA,NA,NA,NA,NA,NA,NA,"CA","rex sole","rex_sole",NA,NA,"700","total_catch_wt_kg ~ 0 + factor(year) + pass","delta_gamma","TRUE","iid, iid","05_6","2009","757745.076416696","621350.340907012","924080.286164472","13.5381022972634","0.10125285002145","index"
"974","974","974","974","974","974","974","974","974","974","974","974","974","974","974","974",NA,NA,NA,NA,NA,NA,NA,NA,NA,NA,NA,NA,NA,NA,NA,NA,NA,NA,NA,NA,NA,NA,NA,NA,NA,NA,NA,NA,NA,NA,NA,NA,NA,NA,NA,NA,NA,NA,NA,NA,NA,NA,NA,NA,NA,NA,"CA","rex sole","rex_sole",NA,NA,"700","total_catch_wt_kg ~ 0 + factor(year) + pass","delta_gamma","TRUE","iid, iid","05_6","2010","792839.792614057","654208.833011245","960847.523043906","13.5833764532384","0.0980602494508945","index"
"975","975","975","975","975","975","975","975","975","975","975","975","975","975","975","975",NA,NA,NA,NA,NA,NA,NA,NA,NA,NA,NA,NA,NA,NA,NA,NA,NA,NA,NA,NA,NA,NA,NA,NA,NA,NA,NA,NA,NA,NA,NA,NA,NA,NA,NA,NA,NA,NA,NA,NA,NA,NA,NA,NA,NA,NA,"CA","rex sole","rex_sole",NA,NA,"700","total_catch_wt_kg ~ 0 + factor(year) + pass","delta_gamma","TRUE","iid, iid","05_6","2011","836923.224467249","686563.464307276","1020212.28927377","13.6374876182241","0.101039444439816","index"
"976","976","976","976","976","976","976","976","976","976","976","976","976","976","976","976",NA,NA,NA,NA,NA,NA,NA,NA,NA,NA,NA,NA,NA,NA,NA,NA,NA,NA,NA,NA,NA,NA,NA,NA,NA,NA,NA,NA,NA,NA,NA,NA,NA,NA,NA,NA,NA,NA,NA,NA,NA,NA,NA,NA,NA,NA,"CA","rex sole","rex_sole",NA,NA,"700","total_catch_wt_kg ~ 0 + factor(year) + pass","delta_gamma","TRUE","iid, iid","05_6","2012","950448.863477928","786466.229040909","1148622.79997466","13.764689639861","0.096626560017737","index"
"977","977","977","977","977","977","977","977","977","977","977","977","977","977","977","977",NA,NA,NA,NA,NA,NA,NA,NA,NA,NA,NA,NA,NA,NA,NA,NA,NA,NA,NA,NA,NA,NA,NA,NA,NA,NA,NA,NA,NA,NA,NA,NA,NA,NA,NA,NA,NA,NA,NA,NA,NA,NA,NA,NA,NA,NA,"CA","rex sole","rex_sole",NA,NA,"700","total_catch_wt_kg ~ 0 + factor(year) + pass","delta_gamma","TRUE","iid, iid","05_6","2013","1166860.69863742","942262.75231909","1444993.8583198","13.9698275370808","0.109077561540636","index"
"978","978","978","978","978","978","978","978","978","978","978","978","978","978","978","978",NA,NA,NA,NA,NA,NA,NA,NA,NA,NA,NA,NA,NA,NA,NA,NA,NA,NA,NA,NA,NA,NA,NA,NA,NA,NA,NA,NA,NA,NA,NA,NA,NA,NA,NA,NA,NA,NA,NA,NA,NA,NA,NA,NA,NA,NA,"CA","rex sole","rex_sole",NA,NA,"700","total_catch_wt_kg ~ 0 + factor(year) + pass","delta_gamma","TRUE","iid, iid","05_6","2014","1226586.1700162","1008284.64388707","1492151.68712171","14.0197453970544","0.0999938397038383","index"
"979","979","979","979","979","979","979","979","979","979","979","979","979","979","979","979",NA,NA,NA,NA,NA,NA,NA,NA,NA,NA,NA,NA,NA,NA,NA,NA,NA,NA,NA,NA,NA,NA,NA,NA,NA,NA,NA,NA,NA,NA,NA,NA,NA,NA,NA,NA,NA,NA,NA,NA,NA,NA,NA,NA,NA,NA,"CA","rex sole","rex_sole",NA,NA,"700","total_catch_wt_kg ~ 0 + factor(year) + pass","delta_gamma","TRUE","iid, iid","05_6","2015","1564686.1304646","1288429.50260251","1900175.89780663","14.2631958062287","0.0991146842228385","index"
"980","980","980","980","980","980","980","980","980","980","980","980","980","980","980","980",NA,NA,NA,NA,NA,NA,NA,NA,NA,NA,NA,NA,NA,NA,NA,NA,NA,NA,NA,NA,NA,NA,NA,NA,NA,NA,NA,NA,NA,NA,NA,NA,NA,NA,NA,NA,NA,NA,NA,NA,NA,NA,NA,NA,NA,NA,"CA","rex sole","rex_sole",NA,NA,"700","total_catch_wt_kg ~ 0 + factor(year) + pass","delta_gamma","TRUE","iid, iid","05_6","2016","1676503.98422925","1382527.42833055","2032990.8481675","14.3322212214017","0.0983678124089047","index"
"981","981","981","981","981","981","981","981","981","981","981","981","981","981","981","981",NA,NA,NA,NA,NA,NA,NA,NA,NA,NA,NA,NA,NA,NA,NA,NA,NA,NA,NA,NA,NA,NA,NA,NA,NA,NA,NA,NA,NA,NA,NA,NA,NA,NA,NA,NA,NA,NA,NA,NA,NA,NA,NA,NA,NA,NA,"CA","rex sole","rex_sole",NA,NA,"700","total_catch_wt_kg ~ 0 + factor(year) + pass","delta_gamma","TRUE","iid, iid","05_6","2017","1465367.64960701","1209833.26327081","1774874.61595286","14.1976167243124","0.0977689471316258","index"
"982","982","982","982","982","982","982","982","982","982","982","982","982","982","982","982",NA,NA,NA,NA,NA,NA,NA,NA,NA,NA,NA,NA,NA,NA,NA,NA,NA,NA,NA,NA,NA,NA,NA,NA,NA,NA,NA,NA,NA,NA,NA,NA,NA,NA,NA,NA,NA,NA,NA,NA,NA,NA,NA,NA,NA,NA,"CA","rex sole","rex_sole",NA,NA,"700","total_catch_wt_kg ~ 0 + factor(year) + pass","delta_gamma","TRUE","iid, iid","05_6","2018","1814624.64878461","1500759.52338922","2194130.74823624","14.4113891992166","0.0968932663392574","index"
"983","983","983","983","983","983","983","983","983","983","983","983","983","983","983","983",NA,NA,NA,NA,NA,NA,NA,NA,NA,NA,NA,NA,NA,NA,NA,NA,NA,NA,NA,NA,NA,NA,NA,NA,NA,NA,NA,NA,NA,NA,NA,NA,NA,NA,NA,NA,NA,NA,NA,NA,NA,NA,NA,NA,NA,NA,"CA","rex sole","rex_sole",NA,NA,"700","total_catch_wt_kg ~ 0 + factor(year) + pass","delta_gamma","TRUE","iid, iid","05_6","2019","1400729.85775085","1089022.50426794","1801656.18865117","14.1525039857067","0.128427318519336","index"
"984","984","984","984","984","984","984","984","984","984","984","984","984","984","984","984",NA,NA,NA,NA,NA,NA,NA,NA,NA,NA,NA,NA,NA,NA,NA,NA,NA,NA,NA,NA,NA,NA,NA,NA,NA,NA,NA,NA,NA,NA,NA,NA,NA,NA,NA,NA,NA,NA,NA,NA,NA,NA,NA,NA,NA,NA,"CA","rex sole","rex_sole",NA,NA,"700","total_catch_wt_kg ~ 0 + factor(year) + pass","delta_gamma","TRUE","iid, iid","05_6","2021","1415159.19471303","1168436.71851033","1713978.61317991","14.1627525878288","0.0977443024564065","index"
"985","985","985","985","985","985","985","985","985","985","985","985","985","985","985","985",NA,NA,NA,NA,NA,NA,NA,NA,NA,NA,NA,NA,NA,NA,NA,NA,NA,NA,NA,NA,NA,NA,NA,NA,NA,NA,NA,NA,NA,NA,NA,NA,NA,NA,NA,NA,NA,NA,NA,NA,NA,NA,NA,NA,NA,NA,"CA","rex sole","rex_sole",NA,NA,"700","total_catch_wt_kg ~ 0 + factor(year) + pass","delta_gamma","TRUE","iid, iid","05_6","2022","1404029.71318554","1133730.48060442","1738772.54711977","14.1548570265815","0.10910045524886","index"
"986","986","986","986","986","986","986","986","986","986","986","986","986","986","986","986",NA,NA,NA,NA,NA,NA,NA,NA,NA,NA,NA,NA,NA,NA,NA,NA,NA,NA,NA,NA,NA,NA,NA,NA,NA,NA,NA,NA,NA,NA,NA,NA,NA,NA,NA,NA,NA,NA,NA,NA,NA,NA,NA,NA,NA,NA,"CA","rex sole","rex_sole",NA,NA,"700","total_catch_wt_kg ~ 0 + factor(year) + pass","delta_gamma","TRUE","iid, iid","05_6","2023","1397408.81981609","1146256.04319643","1703590.9396424","14.1501302366707","0.101082807413479","index"
"987","987","987","987","987","987","987","987","987","987","987","987","987","987","987","987",NA,NA,NA,NA,NA,NA,NA,NA,NA,NA,NA,NA,NA,NA,NA,NA,NA,NA,NA,NA,NA,NA,NA,NA,NA,NA,NA,NA,NA,NA,NA,NA,NA,NA,NA,NA,NA,NA,NA,NA,NA,NA,NA,NA,NA,NA,"CA","rex sole","rex_sole",NA,NA,"700","total_catch_wt_kg ~ 0 + factor(year) + pass","delta_gamma","TRUE","iid, iid","05_6","2024","1299042.55282314","1064506.65387973","1585252.23670037","14.0771380532556","0.10159168271515","index"
"988","988","988","988","988","988","988","988","988","988","988","988","988","988","988",NA,NA,NA,NA,NA,NA,NA,NA,NA,NA,NA,NA,NA,NA,NA,NA,NA,NA,NA,NA,NA,NA,NA,NA,NA,NA,NA,NA,NA,NA,NA,NA,NA,NA,NA,NA,NA,NA,NA,NA,NA,NA,NA,NA,NA,NA,NA,"CA","rex sole","rex_sole",NA,NA,"700","total_catch_wt_kg ~ 0 + factor(year) + pass","delta_gamma","TRUE","iid, iid","05_7","2003","1516061.79103365","1207261.5657817","1903848.69309072","14.2316266036108","0.116206941273861","index"
"989","989","989","989","989","989","989","989","989","989","989","989","989","989","989",NA,NA,NA,NA,NA,NA,NA,NA,NA,NA,NA,NA,NA,NA,NA,NA,NA,NA,NA,NA,NA,NA,NA,NA,NA,NA,NA,NA,NA,NA,NA,NA,NA,NA,NA,NA,NA,NA,NA,NA,NA,NA,NA,NA,NA,NA,NA,"CA","rex sole","rex_sole",NA,NA,"700","total_catch_wt_kg ~ 0 + factor(year) + pass","delta_gamma","TRUE","iid, iid","05_7","2004","1788874.34411518","1414219.10375901","2262783.33429925","14.3970971219666","0.119904782553233","index"
"990","990","990","990","990","990","990","990","990","990","990","990","990","990","990",NA,NA,NA,NA,NA,NA,NA,NA,NA,NA,NA,NA,NA,NA,NA,NA,NA,NA,NA,NA,NA,NA,NA,NA,NA,NA,NA,NA,NA,NA,NA,NA,NA,NA,NA,NA,NA,NA,NA,NA,NA,NA,NA,NA,NA,NA,NA,"CA","rex sole","rex_sole",NA,NA,"700","total_catch_wt_kg ~ 0 + factor(year) + pass","delta_gamma","TRUE","iid, iid","05_7","2005","1552463.46307033","1271820.70587362","1895033.46897688","14.2553535582586","0.101733246828051","index"
"991","991","991","991","991","991","991","991","991","991","991","991","991","991","991",NA,NA,NA,NA,NA,NA,NA,NA,NA,NA,NA,NA,NA,NA,NA,NA,NA,NA,NA,NA,NA,NA,NA,NA,NA,NA,NA,NA,NA,NA,NA,NA,NA,NA,NA,NA,NA,NA,NA,NA,NA,NA,NA,NA,NA,NA,NA,"CA","rex sole","rex_sole",NA,NA,"700","total_catch_wt_kg ~ 0 + factor(year) + pass","delta_gamma","TRUE","iid, iid","05_7","2006","1235770.68501428","1011224.99363311","1510177.4536387","14.0272053698632","0.102314304023364","index"
"992","992","992","992","992","992","992","992","992","992","992","992","992","992","992",NA,NA,NA,NA,NA,NA,NA,NA,NA,NA,NA,NA,NA,NA,NA,NA,NA,NA,NA,NA,NA,NA,NA,NA,NA,NA,NA,NA,NA,NA,NA,NA,NA,NA,NA,NA,NA,NA,NA,NA,NA,NA,NA,NA,NA,NA,NA,"CA","rex sole","rex_sole",NA,NA,"700","total_catch_wt_kg ~ 0 + factor(year) + pass","delta_gamma","TRUE","iid, iid","05_7","2007","1120913.24829216","919980.82656532","1365731.19125506","13.9296543112739","0.10079073121444","index"
"993","993","993","993","993","993","993","993","993","993","993","993","993","993","993",NA,NA,NA,NA,NA,NA,NA,NA,NA,NA,NA,NA,NA,NA,NA,NA,NA,NA,NA,NA,NA,NA,NA,NA,NA,NA,NA,NA,NA,NA,NA,NA,NA,NA,NA,NA,NA,NA,NA,NA,NA,NA,NA,NA,NA,NA,NA,"CA","rex sole","rex_sole",NA,NA,"700","total_catch_wt_kg ~ 0 + factor(year) + pass","delta_gamma","TRUE","iid, iid","05_7","2008","832861.407895881","678310.37347633","1022626.44341899","13.632622530231","0.104727582591948","index"
"994","994","994","994","994","994","994","994","994","994","994","994","994","994","994",NA,NA,NA,NA,NA,NA,NA,NA,NA,NA,NA,NA,NA,NA,NA,NA,NA,NA,NA,NA,NA,NA,NA,NA,NA,NA,NA,NA,NA,NA,NA,NA,NA,NA,NA,NA,NA,NA,NA,NA,NA,NA,NA,NA,NA,NA,NA,"CA","rex sole","rex_sole",NA,NA,"700","total_catch_wt_kg ~ 0 + factor(year) + pass","delta_gamma","TRUE","iid, iid","05_7","2009","700047.986369801","572642.176676268","855800.014705278","13.4589041636328","0.102495677522488","index"
"995","995","995","995","995","995","995","995","995","995","995","995","995","995","995",NA,NA,NA,NA,NA,NA,NA,NA,NA,NA,NA,NA,NA,NA,NA,NA,NA,NA,NA,NA,NA,NA,NA,NA,NA,NA,NA,NA,NA,NA,NA,NA,NA,NA,NA,NA,NA,NA,NA,NA,NA,NA,NA,NA,NA,NA,NA,"CA","rex sole","rex_sole",NA,NA,"700","total_catch_wt_kg ~ 0 + factor(year) + pass","delta_gamma","TRUE","iid, iid","05_7","2010","971491.171263183","795897.673408799","1185824.66989767","13.786587460021","0.101716947874749","index"
"996","996","996","996","996","996","996","996","996","996","996","996","996","996","996",NA,NA,NA,NA,NA,NA,NA,NA,NA,NA,NA,NA,NA,NA,NA,NA,NA,NA,NA,NA,NA,NA,NA,NA,NA,NA,NA,NA,NA,NA,NA,NA,NA,NA,NA,NA,NA,NA,NA,NA,NA,NA,NA,NA,NA,NA,NA,"CA","rex sole","rex_sole",NA,NA,"700","total_catch_wt_kg ~ 0 + factor(year) + pass","delta_gamma","TRUE","iid, iid","05_7","2011","874927.054465005","718607.494195973","1065250.99837889","13.6818957955389","0.10042287235905","index"
"997","997","997","997","997","997","997","997","997","997","997","997","997","997","997",NA,NA,NA,NA,NA,NA,NA,NA,NA,NA,NA,NA,NA,NA,NA,NA,NA,NA,NA,NA,NA,NA,NA,NA,NA,NA,NA,NA,NA,NA,NA,NA,NA,NA,NA,NA,NA,NA,NA,NA,NA,NA,NA,NA,NA,NA,NA,"CA","rex sole","rex_sole",NA,NA,"700","total_catch_wt_kg ~ 0 + factor(year) + pass","delta_gamma","TRUE","iid, iid","05_7","2012","1082407.23858552","894327.728625451","1310040.37182548","13.8946980433492","0.0973846820891853","index"
"998","998","998","998","998","998","998","998","998","998","998","998","998","998","998",NA,NA,NA,NA,NA,NA,NA,NA,NA,NA,NA,NA,NA,NA,NA,NA,NA,NA,NA,NA,NA,NA,NA,NA,NA,NA,NA,NA,NA,NA,NA,NA,NA,NA,NA,NA,NA,NA,NA,NA,NA,NA,NA,NA,NA,NA,NA,"CA","rex sole","rex_sole",NA,NA,"700","total_catch_wt_kg ~ 0 + factor(year) + pass","delta_gamma","TRUE","iid, iid","05_7","2013","1273393.71263558","1028069.44844336","1577258.76382676","14.0571961090906","0.109187123442959","index"
"999","999","999","999","999","999","999","999","999","999","999","999","999","999","999",NA,NA,NA,NA,NA,NA,NA,NA,NA,NA,NA,NA,NA,NA,NA,NA,NA,NA,NA,NA,NA,NA,NA,NA,NA,NA,NA,NA,NA,NA,NA,NA,NA,NA,NA,NA,NA,NA,NA,NA,NA,NA,NA,NA,NA,NA,NA,"CA","rex sole","rex_sole",NA,NA,"700","total_catch_wt_kg ~ 0 + factor(year) + pass","delta_gamma","TRUE","iid, iid","05_7","2014","1186788.78997332","972907.057043161","1447689.80943249","13.9867617217638","0.101388540186396","index"
"1000","1000","1000","1000","1000","1000","1000","1000","1000","1000","1000","1000","1000","1000","1000",NA,NA,NA,NA,NA,NA,NA,NA,NA,NA,NA,NA,NA,NA,NA,NA,NA,NA,NA,NA,NA,NA,NA,NA,NA,NA,NA,NA,NA,NA,NA,NA,NA,NA,NA,NA,NA,NA,NA,NA,NA,NA,NA,NA,NA,NA,NA,"CA","rex sole","rex_sole",NA,NA,"700","total_catch_wt_kg ~ 0 + factor(year) + pass","delta_gamma","TRUE","iid, iid","05_7","2015","1746461.81332159","1435792.10846835","2124352.71610755","14.3731024783015","0.0999381789656412","index"
"1001","1001","1001","1001","1001","1001","1001","1001","1001","1001","1001","1001","1001","1001","1001",NA,NA,NA,NA,NA,NA,NA,NA,NA,NA,NA,NA,NA,NA,NA,NA,NA,NA,NA,NA,NA,NA,NA,NA,NA,NA,NA,NA,NA,NA,NA,NA,NA,NA,NA,NA,NA,NA,NA,NA,NA,NA,NA,NA,NA,NA,NA,"CA","rex sole","rex_sole",NA,NA,"700","total_catch_wt_kg ~ 0 + factor(year) + pass","delta_gamma","TRUE","iid, iid","05_7","2016","1776191.23300493","1456253.31033573","2166419.31304947","14.3899818729791","0.101330639266933","index"
"1002","1002","1002","1002","1002","1002","1002","1002","1002","1002","1002","1002","1002","1002","1002",NA,NA,NA,NA,NA,NA,NA,NA,NA,NA,NA,NA,NA,NA,NA,NA,NA,NA,NA,NA,NA,NA,NA,NA,NA,NA,NA,NA,NA,NA,NA,NA,NA,NA,NA,NA,NA,NA,NA,NA,NA,NA,NA,NA,NA,NA,NA,"CA","rex sole","rex_sole",NA,NA,"700","total_catch_wt_kg ~ 0 + factor(year) + pass","delta_gamma","TRUE","iid, iid","05_7","2017","1633714.70670033","1339322.25689241","1992816.68706216","14.3063669410554","0.101375676840585","index"
"1003","1003","1003","1003","1003","1003","1003","1003","1003","1003","1003","1003","1003","1003","1003",NA,NA,NA,NA,NA,NA,NA,NA,NA,NA,NA,NA,NA,NA,NA,NA,NA,NA,NA,NA,NA,NA,NA,NA,NA,NA,NA,NA,NA,NA,NA,NA,NA,NA,NA,NA,NA,NA,NA,NA,NA,NA,NA,NA,NA,NA,NA,"CA","rex sole","rex_sole",NA,NA,"700","total_catch_wt_kg ~ 0 + factor(year) + pass","delta_gamma","TRUE","iid, iid","05_7","2018","1740590.46100926","1428201.21466928","2121308.34355718","14.3697349590337","0.10092463025218","index"
"1004","1004","1004","1004","1004","1004","1004","1004","1004","1004","1004","1004","1004","1004","1004",NA,NA,NA,NA,NA,NA,NA,NA,NA,NA,NA,NA,NA,NA,NA,NA,NA,NA,NA,NA,NA,NA,NA,NA,NA,NA,NA,NA,NA,NA,NA,NA,NA,NA,NA,NA,NA,NA,NA,NA,NA,NA,NA,NA,NA,NA,NA,"CA","rex sole","rex_sole",NA,NA,"700","total_catch_wt_kg ~ 0 + factor(year) + pass","delta_gamma","TRUE","iid, iid","05_7","2019","1683927.28053953","1306121.22292251","2171016.77576331","14.3366392902745","0.129628344074513","index"
"1005","1005","1005","1005","1005","1005","1005","1005","1005","1005","1005","1005","1005","1005","1005",NA,NA,NA,NA,NA,NA,NA,NA,NA,NA,NA,NA,NA,NA,NA,NA,NA,NA,NA,NA,NA,NA,NA,NA,NA,NA,NA,NA,NA,NA,NA,NA,NA,NA,NA,NA,NA,NA,NA,NA,NA,NA,NA,NA,NA,NA,NA,"CA","rex sole","rex_sole",NA,NA,"700","total_catch_wt_kg ~ 0 + factor(year) + pass","delta_gamma","TRUE","iid, iid","05_7","2021","1365366.90218849","1118828.80206811","1666230.59233536","14.126933743295","0.101604295370931","index"
"1006","1006","1006","1006","1006","1006","1006","1006","1006","1006","1006","1006","1006","1006","1006",NA,NA,NA,NA,NA,NA,NA,NA,NA,NA,NA,NA,NA,NA,NA,NA,NA,NA,NA,NA,NA,NA,NA,NA,NA,NA,NA,NA,NA,NA,NA,NA,NA,NA,NA,NA,NA,NA,NA,NA,NA,NA,NA,NA,NA,NA,NA,"CA","rex sole","rex_sole",NA,NA,"700","total_catch_wt_kg ~ 0 + factor(year) + pass","delta_gamma","TRUE","iid, iid","05_7","2022","1634820.98241279","1326248.91432825","2015187.05550899","14.3070438654399","0.106725795362834","index"
"1007","1007","1007","1007","1007","1007","1007","1007","1007","1007","1007","1007","1007","1007","1007",NA,NA,NA,NA,NA,NA,NA,NA,NA,NA,NA,NA,NA,NA,NA,NA,NA,NA,NA,NA,NA,NA,NA,NA,NA,NA,NA,NA,NA,NA,NA,NA,NA,NA,NA,NA,NA,NA,NA,NA,NA,NA,NA,NA,NA,NA,NA,"CA","rex sole","rex_sole",NA,NA,"700","total_catch_wt_kg ~ 0 + factor(year) + pass","delta_gamma","TRUE","iid, iid","05_7","2023","1464364.80611776","1201941.76068601","1784083.3520689","14.1969321269688","0.100758579051111","index"
"1008","1008","1008","1008","1008","1008","1008","1008","1008","1008","1008","1008","1008","1008","1008",NA,NA,NA,NA,NA,NA,NA,NA,NA,NA,NA,NA,NA,NA,NA,NA,NA,NA,NA,NA,NA,NA,NA,NA,NA,NA,NA,NA,NA,NA,NA,NA,NA,NA,NA,NA,NA,NA,NA,NA,NA,NA,NA,NA,NA,NA,NA,"CA","rex sole","rex_sole",NA,NA,"700","total_catch_wt_kg ~ 0 + factor(year) + pass","delta_gamma","TRUE","iid, iid","05_7","2024","1238581.92250126","1017560.41041861","1507610.91237406","14.0294776722732","0.100287101124515","index"
"1009","1009","1009","1009","1009","1009","1009","1009","1009","1009","1009","1009","1009","1009",NA,NA,NA,NA,NA,NA,NA,NA,NA,NA,NA,NA,NA,NA,NA,NA,NA,NA,NA,NA,NA,NA,NA,NA,NA,NA,NA,NA,NA,NA,NA,NA,NA,NA,NA,NA,NA,NA,NA,NA,NA,NA,NA,NA,NA,NA,NA,NA,"CA","rex sole","rex_sole",NA,NA,"700","total_catch_wt_kg ~ 0 + factor(year) + pass","delta_gamma","TRUE","iid, iid","05_8","2003","1700601.90181113","1367230.21277721","2115259.59667693","14.3464928062509","0.111326176983988","index"
"1010","1010","1010","1010","1010","1010","1010","1010","1010","1010","1010","1010","1010","1010",NA,NA,NA,NA,NA,NA,NA,NA,NA,NA,NA,NA,NA,NA,NA,NA,NA,NA,NA,NA,NA,NA,NA,NA,NA,NA,NA,NA,NA,NA,NA,NA,NA,NA,NA,NA,NA,NA,NA,NA,NA,NA,NA,NA,NA,NA,NA,NA,"CA","rex sole","rex_sole",NA,NA,"700","total_catch_wt_kg ~ 0 + factor(year) + pass","delta_gamma","TRUE","iid, iid","05_8","2004","1940886.72501466","1515823.37204488","2485145.26745705","14.4786555013625","0.126117711407331","index"
"1011","1011","1011","1011","1011","1011","1011","1011","1011","1011","1011","1011","1011","1011",NA,NA,NA,NA,NA,NA,NA,NA,NA,NA,NA,NA,NA,NA,NA,NA,NA,NA,NA,NA,NA,NA,NA,NA,NA,NA,NA,NA,NA,NA,NA,NA,NA,NA,NA,NA,NA,NA,NA,NA,NA,NA,NA,NA,NA,NA,NA,NA,"CA","rex sole","rex_sole",NA,NA,"700","total_catch_wt_kg ~ 0 + factor(year) + pass","delta_gamma","TRUE","iid, iid","05_8","2005","1617077.57334775","1296979.42854156","2016176.83417285","14.2961311110311","0.112544164280021","index"
"1012","1012","1012","1012","1012","1012","1012","1012","1012","1012","1012","1012","1012","1012",NA,NA,NA,NA,NA,NA,NA,NA,NA,NA,NA,NA,NA,NA,NA,NA,NA,NA,NA,NA,NA,NA,NA,NA,NA,NA,NA,NA,NA,NA,NA,NA,NA,NA,NA,NA,NA,NA,NA,NA,NA,NA,NA,NA,NA,NA,NA,NA,"CA","rex sole","rex_sole",NA,NA,"700","total_catch_wt_kg ~ 0 + factor(year) + pass","delta_gamma","TRUE","iid, iid","05_8","2006","1350504.85386559","1090423.61221684","1672619.09947694","14.1159890463332","0.109140899655758","index"
"1013","1013","1013","1013","1013","1013","1013","1013","1013","1013","1013","1013","1013","1013",NA,NA,NA,NA,NA,NA,NA,NA,NA,NA,NA,NA,NA,NA,NA,NA,NA,NA,NA,NA,NA,NA,NA,NA,NA,NA,NA,NA,NA,NA,NA,NA,NA,NA,NA,NA,NA,NA,NA,NA,NA,NA,NA,NA,NA,NA,NA,NA,"CA","rex sole","rex_sole",NA,NA,"700","total_catch_wt_kg ~ 0 + factor(year) + pass","delta_gamma","TRUE","iid, iid","05_8","2007","1290453.65712419","1041929.57295161","1598256.43154341","14.070504386705","0.109144595369751","index"
"1014","1014","1014","1014","1014","1014","1014","1014","1014","1014","1014","1014","1014","1014",NA,NA,NA,NA,NA,NA,NA,NA,NA,NA,NA,NA,NA,NA,NA,NA,NA,NA,NA,NA,NA,NA,NA,NA,NA,NA,NA,NA,NA,NA,NA,NA,NA,NA,NA,NA,NA,NA,NA,NA,NA,NA,NA,NA,NA,NA,NA,NA,"CA","rex sole","rex_sole",NA,NA,"700","total_catch_wt_kg ~ 0 + factor(year) + pass","delta_gamma","TRUE","iid, iid","05_8","2008","830437.588151802","666300.69175552","1035008.06219847","13.6297080554847","0.112354982268713","index"
"1015","1015","1015","1015","1015","1015","1015","1015","1015","1015","1015","1015","1015","1015",NA,NA,NA,NA,NA,NA,NA,NA,NA,NA,NA,NA,NA,NA,NA,NA,NA,NA,NA,NA,NA,NA,NA,NA,NA,NA,NA,NA,NA,NA,NA,NA,NA,NA,NA,NA,NA,NA,NA,NA,NA,NA,NA,NA,NA,NA,NA,NA,"CA","rex sole","rex_sole",NA,NA,"700","total_catch_wt_kg ~ 0 + factor(year) + pass","delta_gamma","TRUE","iid, iid","05_8","2009","804816.978348453","651373.566868698","994406.898873289","13.5983701744625","0.107926259913521","index"
"1016","1016","1016","1016","1016","1016","1016","1016","1016","1016","1016","1016","1016","1016",NA,NA,NA,NA,NA,NA,NA,NA,NA,NA,NA,NA,NA,NA,NA,NA,NA,NA,NA,NA,NA,NA,NA,NA,NA,NA,NA,NA,NA,NA,NA,NA,NA,NA,NA,NA,NA,NA,NA,NA,NA,NA,NA,NA,NA,NA,NA,NA,"CA","rex sole","rex_sole",NA,NA,"700","total_catch_wt_kg ~ 0 + factor(year) + pass","delta_gamma","TRUE","iid, iid","05_8","2010","849929.579673936","692847.054748875","1042625.90921534","13.652908777592","0.104259172927556","index"
"1017","1017","1017","1017","1017","1017","1017","1017","1017","1017","1017","1017","1017","1017",NA,NA,NA,NA,NA,NA,NA,NA,NA,NA,NA,NA,NA,NA,NA,NA,NA,NA,NA,NA,NA,NA,NA,NA,NA,NA,NA,NA,NA,NA,NA,NA,NA,NA,NA,NA,NA,NA,NA,NA,NA,NA,NA,NA,NA,NA,NA,NA,"CA","rex sole","rex_sole",NA,NA,"700","total_catch_wt_kg ~ 0 + factor(year) + pass","delta_gamma","TRUE","iid, iid","05_8","2011","1003055.77333484","817428.401628566","1230836.7098768","13.8185616719134","0.104411651293238","index"
"1018","1018","1018","1018","1018","1018","1018","1018","1018","1018","1018","1018","1018","1018",NA,NA,NA,NA,NA,NA,NA,NA,NA,NA,NA,NA,NA,NA,NA,NA,NA,NA,NA,NA,NA,NA,NA,NA,NA,NA,NA,NA,NA,NA,NA,NA,NA,NA,NA,NA,NA,NA,NA,NA,NA,NA,NA,NA,NA,NA,NA,NA,"CA","rex sole","rex_sole",NA,NA,"700","total_catch_wt_kg ~ 0 + factor(year) + pass","delta_gamma","TRUE","iid, iid","05_8","2012","1075771.28642146","877686.031678607","1318562.46871735","13.8885484380221","0.10383059375655","index"
"1019","1019","1019","1019","1019","1019","1019","1019","1019","1019","1019","1019","1019","1019",NA,NA,NA,NA,NA,NA,NA,NA,NA,NA,NA,NA,NA,NA,NA,NA,NA,NA,NA,NA,NA,NA,NA,NA,NA,NA,NA,NA,NA,NA,NA,NA,NA,NA,NA,NA,NA,NA,NA,NA,NA,NA,NA,NA,NA,NA,NA,NA,"CA","rex sole","rex_sole",NA,NA,"700","total_catch_wt_kg ~ 0 + factor(year) + pass","delta_gamma","TRUE","iid, iid","05_8","2013","1161046.86445232","931215.377657571","1447602.62104506","13.9648326254574","0.112546331242227","index"
"1020","1020","1020","1020","1020","1020","1020","1020","1020","1020","1020","1020","1020","1020",NA,NA,NA,NA,NA,NA,NA,NA,NA,NA,NA,NA,NA,NA,NA,NA,NA,NA,NA,NA,NA,NA,NA,NA,NA,NA,NA,NA,NA,NA,NA,NA,NA,NA,NA,NA,NA,NA,NA,NA,NA,NA,NA,NA,NA,NA,NA,NA,"CA","rex sole","rex_sole",NA,NA,"700","total_catch_wt_kg ~ 0 + factor(year) + pass","delta_gamma","TRUE","iid, iid","05_8","2014","1538492.59915169","1254013.14758938","1887507.70452015","14.2463136633015","0.104315273277037","index"
"1021","1021","1021","1021","1021","1021","1021","1021","1021","1021","1021","1021","1021","1021",NA,NA,NA,NA,NA,NA,NA,NA,NA,NA,NA,NA,NA,NA,NA,NA,NA,NA,NA,NA,NA,NA,NA,NA,NA,NA,NA,NA,NA,NA,NA,NA,NA,NA,NA,NA,NA,NA,NA,NA,NA,NA,NA,NA,NA,NA,NA,NA,"CA","rex sole","rex_sole",NA,NA,"700","total_catch_wt_kg ~ 0 + factor(year) + pass","delta_gamma","TRUE","iid, iid","05_8","2015","1591437.09702681","1294228.28472734","1956897.45285293","14.2801480005919","0.105472776982946","index"
"1022","1022","1022","1022","1022","1022","1022","1022","1022","1022","1022","1022","1022","1022",NA,NA,NA,NA,NA,NA,NA,NA,NA,NA,NA,NA,NA,NA,NA,NA,NA,NA,NA,NA,NA,NA,NA,NA,NA,NA,NA,NA,NA,NA,NA,NA,NA,NA,NA,NA,NA,NA,NA,NA,NA,NA,NA,NA,NA,NA,NA,NA,"CA","rex sole","rex_sole",NA,NA,"700","total_catch_wt_kg ~ 0 + factor(year) + pass","delta_gamma","TRUE","iid, iid","05_8","2016","1883284.35186697","1536797.54720859","2307890.16837597","14.4485278062581","0.103734820366457","index"
"1023","1023","1023","1023","1023","1023","1023","1023","1023","1023","1023","1023","1023","1023",NA,NA,NA,NA,NA,NA,NA,NA,NA,NA,NA,NA,NA,NA,NA,NA,NA,NA,NA,NA,NA,NA,NA,NA,NA,NA,NA,NA,NA,NA,NA,NA,NA,NA,NA,NA,NA,NA,NA,NA,NA,NA,NA,NA,NA,NA,NA,NA,"CA","rex sole","rex_sole",NA,NA,"700","total_catch_wt_kg ~ 0 + factor(year) + pass","delta_gamma","TRUE","iid, iid","05_8","2017","1782958.01028773","1442540.37616339","2203709.03926027","14.393784346533","0.108097945076373","index"
"1024","1024","1024","1024","1024","1024","1024","1024","1024","1024","1024","1024","1024","1024",NA,NA,NA,NA,NA,NA,NA,NA,NA,NA,NA,NA,NA,NA,NA,NA,NA,NA,NA,NA,NA,NA,NA,NA,NA,NA,NA,NA,NA,NA,NA,NA,NA,NA,NA,NA,NA,NA,NA,NA,NA,NA,NA,NA,NA,NA,NA,NA,"CA","rex sole","rex_sole",NA,NA,"700","total_catch_wt_kg ~ 0 + factor(year) + pass","delta_gamma","TRUE","iid, iid","05_8","2018","1863018.53281952","1519551.87075563","2284119.49629797","14.4377085973708","0.103972609443627","index"
"1025","1025","1025","1025","1025","1025","1025","1025","1025","1025","1025","1025","1025","1025",NA,NA,NA,NA,NA,NA,NA,NA,NA,NA,NA,NA,NA,NA,NA,NA,NA,NA,NA,NA,NA,NA,NA,NA,NA,NA,NA,NA,NA,NA,NA,NA,NA,NA,NA,NA,NA,NA,NA,NA,NA,NA,NA,NA,NA,NA,NA,NA,"CA","rex sole","rex_sole",NA,NA,"700","total_catch_wt_kg ~ 0 + factor(year) + pass","delta_gamma","TRUE","iid, iid","05_8","2019","2039257.72601673","1560934.50423698","2664155.3901403","14.5280964398116","0.136380668660419","index"
"1026","1026","1026","1026","1026","1026","1026","1026","1026","1026","1026","1026","1026","1026",NA,NA,NA,NA,NA,NA,NA,NA,NA,NA,NA,NA,NA,NA,NA,NA,NA,NA,NA,NA,NA,NA,NA,NA,NA,NA,NA,NA,NA,NA,NA,NA,NA,NA,NA,NA,NA,NA,NA,NA,NA,NA,NA,NA,NA,NA,NA,NA,"CA","rex sole","rex_sole",NA,NA,"700","total_catch_wt_kg ~ 0 + factor(year) + pass","delta_gamma","TRUE","iid, iid","05_8","2021","1637637.20290868","1334212.37454154","2010066.50779424","14.3087650310174","0.104549542002641","index"
"1027","1027","1027","1027","1027","1027","1027","1027","1027","1027","1027","1027","1027","1027",NA,NA,NA,NA,NA,NA,NA,NA,NA,NA,NA,NA,NA,NA,NA,NA,NA,NA,NA,NA,NA,NA,NA,NA,NA,NA,NA,NA,NA,NA,NA,NA,NA,NA,NA,NA,NA,NA,NA,NA,NA,NA,NA,NA,NA,NA,NA,NA,"CA","rex sole","rex_sole",NA,NA,"700","total_catch_wt_kg ~ 0 + factor(year) + pass","delta_gamma","TRUE","iid, iid","05_8","2022","1576598.71461893","1276810.94289157","1946774.90882779","14.2707803723209","0.10760621000338","index"
"1028","1028","1028","1028","1028","1028","1028","1028","1028","1028","1028","1028","1028","1028",NA,NA,NA,NA,NA,NA,NA,NA,NA,NA,NA,NA,NA,NA,NA,NA,NA,NA,NA,NA,NA,NA,NA,NA,NA,NA,NA,NA,NA,NA,NA,NA,NA,NA,NA,NA,NA,NA,NA,NA,NA,NA,NA,NA,NA,NA,NA,NA,"CA","rex sole","rex_sole",NA,NA,"700","total_catch_wt_kg ~ 0 + factor(year) + pass","delta_gamma","TRUE","iid, iid","05_8","2023","1683901.25440614","1363555.31437665","2079507.44989531","14.3366238345391","0.10766411414989","index"
"1029","1029","1029","1029","1029","1029","1029","1029","1029","1029","1029","1029","1029","1029",NA,NA,NA,NA,NA,NA,NA,NA,NA,NA,NA,NA,NA,NA,NA,NA,NA,NA,NA,NA,NA,NA,NA,NA,NA,NA,NA,NA,NA,NA,NA,NA,NA,NA,NA,NA,NA,NA,NA,NA,NA,NA,NA,NA,NA,NA,NA,NA,"CA","rex sole","rex_sole",NA,NA,"700","total_catch_wt_kg ~ 0 + factor(year) + pass","delta_gamma","TRUE","iid, iid","05_8","2024","1470969.38096728","1191622.11946219","1815802.91638074","14.2014321842529","0.10745407744236","index"
"1030","1030","1030","1030","1030","1030","1030","1030","1030","1030","1030","1030","1030",NA,NA,NA,NA,NA,NA,NA,NA,NA,NA,NA,NA,NA,NA,NA,NA,NA,NA,NA,NA,NA,NA,NA,NA,NA,NA,NA,NA,NA,NA,NA,NA,NA,NA,NA,NA,NA,NA,NA,NA,NA,NA,NA,NA,NA,NA,NA,NA,NA,"CA","rex sole","rex_sole",NA,NA,"700","total_catch_wt_kg ~ 0 + factor(year) + pass","delta_gamma","TRUE","iid, iid","05_9","2003","1577883.43984914","1258448.26881107","1978401.66453751","14.2715949119114","0.115412796570363","index"
"1031","1031","1031","1031","1031","1031","1031","1031","1031","1031","1031","1031","1031",NA,NA,NA,NA,NA,NA,NA,NA,NA,NA,NA,NA,NA,NA,NA,NA,NA,NA,NA,NA,NA,NA,NA,NA,NA,NA,NA,NA,NA,NA,NA,NA,NA,NA,NA,NA,NA,NA,NA,NA,NA,NA,NA,NA,NA,NA,NA,NA,NA,"CA","rex sole","rex_sole",NA,NA,"700","total_catch_wt_kg ~ 0 + factor(year) + pass","delta_gamma","TRUE","iid, iid","05_9","2004","1643781.22761972","1307180.63178713","2067056.88454158","14.3125097725192","0.116903467570194","index"
"1032","1032","1032","1032","1032","1032","1032","1032","1032","1032","1032","1032","1032",NA,NA,NA,NA,NA,NA,NA,NA,NA,NA,NA,NA,NA,NA,NA,NA,NA,NA,NA,NA,NA,NA,NA,NA,NA,NA,NA,NA,NA,NA,NA,NA,NA,NA,NA,NA,NA,NA,NA,NA,NA,NA,NA,NA,NA,NA,NA,NA,NA,"CA","rex sole","rex_sole",NA,NA,"700","total_catch_wt_kg ~ 0 + factor(year) + pass","delta_gamma","TRUE","iid, iid","05_9","2005","1656802.13473612","1333664.14763356","2058234.31524111","14.3203998775321","0.110695486690874","index"
"1033","1033","1033","1033","1033","1033","1033","1033","1033","1033","1033","1033","1033",NA,NA,NA,NA,NA,NA,NA,NA,NA,NA,NA,NA,NA,NA,NA,NA,NA,NA,NA,NA,NA,NA,NA,NA,NA,NA,NA,NA,NA,NA,NA,NA,NA,NA,NA,NA,NA,NA,NA,NA,NA,NA,NA,NA,NA,NA,NA,NA,NA,"CA","rex sole","rex_sole",NA,NA,"700","total_catch_wt_kg ~ 0 + factor(year) + pass","delta_gamma","TRUE","iid, iid","05_9","2006","1265545.46416991","1018871.03893906","1571941.15905852","14.0510137841773","0.110618377775936","index"
"1034","1034","1034","1034","1034","1034","1034","1034","1034","1034","1034","1034","1034",NA,NA,NA,NA,NA,NA,NA,NA,NA,NA,NA,NA,NA,NA,NA,NA,NA,NA,NA,NA,NA,NA,NA,NA,NA,NA,NA,NA,NA,NA,NA,NA,NA,NA,NA,NA,NA,NA,NA,NA,NA,NA,NA,NA,NA,NA,NA,NA,NA,"CA","rex sole","rex_sole",NA,NA,"700","total_catch_wt_kg ~ 0 + factor(year) + pass","delta_gamma","TRUE","iid, iid","05_9","2007","1219129.28083956","997146.030184967","1490530.13140381","14.0136474576715","0.102550328192142","index"
"1035","1035","1035","1035","1035","1035","1035","1035","1035","1035","1035","1035","1035",NA,NA,NA,NA,NA,NA,NA,NA,NA,NA,NA,NA,NA,NA,NA,NA,NA,NA,NA,NA,NA,NA,NA,NA,NA,NA,NA,NA,NA,NA,NA,NA,NA,NA,NA,NA,NA,NA,NA,NA,NA,NA,NA,NA,NA,NA,NA,NA,NA,"CA","rex sole","rex_sole",NA,NA,"700","total_catch_wt_kg ~ 0 + factor(year) + pass","delta_gamma","TRUE","iid, iid","05_9","2008","838961.695432145","684241.040939142","1028667.80021893","13.6399203293799","0.104009460085641","index"
"1036","1036","1036","1036","1036","1036","1036","1036","1036","1036","1036","1036","1036",NA,NA,NA,NA,NA,NA,NA,NA,NA,NA,NA,NA,NA,NA,NA,NA,NA,NA,NA,NA,NA,NA,NA,NA,NA,NA,NA,NA,NA,NA,NA,NA,NA,NA,NA,NA,NA,NA,NA,NA,NA,NA,NA,NA,NA,NA,NA,NA,NA,"CA","rex sole","rex_sole",NA,NA,"700","total_catch_wt_kg ~ 0 + factor(year) + pass","delta_gamma","TRUE","iid, iid","05_9","2009","821191.773835669","676368.490185879","997024.461074534","13.6185119468284","0.0989909192329862","index"
"1037","1037","1037","1037","1037","1037","1037","1037","1037","1037","1037","1037","1037",NA,NA,NA,NA,NA,NA,NA,NA,NA,NA,NA,NA,NA,NA,NA,NA,NA,NA,NA,NA,NA,NA,NA,NA,NA,NA,NA,NA,NA,NA,NA,NA,NA,NA,NA,NA,NA,NA,NA,NA,NA,NA,NA,NA,NA,NA,NA,NA,NA,"CA","rex sole","rex_sole",NA,NA,"700","total_catch_wt_kg ~ 0 + factor(year) + pass","delta_gamma","TRUE","iid, iid","05_9","2010","916259.172787437","757237.09389028","1108676.36898776","13.7280545433606","0.0972583473540854","index"
"1038","1038","1038","1038","1038","1038","1038","1038","1038","1038","1038","1038","1038",NA,NA,NA,NA,NA,NA,NA,NA,NA,NA,NA,NA,NA,NA,NA,NA,NA,NA,NA,NA,NA,NA,NA,NA,NA,NA,NA,NA,NA,NA,NA,NA,NA,NA,NA,NA,NA,NA,NA,NA,NA,NA,NA,NA,NA,NA,NA,NA,NA,"CA","rex sole","rex_sole",NA,NA,"700","total_catch_wt_kg ~ 0 + factor(year) + pass","delta_gamma","TRUE","iid, iid","05_9","2011","921662.467295095","760147.449046582","1117495.96040337","13.7339343479799","0.0983011137712687","index"
"1039","1039","1039","1039","1039","1039","1039","1039","1039","1039","1039","1039","1039",NA,NA,NA,NA,NA,NA,NA,NA,NA,NA,NA,NA,NA,NA,NA,NA,NA,NA,NA,NA,NA,NA,NA,NA,NA,NA,NA,NA,NA,NA,NA,NA,NA,NA,NA,NA,NA,NA,NA,NA,NA,NA,NA,NA,NA,NA,NA,NA,NA,"CA","rex sole","rex_sole",NA,NA,"700","total_catch_wt_kg ~ 0 + factor(year) + pass","delta_gamma","TRUE","iid, iid","05_9","2012","1124728.83813842","927329.979863935","1364147.59234444","13.9330525318017","0.0984649650623071","index"
"1040","1040","1040","1040","1040","1040","1040","1040","1040","1040","1040","1040","1040",NA,NA,NA,NA,NA,NA,NA,NA,NA,NA,NA,NA,NA,NA,NA,NA,NA,NA,NA,NA,NA,NA,NA,NA,NA,NA,NA,NA,NA,NA,NA,NA,NA,NA,NA,NA,NA,NA,NA,NA,NA,NA,NA,NA,NA,NA,NA,NA,NA,"CA","rex sole","rex_sole",NA,NA,"700","total_catch_wt_kg ~ 0 + factor(year) + pass","delta_gamma","TRUE","iid, iid","05_9","2013","1384285.97983249","1118273.3633649","1713577.14199217","14.1406950266411","0.108878843925331","index"
"1041","1041","1041","1041","1041","1041","1041","1041","1041","1041","1041","1041","1041",NA,NA,NA,NA,NA,NA,NA,NA,NA,NA,NA,NA,NA,NA,NA,NA,NA,NA,NA,NA,NA,NA,NA,NA,NA,NA,NA,NA,NA,NA,NA,NA,NA,NA,NA,NA,NA,NA,NA,NA,NA,NA,NA,NA,NA,NA,NA,NA,NA,"CA","rex sole","rex_sole",NA,NA,"700","total_catch_wt_kg ~ 0 + factor(year) + pass","delta_gamma","TRUE","iid, iid","05_9","2014","1527551.08849953","1268339.18411571","1839738.42107777","14.2391764152948","0.0948780402055378","index"
"1042","1042","1042","1042","1042","1042","1042","1042","1042","1042","1042","1042","1042",NA,NA,NA,NA,NA,NA,NA,NA,NA,NA,NA,NA,NA,NA,NA,NA,NA,NA,NA,NA,NA,NA,NA,NA,NA,NA,NA,NA,NA,NA,NA,NA,NA,NA,NA,NA,NA,NA,NA,NA,NA,NA,NA,NA,NA,NA,NA,NA,NA,"CA","rex sole","rex_sole",NA,NA,"700","total_catch_wt_kg ~ 0 + factor(year) + pass","delta_gamma","TRUE","iid, iid","05_9","2015","1824463.88043631","1503210.69115178","2214372.52316656","14.4167967376971","0.0988196211292928","index"
"1043","1043","1043","1043","1043","1043","1043","1043","1043","1043","1043","1043","1043",NA,NA,NA,NA,NA,NA,NA,NA,NA,NA,NA,NA,NA,NA,NA,NA,NA,NA,NA,NA,NA,NA,NA,NA,NA,NA,NA,NA,NA,NA,NA,NA,NA,NA,NA,NA,NA,NA,NA,NA,NA,NA,NA,NA,NA,NA,NA,NA,NA,"CA","rex sole","rex_sole",NA,NA,"700","total_catch_wt_kg ~ 0 + factor(year) + pass","delta_gamma","TRUE","iid, iid","05_9","2016","1829022.20231314","1508458.60583099","2217708.99355341","14.4192920663442","0.0983146482666401","index"
"1044","1044","1044","1044","1044","1044","1044","1044","1044","1044","1044","1044","1044",NA,NA,NA,NA,NA,NA,NA,NA,NA,NA,NA,NA,NA,NA,NA,NA,NA,NA,NA,NA,NA,NA,NA,NA,NA,NA,NA,NA,NA,NA,NA,NA,NA,NA,NA,NA,NA,NA,NA,NA,NA,NA,NA,NA,NA,NA,NA,NA,NA,"CA","rex sole","rex_sole",NA,NA,"700","total_catch_wt_kg ~ 0 + factor(year) + pass","delta_gamma","TRUE","iid, iid","05_9","2017","1550627.26695602","1272923.77746937","1888915.08163014","14.2541700953899","0.100687103181594","index"
"1045","1045","1045","1045","1045","1045","1045","1045","1045","1045","1045","1045","1045",NA,NA,NA,NA,NA,NA,NA,NA,NA,NA,NA,NA,NA,NA,NA,NA,NA,NA,NA,NA,NA,NA,NA,NA,NA,NA,NA,NA,NA,NA,NA,NA,NA,NA,NA,NA,NA,NA,NA,NA,NA,NA,NA,NA,NA,NA,NA,NA,NA,"CA","rex sole","rex_sole",NA,NA,"700","total_catch_wt_kg ~ 0 + factor(year) + pass","delta_gamma","TRUE","iid, iid","05_9","2018","1898402.59502797","1566120.73807251","2301184.27347078","14.4565233510581","0.0981707318867915","index"
"1046","1046","1046","1046","1046","1046","1046","1046","1046","1046","1046","1046","1046",NA,NA,NA,NA,NA,NA,NA,NA,NA,NA,NA,NA,NA,NA,NA,NA,NA,NA,NA,NA,NA,NA,NA,NA,NA,NA,NA,NA,NA,NA,NA,NA,NA,NA,NA,NA,NA,NA,NA,NA,NA,NA,NA,NA,NA,NA,NA,NA,NA,"CA","rex sole","rex_sole",NA,NA,"700","total_catch_wt_kg ~ 0 + factor(year) + pass","delta_gamma","TRUE","iid, iid","05_9","2019","1589165.41488835","1230161.55995236","2052939.05946392","14.2787195400935","0.130647029147232","index"
"1047","1047","1047","1047","1047","1047","1047","1047","1047","1047","1047","1047","1047",NA,NA,NA,NA,NA,NA,NA,NA,NA,NA,NA,NA,NA,NA,NA,NA,NA,NA,NA,NA,NA,NA,NA,NA,NA,NA,NA,NA,NA,NA,NA,NA,NA,NA,NA,NA,NA,NA,NA,NA,NA,NA,NA,NA,NA,NA,NA,NA,NA,"CA","rex sole","rex_sole",NA,NA,"700","total_catch_wt_kg ~ 0 + factor(year) + pass","delta_gamma","TRUE","iid, iid","05_9","2021","1467458.79156092","1207870.62227199","1782836.06308667","14.1990427495821","0.0993248856329194","index"
"1048","1048","1048","1048","1048","1048","1048","1048","1048","1048","1048","1048","1048",NA,NA,NA,NA,NA,NA,NA,NA,NA,NA,NA,NA,NA,NA,NA,NA,NA,NA,NA,NA,NA,NA,NA,NA,NA,NA,NA,NA,NA,NA,NA,NA,NA,NA,NA,NA,NA,NA,NA,NA,NA,NA,NA,NA,NA,NA,NA,NA,NA,"CA","rex sole","rex_sole",NA,NA,"700","total_catch_wt_kg ~ 0 + factor(year) + pass","delta_gamma","TRUE","iid, iid","05_9","2022","1662922.56763112","1350014.86868271","2048356.30339033","14.3240871952336","0.106359623281308","index"
"1049","1049","1049","1049","1049","1049","1049","1049","1049","1049","1049","1049","1049",NA,NA,NA,NA,NA,NA,NA,NA,NA,NA,NA,NA,NA,NA,NA,NA,NA,NA,NA,NA,NA,NA,NA,NA,NA,NA,NA,NA,NA,NA,NA,NA,NA,NA,NA,NA,NA,NA,NA,NA,NA,NA,NA,NA,NA,NA,NA,NA,NA,"CA","rex sole","rex_sole",NA,NA,"700","total_catch_wt_kg ~ 0 + factor(year) + pass","delta_gamma","TRUE","iid, iid","05_9","2023","1771597.66201968","1452063.35509382","2161447.20205463","14.3873923313304","0.101479530491161","index"
"1050","1050","1050","1050","1050","1050","1050","1050","1050","1050","1050","1050","1050",NA,NA,NA,NA,NA,NA,NA,NA,NA,NA,NA,NA,NA,NA,NA,NA,NA,NA,NA,NA,NA,NA,NA,NA,NA,NA,NA,NA,NA,NA,NA,NA,NA,NA,NA,NA,NA,NA,NA,NA,NA,NA,NA,NA,NA,NA,NA,NA,NA,"CA","rex sole","rex_sole",NA,NA,"700","total_catch_wt_kg ~ 0 + factor(year) + pass","delta_gamma","TRUE","iid, iid","05_9","2024","1393824.38422981","1148283.79845977","1691869.56802794","14.1475618826174","0.0988706158042109","index"
"1051","1051","1051","1051","1051","1051","1051","1051","1051","1051","1051","1051",NA,NA,NA,NA,NA,NA,NA,NA,NA,NA,NA,NA,NA,NA,NA,NA,NA,NA,NA,NA,NA,NA,NA,NA,NA,NA,NA,NA,NA,NA,NA,NA,NA,NA,NA,NA,NA,NA,NA,NA,NA,NA,NA,NA,NA,NA,NA,NA,NA,NA,"CA","rex sole","rex_sole",NA,NA,"700","total_catch_wt_kg ~ 0 + factor(year) + pass","delta_gamma","TRUE","iid, iid","06_1","2003","1523271.31337684","1243565.19683398","1865889.70169338","14.2363707600541","0.103510978109535","index"
"1052","1052","1052","1052","1052","1052","1052","1052","1052","1052","1052","1052",NA,NA,NA,NA,NA,NA,NA,NA,NA,NA,NA,NA,NA,NA,NA,NA,NA,NA,NA,NA,NA,NA,NA,NA,NA,NA,NA,NA,NA,NA,NA,NA,NA,NA,NA,NA,NA,NA,NA,NA,NA,NA,NA,NA,NA,NA,NA,NA,NA,NA,"CA","rex sole","rex_sole",NA,NA,"700","total_catch_wt_kg ~ 0 + factor(year) + pass","delta_gamma","TRUE","iid, iid","06_1","2004","1592016.45753087","1286562.32001807","1969991.1629726","14.280511982978","0.108689564505106","index"
"1053","1053","1053","1053","1053","1053","1053","1053","1053","1053","1053","1053",NA,NA,NA,NA,NA,NA,NA,NA,NA,NA,NA,NA,NA,NA,NA,NA,NA,NA,NA,NA,NA,NA,NA,NA,NA,NA,NA,NA,NA,NA,NA,NA,NA,NA,NA,NA,NA,NA,NA,NA,NA,NA,NA,NA,NA,NA,NA,NA,NA,NA,"CA","rex sole","rex_sole",NA,NA,"700","total_catch_wt_kg ~ 0 + factor(year) + pass","delta_gamma","TRUE","iid, iid","06_1","2005","1535640.12754537","1263909.50850943","1865790.69581386","14.2444578732765","0.0993577509870014","index"
"1054","1054","1054","1054","1054","1054","1054","1054","1054","1054","1054","1054",NA,NA,NA,NA,NA,NA,NA,NA,NA,NA,NA,NA,NA,NA,NA,NA,NA,NA,NA,NA,NA,NA,NA,NA,NA,NA,NA,NA,NA,NA,NA,NA,NA,NA,NA,NA,NA,NA,NA,NA,NA,NA,NA,NA,NA,NA,NA,NA,NA,NA,"CA","rex sole","rex_sole",NA,NA,"700","total_catch_wt_kg ~ 0 + factor(year) + pass","delta_gamma","TRUE","iid, iid","06_1","2006","1274335.85287593","1055878.98283095","1537990.52006041","14.0579357011541","0.0959464385815495","index"
"1055","1055","1055","1055","1055","1055","1055","1055","1055","1055","1055","1055",NA,NA,NA,NA,NA,NA,NA,NA,NA,NA,NA,NA,NA,NA,NA,NA,NA,NA,NA,NA,NA,NA,NA,NA,NA,NA,NA,NA,NA,NA,NA,NA,NA,NA,NA,NA,NA,NA,NA,NA,NA,NA,NA,NA,NA,NA,NA,NA,NA,NA,"CA","rex sole","rex_sole",NA,NA,"700","total_catch_wt_kg ~ 0 + factor(year) + pass","delta_gamma","TRUE","iid, iid","06_1","2007","1204292.42887668","1000120.99267985","1450144.7973445","14.0014027564869","0.0947829728643555","index"
"1056","1056","1056","1056","1056","1056","1056","1056","1056","1056","1056","1056",NA,NA,NA,NA,NA,NA,NA,NA,NA,NA,NA,NA,NA,NA,NA,NA,NA,NA,NA,NA,NA,NA,NA,NA,NA,NA,NA,NA,NA,NA,NA,NA,NA,NA,NA,NA,NA,NA,NA,NA,NA,NA,NA,NA,NA,NA,NA,NA,NA,NA,"CA","rex sole","rex_sole",NA,NA,"700","total_catch_wt_kg ~ 0 + factor(year) + pass","delta_gamma","TRUE","iid, iid","06_1","2008","971296.742024033","805625.665979241","1171036.87345881","13.7863873051421","0.0954164603433336","index"
"1057","1057","1057","1057","1057","1057","1057","1057","1057","1057","1057","1057",NA,NA,NA,NA,NA,NA,NA,NA,NA,NA,NA,NA,NA,NA,NA,NA,NA,NA,NA,NA,NA,NA,NA,NA,NA,NA,NA,NA,NA,NA,NA,NA,NA,NA,NA,NA,NA,NA,NA,NA,NA,NA,NA,NA,NA,NA,NA,NA,NA,NA,"CA","rex sole","rex_sole",NA,NA,"700","total_catch_wt_kg ~ 0 + factor(year) + pass","delta_gamma","TRUE","iid, iid","06_1","2009","831276.078798125","693432.800660301","996520.381677911","13.6307172434503","0.0925055917710658","index"
"1058","1058","1058","1058","1058","1058","1058","1058","1058","1058","1058","1058",NA,NA,NA,NA,NA,NA,NA,NA,NA,NA,NA,NA,NA,NA,NA,NA,NA,NA,NA,NA,NA,NA,NA,NA,NA,NA,NA,NA,NA,NA,NA,NA,NA,NA,NA,NA,NA,NA,NA,NA,NA,NA,NA,NA,NA,NA,NA,NA,NA,NA,"CA","rex sole","rex_sole",NA,NA,"700","total_catch_wt_kg ~ 0 + factor(year) + pass","delta_gamma","TRUE","iid, iid","06_1","2010","798456.433514783","668111.199603482","954231.386331371","13.5904356847414","0.0909331911250471","index"
"1059","1059","1059","1059","1059","1059","1059","1059","1059","1059","1059","1059",NA,NA,NA,NA,NA,NA,NA,NA,NA,NA,NA,NA,NA,NA,NA,NA,NA,NA,NA,NA,NA,NA,NA,NA,NA,NA,NA,NA,NA,NA,NA,NA,NA,NA,NA,NA,NA,NA,NA,NA,NA,NA,NA,NA,NA,NA,NA,NA,NA,NA,"CA","rex sole","rex_sole",NA,NA,"700","total_catch_wt_kg ~ 0 + factor(year) + pass","delta_gamma","TRUE","iid, iid","06_1","2011","889796.907517496","745516.731177759","1061999.68896328","13.6987485218676","0.090264753553436","index"
"1060","1060","1060","1060","1060","1060","1060","1060","1060","1060","1060","1060",NA,NA,NA,NA,NA,NA,NA,NA,NA,NA,NA,NA,NA,NA,NA,NA,NA,NA,NA,NA,NA,NA,NA,NA,NA,NA,NA,NA,NA,NA,NA,NA,NA,NA,NA,NA,NA,NA,NA,NA,NA,NA,NA,NA,NA,NA,NA,NA,NA,NA,"CA","rex sole","rex_sole",NA,NA,"700","total_catch_wt_kg ~ 0 + factor(year) + pass","delta_gamma","TRUE","iid, iid","06_1","2012","1050315.00998012","877173.243962997","1257632.54611546","13.8646006866447","0.0919103078644017","index"
"1061","1061","1061","1061","1061","1061","1061","1061","1061","1061","1061","1061",NA,NA,NA,NA,NA,NA,NA,NA,NA,NA,NA,NA,NA,NA,NA,NA,NA,NA,NA,NA,NA,NA,NA,NA,NA,NA,NA,NA,NA,NA,NA,NA,NA,NA,NA,NA,NA,NA,NA,NA,NA,NA,NA,NA,NA,NA,NA,NA,NA,NA,"CA","rex sole","rex_sole",NA,NA,"700","total_catch_wt_kg ~ 0 + factor(year) + pass","delta_gamma","TRUE","iid, iid","06_1","2013","1250365.71856657","1028316.2733507","1520363.40441469","14.0389466413401","0.0997535190956766","index"
"1062","1062","1062","1062","1062","1062","1062","1062","1062","1062","1062","1062",NA,NA,NA,NA,NA,NA,NA,NA,NA,NA,NA,NA,NA,NA,NA,NA,NA,NA,NA,NA,NA,NA,NA,NA,NA,NA,NA,NA,NA,NA,NA,NA,NA,NA,NA,NA,NA,NA,NA,NA,NA,NA,NA,NA,NA,NA,NA,NA,NA,NA,"CA","rex sole","rex_sole",NA,NA,"700","total_catch_wt_kg ~ 0 + factor(year) + pass","delta_gamma","TRUE","iid, iid","06_1","2014","1435982.98877977","1200856.78065341","1717146.60506217","14.1773601822665","0.0912334817405448","index"
"1063","1063","1063","1063","1063","1063","1063","1063","1063","1063","1063","1063",NA,NA,NA,NA,NA,NA,NA,NA,NA,NA,NA,NA,NA,NA,NA,NA,NA,NA,NA,NA,NA,NA,NA,NA,NA,NA,NA,NA,NA,NA,NA,NA,NA,NA,NA,NA,NA,NA,NA,NA,NA,NA,NA,NA,NA,NA,NA,NA,NA,NA,"CA","rex sole","rex_sole",NA,NA,"700","total_catch_wt_kg ~ 0 + factor(year) + pass","delta_gamma","TRUE","iid, iid","06_1","2015","1859862.47480338","1547102.86488601","2235849.02057345","14.4360131046781","0.0939397283045755","index"
"1064","1064","1064","1064","1064","1064","1064","1064","1064","1064","1064","1064",NA,NA,NA,NA,NA,NA,NA,NA,NA,NA,NA,NA,NA,NA,NA,NA,NA,NA,NA,NA,NA,NA,NA,NA,NA,NA,NA,NA,NA,NA,NA,NA,NA,NA,NA,NA,NA,NA,NA,NA,NA,NA,NA,NA,NA,NA,NA,NA,NA,NA,"CA","rex sole","rex_sole",NA,NA,"700","total_catch_wt_kg ~ 0 + factor(year) + pass","delta_gamma","TRUE","iid, iid","06_1","2016","1740072.9714135","1451538.35801572","2085962.06164538","14.3694376079053","0.0925032912704268","index"
"1065","1065","1065","1065","1065","1065","1065","1065","1065","1065","1065","1065",NA,NA,NA,NA,NA,NA,NA,NA,NA,NA,NA,NA,NA,NA,NA,NA,NA,NA,NA,NA,NA,NA,NA,NA,NA,NA,NA,NA,NA,NA,NA,NA,NA,NA,NA,NA,NA,NA,NA,NA,NA,NA,NA,NA,NA,NA,NA,NA,NA,NA,"CA","rex sole","rex_sole",NA,NA,"700","total_catch_wt_kg ~ 0 + factor(year) + pass","delta_gamma","TRUE","iid, iid","06_1","2017","1681203.01926747","1403082.3391685","2014453.11731961","14.3350201780117","0.0922660488374736","index"
"1066","1066","1066","1066","1066","1066","1066","1066","1066","1066","1066","1066",NA,NA,NA,NA,NA,NA,NA,NA,NA,NA,NA,NA,NA,NA,NA,NA,NA,NA,NA,NA,NA,NA,NA,NA,NA,NA,NA,NA,NA,NA,NA,NA,NA,NA,NA,NA,NA,NA,NA,NA,NA,NA,NA,NA,NA,NA,NA,NA,NA,NA,"CA","rex sole","rex_sole",NA,NA,"700","total_catch_wt_kg ~ 0 + factor(year) + pass","delta_gamma","TRUE","iid, iid","06_1","2018","1818396.82882005","1522529.61454436","2171758.75955119","14.4134658075793","0.0906047658744308","index"
"1067","1067","1067","1067","1067","1067","1067","1067","1067","1067","1067","1067",NA,NA,NA,NA,NA,NA,NA,NA,NA,NA,NA,NA,NA,NA,NA,NA,NA,NA,NA,NA,NA,NA,NA,NA,NA,NA,NA,NA,NA,NA,NA,NA,NA,NA,NA,NA,NA,NA,NA,NA,NA,NA,NA,NA,NA,NA,NA,NA,NA,NA,"CA","rex sole","rex_sole",NA,NA,"700","total_catch_wt_kg ~ 0 + factor(year) + pass","delta_gamma","TRUE","iid, iid","06_1","2019","1706857.7678903","1348150.14610689","2161008.14009515","14.3501646754523","0.120369929605472","index"
"1068","1068","1068","1068","1068","1068","1068","1068","1068","1068","1068","1068",NA,NA,NA,NA,NA,NA,NA,NA,NA,NA,NA,NA,NA,NA,NA,NA,NA,NA,NA,NA,NA,NA,NA,NA,NA,NA,NA,NA,NA,NA,NA,NA,NA,NA,NA,NA,NA,NA,NA,NA,NA,NA,NA,NA,NA,NA,NA,NA,NA,NA,"CA","rex sole","rex_sole",NA,NA,"700","total_catch_wt_kg ~ 0 + factor(year) + pass","delta_gamma","TRUE","iid, iid","06_1","2021","1484938.787369","1235435.49272184","1784830.70562827","14.2108841087424","0.0938537741618191","index"
"1069","1069","1069","1069","1069","1069","1069","1069","1069","1069","1069","1069",NA,NA,NA,NA,NA,NA,NA,NA,NA,NA,NA,NA,NA,NA,NA,NA,NA,NA,NA,NA,NA,NA,NA,NA,NA,NA,NA,NA,NA,NA,NA,NA,NA,NA,NA,NA,NA,NA,NA,NA,NA,NA,NA,NA,NA,NA,NA,NA,NA,NA,"CA","rex sole","rex_sole",NA,NA,"700","total_catch_wt_kg ~ 0 + factor(year) + pass","delta_gamma","TRUE","iid, iid","06_1","2022","1662712.36998681","1370150.63267688","2017743.42132434","14.3239607846994","0.0987413766817708","index"
"1070","1070","1070","1070","1070","1070","1070","1070","1070","1070","1070","1070",NA,NA,NA,NA,NA,NA,NA,NA,NA,NA,NA,NA,NA,NA,NA,NA,NA,NA,NA,NA,NA,NA,NA,NA,NA,NA,NA,NA,NA,NA,NA,NA,NA,NA,NA,NA,NA,NA,NA,NA,NA,NA,NA,NA,NA,NA,NA,NA,NA,NA,"CA","rex sole","rex_sole",NA,NA,"700","total_catch_wt_kg ~ 0 + factor(year) + pass","delta_gamma","TRUE","iid, iid","06_1","2023","1402227.10370031","1160964.65223078","1693626.8012757","14.1535723189793","0.0963336603225569","index"
"1071","1071","1071","1071","1071","1071","1071","1071","1071","1071","1071","1071",NA,NA,NA,NA,NA,NA,NA,NA,NA,NA,NA,NA,NA,NA,NA,NA,NA,NA,NA,NA,NA,NA,NA,NA,NA,NA,NA,NA,NA,NA,NA,NA,NA,NA,NA,NA,NA,NA,NA,NA,NA,NA,NA,NA,NA,NA,NA,NA,NA,NA,"CA","rex sole","rex_sole",NA,NA,"700","total_catch_wt_kg ~ 0 + factor(year) + pass","delta_gamma","TRUE","iid, iid","06_1","2024","1284194.29220469","1067706.81474706","1544576.61724467","14.0656420697011","0.0941947547858537","index"
"1072","1072","1072","1072","1072","1072","1072","1072","1072","1072","1072",NA,NA,NA,NA,NA,NA,NA,NA,NA,NA,NA,NA,NA,NA,NA,NA,NA,NA,NA,NA,NA,NA,NA,NA,NA,NA,NA,NA,NA,NA,NA,NA,NA,NA,NA,NA,NA,NA,NA,NA,NA,NA,NA,NA,NA,NA,NA,NA,NA,NA,NA,"CA","rex sole","rex_sole",NA,NA,"700","total_catch_wt_kg ~ 0 + factor(year) + pass","delta_gamma","TRUE","iid, iid","06_10","2003","1355569.43623322","1120493.29270325","1639963.85200701","14.119732172159","0.0971714722523355","index"
"1073","1073","1073","1073","1073","1073","1073","1073","1073","1073","1073",NA,NA,NA,NA,NA,NA,NA,NA,NA,NA,NA,NA,NA,NA,NA,NA,NA,NA,NA,NA,NA,NA,NA,NA,NA,NA,NA,NA,NA,NA,NA,NA,NA,NA,NA,NA,NA,NA,NA,NA,NA,NA,NA,NA,NA,NA,NA,NA,NA,NA,NA,"CA","rex sole","rex_sole",NA,NA,"700","total_catch_wt_kg ~ 0 + factor(year) + pass","delta_gamma","TRUE","iid, iid","06_10","2004","1468792.56796884","1191878.45931183","1810043.28995603","14.1999512389015","0.106588734693666","index"
"1074","1074","1074","1074","1074","1074","1074","1074","1074","1074","1074",NA,NA,NA,NA,NA,NA,NA,NA,NA,NA,NA,NA,NA,NA,NA,NA,NA,NA,NA,NA,NA,NA,NA,NA,NA,NA,NA,NA,NA,NA,NA,NA,NA,NA,NA,NA,NA,NA,NA,NA,NA,NA,NA,NA,NA,NA,NA,NA,NA,NA,NA,"CA","rex sole","rex_sole",NA,NA,"700","total_catch_wt_kg ~ 0 + factor(year) + pass","delta_gamma","TRUE","iid, iid","06_10","2005","1315269.85239398","1099770.79989341","1572995.74128005","14.0895524134871","0.0912976271880349","index"
"1075","1075","1075","1075","1075","1075","1075","1075","1075","1075","1075",NA,NA,NA,NA,NA,NA,NA,NA,NA,NA,NA,NA,NA,NA,NA,NA,NA,NA,NA,NA,NA,NA,NA,NA,NA,NA,NA,NA,NA,NA,NA,NA,NA,NA,NA,NA,NA,NA,NA,NA,NA,NA,NA,NA,NA,NA,NA,NA,NA,NA,NA,"CA","rex sole","rex_sole",NA,NA,"700","total_catch_wt_kg ~ 0 + factor(year) + pass","delta_gamma","TRUE","iid, iid","06_10","2006","1080149.76576799","897793.881588292","1299544.96284225","13.8926102614937","0.0943458515255515","index"
"1076","1076","1076","1076","1076","1076","1076","1076","1076","1076","1076",NA,NA,NA,NA,NA,NA,NA,NA,NA,NA,NA,NA,NA,NA,NA,NA,NA,NA,NA,NA,NA,NA,NA,NA,NA,NA,NA,NA,NA,NA,NA,NA,NA,NA,NA,NA,NA,NA,NA,NA,NA,NA,NA,NA,NA,NA,NA,NA,NA,NA,NA,"CA","rex sole","rex_sole",NA,NA,"700","total_catch_wt_kg ~ 0 + factor(year) + pass","delta_gamma","TRUE","iid, iid","06_10","2007","1004138.43333761","842700.95185647","1196502.73455184","13.8196404515394","0.0894266535662155","index"
"1077","1077","1077","1077","1077","1077","1077","1077","1077","1077","1077",NA,NA,NA,NA,NA,NA,NA,NA,NA,NA,NA,NA,NA,NA,NA,NA,NA,NA,NA,NA,NA,NA,NA,NA,NA,NA,NA,NA,NA,NA,NA,NA,NA,NA,NA,NA,NA,NA,NA,NA,NA,NA,NA,NA,NA,NA,NA,NA,NA,NA,NA,"CA","rex sole","rex_sole",NA,NA,"700","total_catch_wt_kg ~ 0 + factor(year) + pass","delta_gamma","TRUE","iid, iid","06_10","2008","761638.06242211","636047.346752568","912027.290251037","13.5432267381303","0.0919396761474956","index"
"1078","1078","1078","1078","1078","1078","1078","1078","1078","1078","1078",NA,NA,NA,NA,NA,NA,NA,NA,NA,NA,NA,NA,NA,NA,NA,NA,NA,NA,NA,NA,NA,NA,NA,NA,NA,NA,NA,NA,NA,NA,NA,NA,NA,NA,NA,NA,NA,NA,NA,NA,NA,NA,NA,NA,NA,NA,NA,NA,NA,NA,NA,"CA","rex sole","rex_sole",NA,NA,"700","total_catch_wt_kg ~ 0 + factor(year) + pass","delta_gamma","TRUE","iid, iid","06_10","2009","671217.771180678","560248.271145399","804167.222912916","13.4168489105139","0.0922025129765984","index"
"1079","1079","1079","1079","1079","1079","1079","1079","1079","1079","1079",NA,NA,NA,NA,NA,NA,NA,NA,NA,NA,NA,NA,NA,NA,NA,NA,NA,NA,NA,NA,NA,NA,NA,NA,NA,NA,NA,NA,NA,NA,NA,NA,NA,NA,NA,NA,NA,NA,NA,NA,NA,NA,NA,NA,NA,NA,NA,NA,NA,NA,NA,"CA","rex sole","rex_sole",NA,NA,"700","total_catch_wt_kg ~ 0 + factor(year) + pass","delta_gamma","TRUE","iid, iid","06_10","2010","709099.078756575","596647.093772828","842745.248810132","13.4717505401185","0.0880982796634876","index"
"1080","1080","1080","1080","1080","1080","1080","1080","1080","1080","1080",NA,NA,NA,NA,NA,NA,NA,NA,NA,NA,NA,NA,NA,NA,NA,NA,NA,NA,NA,NA,NA,NA,NA,NA,NA,NA,NA,NA,NA,NA,NA,NA,NA,NA,NA,NA,NA,NA,NA,NA,NA,NA,NA,NA,NA,NA,NA,NA,NA,NA,NA,"CA","rex sole","rex_sole",NA,NA,"700","total_catch_wt_kg ~ 0 + factor(year) + pass","delta_gamma","TRUE","iid, iid","06_10","2011","856455.196271008","716376.792832865","1023924.15633534","13.6605572851282","0.0911219451175118","index"
"1081","1081","1081","1081","1081","1081","1081","1081","1081","1081","1081",NA,NA,NA,NA,NA,NA,NA,NA,NA,NA,NA,NA,NA,NA,NA,NA,NA,NA,NA,NA,NA,NA,NA,NA,NA,NA,NA,NA,NA,NA,NA,NA,NA,NA,NA,NA,NA,NA,NA,NA,NA,NA,NA,NA,NA,NA,NA,NA,NA,NA,NA,"CA","rex sole","rex_sole",NA,NA,"700","total_catch_wt_kg ~ 0 + factor(year) + pass","delta_gamma","TRUE","iid, iid","06_10","2012","868107.385311452","728585.755672327","1034346.92013278","13.6740707017869","0.0893945450399961","index"
"1082","1082","1082","1082","1082","1082","1082","1082","1082","1082","1082",NA,NA,NA,NA,NA,NA,NA,NA,NA,NA,NA,NA,NA,NA,NA,NA,NA,NA,NA,NA,NA,NA,NA,NA,NA,NA,NA,NA,NA,NA,NA,NA,NA,NA,NA,NA,NA,NA,NA,NA,NA,NA,NA,NA,NA,NA,NA,NA,NA,NA,NA,"CA","rex sole","rex_sole",NA,NA,"700","total_catch_wt_kg ~ 0 + factor(year) + pass","delta_gamma","TRUE","iid, iid","06_10","2013","1111290.18518338","913387.743888124","1352071.87084412","13.9210322273012","0.100061259965126","index"
"1083","1083","1083","1083","1083","1083","1083","1083","1083","1083","1083",NA,NA,NA,NA,NA,NA,NA,NA,NA,NA,NA,NA,NA,NA,NA,NA,NA,NA,NA,NA,NA,NA,NA,NA,NA,NA,NA,NA,NA,NA,NA,NA,NA,NA,NA,NA,NA,NA,NA,NA,NA,NA,NA,NA,NA,NA,NA,NA,NA,NA,NA,"CA","rex sole","rex_sole",NA,NA,"700","total_catch_wt_kg ~ 0 + factor(year) + pass","delta_gamma","TRUE","iid, iid","06_10","2014","1198399.33936296","1004943.07193908","1429096.84805771","13.996497340479","0.0898260829451756","index"
"1084","1084","1084","1084","1084","1084","1084","1084","1084","1084","1084",NA,NA,NA,NA,NA,NA,NA,NA,NA,NA,NA,NA,NA,NA,NA,NA,NA,NA,NA,NA,NA,NA,NA,NA,NA,NA,NA,NA,NA,NA,NA,NA,NA,NA,NA,NA,NA,NA,NA,NA,NA,NA,NA,NA,NA,NA,NA,NA,NA,NA,NA,"CA","rex sole","rex_sole",NA,NA,"700","total_catch_wt_kg ~ 0 + factor(year) + pass","delta_gamma","TRUE","iid, iid","06_10","2015","1576635.01544769","1323292.74834208","1878479.25188898","14.2708033968296","0.0893739392384156","index"
"1085","1085","1085","1085","1085","1085","1085","1085","1085","1085","1085",NA,NA,NA,NA,NA,NA,NA,NA,NA,NA,NA,NA,NA,NA,NA,NA,NA,NA,NA,NA,NA,NA,NA,NA,NA,NA,NA,NA,NA,NA,NA,NA,NA,NA,NA,NA,NA,NA,NA,NA,NA,NA,NA,NA,NA,NA,NA,NA,NA,NA,NA,"CA","rex sole","rex_sole",NA,NA,"700","total_catch_wt_kg ~ 0 + factor(year) + pass","delta_gamma","TRUE","iid, iid","06_10","2016","1566340.98792382","1312250.7055859","1869630.61250919","14.2642528763535","0.0903070469373758","index"
"1086","1086","1086","1086","1086","1086","1086","1086","1086","1086","1086",NA,NA,NA,NA,NA,NA,NA,NA,NA,NA,NA,NA,NA,NA,NA,NA,NA,NA,NA,NA,NA,NA,NA,NA,NA,NA,NA,NA,NA,NA,NA,NA,NA,NA,NA,NA,NA,NA,NA,NA,NA,NA,NA,NA,NA,NA,NA,NA,NA,NA,NA,"CA","rex sole","rex_sole",NA,NA,"700","total_catch_wt_kg ~ 0 + factor(year) + pass","delta_gamma","TRUE","iid, iid","06_10","2017","1462752.20553481","1224868.2112236","1746836.1046447","14.1958302914496","0.0905559894725942","index"
"1087","1087","1087","1087","1087","1087","1087","1087","1087","1087","1087",NA,NA,NA,NA,NA,NA,NA,NA,NA,NA,NA,NA,NA,NA,NA,NA,NA,NA,NA,NA,NA,NA,NA,NA,NA,NA,NA,NA,NA,NA,NA,NA,NA,NA,NA,NA,NA,NA,NA,NA,NA,NA,NA,NA,NA,NA,NA,NA,NA,NA,NA,"CA","rex sole","rex_sole",NA,NA,"700","total_catch_wt_kg ~ 0 + factor(year) + pass","delta_gamma","TRUE","iid, iid","06_10","2018","1556353.52844657","1313343.65545345","1844327.86913778","14.2578561612855","0.0866185861409711","index"
"1088","1088","1088","1088","1088","1088","1088","1088","1088","1088","1088",NA,NA,NA,NA,NA,NA,NA,NA,NA,NA,NA,NA,NA,NA,NA,NA,NA,NA,NA,NA,NA,NA,NA,NA,NA,NA,NA,NA,NA,NA,NA,NA,NA,NA,NA,NA,NA,NA,NA,NA,NA,NA,NA,NA,NA,NA,NA,NA,NA,NA,NA,"CA","rex sole","rex_sole",NA,NA,"700","total_catch_wt_kg ~ 0 + factor(year) + pass","delta_gamma","TRUE","iid, iid","06_10","2019","1406479.99562306","1135196.31359658","1742593.72973162","14.1566006840047","0.10933084905261","index"
"1089","1089","1089","1089","1089","1089","1089","1089","1089","1089","1089",NA,NA,NA,NA,NA,NA,NA,NA,NA,NA,NA,NA,NA,NA,NA,NA,NA,NA,NA,NA,NA,NA,NA,NA,NA,NA,NA,NA,NA,NA,NA,NA,NA,NA,NA,NA,NA,NA,NA,NA,NA,NA,NA,NA,NA,NA,NA,NA,NA,NA,NA,"CA","rex sole","rex_sole",NA,NA,"700","total_catch_wt_kg ~ 0 + factor(year) + pass","delta_gamma","TRUE","iid, iid","06_10","2021","1283261.07698408","1076460.15364806","1529790.94128247","14.064915112362","0.0896580413579219","index"
"1090","1090","1090","1090","1090","1090","1090","1090","1090","1090","1090",NA,NA,NA,NA,NA,NA,NA,NA,NA,NA,NA,NA,NA,NA,NA,NA,NA,NA,NA,NA,NA,NA,NA,NA,NA,NA,NA,NA,NA,NA,NA,NA,NA,NA,NA,NA,NA,NA,NA,NA,NA,NA,NA,NA,NA,NA,NA,NA,NA,NA,NA,"CA","rex sole","rex_sole",NA,NA,"700","total_catch_wt_kg ~ 0 + factor(year) + pass","delta_gamma","TRUE","iid, iid","06_10","2022","1393562.77294114","1160714.52518018","1673122.16742178","14.1473741718513","0.0932812183588931","index"
"1091","1091","1091","1091","1091","1091","1091","1091","1091","1091","1091",NA,NA,NA,NA,NA,NA,NA,NA,NA,NA,NA,NA,NA,NA,NA,NA,NA,NA,NA,NA,NA,NA,NA,NA,NA,NA,NA,NA,NA,NA,NA,NA,NA,NA,NA,NA,NA,NA,NA,NA,NA,NA,NA,NA,NA,NA,NA,NA,NA,NA,NA,"CA","rex sole","rex_sole",NA,NA,"700","total_catch_wt_kg ~ 0 + factor(year) + pass","delta_gamma","TRUE","iid, iid","06_10","2023","1330335.74131358","1109698.14428291","1594841.97908613","14.1009419054189","0.092523797697947","index"
"1092","1092","1092","1092","1092","1092","1092","1092","1092","1092","1092",NA,NA,NA,NA,NA,NA,NA,NA,NA,NA,NA,NA,NA,NA,NA,NA,NA,NA,NA,NA,NA,NA,NA,NA,NA,NA,NA,NA,NA,NA,NA,NA,NA,NA,NA,NA,NA,NA,NA,NA,NA,NA,NA,NA,NA,NA,NA,NA,NA,NA,NA,"CA","rex sole","rex_sole",NA,NA,"700","total_catch_wt_kg ~ 0 + factor(year) + pass","delta_gamma","TRUE","iid, iid","06_10","2024","1117570.32123728","936840.661253818","1333165.25911551","13.9266675307717","0.0900011619737472","index"
"1093","1093","1093","1093","1093","1093","1093","1093","1093","1093",NA,NA,NA,NA,NA,NA,NA,NA,NA,NA,NA,NA,NA,NA,NA,NA,NA,NA,NA,NA,NA,NA,NA,NA,NA,NA,NA,NA,NA,NA,NA,NA,NA,NA,NA,NA,NA,NA,NA,NA,NA,NA,NA,NA,NA,NA,NA,NA,NA,NA,NA,NA,"CA","rex sole","rex_sole",NA,NA,"700","total_catch_wt_kg ~ 0 + factor(year) + pass","delta_gamma","TRUE","iid, iid","06_2","2003","1499212.43526525","1217893.16566816","1845513.2103651","14.2204504850325","0.106031272096275","index"
"1094","1094","1094","1094","1094","1094","1094","1094","1094","1094",NA,NA,NA,NA,NA,NA,NA,NA,NA,NA,NA,NA,NA,NA,NA,NA,NA,NA,NA,NA,NA,NA,NA,NA,NA,NA,NA,NA,NA,NA,NA,NA,NA,NA,NA,NA,NA,NA,NA,NA,NA,NA,NA,NA,NA,NA,NA,NA,NA,NA,NA,NA,"CA","rex sole","rex_sole",NA,NA,"700","total_catch_wt_kg ~ 0 + factor(year) + pass","delta_gamma","TRUE","iid, iid","06_2","2004","1576752.04372589","1263122.9830055","1968254.11368749","14.2708776206886","0.113155064137984","index"
"1095","1095","1095","1095","1095","1095","1095","1095","1095","1095",NA,NA,NA,NA,NA,NA,NA,NA,NA,NA,NA,NA,NA,NA,NA,NA,NA,NA,NA,NA,NA,NA,NA,NA,NA,NA,NA,NA,NA,NA,NA,NA,NA,NA,NA,NA,NA,NA,NA,NA,NA,NA,NA,NA,NA,NA,NA,NA,NA,NA,NA,NA,"CA","rex sole","rex_sole",NA,NA,"700","total_catch_wt_kg ~ 0 + factor(year) + pass","delta_gamma","TRUE","iid, iid","06_2","2005","1606215.11738453","1325213.21114499","1946801.45173433","14.2893911105864","0.0981177172511688","index"
"1096","1096","1096","1096","1096","1096","1096","1096","1096","1096",NA,NA,NA,NA,NA,NA,NA,NA,NA,NA,NA,NA,NA,NA,NA,NA,NA,NA,NA,NA,NA,NA,NA,NA,NA,NA,NA,NA,NA,NA,NA,NA,NA,NA,NA,NA,NA,NA,NA,NA,NA,NA,NA,NA,NA,NA,NA,NA,NA,NA,NA,NA,"CA","rex sole","rex_sole",NA,NA,"700","total_catch_wt_kg ~ 0 + factor(year) + pass","delta_gamma","TRUE","iid, iid","06_2","2006","1177479.91070671","977529.753362887","1418329.14583745","13.9788870437562","0.0949522729105496","index"
"1097","1097","1097","1097","1097","1097","1097","1097","1097","1097",NA,NA,NA,NA,NA,NA,NA,NA,NA,NA,NA,NA,NA,NA,NA,NA,NA,NA,NA,NA,NA,NA,NA,NA,NA,NA,NA,NA,NA,NA,NA,NA,NA,NA,NA,NA,NA,NA,NA,NA,NA,NA,NA,NA,NA,NA,NA,NA,NA,NA,NA,NA,"CA","rex sole","rex_sole",NA,NA,"700","total_catch_wt_kg ~ 0 + factor(year) + pass","delta_gamma","TRUE","iid, iid","06_2","2007","1220371.32207888","1016196.35430308","1465569.28436723","14.0146657327603","0.0934142584493144","index"
"1098","1098","1098","1098","1098","1098","1098","1098","1098","1098",NA,NA,NA,NA,NA,NA,NA,NA,NA,NA,NA,NA,NA,NA,NA,NA,NA,NA,NA,NA,NA,NA,NA,NA,NA,NA,NA,NA,NA,NA,NA,NA,NA,NA,NA,NA,NA,NA,NA,NA,NA,NA,NA,NA,NA,NA,NA,NA,NA,NA,NA,NA,"CA","rex sole","rex_sole",NA,NA,"700","total_catch_wt_kg ~ 0 + factor(year) + pass","delta_gamma","TRUE","iid, iid","06_2","2008","817974.201967618","678325.081329265","986373.368022028","13.6145860771507","0.0955140786397783","index"
"1099","1099","1099","1099","1099","1099","1099","1099","1099","1099",NA,NA,NA,NA,NA,NA,NA,NA,NA,NA,NA,NA,NA,NA,NA,NA,NA,NA,NA,NA,NA,NA,NA,NA,NA,NA,NA,NA,NA,NA,NA,NA,NA,NA,NA,NA,NA,NA,NA,NA,NA,NA,NA,NA,NA,NA,NA,NA,NA,NA,NA,NA,"CA","rex sole","rex_sole",NA,NA,"700","total_catch_wt_kg ~ 0 + factor(year) + pass","delta_gamma","TRUE","iid, iid","06_2","2009","762135.866390625","636701.131802143","912282.152216261","13.5438801211247","0.0917488683123634","index"
"1100","1100","1100","1100","1100","1100","1100","1100","1100","1100",NA,NA,NA,NA,NA,NA,NA,NA,NA,NA,NA,NA,NA,NA,NA,NA,NA,NA,NA,NA,NA,NA,NA,NA,NA,NA,NA,NA,NA,NA,NA,NA,NA,NA,NA,NA,NA,NA,NA,NA,NA,NA,NA,NA,NA,NA,NA,NA,NA,NA,NA,NA,"CA","rex sole","rex_sole",NA,NA,"700","total_catch_wt_kg ~ 0 + factor(year) + pass","delta_gamma","TRUE","iid, iid","06_2","2010","855665.163345613","716191.364794496","1022300.61371008","13.6596344142833","0.0907831655010101","index"
"1101","1101","1101","1101","1101","1101","1101","1101","1101","1101",NA,NA,NA,NA,NA,NA,NA,NA,NA,NA,NA,NA,NA,NA,NA,NA,NA,NA,NA,NA,NA,NA,NA,NA,NA,NA,NA,NA,NA,NA,NA,NA,NA,NA,NA,NA,NA,NA,NA,NA,NA,NA,NA,NA,NA,NA,NA,NA,NA,NA,NA,NA,"CA","rex sole","rex_sole",NA,NA,"700","total_catch_wt_kg ~ 0 + factor(year) + pass","delta_gamma","TRUE","iid, iid","06_2","2011","903992.448662021","757825.807249363","1078351.17176084","13.7145762860894","0.0899850481973727","index"
"1102","1102","1102","1102","1102","1102","1102","1102","1102","1102",NA,NA,NA,NA,NA,NA,NA,NA,NA,NA,NA,NA,NA,NA,NA,NA,NA,NA,NA,NA,NA,NA,NA,NA,NA,NA,NA,NA,NA,NA,NA,NA,NA,NA,NA,NA,NA,NA,NA,NA,NA,NA,NA,NA,NA,NA,NA,NA,NA,NA,NA,NA,"CA","rex sole","rex_sole",NA,NA,"700","total_catch_wt_kg ~ 0 + factor(year) + pass","delta_gamma","TRUE","iid, iid","06_2","2012","1069668.09937663","899737.196880054","1271693.38645954","13.8828589708215","0.088267425313731","index"
"1103","1103","1103","1103","1103","1103","1103","1103","1103","1103",NA,NA,NA,NA,NA,NA,NA,NA,NA,NA,NA,NA,NA,NA,NA,NA,NA,NA,NA,NA,NA,NA,NA,NA,NA,NA,NA,NA,NA,NA,NA,NA,NA,NA,NA,NA,NA,NA,NA,NA,NA,NA,NA,NA,NA,NA,NA,NA,NA,NA,NA,NA,"CA","rex sole","rex_sole",NA,NA,"700","total_catch_wt_kg ~ 0 + factor(year) + pass","delta_gamma","TRUE","iid, iid","06_2","2013","1293018.39046023","1059125.28912464","1578563.53279051","14.0724898807466","0.10180592900449","index"
"1104","1104","1104","1104","1104","1104","1104","1104","1104","1104",NA,NA,NA,NA,NA,NA,NA,NA,NA,NA,NA,NA,NA,NA,NA,NA,NA,NA,NA,NA,NA,NA,NA,NA,NA,NA,NA,NA,NA,NA,NA,NA,NA,NA,NA,NA,NA,NA,NA,NA,NA,NA,NA,NA,NA,NA,NA,NA,NA,NA,NA,NA,"CA","rex sole","rex_sole",NA,NA,"700","total_catch_wt_kg ~ 0 + factor(year) + pass","delta_gamma","TRUE","iid, iid","06_2","2014","1288834.1228546","1082440.85898864","1534581.20362013","14.0692485869489","0.0890421888810024","index"
"1105","1105","1105","1105","1105","1105","1105","1105","1105","1105",NA,NA,NA,NA,NA,NA,NA,NA,NA,NA,NA,NA,NA,NA,NA,NA,NA,NA,NA,NA,NA,NA,NA,NA,NA,NA,NA,NA,NA,NA,NA,NA,NA,NA,NA,NA,NA,NA,NA,NA,NA,NA,NA,NA,NA,NA,NA,NA,NA,NA,NA,NA,"CA","rex sole","rex_sole",NA,NA,"700","total_catch_wt_kg ~ 0 + factor(year) + pass","delta_gamma","TRUE","iid, iid","06_2","2015","1709412.12768081","1424874.00626698","2050770.67123837","14.3516600843893","0.0928925912436247","index"
"1106","1106","1106","1106","1106","1106","1106","1106","1106","1106",NA,NA,NA,NA,NA,NA,NA,NA,NA,NA,NA,NA,NA,NA,NA,NA,NA,NA,NA,NA,NA,NA,NA,NA,NA,NA,NA,NA,NA,NA,NA,NA,NA,NA,NA,NA,NA,NA,NA,NA,NA,NA,NA,NA,NA,NA,NA,NA,NA,NA,NA,NA,"CA","rex sole","rex_sole",NA,NA,"700","total_catch_wt_kg ~ 0 + factor(year) + pass","delta_gamma","TRUE","iid, iid","06_2","2016","1822173.50275488","1522122.58881164","2181372.44565449","14.4155405788077","0.0917997583182269","index"
"1107","1107","1107","1107","1107","1107","1107","1107","1107","1107",NA,NA,NA,NA,NA,NA,NA,NA,NA,NA,NA,NA,NA,NA,NA,NA,NA,NA,NA,NA,NA,NA,NA,NA,NA,NA,NA,NA,NA,NA,NA,NA,NA,NA,NA,NA,NA,NA,NA,NA,NA,NA,NA,NA,NA,NA,NA,NA,NA,NA,NA,NA,"CA","rex sole","rex_sole",NA,NA,"700","total_catch_wt_kg ~ 0 + factor(year) + pass","delta_gamma","TRUE","iid, iid","06_2","2017","1686370.33855968","1412683.09690131","2013080.58757961","14.3380890485595","0.0903525218981246","index"
"1108","1108","1108","1108","1108","1108","1108","1108","1108","1108",NA,NA,NA,NA,NA,NA,NA,NA,NA,NA,NA,NA,NA,NA,NA,NA,NA,NA,NA,NA,NA,NA,NA,NA,NA,NA,NA,NA,NA,NA,NA,NA,NA,NA,NA,NA,NA,NA,NA,NA,NA,NA,NA,NA,NA,NA,NA,NA,NA,NA,NA,NA,"CA","rex sole","rex_sole",NA,NA,"700","total_catch_wt_kg ~ 0 + factor(year) + pass","delta_gamma","TRUE","iid, iid","06_2","2018","1896330.54485162","1589350.94991374","2262602.56460817","14.4554312846039","0.090101146113543","index"
"1109","1109","1109","1109","1109","1109","1109","1109","1109","1109",NA,NA,NA,NA,NA,NA,NA,NA,NA,NA,NA,NA,NA,NA,NA,NA,NA,NA,NA,NA,NA,NA,NA,NA,NA,NA,NA,NA,NA,NA,NA,NA,NA,NA,NA,NA,NA,NA,NA,NA,NA,NA,NA,NA,NA,NA,NA,NA,NA,NA,NA,NA,"CA","rex sole","rex_sole",NA,NA,"700","total_catch_wt_kg ~ 0 + factor(year) + pass","delta_gamma","TRUE","iid, iid","06_2","2019","1639337.76416939","1296955.01159738","2072106.03374896","14.3098029159145","0.119529308484643","index"
"1110","1110","1110","1110","1110","1110","1110","1110","1110","1110",NA,NA,NA,NA,NA,NA,NA,NA,NA,NA,NA,NA,NA,NA,NA,NA,NA,NA,NA,NA,NA,NA,NA,NA,NA,NA,NA,NA,NA,NA,NA,NA,NA,NA,NA,NA,NA,NA,NA,NA,NA,NA,NA,NA,NA,NA,NA,NA,NA,NA,NA,NA,"CA","rex sole","rex_sole",NA,NA,"700","total_catch_wt_kg ~ 0 + factor(year) + pass","delta_gamma","TRUE","iid, iid","06_2","2021","1492653.50789291","1250693.78445707","1781422.85690832","14.2160659718195","0.0902348157115056","index"
"1111","1111","1111","1111","1111","1111","1111","1111","1111","1111",NA,NA,NA,NA,NA,NA,NA,NA,NA,NA,NA,NA,NA,NA,NA,NA,NA,NA,NA,NA,NA,NA,NA,NA,NA,NA,NA,NA,NA,NA,NA,NA,NA,NA,NA,NA,NA,NA,NA,NA,NA,NA,NA,NA,NA,NA,NA,NA,NA,NA,NA,NA,"CA","rex sole","rex_sole",NA,NA,"700","total_catch_wt_kg ~ 0 + factor(year) + pass","delta_gamma","TRUE","iid, iid","06_2","2022","1561681.23782515","1288559.14344843","1892694.10020891","14.2612735154607","0.0980825708779527","index"
"1112","1112","1112","1112","1112","1112","1112","1112","1112","1112",NA,NA,NA,NA,NA,NA,NA,NA,NA,NA,NA,NA,NA,NA,NA,NA,NA,NA,NA,NA,NA,NA,NA,NA,NA,NA,NA,NA,NA,NA,NA,NA,NA,NA,NA,NA,NA,NA,NA,NA,NA,NA,NA,NA,NA,NA,NA,NA,NA,NA,NA,NA,"CA","rex sole","rex_sole",NA,NA,"700","total_catch_wt_kg ~ 0 + factor(year) + pass","delta_gamma","TRUE","iid, iid","06_2","2023","1562165.70469394","1293998.97385218","1885906.97383404","14.2615836887065","0.0960914226760607","index"
"1113","1113","1113","1113","1113","1113","1113","1113","1113","1113",NA,NA,NA,NA,NA,NA,NA,NA,NA,NA,NA,NA,NA,NA,NA,NA,NA,NA,NA,NA,NA,NA,NA,NA,NA,NA,NA,NA,NA,NA,NA,NA,NA,NA,NA,NA,NA,NA,NA,NA,NA,NA,NA,NA,NA,NA,NA,NA,NA,NA,NA,NA,"CA","rex sole","rex_sole",NA,NA,"700","total_catch_wt_kg ~ 0 + factor(year) + pass","delta_gamma","TRUE","iid, iid","06_2","2024","1323327.77137095","1092239.9519656","1603307.39351746","14.0956601609922","0.0979196633842589","index"
"1114","1114","1114","1114","1114","1114","1114","1114","1114",NA,NA,NA,NA,NA,NA,NA,NA,NA,NA,NA,NA,NA,NA,NA,NA,NA,NA,NA,NA,NA,NA,NA,NA,NA,NA,NA,NA,NA,NA,NA,NA,NA,NA,NA,NA,NA,NA,NA,NA,NA,NA,NA,NA,NA,NA,NA,NA,NA,NA,NA,NA,NA,"CA","rex sole","rex_sole",NA,NA,"700","total_catch_wt_kg ~ 0 + factor(year) + pass","delta_gamma","TRUE","iid, iid","06_3","2003","1435465.64083673","1181368.44259453","1744215.88704147","14.1769998429289","0.0993976536502415","index"
"1115","1115","1115","1115","1115","1115","1115","1115","1115",NA,NA,NA,NA,NA,NA,NA,NA,NA,NA,NA,NA,NA,NA,NA,NA,NA,NA,NA,NA,NA,NA,NA,NA,NA,NA,NA,NA,NA,NA,NA,NA,NA,NA,NA,NA,NA,NA,NA,NA,NA,NA,NA,NA,NA,NA,NA,NA,NA,NA,NA,NA,NA,"CA","rex sole","rex_sole",NA,NA,"700","total_catch_wt_kg ~ 0 + factor(year) + pass","delta_gamma","TRUE","iid, iid","06_3","2004","1516740.3935744","1225717.69939861","1876860.73443253","14.2320741122255","0.108694346653211","index"
"1116","1116","1116","1116","1116","1116","1116","1116","1116",NA,NA,NA,NA,NA,NA,NA,NA,NA,NA,NA,NA,NA,NA,NA,NA,NA,NA,NA,NA,NA,NA,NA,NA,NA,NA,NA,NA,NA,NA,NA,NA,NA,NA,NA,NA,NA,NA,NA,NA,NA,NA,NA,NA,NA,NA,NA,NA,NA,NA,NA,NA,NA,"CA","rex sole","rex_sole",NA,NA,"700","total_catch_wt_kg ~ 0 + factor(year) + pass","delta_gamma","TRUE","iid, iid","06_3","2005","1407488.15028604","1170560.6867794","1692370.94289069","14.1573172199808","0.0940444875417154","index"
"1117","1117","1117","1117","1117","1117","1117","1117","1117",NA,NA,NA,NA,NA,NA,NA,NA,NA,NA,NA,NA,NA,NA,NA,NA,NA,NA,NA,NA,NA,NA,NA,NA,NA,NA,NA,NA,NA,NA,NA,NA,NA,NA,NA,NA,NA,NA,NA,NA,NA,NA,NA,NA,NA,NA,NA,NA,NA,NA,NA,NA,NA,"CA","rex sole","rex_sole",NA,NA,"700","total_catch_wt_kg ~ 0 + factor(year) + pass","delta_gamma","TRUE","iid, iid","06_3","2006","1200334.76880601","999159.834597196","1442015.08839217","13.9981110498572","0.0935940720745274","index"
"1118","1118","1118","1118","1118","1118","1118","1118","1118",NA,NA,NA,NA,NA,NA,NA,NA,NA,NA,NA,NA,NA,NA,NA,NA,NA,NA,NA,NA,NA,NA,NA,NA,NA,NA,NA,NA,NA,NA,NA,NA,NA,NA,NA,NA,NA,NA,NA,NA,NA,NA,NA,NA,NA,NA,NA,NA,NA,NA,NA,NA,NA,"CA","rex sole","rex_sole",NA,NA,"700","total_catch_wt_kg ~ 0 + factor(year) + pass","delta_gamma","TRUE","iid, iid","06_3","2007","1181619.23055466","990901.601710988","1409044.04999015","13.9823962850793","0.0898107159119477","index"
"1119","1119","1119","1119","1119","1119","1119","1119","1119",NA,NA,NA,NA,NA,NA,NA,NA,NA,NA,NA,NA,NA,NA,NA,NA,NA,NA,NA,NA,NA,NA,NA,NA,NA,NA,NA,NA,NA,NA,NA,NA,NA,NA,NA,NA,NA,NA,NA,NA,NA,NA,NA,NA,NA,NA,NA,NA,NA,NA,NA,NA,NA,"CA","rex sole","rex_sole",NA,NA,"700","total_catch_wt_kg ~ 0 + factor(year) + pass","delta_gamma","TRUE","iid, iid","06_3","2008","925601.74484038","773565.90909887","1107518.54492861","13.738199339951","0.091549225946049","index"
"1120","1120","1120","1120","1120","1120","1120","1120","1120",NA,NA,NA,NA,NA,NA,NA,NA,NA,NA,NA,NA,NA,NA,NA,NA,NA,NA,NA,NA,NA,NA,NA,NA,NA,NA,NA,NA,NA,NA,NA,NA,NA,NA,NA,NA,NA,NA,NA,NA,NA,NA,NA,NA,NA,NA,NA,NA,NA,NA,NA,NA,NA,"CA","rex sole","rex_sole",NA,NA,"700","total_catch_wt_kg ~ 0 + factor(year) + pass","delta_gamma","TRUE","iid, iid","06_3","2009","799830.564770243","668119.314889025","957507.017211355","13.5921551901813","0.0918043086139832","index"
"1121","1121","1121","1121","1121","1121","1121","1121","1121",NA,NA,NA,NA,NA,NA,NA,NA,NA,NA,NA,NA,NA,NA,NA,NA,NA,NA,NA,NA,NA,NA,NA,NA,NA,NA,NA,NA,NA,NA,NA,NA,NA,NA,NA,NA,NA,NA,NA,NA,NA,NA,NA,NA,NA,NA,NA,NA,NA,NA,NA,NA,NA,"CA","rex sole","rex_sole",NA,NA,"700","total_catch_wt_kg ~ 0 + factor(year) + pass","delta_gamma","TRUE","iid, iid","06_3","2010","835221.510708076","699496.817802336","997281.122938012","13.635452250937","0.0904790743628913","index"
"1122","1122","1122","1122","1122","1122","1122","1122","1122",NA,NA,NA,NA,NA,NA,NA,NA,NA,NA,NA,NA,NA,NA,NA,NA,NA,NA,NA,NA,NA,NA,NA,NA,NA,NA,NA,NA,NA,NA,NA,NA,NA,NA,NA,NA,NA,NA,NA,NA,NA,NA,NA,NA,NA,NA,NA,NA,NA,NA,NA,NA,NA,"CA","rex sole","rex_sole",NA,NA,"700","total_catch_wt_kg ~ 0 + factor(year) + pass","delta_gamma","TRUE","iid, iid","06_3","2011","929186.284629715","782307.336103752","1103641.89583602","13.7420645193623","0.0877881254354925","index"
"1123","1123","1123","1123","1123","1123","1123","1123","1123",NA,NA,NA,NA,NA,NA,NA,NA,NA,NA,NA,NA,NA,NA,NA,NA,NA,NA,NA,NA,NA,NA,NA,NA,NA,NA,NA,NA,NA,NA,NA,NA,NA,NA,NA,NA,NA,NA,NA,NA,NA,NA,NA,NA,NA,NA,NA,NA,NA,NA,NA,NA,NA,"CA","rex sole","rex_sole",NA,NA,"700","total_catch_wt_kg ~ 0 + factor(year) + pass","delta_gamma","TRUE","iid, iid","06_3","2012","918742.732360582","775403.202904815","1088579.72871825","13.7307614191221","0.0865439291747908","index"
"1124","1124","1124","1124","1124","1124","1124","1124","1124",NA,NA,NA,NA,NA,NA,NA,NA,NA,NA,NA,NA,NA,NA,NA,NA,NA,NA,NA,NA,NA,NA,NA,NA,NA,NA,NA,NA,NA,NA,NA,NA,NA,NA,NA,NA,NA,NA,NA,NA,NA,NA,NA,NA,NA,NA,NA,NA,NA,NA,NA,NA,NA,"CA","rex sole","rex_sole",NA,NA,"700","total_catch_wt_kg ~ 0 + factor(year) + pass","delta_gamma","TRUE","iid, iid","06_3","2013","967453.297165737","801522.857346667","1167734.48644403","13.7824224310576","0.0959985304347315","index"
"1125","1125","1125","1125","1125","1125","1125","1125","1125",NA,NA,NA,NA,NA,NA,NA,NA,NA,NA,NA,NA,NA,NA,NA,NA,NA,NA,NA,NA,NA,NA,NA,NA,NA,NA,NA,NA,NA,NA,NA,NA,NA,NA,NA,NA,NA,NA,NA,NA,NA,NA,NA,NA,NA,NA,NA,NA,NA,NA,NA,NA,NA,"CA","rex sole","rex_sole",NA,NA,"700","total_catch_wt_kg ~ 0 + factor(year) + pass","delta_gamma","TRUE","iid, iid","06_3","2014","1426205.73280729","1198325.18617301","1697421.38090946","14.170528142206","0.0888244283446465","index"
"1126","1126","1126","1126","1126","1126","1126","1126","1126",NA,NA,NA,NA,NA,NA,NA,NA,NA,NA,NA,NA,NA,NA,NA,NA,NA,NA,NA,NA,NA,NA,NA,NA,NA,NA,NA,NA,NA,NA,NA,NA,NA,NA,NA,NA,NA,NA,NA,NA,NA,NA,NA,NA,NA,NA,NA,NA,NA,NA,NA,NA,NA,"CA","rex sole","rex_sole",NA,NA,"700","total_catch_wt_kg ~ 0 + factor(year) + pass","delta_gamma","TRUE","iid, iid","06_3","2015","1688722.23592798","1416858.36582246","2012750.78646425","14.3394827275162","0.0895578534971317","index"
"1127","1127","1127","1127","1127","1127","1127","1127","1127",NA,NA,NA,NA,NA,NA,NA,NA,NA,NA,NA,NA,NA,NA,NA,NA,NA,NA,NA,NA,NA,NA,NA,NA,NA,NA,NA,NA,NA,NA,NA,NA,NA,NA,NA,NA,NA,NA,NA,NA,NA,NA,NA,NA,NA,NA,NA,NA,NA,NA,NA,NA,NA,"CA","rex sole","rex_sole",NA,NA,"700","total_catch_wt_kg ~ 0 + factor(year) + pass","delta_gamma","TRUE","iid, iid","06_3","2016","1693718.77875099","1422599.43989763","2016508.10554245","14.3424371302305","0.0890020347528792","index"
"1128","1128","1128","1128","1128","1128","1128","1128","1128",NA,NA,NA,NA,NA,NA,NA,NA,NA,NA,NA,NA,NA,NA,NA,NA,NA,NA,NA,NA,NA,NA,NA,NA,NA,NA,NA,NA,NA,NA,NA,NA,NA,NA,NA,NA,NA,NA,NA,NA,NA,NA,NA,NA,NA,NA,NA,NA,NA,NA,NA,NA,NA,"CA","rex sole","rex_sole",NA,NA,"700","total_catch_wt_kg ~ 0 + factor(year) + pass","delta_gamma","TRUE","iid, iid","06_3","2017","1593951.65874006","1337349.26995265","1899789.34260767","14.2817268108587","0.0895561123592063","index"
"1129","1129","1129","1129","1129","1129","1129","1129","1129",NA,NA,NA,NA,NA,NA,NA,NA,NA,NA,NA,NA,NA,NA,NA,NA,NA,NA,NA,NA,NA,NA,NA,NA,NA,NA,NA,NA,NA,NA,NA,NA,NA,NA,NA,NA,NA,NA,NA,NA,NA,NA,NA,NA,NA,NA,NA,NA,NA,NA,NA,NA,NA,"CA","rex sole","rex_sole",NA,NA,"700","total_catch_wt_kg ~ 0 + factor(year) + pass","delta_gamma","TRUE","iid, iid","06_3","2018","1708257.10007958","1429843.01701118","2040883.00971118","14.3509841689813","0.0907715409509825","index"
"1130","1130","1130","1130","1130","1130","1130","1130","1130",NA,NA,NA,NA,NA,NA,NA,NA,NA,NA,NA,NA,NA,NA,NA,NA,NA,NA,NA,NA,NA,NA,NA,NA,NA,NA,NA,NA,NA,NA,NA,NA,NA,NA,NA,NA,NA,NA,NA,NA,NA,NA,NA,NA,NA,NA,NA,NA,NA,NA,NA,NA,NA,"CA","rex sole","rex_sole",NA,NA,"700","total_catch_wt_kg ~ 0 + factor(year) + pass","delta_gamma","TRUE","iid, iid","06_3","2019","1514885.03273439","1200931.36779258","1910914.08214346","14.2308501080622","0.118493072500051","index"
"1131","1131","1131","1131","1131","1131","1131","1131","1131",NA,NA,NA,NA,NA,NA,NA,NA,NA,NA,NA,NA,NA,NA,NA,NA,NA,NA,NA,NA,NA,NA,NA,NA,NA,NA,NA,NA,NA,NA,NA,NA,NA,NA,NA,NA,NA,NA,NA,NA,NA,NA,NA,NA,NA,NA,NA,NA,NA,NA,NA,NA,NA,"CA","rex sole","rex_sole",NA,NA,"700","total_catch_wt_kg ~ 0 + factor(year) + pass","delta_gamma","TRUE","iid, iid","06_3","2021","1473842.16191582","1239423.25035009","1752598.00687709","14.2033832645295","0.0883825198841977","index"
"1132","1132","1132","1132","1132","1132","1132","1132","1132",NA,NA,NA,NA,NA,NA,NA,NA,NA,NA,NA,NA,NA,NA,NA,NA,NA,NA,NA,NA,NA,NA,NA,NA,NA,NA,NA,NA,NA,NA,NA,NA,NA,NA,NA,NA,NA,NA,NA,NA,NA,NA,NA,NA,NA,NA,NA,NA,NA,NA,NA,NA,NA,"CA","rex sole","rex_sole",NA,NA,"700","total_catch_wt_kg ~ 0 + factor(year) + pass","delta_gamma","TRUE","iid, iid","06_3","2022","1665919.73416621","1384492.89621092","2004552.40202375","14.3258879217765","0.094411648682338","index"
"1133","1133","1133","1133","1133","1133","1133","1133","1133",NA,NA,NA,NA,NA,NA,NA,NA,NA,NA,NA,NA,NA,NA,NA,NA,NA,NA,NA,NA,NA,NA,NA,NA,NA,NA,NA,NA,NA,NA,NA,NA,NA,NA,NA,NA,NA,NA,NA,NA,NA,NA,NA,NA,NA,NA,NA,NA,NA,NA,NA,NA,NA,"CA","rex sole","rex_sole",NA,NA,"700","total_catch_wt_kg ~ 0 + factor(year) + pass","delta_gamma","TRUE","iid, iid","06_3","2023","1494904.75403081","1245019.3217437","1794944.21057986","14.217573053099","0.0933238811061845","index"
"1134","1134","1134","1134","1134","1134","1134","1134","1134",NA,NA,NA,NA,NA,NA,NA,NA,NA,NA,NA,NA,NA,NA,NA,NA,NA,NA,NA,NA,NA,NA,NA,NA,NA,NA,NA,NA,NA,NA,NA,NA,NA,NA,NA,NA,NA,NA,NA,NA,NA,NA,NA,NA,NA,NA,NA,NA,NA,NA,NA,NA,NA,"CA","rex sole","rex_sole",NA,NA,"700","total_catch_wt_kg ~ 0 + factor(year) + pass","delta_gamma","TRUE","iid, iid","06_3","2024","1219068.71654794","1018580.26238132","1459019.5692497","14.0135977781198","0.091673859058087","index"
"1135","1135","1135","1135","1135","1135","1135","1135",NA,NA,NA,NA,NA,NA,NA,NA,NA,NA,NA,NA,NA,NA,NA,NA,NA,NA,NA,NA,NA,NA,NA,NA,NA,NA,NA,NA,NA,NA,NA,NA,NA,NA,NA,NA,NA,NA,NA,NA,NA,NA,NA,NA,NA,NA,NA,NA,NA,NA,NA,NA,NA,NA,"CA","rex sole","rex_sole",NA,NA,"700","total_catch_wt_kg ~ 0 + factor(year) + pass","delta_gamma","TRUE","iid, iid","06_4","2003","1614505.05978822","1314569.8701622","1982874.13034969","14.2945390031416","0.104858522712478","index"
"1136","1136","1136","1136","1136","1136","1136","1136",NA,NA,NA,NA,NA,NA,NA,NA,NA,NA,NA,NA,NA,NA,NA,NA,NA,NA,NA,NA,NA,NA,NA,NA,NA,NA,NA,NA,NA,NA,NA,NA,NA,NA,NA,NA,NA,NA,NA,NA,NA,NA,NA,NA,NA,NA,NA,NA,NA,NA,NA,NA,NA,NA,"CA","rex sole","rex_sole",NA,NA,"700","total_catch_wt_kg ~ 0 + factor(year) + pass","delta_gamma","TRUE","iid, iid","06_4","2004","1480987.63247981","1192445.96578317","1839349.06108525","14.2082197424249","0.110564558904376","index"
"1137","1137","1137","1137","1137","1137","1137","1137",NA,NA,NA,NA,NA,NA,NA,NA,NA,NA,NA,NA,NA,NA,NA,NA,NA,NA,NA,NA,NA,NA,NA,NA,NA,NA,NA,NA,NA,NA,NA,NA,NA,NA,NA,NA,NA,NA,NA,NA,NA,NA,NA,NA,NA,NA,NA,NA,NA,NA,NA,NA,NA,NA,"CA","rex sole","rex_sole",NA,NA,"700","total_catch_wt_kg ~ 0 + factor(year) + pass","delta_gamma","TRUE","iid, iid","06_4","2005","1597081.30901814","1311307.86820756","1945133.38130248","14.2836883395004","0.100589996164844","index"
"1138","1138","1138","1138","1138","1138","1138","1138",NA,NA,NA,NA,NA,NA,NA,NA,NA,NA,NA,NA,NA,NA,NA,NA,NA,NA,NA,NA,NA,NA,NA,NA,NA,NA,NA,NA,NA,NA,NA,NA,NA,NA,NA,NA,NA,NA,NA,NA,NA,NA,NA,NA,NA,NA,NA,NA,NA,NA,NA,NA,NA,NA,"CA","rex sole","rex_sole",NA,NA,"700","total_catch_wt_kg ~ 0 + factor(year) + pass","delta_gamma","TRUE","iid, iid","06_4","2006","1367345.56774959","1133293.06474877","1649735.58896605","14.1283818765535","0.0957893659533546","index"
"1139","1139","1139","1139","1139","1139","1139","1139",NA,NA,NA,NA,NA,NA,NA,NA,NA,NA,NA,NA,NA,NA,NA,NA,NA,NA,NA,NA,NA,NA,NA,NA,NA,NA,NA,NA,NA,NA,NA,NA,NA,NA,NA,NA,NA,NA,NA,NA,NA,NA,NA,NA,NA,NA,NA,NA,NA,NA,NA,NA,NA,NA,"CA","rex sole","rex_sole",NA,NA,"700","total_catch_wt_kg ~ 0 + factor(year) + pass","delta_gamma","TRUE","iid, iid","06_4","2007","1226926.80243977","1019945.57752668","1475911.47186058","14.0200230662003","0.0942686902344407","index"
"1140","1140","1140","1140","1140","1140","1140","1140",NA,NA,NA,NA,NA,NA,NA,NA,NA,NA,NA,NA,NA,NA,NA,NA,NA,NA,NA,NA,NA,NA,NA,NA,NA,NA,NA,NA,NA,NA,NA,NA,NA,NA,NA,NA,NA,NA,NA,NA,NA,NA,NA,NA,NA,NA,NA,NA,NA,NA,NA,NA,NA,NA,"CA","rex sole","rex_sole",NA,NA,"700","total_catch_wt_kg ~ 0 + factor(year) + pass","delta_gamma","TRUE","iid, iid","06_4","2008","977554.055585024","806757.977232899","1184508.81002551","13.7928088691439","0.0979762244016206","index"
"1141","1141","1141","1141","1141","1141","1141","1141",NA,NA,NA,NA,NA,NA,NA,NA,NA,NA,NA,NA,NA,NA,NA,NA,NA,NA,NA,NA,NA,NA,NA,NA,NA,NA,NA,NA,NA,NA,NA,NA,NA,NA,NA,NA,NA,NA,NA,NA,NA,NA,NA,NA,NA,NA,NA,NA,NA,NA,NA,NA,NA,NA,"CA","rex sole","rex_sole",NA,NA,"700","total_catch_wt_kg ~ 0 + factor(year) + pass","delta_gamma","TRUE","iid, iid","06_4","2009","747550.303657401","621271.336971904","899496.601955008","13.5245568778455","0.0944066718956999","index"
"1142","1142","1142","1142","1142","1142","1142","1142",NA,NA,NA,NA,NA,NA,NA,NA,NA,NA,NA,NA,NA,NA,NA,NA,NA,NA,NA,NA,NA,NA,NA,NA,NA,NA,NA,NA,NA,NA,NA,NA,NA,NA,NA,NA,NA,NA,NA,NA,NA,NA,NA,NA,NA,NA,NA,NA,NA,NA,NA,NA,NA,NA,"CA","rex sole","rex_sole",NA,NA,"700","total_catch_wt_kg ~ 0 + factor(year) + pass","delta_gamma","TRUE","iid, iid","06_4","2010","836111.730876701","702009.708259264","995830.710437197","13.6365175325106","0.0891929757628437","index"
"1143","1143","1143","1143","1143","1143","1143","1143",NA,NA,NA,NA,NA,NA,NA,NA,NA,NA,NA,NA,NA,NA,NA,NA,NA,NA,NA,NA,NA,NA,NA,NA,NA,NA,NA,NA,NA,NA,NA,NA,NA,NA,NA,NA,NA,NA,NA,NA,NA,NA,NA,NA,NA,NA,NA,NA,NA,NA,NA,NA,NA,NA,"CA","rex sole","rex_sole",NA,NA,"700","total_catch_wt_kg ~ 0 + factor(year) + pass","delta_gamma","TRUE","iid, iid","06_4","2011","967884.06392968","807730.063927114","1159792.86032068","13.7828675904182","0.0922896489204884","index"
"1144","1144","1144","1144","1144","1144","1144","1144",NA,NA,NA,NA,NA,NA,NA,NA,NA,NA,NA,NA,NA,NA,NA,NA,NA,NA,NA,NA,NA,NA,NA,NA,NA,NA,NA,NA,NA,NA,NA,NA,NA,NA,NA,NA,NA,NA,NA,NA,NA,NA,NA,NA,NA,NA,NA,NA,NA,NA,NA,NA,NA,NA,"CA","rex sole","rex_sole",NA,NA,"700","total_catch_wt_kg ~ 0 + factor(year) + pass","delta_gamma","TRUE","iid, iid","06_4","2012","995055.083875874","832708.612794594","1189052.93488475","13.8105533752877","0.0908763228854311","index"
"1145","1145","1145","1145","1145","1145","1145","1145",NA,NA,NA,NA,NA,NA,NA,NA,NA,NA,NA,NA,NA,NA,NA,NA,NA,NA,NA,NA,NA,NA,NA,NA,NA,NA,NA,NA,NA,NA,NA,NA,NA,NA,NA,NA,NA,NA,NA,NA,NA,NA,NA,NA,NA,NA,NA,NA,NA,NA,NA,NA,NA,NA,"CA","rex sole","rex_sole",NA,NA,"700","total_catch_wt_kg ~ 0 + factor(year) + pass","delta_gamma","TRUE","iid, iid","06_4","2013","1220017.15687465","1002644.59283522","1484515.92289505","14.0143754796226","0.100116033331929","index"
"1146","1146","1146","1146","1146","1146","1146","1146",NA,NA,NA,NA,NA,NA,NA,NA,NA,NA,NA,NA,NA,NA,NA,NA,NA,NA,NA,NA,NA,NA,NA,NA,NA,NA,NA,NA,NA,NA,NA,NA,NA,NA,NA,NA,NA,NA,NA,NA,NA,NA,NA,NA,NA,NA,NA,NA,NA,NA,NA,NA,NA,NA,"CA","rex sole","rex_sole",NA,NA,"700","total_catch_wt_kg ~ 0 + factor(year) + pass","delta_gamma","TRUE","iid, iid","06_4","2014","1449308.74252993","1212599.43980448","1732225.63216125","14.1865972714355","0.0909814477211058","index"
"1147","1147","1147","1147","1147","1147","1147","1147",NA,NA,NA,NA,NA,NA,NA,NA,NA,NA,NA,NA,NA,NA,NA,NA,NA,NA,NA,NA,NA,NA,NA,NA,NA,NA,NA,NA,NA,NA,NA,NA,NA,NA,NA,NA,NA,NA,NA,NA,NA,NA,NA,NA,NA,NA,NA,NA,NA,NA,NA,NA,NA,NA,"CA","rex sole","rex_sole",NA,NA,"700","total_catch_wt_kg ~ 0 + factor(year) + pass","delta_gamma","TRUE","iid, iid","06_4","2015","1644918.8007431","1369071.23184241","1976345.56778821","14.3132015797129","0.0936539886542232","index"
"1148","1148","1148","1148","1148","1148","1148","1148",NA,NA,NA,NA,NA,NA,NA,NA,NA,NA,NA,NA,NA,NA,NA,NA,NA,NA,NA,NA,NA,NA,NA,NA,NA,NA,NA,NA,NA,NA,NA,NA,NA,NA,NA,NA,NA,NA,NA,NA,NA,NA,NA,NA,NA,NA,NA,NA,NA,NA,NA,NA,NA,NA,"CA","rex sole","rex_sole",NA,NA,"700","total_catch_wt_kg ~ 0 + factor(year) + pass","delta_gamma","TRUE","iid, iid","06_4","2016","1629474.2912919","1360671.19112567","1951379.93903188","14.3037680000822","0.0919809458988933","index"
"1149","1149","1149","1149","1149","1149","1149","1149",NA,NA,NA,NA,NA,NA,NA,NA,NA,NA,NA,NA,NA,NA,NA,NA,NA,NA,NA,NA,NA,NA,NA,NA,NA,NA,NA,NA,NA,NA,NA,NA,NA,NA,NA,NA,NA,NA,NA,NA,NA,NA,NA,NA,NA,NA,NA,NA,NA,NA,NA,NA,NA,NA,"CA","rex sole","rex_sole",NA,NA,"700","total_catch_wt_kg ~ 0 + factor(year) + pass","delta_gamma","TRUE","iid, iid","06_4","2017","1487861.74903616","1249712.55689804","1771393.40724857","14.2128505794647","0.0889947226006513","index"
"1150","1150","1150","1150","1150","1150","1150","1150",NA,NA,NA,NA,NA,NA,NA,NA,NA,NA,NA,NA,NA,NA,NA,NA,NA,NA,NA,NA,NA,NA,NA,NA,NA,NA,NA,NA,NA,NA,NA,NA,NA,NA,NA,NA,NA,NA,NA,NA,NA,NA,NA,NA,NA,NA,NA,NA,NA,NA,NA,NA,NA,NA,"CA","rex sole","rex_sole",NA,NA,"700","total_catch_wt_kg ~ 0 + factor(year) + pass","delta_gamma","TRUE","iid, iid","06_4","2018","1740698.33939379","1454969.20044875","2082539.41584038","14.3697969351527","0.0914821120591154","index"
"1151","1151","1151","1151","1151","1151","1151","1151",NA,NA,NA,NA,NA,NA,NA,NA,NA,NA,NA,NA,NA,NA,NA,NA,NA,NA,NA,NA,NA,NA,NA,NA,NA,NA,NA,NA,NA,NA,NA,NA,NA,NA,NA,NA,NA,NA,NA,NA,NA,NA,NA,NA,NA,NA,NA,NA,NA,NA,NA,NA,NA,NA,"CA","rex sole","rex_sole",NA,NA,"700","total_catch_wt_kg ~ 0 + factor(year) + pass","delta_gamma","TRUE","iid, iid","06_4","2019","1460747.29204258","1155945.84615497","1845919.21698353","14.1944587066019","0.119404860098173","index"
"1152","1152","1152","1152","1152","1152","1152","1152",NA,NA,NA,NA,NA,NA,NA,NA,NA,NA,NA,NA,NA,NA,NA,NA,NA,NA,NA,NA,NA,NA,NA,NA,NA,NA,NA,NA,NA,NA,NA,NA,NA,NA,NA,NA,NA,NA,NA,NA,NA,NA,NA,NA,NA,NA,NA,NA,NA,NA,NA,NA,NA,NA,"CA","rex sole","rex_sole",NA,NA,"700","total_catch_wt_kg ~ 0 + factor(year) + pass","delta_gamma","TRUE","iid, iid","06_4","2021","1520369.98045262","1270823.85341857","1818918.39002187","14.234464271396","0.091475313430957","index"
"1153","1153","1153","1153","1153","1153","1153","1153",NA,NA,NA,NA,NA,NA,NA,NA,NA,NA,NA,NA,NA,NA,NA,NA,NA,NA,NA,NA,NA,NA,NA,NA,NA,NA,NA,NA,NA,NA,NA,NA,NA,NA,NA,NA,NA,NA,NA,NA,NA,NA,NA,NA,NA,NA,NA,NA,NA,NA,NA,NA,NA,NA,"CA","rex sole","rex_sole",NA,NA,"700","total_catch_wt_kg ~ 0 + factor(year) + pass","delta_gamma","TRUE","iid, iid","06_4","2022","1591774.90067321","1318963.38164322","1921014.16133066","14.2803602413399","0.0959219525053129","index"
"1154","1154","1154","1154","1154","1154","1154","1154",NA,NA,NA,NA,NA,NA,NA,NA,NA,NA,NA,NA,NA,NA,NA,NA,NA,NA,NA,NA,NA,NA,NA,NA,NA,NA,NA,NA,NA,NA,NA,NA,NA,NA,NA,NA,NA,NA,NA,NA,NA,NA,NA,NA,NA,NA,NA,NA,NA,NA,NA,NA,NA,NA,"CA","rex sole","rex_sole",NA,NA,"700","total_catch_wt_kg ~ 0 + factor(year) + pass","delta_gamma","TRUE","iid, iid","06_4","2023","1467160.35823482","1219093.55445551","1765704.94438971","14.198839361468","0.0945023533714416","index"
"1155","1155","1155","1155","1155","1155","1155","1155",NA,NA,NA,NA,NA,NA,NA,NA,NA,NA,NA,NA,NA,NA,NA,NA,NA,NA,NA,NA,NA,NA,NA,NA,NA,NA,NA,NA,NA,NA,NA,NA,NA,NA,NA,NA,NA,NA,NA,NA,NA,NA,NA,NA,NA,NA,NA,NA,NA,NA,NA,NA,NA,NA,"CA","rex sole","rex_sole",NA,NA,"700","total_catch_wt_kg ~ 0 + factor(year) + pass","delta_gamma","TRUE","iid, iid","06_4","2024","1343279.05999131","1116863.34251557","1615594.82196541","14.110624242447","0.0941800546605128","index"
"1156","1156","1156","1156","1156","1156","1156",NA,NA,NA,NA,NA,NA,NA,NA,NA,NA,NA,NA,NA,NA,NA,NA,NA,NA,NA,NA,NA,NA,NA,NA,NA,NA,NA,NA,NA,NA,NA,NA,NA,NA,NA,NA,NA,NA,NA,NA,NA,NA,NA,NA,NA,NA,NA,NA,NA,NA,NA,NA,NA,NA,NA,"CA","rex sole","rex_sole",NA,NA,"700","total_catch_wt_kg ~ 0 + factor(year) + pass","delta_gamma","TRUE","iid, iid","06_5","2003","1455724.79701992","1194194.83448704","1774530.10468678","14.1910144768378","0.101038458264988","index"
"1157","1157","1157","1157","1157","1157","1157",NA,NA,NA,NA,NA,NA,NA,NA,NA,NA,NA,NA,NA,NA,NA,NA,NA,NA,NA,NA,NA,NA,NA,NA,NA,NA,NA,NA,NA,NA,NA,NA,NA,NA,NA,NA,NA,NA,NA,NA,NA,NA,NA,NA,NA,NA,NA,NA,NA,NA,NA,NA,NA,NA,NA,"CA","rex sole","rex_sole",NA,NA,"700","total_catch_wt_kg ~ 0 + factor(year) + pass","delta_gamma","TRUE","iid, iid","06_5","2004","1493061.2331513","1208153.34144598","1845156.37996018","14.2163390891775","0.108030302160453","index"
"1158","1158","1158","1158","1158","1158","1158",NA,NA,NA,NA,NA,NA,NA,NA,NA,NA,NA,NA,NA,NA,NA,NA,NA,NA,NA,NA,NA,NA,NA,NA,NA,NA,NA,NA,NA,NA,NA,NA,NA,NA,NA,NA,NA,NA,NA,NA,NA,NA,NA,NA,NA,NA,NA,NA,NA,NA,NA,NA,NA,NA,NA,"CA","rex sole","rex_sole",NA,NA,"700","total_catch_wt_kg ~ 0 + factor(year) + pass","delta_gamma","TRUE","iid, iid","06_5","2005","1484073.43149952","1225664.30284057","1796963.44666183","14.2103011836278","0.0976077326561822","index"
"1159","1159","1159","1159","1159","1159","1159",NA,NA,NA,NA,NA,NA,NA,NA,NA,NA,NA,NA,NA,NA,NA,NA,NA,NA,NA,NA,NA,NA,NA,NA,NA,NA,NA,NA,NA,NA,NA,NA,NA,NA,NA,NA,NA,NA,NA,NA,NA,NA,NA,NA,NA,NA,NA,NA,NA,NA,NA,NA,NA,NA,NA,"CA","rex sole","rex_sole",NA,NA,"700","total_catch_wt_kg ~ 0 + factor(year) + pass","delta_gamma","TRUE","iid, iid","06_5","2006","1320933.64996813","1100030.48862545","1586197.58784907","14.0938493551182","0.093369522218263","index"
"1160","1160","1160","1160","1160","1160","1160",NA,NA,NA,NA,NA,NA,NA,NA,NA,NA,NA,NA,NA,NA,NA,NA,NA,NA,NA,NA,NA,NA,NA,NA,NA,NA,NA,NA,NA,NA,NA,NA,NA,NA,NA,NA,NA,NA,NA,NA,NA,NA,NA,NA,NA,NA,NA,NA,NA,NA,NA,NA,NA,NA,NA,"CA","rex sole","rex_sole",NA,NA,"700","total_catch_wt_kg ~ 0 + factor(year) + pass","delta_gamma","TRUE","iid, iid","06_5","2007","1144197.91139145","961004.852002339","1362312.43547288","13.9502144354273","0.089021890174523","index"
"1161","1161","1161","1161","1161","1161","1161",NA,NA,NA,NA,NA,NA,NA,NA,NA,NA,NA,NA,NA,NA,NA,NA,NA,NA,NA,NA,NA,NA,NA,NA,NA,NA,NA,NA,NA,NA,NA,NA,NA,NA,NA,NA,NA,NA,NA,NA,NA,NA,NA,NA,NA,NA,NA,NA,NA,NA,NA,NA,NA,NA,NA,"CA","rex sole","rex_sole",NA,NA,"700","total_catch_wt_kg ~ 0 + factor(year) + pass","delta_gamma","TRUE","iid, iid","06_5","2008","883846.019950913","736688.713325715","1060398.74488708","13.6920381408718","0.0929187629664973","index"
"1162","1162","1162","1162","1162","1162","1162",NA,NA,NA,NA,NA,NA,NA,NA,NA,NA,NA,NA,NA,NA,NA,NA,NA,NA,NA,NA,NA,NA,NA,NA,NA,NA,NA,NA,NA,NA,NA,NA,NA,NA,NA,NA,NA,NA,NA,NA,NA,NA,NA,NA,NA,NA,NA,NA,NA,NA,NA,NA,NA,NA,NA,"CA","rex sole","rex_sole",NA,NA,"700","total_catch_wt_kg ~ 0 + factor(year) + pass","delta_gamma","TRUE","iid, iid","06_5","2009","747218.797208831","626501.809727909","891196.038435546","13.5241133224444","0.0899028665262608","index"
"1163","1163","1163","1163","1163","1163","1163",NA,NA,NA,NA,NA,NA,NA,NA,NA,NA,NA,NA,NA,NA,NA,NA,NA,NA,NA,NA,NA,NA,NA,NA,NA,NA,NA,NA,NA,NA,NA,NA,NA,NA,NA,NA,NA,NA,NA,NA,NA,NA,NA,NA,NA,NA,NA,NA,NA,NA,NA,NA,NA,NA,NA,"CA","rex sole","rex_sole",NA,NA,"700","total_catch_wt_kg ~ 0 + factor(year) + pass","delta_gamma","TRUE","iid, iid","06_5","2010","797190.240151585","671189.670671575","946844.545979179","13.588848624586","0.0877779292228954","index"
"1164","1164","1164","1164","1164","1164","1164",NA,NA,NA,NA,NA,NA,NA,NA,NA,NA,NA,NA,NA,NA,NA,NA,NA,NA,NA,NA,NA,NA,NA,NA,NA,NA,NA,NA,NA,NA,NA,NA,NA,NA,NA,NA,NA,NA,NA,NA,NA,NA,NA,NA,NA,NA,NA,NA,NA,NA,NA,NA,NA,NA,NA,"CA","rex sole","rex_sole",NA,NA,"700","total_catch_wt_kg ~ 0 + factor(year) + pass","delta_gamma","TRUE","iid, iid","06_5","2011","855203.094428584","719298.072362345","1016786.17088215","13.6590942570547","0.0882991434781168","index"
"1165","1165","1165","1165","1165","1165","1165",NA,NA,NA,NA,NA,NA,NA,NA,NA,NA,NA,NA,NA,NA,NA,NA,NA,NA,NA,NA,NA,NA,NA,NA,NA,NA,NA,NA,NA,NA,NA,NA,NA,NA,NA,NA,NA,NA,NA,NA,NA,NA,NA,NA,NA,NA,NA,NA,NA,NA,NA,NA,NA,NA,NA,"CA","rex sole","rex_sole",NA,NA,"700","total_catch_wt_kg ~ 0 + factor(year) + pass","delta_gamma","TRUE","iid, iid","06_5","2012","999818.009935301","838758.936283315","1191803.75880172","13.8153285513374","0.0896189579117243","index"
"1166","1166","1166","1166","1166","1166","1166",NA,NA,NA,NA,NA,NA,NA,NA,NA,NA,NA,NA,NA,NA,NA,NA,NA,NA,NA,NA,NA,NA,NA,NA,NA,NA,NA,NA,NA,NA,NA,NA,NA,NA,NA,NA,NA,NA,NA,NA,NA,NA,NA,NA,NA,NA,NA,NA,NA,NA,NA,NA,NA,NA,NA,"CA","rex sole","rex_sole",NA,NA,"700","total_catch_wt_kg ~ 0 + factor(year) + pass","delta_gamma","TRUE","iid, iid","06_5","2013","1221054.56378551","1012765.04826384","1472181.77631364","14.0152254398794","0.0954255392375375","index"
"1167","1167","1167","1167","1167","1167","1167",NA,NA,NA,NA,NA,NA,NA,NA,NA,NA,NA,NA,NA,NA,NA,NA,NA,NA,NA,NA,NA,NA,NA,NA,NA,NA,NA,NA,NA,NA,NA,NA,NA,NA,NA,NA,NA,NA,NA,NA,NA,NA,NA,NA,NA,NA,NA,NA,NA,NA,NA,NA,NA,NA,NA,"CA","rex sole","rex_sole",NA,NA,"700","total_catch_wt_kg ~ 0 + factor(year) + pass","delta_gamma","TRUE","iid, iid","06_5","2014","1277793.4239081","1079496.13952311","1512516.78853069","14.0606452607199","0.0860425545014155","index"
"1168","1168","1168","1168","1168","1168","1168",NA,NA,NA,NA,NA,NA,NA,NA,NA,NA,NA,NA,NA,NA,NA,NA,NA,NA,NA,NA,NA,NA,NA,NA,NA,NA,NA,NA,NA,NA,NA,NA,NA,NA,NA,NA,NA,NA,NA,NA,NA,NA,NA,NA,NA,NA,NA,NA,NA,NA,NA,NA,NA,NA,NA,"CA","rex sole","rex_sole",NA,NA,"700","total_catch_wt_kg ~ 0 + factor(year) + pass","delta_gamma","TRUE","iid, iid","06_5","2015","1564418.25723505","1311153.93849461","1866603.46410608","14.2630245922346","0.0901069698769613","index"
"1169","1169","1169","1169","1169","1169","1169",NA,NA,NA,NA,NA,NA,NA,NA,NA,NA,NA,NA,NA,NA,NA,NA,NA,NA,NA,NA,NA,NA,NA,NA,NA,NA,NA,NA,NA,NA,NA,NA,NA,NA,NA,NA,NA,NA,NA,NA,NA,NA,NA,NA,NA,NA,NA,NA,NA,NA,NA,NA,NA,NA,NA,"CA","rex sole","rex_sole",NA,NA,"700","total_catch_wt_kg ~ 0 + factor(year) + pass","delta_gamma","TRUE","iid, iid","06_5","2016","1679501.84109812","1416974.58991897","1990668.3255437","14.3340077842519","0.0867226129607434","index"
"1170","1170","1170","1170","1170","1170","1170",NA,NA,NA,NA,NA,NA,NA,NA,NA,NA,NA,NA,NA,NA,NA,NA,NA,NA,NA,NA,NA,NA,NA,NA,NA,NA,NA,NA,NA,NA,NA,NA,NA,NA,NA,NA,NA,NA,NA,NA,NA,NA,NA,NA,NA,NA,NA,NA,NA,NA,NA,NA,NA,NA,NA,"CA","rex sole","rex_sole",NA,NA,"700","total_catch_wt_kg ~ 0 + factor(year) + pass","delta_gamma","TRUE","iid, iid","06_5","2017","1561040.32120925","1312192.12813739","1857080.85895936","14.2608630295351","0.0886002773574868","index"
"1171","1171","1171","1171","1171","1171","1171",NA,NA,NA,NA,NA,NA,NA,NA,NA,NA,NA,NA,NA,NA,NA,NA,NA,NA,NA,NA,NA,NA,NA,NA,NA,NA,NA,NA,NA,NA,NA,NA,NA,NA,NA,NA,NA,NA,NA,NA,NA,NA,NA,NA,NA,NA,NA,NA,NA,NA,NA,NA,NA,NA,NA,"CA","rex sole","rex_sole",NA,NA,"700","total_catch_wt_kg ~ 0 + factor(year) + pass","delta_gamma","TRUE","iid, iid","06_5","2018","1704708.59436022","1437338.61184265","2021814.04419387","14.3489047416939","0.0870429088040173","index"
"1172","1172","1172","1172","1172","1172","1172",NA,NA,NA,NA,NA,NA,NA,NA,NA,NA,NA,NA,NA,NA,NA,NA,NA,NA,NA,NA,NA,NA,NA,NA,NA,NA,NA,NA,NA,NA,NA,NA,NA,NA,NA,NA,NA,NA,NA,NA,NA,NA,NA,NA,NA,NA,NA,NA,NA,NA,NA,NA,NA,NA,NA,"CA","rex sole","rex_sole",NA,NA,"700","total_catch_wt_kg ~ 0 + factor(year) + pass","delta_gamma","TRUE","iid, iid","06_5","2019","1746799.74211687","1398035.78151088","2182568.84366863","14.3732959529618","0.113633290450317","index"
"1173","1173","1173","1173","1173","1173","1173",NA,NA,NA,NA,NA,NA,NA,NA,NA,NA,NA,NA,NA,NA,NA,NA,NA,NA,NA,NA,NA,NA,NA,NA,NA,NA,NA,NA,NA,NA,NA,NA,NA,NA,NA,NA,NA,NA,NA,NA,NA,NA,NA,NA,NA,NA,NA,NA,NA,NA,NA,NA,NA,NA,NA,"CA","rex sole","rex_sole",NA,NA,"700","total_catch_wt_kg ~ 0 + factor(year) + pass","delta_gamma","TRUE","iid, iid","06_5","2021","1474828.97198442","1240097.16493158","1753991.99201026","14.2040525898362","0.0884466744677235","index"
"1174","1174","1174","1174","1174","1174","1174",NA,NA,NA,NA,NA,NA,NA,NA,NA,NA,NA,NA,NA,NA,NA,NA,NA,NA,NA,NA,NA,NA,NA,NA,NA,NA,NA,NA,NA,NA,NA,NA,NA,NA,NA,NA,NA,NA,NA,NA,NA,NA,NA,NA,NA,NA,NA,NA,NA,NA,NA,NA,NA,NA,NA,"CA","rex sole","rex_sole",NA,NA,"700","total_catch_wt_kg ~ 0 + factor(year) + pass","delta_gamma","TRUE","iid, iid","06_5","2022","1504558.71461797","1248879.76458714","1812581.9553824","14.2240102002914","0.0950286243161486","index"
"1175","1175","1175","1175","1175","1175","1175",NA,NA,NA,NA,NA,NA,NA,NA,NA,NA,NA,NA,NA,NA,NA,NA,NA,NA,NA,NA,NA,NA,NA,NA,NA,NA,NA,NA,NA,NA,NA,NA,NA,NA,NA,NA,NA,NA,NA,NA,NA,NA,NA,NA,NA,NA,NA,NA,NA,NA,NA,NA,NA,NA,NA,"CA","rex sole","rex_sole",NA,NA,"700","total_catch_wt_kg ~ 0 + factor(year) + pass","delta_gamma","TRUE","iid, iid","06_5","2023","1442420.69810961","1200798.5359541","1732661.56481602","14.1818333005392","0.0935404741669499","index"
"1176","1176","1176","1176","1176","1176","1176",NA,NA,NA,NA,NA,NA,NA,NA,NA,NA,NA,NA,NA,NA,NA,NA,NA,NA,NA,NA,NA,NA,NA,NA,NA,NA,NA,NA,NA,NA,NA,NA,NA,NA,NA,NA,NA,NA,NA,NA,NA,NA,NA,NA,NA,NA,NA,NA,NA,NA,NA,NA,NA,NA,NA,"CA","rex sole","rex_sole",NA,NA,"700","total_catch_wt_kg ~ 0 + factor(year) + pass","delta_gamma","TRUE","iid, iid","06_5","2024","1251808.83476707","1046701.80998131","1497107.71860506","14.0401001310985","0.0913003950287167","index"
"1177","1177","1177","1177","1177","1177",NA,NA,NA,NA,NA,NA,NA,NA,NA,NA,NA,NA,NA,NA,NA,NA,NA,NA,NA,NA,NA,NA,NA,NA,NA,NA,NA,NA,NA,NA,NA,NA,NA,NA,NA,NA,NA,NA,NA,NA,NA,NA,NA,NA,NA,NA,NA,NA,NA,NA,NA,NA,NA,NA,NA,NA,"CA","rex sole","rex_sole",NA,NA,"700","total_catch_wt_kg ~ 0 + factor(year) + pass","delta_gamma","TRUE","iid, iid","06_6","2003","1723241.26676438","1408561.71243473","2108221.76782496","14.3597175328484","0.10287834613545","index"
"1178","1178","1178","1178","1178","1178",NA,NA,NA,NA,NA,NA,NA,NA,NA,NA,NA,NA,NA,NA,NA,NA,NA,NA,NA,NA,NA,NA,NA,NA,NA,NA,NA,NA,NA,NA,NA,NA,NA,NA,NA,NA,NA,NA,NA,NA,NA,NA,NA,NA,NA,NA,NA,NA,NA,NA,NA,NA,NA,NA,NA,NA,"CA","rex sole","rex_sole",NA,NA,"700","total_catch_wt_kg ~ 0 + factor(year) + pass","delta_gamma","TRUE","iid, iid","06_6","2004","1709538.12804156","1385099.89588626","2109970.99913711","14.3517337914346","0.107374916630304","index"
"1179","1179","1179","1179","1179","1179",NA,NA,NA,NA,NA,NA,NA,NA,NA,NA,NA,NA,NA,NA,NA,NA,NA,NA,NA,NA,NA,NA,NA,NA,NA,NA,NA,NA,NA,NA,NA,NA,NA,NA,NA,NA,NA,NA,NA,NA,NA,NA,NA,NA,NA,NA,NA,NA,NA,NA,NA,NA,NA,NA,NA,NA,"CA","rex sole","rex_sole",NA,NA,"700","total_catch_wt_kg ~ 0 + factor(year) + pass","delta_gamma","TRUE","iid, iid","06_6","2005","1637947.98343621","1353742.60201133","1981819.58110548","14.308954786747","0.0972319776176164","index"
"1180","1180","1180","1180","1180","1180",NA,NA,NA,NA,NA,NA,NA,NA,NA,NA,NA,NA,NA,NA,NA,NA,NA,NA,NA,NA,NA,NA,NA,NA,NA,NA,NA,NA,NA,NA,NA,NA,NA,NA,NA,NA,NA,NA,NA,NA,NA,NA,NA,NA,NA,NA,NA,NA,NA,NA,NA,NA,NA,NA,NA,NA,"CA","rex sole","rex_sole",NA,NA,"700","total_catch_wt_kg ~ 0 + factor(year) + pass","delta_gamma","TRUE","iid, iid","06_6","2006","1363553.24454079","1134855.67338578","1638338.2436206","14.1256045304069","0.0936693179341361","index"
"1181","1181","1181","1181","1181","1181",NA,NA,NA,NA,NA,NA,NA,NA,NA,NA,NA,NA,NA,NA,NA,NA,NA,NA,NA,NA,NA,NA,NA,NA,NA,NA,NA,NA,NA,NA,NA,NA,NA,NA,NA,NA,NA,NA,NA,NA,NA,NA,NA,NA,NA,NA,NA,NA,NA,NA,NA,NA,NA,NA,NA,NA,"CA","rex sole","rex_sole",NA,NA,"700","total_catch_wt_kg ~ 0 + factor(year) + pass","delta_gamma","TRUE","iid, iid","06_6","2007","1261226.96720878","1047674.72843604","1518308.51660346","14.0475955886071","0.094650650732809","index"
"1182","1182","1182","1182","1182","1182",NA,NA,NA,NA,NA,NA,NA,NA,NA,NA,NA,NA,NA,NA,NA,NA,NA,NA,NA,NA,NA,NA,NA,NA,NA,NA,NA,NA,NA,NA,NA,NA,NA,NA,NA,NA,NA,NA,NA,NA,NA,NA,NA,NA,NA,NA,NA,NA,NA,NA,NA,NA,NA,NA,NA,NA,"CA","rex sole","rex_sole",NA,NA,"700","total_catch_wt_kg ~ 0 + factor(year) + pass","delta_gamma","TRUE","iid, iid","06_6","2008","981748.665873672","814314.965962201","1183608.90224566","13.7970906135126","0.0954038486277346","index"
"1183","1183","1183","1183","1183","1183",NA,NA,NA,NA,NA,NA,NA,NA,NA,NA,NA,NA,NA,NA,NA,NA,NA,NA,NA,NA,NA,NA,NA,NA,NA,NA,NA,NA,NA,NA,NA,NA,NA,NA,NA,NA,NA,NA,NA,NA,NA,NA,NA,NA,NA,NA,NA,NA,NA,NA,NA,NA,NA,NA,NA,NA,"CA","rex sole","rex_sole",NA,NA,"700","total_catch_wt_kg ~ 0 + factor(year) + pass","delta_gamma","TRUE","iid, iid","06_6","2009","839570.548571582","701087.698597127","1005407.3227062","13.6406457883853","0.0919698150714074","index"
"1184","1184","1184","1184","1184","1184",NA,NA,NA,NA,NA,NA,NA,NA,NA,NA,NA,NA,NA,NA,NA,NA,NA,NA,NA,NA,NA,NA,NA,NA,NA,NA,NA,NA,NA,NA,NA,NA,NA,NA,NA,NA,NA,NA,NA,NA,NA,NA,NA,NA,NA,NA,NA,NA,NA,NA,NA,NA,NA,NA,NA,NA,"CA","rex sole","rex_sole",NA,NA,"700","total_catch_wt_kg ~ 0 + factor(year) + pass","delta_gamma","TRUE","iid, iid","06_6","2010","811824.712660747","681158.81161364","967556.10123492","13.6070397247328","0.0895368305891771","index"
"1185","1185","1185","1185","1185","1185",NA,NA,NA,NA,NA,NA,NA,NA,NA,NA,NA,NA,NA,NA,NA,NA,NA,NA,NA,NA,NA,NA,NA,NA,NA,NA,NA,NA,NA,NA,NA,NA,NA,NA,NA,NA,NA,NA,NA,NA,NA,NA,NA,NA,NA,NA,NA,NA,NA,NA,NA,NA,NA,NA,NA,NA,"CA","rex sole","rex_sole",NA,NA,"700","total_catch_wt_kg ~ 0 + factor(year) + pass","delta_gamma","TRUE","iid, iid","06_6","2011","930001.474123467","777701.089016254","1112127.46656414","13.7429414502072","0.0912485773371535","index"
"1186","1186","1186","1186","1186","1186",NA,NA,NA,NA,NA,NA,NA,NA,NA,NA,NA,NA,NA,NA,NA,NA,NA,NA,NA,NA,NA,NA,NA,NA,NA,NA,NA,NA,NA,NA,NA,NA,NA,NA,NA,NA,NA,NA,NA,NA,NA,NA,NA,NA,NA,NA,NA,NA,NA,NA,NA,NA,NA,NA,NA,NA,"CA","rex sole","rex_sole",NA,NA,"700","total_catch_wt_kg ~ 0 + factor(year) + pass","delta_gamma","TRUE","iid, iid","06_6","2012","1017080.23979817","852510.924961459","1213418.13213088","13.8324465704416","0.0900553625332639","index"
"1187","1187","1187","1187","1187","1187",NA,NA,NA,NA,NA,NA,NA,NA,NA,NA,NA,NA,NA,NA,NA,NA,NA,NA,NA,NA,NA,NA,NA,NA,NA,NA,NA,NA,NA,NA,NA,NA,NA,NA,NA,NA,NA,NA,NA,NA,NA,NA,NA,NA,NA,NA,NA,NA,NA,NA,NA,NA,NA,NA,NA,NA,"CA","rex sole","rex_sole",NA,NA,"700","total_catch_wt_kg ~ 0 + factor(year) + pass","delta_gamma","TRUE","iid, iid","06_6","2013","1224910.62234193","1012449.60687896","1481956.25987879","14.0183784379456","0.0971931799297136","index"
"1188","1188","1188","1188","1188","1188",NA,NA,NA,NA,NA,NA,NA,NA,NA,NA,NA,NA,NA,NA,NA,NA,NA,NA,NA,NA,NA,NA,NA,NA,NA,NA,NA,NA,NA,NA,NA,NA,NA,NA,NA,NA,NA,NA,NA,NA,NA,NA,NA,NA,NA,NA,NA,NA,NA,NA,NA,NA,NA,NA,NA,NA,"CA","rex sole","rex_sole",NA,NA,"700","total_catch_wt_kg ~ 0 + factor(year) + pass","delta_gamma","TRUE","iid, iid","06_6","2014","1540041.70025006","1293955.74104987","1832928.56414452","14.2473200521077","0.0888309699719761","index"
"1189","1189","1189","1189","1189","1189",NA,NA,NA,NA,NA,NA,NA,NA,NA,NA,NA,NA,NA,NA,NA,NA,NA,NA,NA,NA,NA,NA,NA,NA,NA,NA,NA,NA,NA,NA,NA,NA,NA,NA,NA,NA,NA,NA,NA,NA,NA,NA,NA,NA,NA,NA,NA,NA,NA,NA,NA,NA,NA,NA,NA,NA,"CA","rex sole","rex_sole",NA,NA,"700","total_catch_wt_kg ~ 0 + factor(year) + pass","delta_gamma","TRUE","iid, iid","06_6","2015","1720857.18686034","1440597.0820786","2055640.32747868","14.358333089101","0.0906980253505638","index"
"1190","1190","1190","1190","1190","1190",NA,NA,NA,NA,NA,NA,NA,NA,NA,NA,NA,NA,NA,NA,NA,NA,NA,NA,NA,NA,NA,NA,NA,NA,NA,NA,NA,NA,NA,NA,NA,NA,NA,NA,NA,NA,NA,NA,NA,NA,NA,NA,NA,NA,NA,NA,NA,NA,NA,NA,NA,NA,NA,NA,NA,NA,"CA","rex sole","rex_sole",NA,NA,"700","total_catch_wt_kg ~ 0 + factor(year) + pass","delta_gamma","TRUE","iid, iid","06_6","2016","1661933.08863985","1394880.36983427","1980113.60031123","14.3234919940443","0.0893755100894282","index"
"1191","1191","1191","1191","1191","1191",NA,NA,NA,NA,NA,NA,NA,NA,NA,NA,NA,NA,NA,NA,NA,NA,NA,NA,NA,NA,NA,NA,NA,NA,NA,NA,NA,NA,NA,NA,NA,NA,NA,NA,NA,NA,NA,NA,NA,NA,NA,NA,NA,NA,NA,NA,NA,NA,NA,NA,NA,NA,NA,NA,NA,NA,"CA","rex sole","rex_sole",NA,NA,"700","total_catch_wt_kg ~ 0 + factor(year) + pass","delta_gamma","TRUE","iid, iid","06_6","2017","1812303.95842837","1512555.36445978","2171454.82070219","14.4101094989941","0.0922457900254603","index"
"1192","1192","1192","1192","1192","1192",NA,NA,NA,NA,NA,NA,NA,NA,NA,NA,NA,NA,NA,NA,NA,NA,NA,NA,NA,NA,NA,NA,NA,NA,NA,NA,NA,NA,NA,NA,NA,NA,NA,NA,NA,NA,NA,NA,NA,NA,NA,NA,NA,NA,NA,NA,NA,NA,NA,NA,NA,NA,NA,NA,NA,NA,"CA","rex sole","rex_sole",NA,NA,"700","total_catch_wt_kg ~ 0 + factor(year) + pass","delta_gamma","TRUE","iid, iid","06_6","2018","1699426.2914802","1423003.64691435","2029544.84792546","14.3458012764689","0.0905735197000116","index"
"1193","1193","1193","1193","1193","1193",NA,NA,NA,NA,NA,NA,NA,NA,NA,NA,NA,NA,NA,NA,NA,NA,NA,NA,NA,NA,NA,NA,NA,NA,NA,NA,NA,NA,NA,NA,NA,NA,NA,NA,NA,NA,NA,NA,NA,NA,NA,NA,NA,NA,NA,NA,NA,NA,NA,NA,NA,NA,NA,NA,NA,NA,"CA","rex sole","rex_sole",NA,NA,"700","total_catch_wt_kg ~ 0 + factor(year) + pass","delta_gamma","TRUE","iid, iid","06_6","2019","1874829.18448241","1482862.09677359","2370405.50071033","14.4440281116273","0.119667241870131","index"
"1194","1194","1194","1194","1194","1194",NA,NA,NA,NA,NA,NA,NA,NA,NA,NA,NA,NA,NA,NA,NA,NA,NA,NA,NA,NA,NA,NA,NA,NA,NA,NA,NA,NA,NA,NA,NA,NA,NA,NA,NA,NA,NA,NA,NA,NA,NA,NA,NA,NA,NA,NA,NA,NA,NA,NA,NA,NA,NA,NA,NA,NA,"CA","rex sole","rex_sole",NA,NA,"700","total_catch_wt_kg ~ 0 + factor(year) + pass","delta_gamma","TRUE","iid, iid","06_6","2021","1394981.28794657","1165864.28536088","1669124.62981806","14.1483915594893","0.0915416380760895","index"
"1195","1195","1195","1195","1195","1195",NA,NA,NA,NA,NA,NA,NA,NA,NA,NA,NA,NA,NA,NA,NA,NA,NA,NA,NA,NA,NA,NA,NA,NA,NA,NA,NA,NA,NA,NA,NA,NA,NA,NA,NA,NA,NA,NA,NA,NA,NA,NA,NA,NA,NA,NA,NA,NA,NA,NA,NA,NA,NA,NA,NA,NA,"CA","rex sole","rex_sole",NA,NA,"700","total_catch_wt_kg ~ 0 + factor(year) + pass","delta_gamma","TRUE","iid, iid","06_6","2022","1619743.91527063","1351893.99313486","1940662.77709579","14.2977786177196","0.0922269460454745","index"
"1196","1196","1196","1196","1196","1196",NA,NA,NA,NA,NA,NA,NA,NA,NA,NA,NA,NA,NA,NA,NA,NA,NA,NA,NA,NA,NA,NA,NA,NA,NA,NA,NA,NA,NA,NA,NA,NA,NA,NA,NA,NA,NA,NA,NA,NA,NA,NA,NA,NA,NA,NA,NA,NA,NA,NA,NA,NA,NA,NA,NA,NA,"CA","rex sole","rex_sole",NA,NA,"700","total_catch_wt_kg ~ 0 + factor(year) + pass","delta_gamma","TRUE","iid, iid","06_6","2023","1524181.08162601","1266729.46453593","1833957.47444599","14.2369678281348","0.0943991407645119","index"
"1197","1197","1197","1197","1197","1197",NA,NA,NA,NA,NA,NA,NA,NA,NA,NA,NA,NA,NA,NA,NA,NA,NA,NA,NA,NA,NA,NA,NA,NA,NA,NA,NA,NA,NA,NA,NA,NA,NA,NA,NA,NA,NA,NA,NA,NA,NA,NA,NA,NA,NA,NA,NA,NA,NA,NA,NA,NA,NA,NA,NA,NA,"CA","rex sole","rex_sole",NA,NA,"700","total_catch_wt_kg ~ 0 + factor(year) + pass","delta_gamma","TRUE","iid, iid","06_6","2024","1209912.73566728","1012205.83509958","1446236.30606306","14.006058795689","0.091030393712029","index"
"1198","1198","1198","1198","1198",NA,NA,NA,NA,NA,NA,NA,NA,NA,NA,NA,NA,NA,NA,NA,NA,NA,NA,NA,NA,NA,NA,NA,NA,NA,NA,NA,NA,NA,NA,NA,NA,NA,NA,NA,NA,NA,NA,NA,NA,NA,NA,NA,NA,NA,NA,NA,NA,NA,NA,NA,NA,NA,NA,NA,NA,NA,"CA","rex sole","rex_sole",NA,NA,"700","total_catch_wt_kg ~ 0 + factor(year) + pass","delta_gamma","TRUE","iid, iid","06_7","2003","1668936.44371835","1370758.96273291","2031975.66377247","14.3276971214625","0.100421227741338","index"
"1199","1199","1199","1199","1199",NA,NA,NA,NA,NA,NA,NA,NA,NA,NA,NA,NA,NA,NA,NA,NA,NA,NA,NA,NA,NA,NA,NA,NA,NA,NA,NA,NA,NA,NA,NA,NA,NA,NA,NA,NA,NA,NA,NA,NA,NA,NA,NA,NA,NA,NA,NA,NA,NA,NA,NA,NA,NA,NA,NA,NA,NA,"CA","rex sole","rex_sole",NA,NA,"700","total_catch_wt_kg ~ 0 + factor(year) + pass","delta_gamma","TRUE","iid, iid","06_7","2004","1542051.69870525","1246996.22177596","1906921.12771049","14.2486243595896","0.108357177202276","index"
"1200","1200","1200","1200","1200",NA,NA,NA,NA,NA,NA,NA,NA,NA,NA,NA,NA,NA,NA,NA,NA,NA,NA,NA,NA,NA,NA,NA,NA,NA,NA,NA,NA,NA,NA,NA,NA,NA,NA,NA,NA,NA,NA,NA,NA,NA,NA,NA,NA,NA,NA,NA,NA,NA,NA,NA,NA,NA,NA,NA,NA,NA,"CA","rex sole","rex_sole",NA,NA,"700","total_catch_wt_kg ~ 0 + factor(year) + pass","delta_gamma","TRUE","iid, iid","06_7","2005","1547391.15182346","1278166.25866941","1873323.88138156","14.2520809429885","0.0975242127826766","index"
"1201","1201","1201","1201","1201",NA,NA,NA,NA,NA,NA,NA,NA,NA,NA,NA,NA,NA,NA,NA,NA,NA,NA,NA,NA,NA,NA,NA,NA,NA,NA,NA,NA,NA,NA,NA,NA,NA,NA,NA,NA,NA,NA,NA,NA,NA,NA,NA,NA,NA,NA,NA,NA,NA,NA,NA,NA,NA,NA,NA,NA,NA,"CA","rex sole","rex_sole",NA,NA,"700","total_catch_wt_kg ~ 0 + factor(year) + pass","delta_gamma","TRUE","iid, iid","06_7","2006","1284711.92166777","1065836.48188334","1548534.64835325","14.0660450657056","0.0952949081425329","index"
"1202","1202","1202","1202","1202",NA,NA,NA,NA,NA,NA,NA,NA,NA,NA,NA,NA,NA,NA,NA,NA,NA,NA,NA,NA,NA,NA,NA,NA,NA,NA,NA,NA,NA,NA,NA,NA,NA,NA,NA,NA,NA,NA,NA,NA,NA,NA,NA,NA,NA,NA,NA,NA,NA,NA,NA,NA,NA,NA,NA,NA,NA,"CA","rex sole","rex_sole",NA,NA,"700","total_catch_wt_kg ~ 0 + factor(year) + pass","delta_gamma","TRUE","iid, iid","06_7","2007","1254865.91742227","1046489.21173108","1504734.54772001","14.042539286133","0.0926485260214667","index"
"1203","1203","1203","1203","1203",NA,NA,NA,NA,NA,NA,NA,NA,NA,NA,NA,NA,NA,NA,NA,NA,NA,NA,NA,NA,NA,NA,NA,NA,NA,NA,NA,NA,NA,NA,NA,NA,NA,NA,NA,NA,NA,NA,NA,NA,NA,NA,NA,NA,NA,NA,NA,NA,NA,NA,NA,NA,NA,NA,NA,NA,NA,"CA","rex sole","rex_sole",NA,NA,"700","total_catch_wt_kg ~ 0 + factor(year) + pass","delta_gamma","TRUE","iid, iid","06_7","2008","905092.032545163","752953.188091348","1087971.47064785","13.7157919109317","0.0938964056192542","index"
"1204","1204","1204","1204","1204",NA,NA,NA,NA,NA,NA,NA,NA,NA,NA,NA,NA,NA,NA,NA,NA,NA,NA,NA,NA,NA,NA,NA,NA,NA,NA,NA,NA,NA,NA,NA,NA,NA,NA,NA,NA,NA,NA,NA,NA,NA,NA,NA,NA,NA,NA,NA,NA,NA,NA,NA,NA,NA,NA,NA,NA,NA,"CA","rex sole","rex_sole",NA,NA,"700","total_catch_wt_kg ~ 0 + factor(year) + pass","delta_gamma","TRUE","iid, iid","06_7","2009","774637.924169496","646174.743917531","928640.308538905","13.5601510045461","0.0925148412777935","index"
"1205","1205","1205","1205","1205",NA,NA,NA,NA,NA,NA,NA,NA,NA,NA,NA,NA,NA,NA,NA,NA,NA,NA,NA,NA,NA,NA,NA,NA,NA,NA,NA,NA,NA,NA,NA,NA,NA,NA,NA,NA,NA,NA,NA,NA,NA,NA,NA,NA,NA,NA,NA,NA,NA,NA,NA,NA,NA,NA,NA,NA,NA,"CA","rex sole","rex_sole",NA,NA,"700","total_catch_wt_kg ~ 0 + factor(year) + pass","delta_gamma","TRUE","iid, iid","06_7","2010","842430.287976593","707415.01720485","1003214.19935989","13.6440461935437","0.0891207239834894","index"
"1206","1206","1206","1206","1206",NA,NA,NA,NA,NA,NA,NA,NA,NA,NA,NA,NA,NA,NA,NA,NA,NA,NA,NA,NA,NA,NA,NA,NA,NA,NA,NA,NA,NA,NA,NA,NA,NA,NA,NA,NA,NA,NA,NA,NA,NA,NA,NA,NA,NA,NA,NA,NA,NA,NA,NA,NA,NA,NA,NA,NA,NA,"CA","rex sole","rex_sole",NA,NA,"700","total_catch_wt_kg ~ 0 + factor(year) + pass","delta_gamma","TRUE","iid, iid","06_7","2011","916905.032267793","769027.221936974","1093218.56784272","13.7287591823726","0.089735085318314","index"
"1207","1207","1207","1207","1207",NA,NA,NA,NA,NA,NA,NA,NA,NA,NA,NA,NA,NA,NA,NA,NA,NA,NA,NA,NA,NA,NA,NA,NA,NA,NA,NA,NA,NA,NA,NA,NA,NA,NA,NA,NA,NA,NA,NA,NA,NA,NA,NA,NA,NA,NA,NA,NA,NA,NA,NA,NA,NA,NA,NA,NA,NA,"CA","rex sole","rex_sole",NA,NA,"700","total_catch_wt_kg ~ 0 + factor(year) + pass","delta_gamma","TRUE","iid, iid","06_7","2012","930538.229494994","778572.9087241","1112164.81699921","13.7435184391157","0.0909713248948837","index"
"1208","1208","1208","1208","1208",NA,NA,NA,NA,NA,NA,NA,NA,NA,NA,NA,NA,NA,NA,NA,NA,NA,NA,NA,NA,NA,NA,NA,NA,NA,NA,NA,NA,NA,NA,NA,NA,NA,NA,NA,NA,NA,NA,NA,NA,NA,NA,NA,NA,NA,NA,NA,NA,NA,NA,NA,NA,NA,NA,NA,NA,NA,"CA","rex sole","rex_sole",NA,NA,"700","total_catch_wt_kg ~ 0 + factor(year) + pass","delta_gamma","TRUE","iid, iid","06_7","2013","1286739.78930278","1057318.75720574","1565941.46664967","14.0676222822224","0.100193420155955","index"
"1209","1209","1209","1209","1209",NA,NA,NA,NA,NA,NA,NA,NA,NA,NA,NA,NA,NA,NA,NA,NA,NA,NA,NA,NA,NA,NA,NA,NA,NA,NA,NA,NA,NA,NA,NA,NA,NA,NA,NA,NA,NA,NA,NA,NA,NA,NA,NA,NA,NA,NA,NA,NA,NA,NA,NA,NA,NA,NA,NA,NA,NA,"CA","rex sole","rex_sole",NA,NA,"700","total_catch_wt_kg ~ 0 + factor(year) + pass","delta_gamma","TRUE","iid, iid","06_7","2014","1422911.53539196","1195972.49392964","1692912.87870591","14.1682157074599","0.0886472884138395","index"
"1210","1210","1210","1210","1210",NA,NA,NA,NA,NA,NA,NA,NA,NA,NA,NA,NA,NA,NA,NA,NA,NA,NA,NA,NA,NA,NA,NA,NA,NA,NA,NA,NA,NA,NA,NA,NA,NA,NA,NA,NA,NA,NA,NA,NA,NA,NA,NA,NA,NA,NA,NA,NA,NA,NA,NA,NA,NA,NA,NA,NA,NA,"CA","rex sole","rex_sole",NA,NA,"700","total_catch_wt_kg ~ 0 + factor(year) + pass","delta_gamma","TRUE","iid, iid","06_7","2015","1677587.83987118","1400417.22759175","2009616.06657988","14.3328675100166","0.0921377849522932","index"
"1211","1211","1211","1211","1211",NA,NA,NA,NA,NA,NA,NA,NA,NA,NA,NA,NA,NA,NA,NA,NA,NA,NA,NA,NA,NA,NA,NA,NA,NA,NA,NA,NA,NA,NA,NA,NA,NA,NA,NA,NA,NA,NA,NA,NA,NA,NA,NA,NA,NA,NA,NA,NA,NA,NA,NA,NA,NA,NA,NA,NA,NA,"CA","rex sole","rex_sole",NA,NA,"700","total_catch_wt_kg ~ 0 + factor(year) + pass","delta_gamma","TRUE","iid, iid","06_7","2016","1726836.24988182","1450643.35034593","2055614.45078475","14.3618015349621","0.0889219549173388","index"
"1212","1212","1212","1212","1212",NA,NA,NA,NA,NA,NA,NA,NA,NA,NA,NA,NA,NA,NA,NA,NA,NA,NA,NA,NA,NA,NA,NA,NA,NA,NA,NA,NA,NA,NA,NA,NA,NA,NA,NA,NA,NA,NA,NA,NA,NA,NA,NA,NA,NA,NA,NA,NA,NA,NA,NA,NA,NA,NA,NA,NA,NA,"CA","rex sole","rex_sole",NA,NA,"700","total_catch_wt_kg ~ 0 + factor(year) + pass","delta_gamma","TRUE","iid, iid","06_7","2017","1680437.13546403","1409259.83217173","2003795.82372319","14.3345645172143","0.0897921266923774","index"
"1213","1213","1213","1213","1213",NA,NA,NA,NA,NA,NA,NA,NA,NA,NA,NA,NA,NA,NA,NA,NA,NA,NA,NA,NA,NA,NA,NA,NA,NA,NA,NA,NA,NA,NA,NA,NA,NA,NA,NA,NA,NA,NA,NA,NA,NA,NA,NA,NA,NA,NA,NA,NA,NA,NA,NA,NA,NA,NA,NA,NA,NA,"CA","rex sole","rex_sole",NA,NA,"700","total_catch_wt_kg ~ 0 + factor(year) + pass","delta_gamma","TRUE","iid, iid","06_7","2018","1752184.42335977","1469050.76866978","2089887.10189003","14.3763738094133","0.0899234864642518","index"
"1214","1214","1214","1214","1214",NA,NA,NA,NA,NA,NA,NA,NA,NA,NA,NA,NA,NA,NA,NA,NA,NA,NA,NA,NA,NA,NA,NA,NA,NA,NA,NA,NA,NA,NA,NA,NA,NA,NA,NA,NA,NA,NA,NA,NA,NA,NA,NA,NA,NA,NA,NA,NA,NA,NA,NA,NA,NA,NA,NA,NA,NA,"CA","rex sole","rex_sole",NA,NA,"700","total_catch_wt_kg ~ 0 + factor(year) + pass","delta_gamma","TRUE","iid, iid","06_7","2019","1477030.29381031","1169891.94097045","1864803.41682127","14.205544071669","0.118942046458039","index"
"1215","1215","1215","1215","1215",NA,NA,NA,NA,NA,NA,NA,NA,NA,NA,NA,NA,NA,NA,NA,NA,NA,NA,NA,NA,NA,NA,NA,NA,NA,NA,NA,NA,NA,NA,NA,NA,NA,NA,NA,NA,NA,NA,NA,NA,NA,NA,NA,NA,NA,NA,NA,NA,NA,NA,NA,NA,NA,NA,NA,NA,NA,"CA","rex sole","rex_sole",NA,NA,"700","total_catch_wt_kg ~ 0 + factor(year) + pass","delta_gamma","TRUE","iid, iid","06_7","2021","1553053.23526079","1302525.76502488","1851767.09460941","14.2557333805264","0.0897554997392404","index"
"1216","1216","1216","1216","1216",NA,NA,NA,NA,NA,NA,NA,NA,NA,NA,NA,NA,NA,NA,NA,NA,NA,NA,NA,NA,NA,NA,NA,NA,NA,NA,NA,NA,NA,NA,NA,NA,NA,NA,NA,NA,NA,NA,NA,NA,NA,NA,NA,NA,NA,NA,NA,NA,NA,NA,NA,NA,NA,NA,NA,NA,NA,"CA","rex sole","rex_sole",NA,NA,"700","total_catch_wt_kg ~ 0 + factor(year) + pass","delta_gamma","TRUE","iid, iid","06_7","2022","1526444.36908368","1272134.34844269","1831593.03477626","14.2384516470496","0.0929838565082987","index"
"1217","1217","1217","1217","1217",NA,NA,NA,NA,NA,NA,NA,NA,NA,NA,NA,NA,NA,NA,NA,NA,NA,NA,NA,NA,NA,NA,NA,NA,NA,NA,NA,NA,NA,NA,NA,NA,NA,NA,NA,NA,NA,NA,NA,NA,NA,NA,NA,NA,NA,NA,NA,NA,NA,NA,NA,NA,NA,NA,NA,NA,NA,"CA","rex sole","rex_sole",NA,NA,"700","total_catch_wt_kg ~ 0 + factor(year) + pass","delta_gamma","TRUE","iid, iid","06_7","2023","1439844.39761228","1197594.12488472","1731097.24426464","14.1800456084999","0.093991728224779","index"
"1218","1218","1218","1218","1218",NA,NA,NA,NA,NA,NA,NA,NA,NA,NA,NA,NA,NA,NA,NA,NA,NA,NA,NA,NA,NA,NA,NA,NA,NA,NA,NA,NA,NA,NA,NA,NA,NA,NA,NA,NA,NA,NA,NA,NA,NA,NA,NA,NA,NA,NA,NA,NA,NA,NA,NA,NA,NA,NA,NA,NA,NA,"CA","rex sole","rex_sole",NA,NA,"700","total_catch_wt_kg ~ 0 + factor(year) + pass","delta_gamma","TRUE","iid, iid","06_7","2024","1245005.18350628","1036947.36477064","1494808.6659156","14.0346502513311","0.0932968789541661","index"
"1219","1219","1219","1219",NA,NA,NA,NA,NA,NA,NA,NA,NA,NA,NA,NA,NA,NA,NA,NA,NA,NA,NA,NA,NA,NA,NA,NA,NA,NA,NA,NA,NA,NA,NA,NA,NA,NA,NA,NA,NA,NA,NA,NA,NA,NA,NA,NA,NA,NA,NA,NA,NA,NA,NA,NA,NA,NA,NA,NA,NA,NA,"CA","rex sole","rex_sole",NA,NA,"700","total_catch_wt_kg ~ 0 + factor(year) + pass","delta_gamma","TRUE","iid, iid","06_8","2003","1501998.84160808","1228062.09177825","1837041.08716954","14.2223073400729","0.102736270621791","index"
"1220","1220","1220","1220",NA,NA,NA,NA,NA,NA,NA,NA,NA,NA,NA,NA,NA,NA,NA,NA,NA,NA,NA,NA,NA,NA,NA,NA,NA,NA,NA,NA,NA,NA,NA,NA,NA,NA,NA,NA,NA,NA,NA,NA,NA,NA,NA,NA,NA,NA,NA,NA,NA,NA,NA,NA,NA,NA,NA,NA,NA,NA,"CA","rex sole","rex_sole",NA,NA,"700","total_catch_wt_kg ~ 0 + factor(year) + pass","delta_gamma","TRUE","iid, iid","06_8","2004","1432723.33060826","1171344.24608946","1752427.73328352","14.1750876181128","0.102769767280996","index"
"1221","1221","1221","1221",NA,NA,NA,NA,NA,NA,NA,NA,NA,NA,NA,NA,NA,NA,NA,NA,NA,NA,NA,NA,NA,NA,NA,NA,NA,NA,NA,NA,NA,NA,NA,NA,NA,NA,NA,NA,NA,NA,NA,NA,NA,NA,NA,NA,NA,NA,NA,NA,NA,NA,NA,NA,NA,NA,NA,NA,NA,NA,"CA","rex sole","rex_sole",NA,NA,"700","total_catch_wt_kg ~ 0 + factor(year) + pass","delta_gamma","TRUE","iid, iid","06_8","2005","1425575.30164446","1189160.80864557","1708990.84958359","14.170086010664","0.0925157801867115","index"
"1222","1222","1222","1222",NA,NA,NA,NA,NA,NA,NA,NA,NA,NA,NA,NA,NA,NA,NA,NA,NA,NA,NA,NA,NA,NA,NA,NA,NA,NA,NA,NA,NA,NA,NA,NA,NA,NA,NA,NA,NA,NA,NA,NA,NA,NA,NA,NA,NA,NA,NA,NA,NA,NA,NA,NA,NA,NA,NA,NA,NA,NA,"CA","rex sole","rex_sole",NA,NA,"700","total_catch_wt_kg ~ 0 + factor(year) + pass","delta_gamma","TRUE","iid, iid","06_8","2006","1198440.47521705","1001051.67325612","1434750.6837152","13.9965316655548","0.0918231091871524","index"
"1223","1223","1223","1223",NA,NA,NA,NA,NA,NA,NA,NA,NA,NA,NA,NA,NA,NA,NA,NA,NA,NA,NA,NA,NA,NA,NA,NA,NA,NA,NA,NA,NA,NA,NA,NA,NA,NA,NA,NA,NA,NA,NA,NA,NA,NA,NA,NA,NA,NA,NA,NA,NA,NA,NA,NA,NA,NA,NA,NA,NA,NA,"CA","rex sole","rex_sole",NA,NA,"700","total_catch_wt_kg ~ 0 + factor(year) + pass","delta_gamma","TRUE","iid, iid","06_8","2007","1200330.30386111","1008917.90685039","1428057.55412264","13.9981073301006","0.0886334628322769","index"
"1224","1224","1224","1224",NA,NA,NA,NA,NA,NA,NA,NA,NA,NA,NA,NA,NA,NA,NA,NA,NA,NA,NA,NA,NA,NA,NA,NA,NA,NA,NA,NA,NA,NA,NA,NA,NA,NA,NA,NA,NA,NA,NA,NA,NA,NA,NA,NA,NA,NA,NA,NA,NA,NA,NA,NA,NA,NA,NA,NA,NA,NA,"CA","rex sole","rex_sole",NA,NA,"700","total_catch_wt_kg ~ 0 + factor(year) + pass","delta_gamma","TRUE","iid, iid","06_8","2008","865778.949470088","724790.14531186","1034193.40645561","13.6713849003081","0.0906891476147975","index"
"1225","1225","1225","1225",NA,NA,NA,NA,NA,NA,NA,NA,NA,NA,NA,NA,NA,NA,NA,NA,NA,NA,NA,NA,NA,NA,NA,NA,NA,NA,NA,NA,NA,NA,NA,NA,NA,NA,NA,NA,NA,NA,NA,NA,NA,NA,NA,NA,NA,NA,NA,NA,NA,NA,NA,NA,NA,NA,NA,NA,NA,NA,"CA","rex sole","rex_sole",NA,NA,"700","total_catch_wt_kg ~ 0 + factor(year) + pass","delta_gamma","TRUE","iid, iid","06_8","2009","785941.560436702","661021.424513366","934469.161686284","13.5746377180578","0.0883160041920087","index"
"1226","1226","1226","1226",NA,NA,NA,NA,NA,NA,NA,NA,NA,NA,NA,NA,NA,NA,NA,NA,NA,NA,NA,NA,NA,NA,NA,NA,NA,NA,NA,NA,NA,NA,NA,NA,NA,NA,NA,NA,NA,NA,NA,NA,NA,NA,NA,NA,NA,NA,NA,NA,NA,NA,NA,NA,NA,NA,NA,NA,NA,NA,"CA","rex sole","rex_sole",NA,NA,"700","total_catch_wt_kg ~ 0 + factor(year) + pass","delta_gamma","TRUE","iid, iid","06_8","2010","810068.358668315","683172.30791943","960534.755447038","13.6048739165054","0.0869258466579169","index"
"1227","1227","1227","1227",NA,NA,NA,NA,NA,NA,NA,NA,NA,NA,NA,NA,NA,NA,NA,NA,NA,NA,NA,NA,NA,NA,NA,NA,NA,NA,NA,NA,NA,NA,NA,NA,NA,NA,NA,NA,NA,NA,NA,NA,NA,NA,NA,NA,NA,NA,NA,NA,NA,NA,NA,NA,NA,NA,NA,NA,NA,NA,"CA","rex sole","rex_sole",NA,NA,"700","total_catch_wt_kg ~ 0 + factor(year) + pass","delta_gamma","TRUE","iid, iid","06_8","2011","856491.488675338","718862.285168369","1020470.38119614","13.6605996593652","0.0893764268179374","index"
"1228","1228","1228","1228",NA,NA,NA,NA,NA,NA,NA,NA,NA,NA,NA,NA,NA,NA,NA,NA,NA,NA,NA,NA,NA,NA,NA,NA,NA,NA,NA,NA,NA,NA,NA,NA,NA,NA,NA,NA,NA,NA,NA,NA,NA,NA,NA,NA,NA,NA,NA,NA,NA,NA,NA,NA,NA,NA,NA,NA,NA,NA,"CA","rex sole","rex_sole",NA,NA,"700","total_catch_wt_kg ~ 0 + factor(year) + pass","delta_gamma","TRUE","iid, iid","06_8","2012","952186.755259732","801719.126099437","1130894.3336592","13.7665164660257","0.0877581724499261","index"
"1229","1229","1229","1229",NA,NA,NA,NA,NA,NA,NA,NA,NA,NA,NA,NA,NA,NA,NA,NA,NA,NA,NA,NA,NA,NA,NA,NA,NA,NA,NA,NA,NA,NA,NA,NA,NA,NA,NA,NA,NA,NA,NA,NA,NA,NA,NA,NA,NA,NA,NA,NA,NA,NA,NA,NA,NA,NA,NA,NA,NA,NA,"CA","rex sole","rex_sole",NA,NA,"700","total_catch_wt_kg ~ 0 + factor(year) + pass","delta_gamma","TRUE","iid, iid","06_8","2013","1243520.61836799","1033333.08714167","1496461.83553812","14.0334571230033","0.0944695830773092","index"
"1230","1230","1230","1230",NA,NA,NA,NA,NA,NA,NA,NA,NA,NA,NA,NA,NA,NA,NA,NA,NA,NA,NA,NA,NA,NA,NA,NA,NA,NA,NA,NA,NA,NA,NA,NA,NA,NA,NA,NA,NA,NA,NA,NA,NA,NA,NA,NA,NA,NA,NA,NA,NA,NA,NA,NA,NA,NA,NA,NA,NA,NA,"CA","rex sole","rex_sole",NA,NA,"700","total_catch_wt_kg ~ 0 + factor(year) + pass","delta_gamma","TRUE","iid, iid","06_8","2014","1301504.43418751","1097933.07840814","1542820.61950964","14.0790314103933","0.0867829517109759","index"
"1231","1231","1231","1231",NA,NA,NA,NA,NA,NA,NA,NA,NA,NA,NA,NA,NA,NA,NA,NA,NA,NA,NA,NA,NA,NA,NA,NA,NA,NA,NA,NA,NA,NA,NA,NA,NA,NA,NA,NA,NA,NA,NA,NA,NA,NA,NA,NA,NA,NA,NA,NA,NA,NA,NA,NA,NA,NA,NA,NA,NA,NA,"CA","rex sole","rex_sole",NA,NA,"700","total_catch_wt_kg ~ 0 + factor(year) + pass","delta_gamma","TRUE","iid, iid","06_8","2015","1751350.93546085","1472168.50255978","2083477.60042844","14.3758980112099","0.0885990604992787","index"
"1232","1232","1232","1232",NA,NA,NA,NA,NA,NA,NA,NA,NA,NA,NA,NA,NA,NA,NA,NA,NA,NA,NA,NA,NA,NA,NA,NA,NA,NA,NA,NA,NA,NA,NA,NA,NA,NA,NA,NA,NA,NA,NA,NA,NA,NA,NA,NA,NA,NA,NA,NA,NA,NA,NA,NA,NA,NA,NA,NA,NA,NA,"CA","rex sole","rex_sole",NA,NA,"700","total_catch_wt_kg ~ 0 + factor(year) + pass","delta_gamma","TRUE","iid, iid","06_8","2016","1670988.00116215","1408364.35256499","1982584.19061983","14.3289256269187","0.0872393946596599","index"
"1233","1233","1233","1233",NA,NA,NA,NA,NA,NA,NA,NA,NA,NA,NA,NA,NA,NA,NA,NA,NA,NA,NA,NA,NA,NA,NA,NA,NA,NA,NA,NA,NA,NA,NA,NA,NA,NA,NA,NA,NA,NA,NA,NA,NA,NA,NA,NA,NA,NA,NA,NA,NA,NA,NA,NA,NA,NA,NA,NA,NA,NA,"CA","rex sole","rex_sole",NA,NA,"700","total_catch_wt_kg ~ 0 + factor(year) + pass","delta_gamma","TRUE","iid, iid","06_8","2017","1574722.56237535","1329037.89522042","1865824.26082194","14.2695896638527","0.0865443517410027","index"
"1234","1234","1234","1234",NA,NA,NA,NA,NA,NA,NA,NA,NA,NA,NA,NA,NA,NA,NA,NA,NA,NA,NA,NA,NA,NA,NA,NA,NA,NA,NA,NA,NA,NA,NA,NA,NA,NA,NA,NA,NA,NA,NA,NA,NA,NA,NA,NA,NA,NA,NA,NA,NA,NA,NA,NA,NA,NA,NA,NA,NA,NA,"CA","rex sole","rex_sole",NA,NA,"700","total_catch_wt_kg ~ 0 + factor(year) + pass","delta_gamma","TRUE","iid, iid","06_8","2018","1800325.01183001","1514438.43159336","2140179.54154178","14.4034777686948","0.0882273929851331","index"
"1235","1235","1235","1235",NA,NA,NA,NA,NA,NA,NA,NA,NA,NA,NA,NA,NA,NA,NA,NA,NA,NA,NA,NA,NA,NA,NA,NA,NA,NA,NA,NA,NA,NA,NA,NA,NA,NA,NA,NA,NA,NA,NA,NA,NA,NA,NA,NA,NA,NA,NA,NA,NA,NA,NA,NA,NA,NA,NA,NA,NA,NA,"CA","rex sole","rex_sole",NA,NA,"700","total_catch_wt_kg ~ 0 + factor(year) + pass","delta_gamma","TRUE","iid, iid","06_8","2019","1541940.27107144","1240256.57594613","1917006.40469342","14.2485520976415","0.111085339881869","index"
"1236","1236","1236","1236",NA,NA,NA,NA,NA,NA,NA,NA,NA,NA,NA,NA,NA,NA,NA,NA,NA,NA,NA,NA,NA,NA,NA,NA,NA,NA,NA,NA,NA,NA,NA,NA,NA,NA,NA,NA,NA,NA,NA,NA,NA,NA,NA,NA,NA,NA,NA,NA,NA,NA,NA,NA,NA,NA,NA,NA,NA,NA,"CA","rex sole","rex_sole",NA,NA,"700","total_catch_wt_kg ~ 0 + factor(year) + pass","delta_gamma","TRUE","iid, iid","06_8","2021","1508505.94807053","1272720.80164373","1787972.81573871","14.22663028061","0.086717282360876","index"
"1237","1237","1237","1237",NA,NA,NA,NA,NA,NA,NA,NA,NA,NA,NA,NA,NA,NA,NA,NA,NA,NA,NA,NA,NA,NA,NA,NA,NA,NA,NA,NA,NA,NA,NA,NA,NA,NA,NA,NA,NA,NA,NA,NA,NA,NA,NA,NA,NA,NA,NA,NA,NA,NA,NA,NA,NA,NA,NA,NA,NA,NA,"CA","rex sole","rex_sole",NA,NA,"700","total_catch_wt_kg ~ 0 + factor(year) + pass","delta_gamma","TRUE","iid, iid","06_8","2022","1567759.83581597","1303366.66708995","1885786.22183539","14.2651583022277","0.0942349374508138","index"
"1238","1238","1238","1238",NA,NA,NA,NA,NA,NA,NA,NA,NA,NA,NA,NA,NA,NA,NA,NA,NA,NA,NA,NA,NA,NA,NA,NA,NA,NA,NA,NA,NA,NA,NA,NA,NA,NA,NA,NA,NA,NA,NA,NA,NA,NA,NA,NA,NA,NA,NA,NA,NA,NA,NA,NA,NA,NA,NA,NA,NA,NA,"CA","rex sole","rex_sole",NA,NA,"700","total_catch_wt_kg ~ 0 + factor(year) + pass","delta_gamma","TRUE","iid, iid","06_8","2023","1399490.31603513","1173879.00933213","1668462.53242949","14.1516186683247","0.089692695448761","index"
"1239","1239","1239","1239",NA,NA,NA,NA,NA,NA,NA,NA,NA,NA,NA,NA,NA,NA,NA,NA,NA,NA,NA,NA,NA,NA,NA,NA,NA,NA,NA,NA,NA,NA,NA,NA,NA,NA,NA,NA,NA,NA,NA,NA,NA,NA,NA,NA,NA,NA,NA,NA,NA,NA,NA,NA,NA,NA,NA,NA,NA,NA,"CA","rex sole","rex_sole",NA,NA,"700","total_catch_wt_kg ~ 0 + factor(year) + pass","delta_gamma","TRUE","iid, iid","06_8","2024","1242573.48545848","1040695.3116252","1483612.78225927","14.0326951784302","0.0904585815011512","index"
"1240","1240","1240",NA,NA,NA,NA,NA,NA,NA,NA,NA,NA,NA,NA,NA,NA,NA,NA,NA,NA,NA,NA,NA,NA,NA,NA,NA,NA,NA,NA,NA,NA,NA,NA,NA,NA,NA,NA,NA,NA,NA,NA,NA,NA,NA,NA,NA,NA,NA,NA,NA,NA,NA,NA,NA,NA,NA,NA,NA,NA,NA,"CA","rex sole","rex_sole",NA,NA,"700","total_catch_wt_kg ~ 0 + factor(year) + pass","delta_gamma","TRUE","iid, iid","06_9","2003","1605898.16782791","1315227.02979542","1960808.94553558","14.2891937641484","0.101876315482752","index"
"1241","1241","1241",NA,NA,NA,NA,NA,NA,NA,NA,NA,NA,NA,NA,NA,NA,NA,NA,NA,NA,NA,NA,NA,NA,NA,NA,NA,NA,NA,NA,NA,NA,NA,NA,NA,NA,NA,NA,NA,NA,NA,NA,NA,NA,NA,NA,NA,NA,NA,NA,NA,NA,NA,NA,NA,NA,NA,NA,NA,NA,NA,"CA","rex sole","rex_sole",NA,NA,"700","total_catch_wt_kg ~ 0 + factor(year) + pass","delta_gamma","TRUE","iid, iid","06_9","2004","1623484.07316558","1302020.74457978","2024315.31662957","14.3000850602925","0.112582183934144","index"
"1242","1242","1242",NA,NA,NA,NA,NA,NA,NA,NA,NA,NA,NA,NA,NA,NA,NA,NA,NA,NA,NA,NA,NA,NA,NA,NA,NA,NA,NA,NA,NA,NA,NA,NA,NA,NA,NA,NA,NA,NA,NA,NA,NA,NA,NA,NA,NA,NA,NA,NA,NA,NA,NA,NA,NA,NA,NA,NA,NA,NA,NA,"CA","rex sole","rex_sole",NA,NA,"700","total_catch_wt_kg ~ 0 + factor(year) + pass","delta_gamma","TRUE","iid, iid","06_9","2005","1538662.53322967","1278193.28200556","1852210.00962394","14.2464241121225","0.0946272345946563","index"
"1243","1243","1243",NA,NA,NA,NA,NA,NA,NA,NA,NA,NA,NA,NA,NA,NA,NA,NA,NA,NA,NA,NA,NA,NA,NA,NA,NA,NA,NA,NA,NA,NA,NA,NA,NA,NA,NA,NA,NA,NA,NA,NA,NA,NA,NA,NA,NA,NA,NA,NA,NA,NA,NA,NA,NA,NA,NA,NA,NA,NA,NA,"CA","rex sole","rex_sole",NA,NA,"700","total_catch_wt_kg ~ 0 + factor(year) + pass","delta_gamma","TRUE","iid, iid","06_9","2006","1235717.2527431","1031422.8470439","1480476.34692542","14.0271621309136","0.0922018570230013","index"
"1244","1244","1244",NA,NA,NA,NA,NA,NA,NA,NA,NA,NA,NA,NA,NA,NA,NA,NA,NA,NA,NA,NA,NA,NA,NA,NA,NA,NA,NA,NA,NA,NA,NA,NA,NA,NA,NA,NA,NA,NA,NA,NA,NA,NA,NA,NA,NA,NA,NA,NA,NA,NA,NA,NA,NA,NA,NA,NA,NA,NA,NA,"CA","rex sole","rex_sole",NA,NA,"700","total_catch_wt_kg ~ 0 + factor(year) + pass","delta_gamma","TRUE","iid, iid","06_9","2007","1259320.15382846","1049672.12498378","1510840.58735296","14.0460825728589","0.0929068915784534","index"
"1245","1245","1245",NA,NA,NA,NA,NA,NA,NA,NA,NA,NA,NA,NA,NA,NA,NA,NA,NA,NA,NA,NA,NA,NA,NA,NA,NA,NA,NA,NA,NA,NA,NA,NA,NA,NA,NA,NA,NA,NA,NA,NA,NA,NA,NA,NA,NA,NA,NA,NA,NA,NA,NA,NA,NA,NA,NA,NA,NA,NA,NA,"CA","rex sole","rex_sole",NA,NA,"700","total_catch_wt_kg ~ 0 + factor(year) + pass","delta_gamma","TRUE","iid, iid","06_9","2008","940990.280718292","779934.257323741","1135304.29019063","13.7546880898407","0.0957788927196109","index"
"1246","1246","1246",NA,NA,NA,NA,NA,NA,NA,NA,NA,NA,NA,NA,NA,NA,NA,NA,NA,NA,NA,NA,NA,NA,NA,NA,NA,NA,NA,NA,NA,NA,NA,NA,NA,NA,NA,NA,NA,NA,NA,NA,NA,NA,NA,NA,NA,NA,NA,NA,NA,NA,NA,NA,NA,NA,NA,NA,NA,NA,NA,"CA","rex sole","rex_sole",NA,NA,"700","total_catch_wt_kg ~ 0 + factor(year) + pass","delta_gamma","TRUE","iid, iid","06_9","2009","776046.917452741","644458.015552206","934504.348699677","13.5619682579727","0.0947993447145266","index"
"1247","1247","1247",NA,NA,NA,NA,NA,NA,NA,NA,NA,NA,NA,NA,NA,NA,NA,NA,NA,NA,NA,NA,NA,NA,NA,NA,NA,NA,NA,NA,NA,NA,NA,NA,NA,NA,NA,NA,NA,NA,NA,NA,NA,NA,NA,NA,NA,NA,NA,NA,NA,NA,NA,NA,NA,NA,NA,NA,NA,NA,NA,"CA","rex sole","rex_sole",NA,NA,"700","total_catch_wt_kg ~ 0 + factor(year) + pass","delta_gamma","TRUE","iid, iid","06_9","2010","758482.546697379","636066.843312824","904458.045082544","13.5390750672191","0.0898057986061549","index"
"1248","1248","1248",NA,NA,NA,NA,NA,NA,NA,NA,NA,NA,NA,NA,NA,NA,NA,NA,NA,NA,NA,NA,NA,NA,NA,NA,NA,NA,NA,NA,NA,NA,NA,NA,NA,NA,NA,NA,NA,NA,NA,NA,NA,NA,NA,NA,NA,NA,NA,NA,NA,NA,NA,NA,NA,NA,NA,NA,NA,NA,NA,"CA","rex sole","rex_sole",NA,NA,"700","total_catch_wt_kg ~ 0 + factor(year) + pass","delta_gamma","TRUE","iid, iid","06_9","2011","921822.686177763","769982.495021547","1103605.69265696","13.7341081697031","0.0918308251017035","index"
"1249","1249","1249",NA,NA,NA,NA,NA,NA,NA,NA,NA,NA,NA,NA,NA,NA,NA,NA,NA,NA,NA,NA,NA,NA,NA,NA,NA,NA,NA,NA,NA,NA,NA,NA,NA,NA,NA,NA,NA,NA,NA,NA,NA,NA,NA,NA,NA,NA,NA,NA,NA,NA,NA,NA,NA,NA,NA,NA,NA,NA,NA,"CA","rex sole","rex_sole",NA,NA,"700","total_catch_wt_kg ~ 0 + factor(year) + pass","delta_gamma","TRUE","iid, iid","06_9","2012","892729.231634183","748109.414598616","1065306.04409217","13.7020386018248","0.0901721055887672","index"
"1250","1250","1250",NA,NA,NA,NA,NA,NA,NA,NA,NA,NA,NA,NA,NA,NA,NA,NA,NA,NA,NA,NA,NA,NA,NA,NA,NA,NA,NA,NA,NA,NA,NA,NA,NA,NA,NA,NA,NA,NA,NA,NA,NA,NA,NA,NA,NA,NA,NA,NA,NA,NA,NA,NA,NA,NA,NA,NA,NA,NA,NA,"CA","rex sole","rex_sole",NA,NA,"700","total_catch_wt_kg ~ 0 + factor(year) + pass","delta_gamma","TRUE","iid, iid","06_9","2013","1135265.65699633","932911.294636159","1381511.96085365","13.9423772405377","0.100160942850698","index"
"1251","1251","1251",NA,NA,NA,NA,NA,NA,NA,NA,NA,NA,NA,NA,NA,NA,NA,NA,NA,NA,NA,NA,NA,NA,NA,NA,NA,NA,NA,NA,NA,NA,NA,NA,NA,NA,NA,NA,NA,NA,NA,NA,NA,NA,NA,NA,NA,NA,NA,NA,NA,NA,NA,NA,NA,NA,NA,NA,NA,NA,NA,"CA","rex sole","rex_sole",NA,NA,"700","total_catch_wt_kg ~ 0 + factor(year) + pass","delta_gamma","TRUE","iid, iid","06_9","2014","1383276.69937436","1151602.50488098","1661558.06271868","14.1399656624894","0.0935224581096128","index"
"1252","1252","1252",NA,NA,NA,NA,NA,NA,NA,NA,NA,NA,NA,NA,NA,NA,NA,NA,NA,NA,NA,NA,NA,NA,NA,NA,NA,NA,NA,NA,NA,NA,NA,NA,NA,NA,NA,NA,NA,NA,NA,NA,NA,NA,NA,NA,NA,NA,NA,NA,NA,NA,NA,NA,NA,NA,NA,NA,NA,NA,NA,"CA","rex sole","rex_sole",NA,NA,"700","total_catch_wt_kg ~ 0 + factor(year) + pass","delta_gamma","TRUE","iid, iid","06_9","2015","1654026.99422471","1382580.71737905","1978767.14410589","14.3187234750038","0.0914614149337217","index"
"1253","1253","1253",NA,NA,NA,NA,NA,NA,NA,NA,NA,NA,NA,NA,NA,NA,NA,NA,NA,NA,NA,NA,NA,NA,NA,NA,NA,NA,NA,NA,NA,NA,NA,NA,NA,NA,NA,NA,NA,NA,NA,NA,NA,NA,NA,NA,NA,NA,NA,NA,NA,NA,NA,NA,NA,NA,NA,NA,NA,NA,NA,"CA","rex sole","rex_sole",NA,NA,"700","total_catch_wt_kg ~ 0 + factor(year) + pass","delta_gamma","TRUE","iid, iid","06_9","2016","1742054.79014493","1461912.65365756","2075879.762224","14.3705758883368","0.0894504779847315","index"
"1254","1254","1254",NA,NA,NA,NA,NA,NA,NA,NA,NA,NA,NA,NA,NA,NA,NA,NA,NA,NA,NA,NA,NA,NA,NA,NA,NA,NA,NA,NA,NA,NA,NA,NA,NA,NA,NA,NA,NA,NA,NA,NA,NA,NA,NA,NA,NA,NA,NA,NA,NA,NA,NA,NA,NA,NA,NA,NA,NA,NA,NA,"CA","rex sole","rex_sole",NA,NA,"700","total_catch_wt_kg ~ 0 + factor(year) + pass","delta_gamma","TRUE","iid, iid","06_9","2017","1659141.12875173","1387557.87765202","1983880.69388045","14.3218106341209","0.0912031027993787","index"
"1255","1255","1255",NA,NA,NA,NA,NA,NA,NA,NA,NA,NA,NA,NA,NA,NA,NA,NA,NA,NA,NA,NA,NA,NA,NA,NA,NA,NA,NA,NA,NA,NA,NA,NA,NA,NA,NA,NA,NA,NA,NA,NA,NA,NA,NA,NA,NA,NA,NA,NA,NA,NA,NA,NA,NA,NA,NA,NA,NA,NA,NA,"CA","rex sole","rex_sole",NA,NA,"700","total_catch_wt_kg ~ 0 + factor(year) + pass","delta_gamma","TRUE","iid, iid","06_9","2018","1754611.16634216","1470018.51701564","2094300.38425824","14.3777578326948","0.0902936374371473","index"
"1256","1256","1256",NA,NA,NA,NA,NA,NA,NA,NA,NA,NA,NA,NA,NA,NA,NA,NA,NA,NA,NA,NA,NA,NA,NA,NA,NA,NA,NA,NA,NA,NA,NA,NA,NA,NA,NA,NA,NA,NA,NA,NA,NA,NA,NA,NA,NA,NA,NA,NA,NA,NA,NA,NA,NA,NA,NA,NA,NA,NA,NA,"CA","rex sole","rex_sole",NA,NA,"700","total_catch_wt_kg ~ 0 + factor(year) + pass","delta_gamma","TRUE","iid, iid","06_9","2019","1687676.89521601","1331917.65022464","2138460.51380545","14.3388635230295","0.120784474042005","index"
"1257","1257","1257",NA,NA,NA,NA,NA,NA,NA,NA,NA,NA,NA,NA,NA,NA,NA,NA,NA,NA,NA,NA,NA,NA,NA,NA,NA,NA,NA,NA,NA,NA,NA,NA,NA,NA,NA,NA,NA,NA,NA,NA,NA,NA,NA,NA,NA,NA,NA,NA,NA,NA,NA,NA,NA,NA,NA,NA,NA,NA,NA,"CA","rex sole","rex_sole",NA,NA,"700","total_catch_wt_kg ~ 0 + factor(year) + pass","delta_gamma","TRUE","iid, iid","06_9","2021","1463404.80059077","1228846.78214447","1742734.44135557","14.1962763338632","0.0891289958303519","index"
"1258","1258","1258",NA,NA,NA,NA,NA,NA,NA,NA,NA,NA,NA,NA,NA,NA,NA,NA,NA,NA,NA,NA,NA,NA,NA,NA,NA,NA,NA,NA,NA,NA,NA,NA,NA,NA,NA,NA,NA,NA,NA,NA,NA,NA,NA,NA,NA,NA,NA,NA,NA,NA,NA,NA,NA,NA,NA,NA,NA,NA,NA,"CA","rex sole","rex_sole",NA,NA,"700","total_catch_wt_kg ~ 0 + factor(year) + pass","delta_gamma","TRUE","iid, iid","06_9","2022","1569585.15318359","1302795.34164167","1891008.87480143","14.2663219087676","0.0950523241806718","index"
"1259","1259","1259",NA,NA,NA,NA,NA,NA,NA,NA,NA,NA,NA,NA,NA,NA,NA,NA,NA,NA,NA,NA,NA,NA,NA,NA,NA,NA,NA,NA,NA,NA,NA,NA,NA,NA,NA,NA,NA,NA,NA,NA,NA,NA,NA,NA,NA,NA,NA,NA,NA,NA,NA,NA,NA,NA,NA,NA,NA,NA,NA,"CA","rex sole","rex_sole",NA,NA,"700","total_catch_wt_kg ~ 0 + factor(year) + pass","delta_gamma","TRUE","iid, iid","06_9","2023","1343565.23513171","1116728.66095339","1616478.20475333","14.1108372619673","0.0943502699856587","index"
"1260","1260","1260",NA,NA,NA,NA,NA,NA,NA,NA,NA,NA,NA,NA,NA,NA,NA,NA,NA,NA,NA,NA,NA,NA,NA,NA,NA,NA,NA,NA,NA,NA,NA,NA,NA,NA,NA,NA,NA,NA,NA,NA,NA,NA,NA,NA,NA,NA,NA,NA,NA,NA,NA,NA,NA,NA,NA,NA,NA,NA,NA,"CA","rex sole","rex_sole",NA,NA,"700","total_catch_wt_kg ~ 0 + factor(year) + pass","delta_gamma","TRUE","iid, iid","06_9","2024","1268607.92182182","1054872.70577715","1525649.54093056","14.0534307327012","0.0941344201092854","index"
"1261","1261",NA,NA,NA,NA,NA,NA,NA,NA,NA,NA,NA,NA,NA,NA,NA,NA,NA,NA,NA,NA,NA,NA,NA,NA,NA,NA,NA,NA,NA,NA,NA,NA,NA,NA,NA,NA,NA,NA,NA,NA,NA,NA,NA,NA,NA,NA,NA,NA,NA,NA,NA,NA,NA,NA,NA,NA,NA,NA,NA,NA,"CA","rex sole","rex_sole",NA,NA,"700","total_catch_wt_kg ~ 0 + factor(year) + pass","delta_gamma","TRUE","iid, iid","07_1","2003","1570814.92627558","1301583.5524714","1895736.56483674","14.2671051039808","0.0959267144954044","index"
"1262","1262",NA,NA,NA,NA,NA,NA,NA,NA,NA,NA,NA,NA,NA,NA,NA,NA,NA,NA,NA,NA,NA,NA,NA,NA,NA,NA,NA,NA,NA,NA,NA,NA,NA,NA,NA,NA,NA,NA,NA,NA,NA,NA,NA,NA,NA,NA,NA,NA,NA,NA,NA,NA,NA,NA,NA,NA,NA,NA,NA,NA,"CA","rex sole","rex_sole",NA,NA,"700","total_catch_wt_kg ~ 0 + factor(year) + pass","delta_gamma","TRUE","iid, iid","07_1","2004","1465265.94775477","1198666.94363808","1791160.01241621","14.1975473182615","0.102464485507834","index"
"1263","1263",NA,NA,NA,NA,NA,NA,NA,NA,NA,NA,NA,NA,NA,NA,NA,NA,NA,NA,NA,NA,NA,NA,NA,NA,NA,NA,NA,NA,NA,NA,NA,NA,NA,NA,NA,NA,NA,NA,NA,NA,NA,NA,NA,NA,NA,NA,NA,NA,NA,NA,NA,NA,NA,NA,NA,NA,NA,NA,NA,NA,"CA","rex sole","rex_sole",NA,NA,"700","total_catch_wt_kg ~ 0 + factor(year) + pass","delta_gamma","TRUE","iid, iid","07_1","2005","1519498.92713293","1264111.00446306","1826482.78624775","14.2338911852729","0.0938851514133691","index"
"1264","1264",NA,NA,NA,NA,NA,NA,NA,NA,NA,NA,NA,NA,NA,NA,NA,NA,NA,NA,NA,NA,NA,NA,NA,NA,NA,NA,NA,NA,NA,NA,NA,NA,NA,NA,NA,NA,NA,NA,NA,NA,NA,NA,NA,NA,NA,NA,NA,NA,NA,NA,NA,NA,NA,NA,NA,NA,NA,NA,NA,NA,"CA","rex sole","rex_sole",NA,NA,"700","total_catch_wt_kg ~ 0 + factor(year) + pass","delta_gamma","TRUE","iid, iid","07_1","2006","1205240.30995905","1010139.09002283","1438023.95046147","14.0021895323758","0.0900990740334784","index"
"1265","1265",NA,NA,NA,NA,NA,NA,NA,NA,NA,NA,NA,NA,NA,NA,NA,NA,NA,NA,NA,NA,NA,NA,NA,NA,NA,NA,NA,NA,NA,NA,NA,NA,NA,NA,NA,NA,NA,NA,NA,NA,NA,NA,NA,NA,NA,NA,NA,NA,NA,NA,NA,NA,NA,NA,NA,NA,NA,NA,NA,NA,"CA","rex sole","rex_sole",NA,NA,"700","total_catch_wt_kg ~ 0 + factor(year) + pass","delta_gamma","TRUE","iid, iid","07_1","2007","1175266.47791995","986615.587443311","1399989.32887498","13.9770054695666","0.0892718969010751","index"
"1266","1266",NA,NA,NA,NA,NA,NA,NA,NA,NA,NA,NA,NA,NA,NA,NA,NA,NA,NA,NA,NA,NA,NA,NA,NA,NA,NA,NA,NA,NA,NA,NA,NA,NA,NA,NA,NA,NA,NA,NA,NA,NA,NA,NA,NA,NA,NA,NA,NA,NA,NA,NA,NA,NA,NA,NA,NA,NA,NA,NA,NA,"CA","rex sole","rex_sole",NA,NA,"700","total_catch_wt_kg ~ 0 + factor(year) + pass","delta_gamma","TRUE","iid, iid","07_1","2008","942090.04626582","789776.677365845","1123778.00042582","13.7558561395058","0.0899764706370738","index"
"1267","1267",NA,NA,NA,NA,NA,NA,NA,NA,NA,NA,NA,NA,NA,NA,NA,NA,NA,NA,NA,NA,NA,NA,NA,NA,NA,NA,NA,NA,NA,NA,NA,NA,NA,NA,NA,NA,NA,NA,NA,NA,NA,NA,NA,NA,NA,NA,NA,NA,NA,NA,NA,NA,NA,NA,NA,NA,NA,NA,NA,NA,"CA","rex sole","rex_sole",NA,NA,"700","total_catch_wt_kg ~ 0 + factor(year) + pass","delta_gamma","TRUE","iid, iid","07_1","2009","767910.401602408","647623.499146385","910538.894382958","13.5514283407438","0.0869217778726673","index"
"1268","1268",NA,NA,NA,NA,NA,NA,NA,NA,NA,NA,NA,NA,NA,NA,NA,NA,NA,NA,NA,NA,NA,NA,NA,NA,NA,NA,NA,NA,NA,NA,NA,NA,NA,NA,NA,NA,NA,NA,NA,NA,NA,NA,NA,NA,NA,NA,NA,NA,NA,NA,NA,NA,NA,NA,NA,NA,NA,NA,NA,NA,"CA","rex sole","rex_sole",NA,NA,"700","total_catch_wt_kg ~ 0 + factor(year) + pass","delta_gamma","TRUE","iid, iid","07_1","2010","801474.439323826","679259.149150245","945679.241410347","13.5942083594737","0.0844150015470269","index"
"1269","1269",NA,NA,NA,NA,NA,NA,NA,NA,NA,NA,NA,NA,NA,NA,NA,NA,NA,NA,NA,NA,NA,NA,NA,NA,NA,NA,NA,NA,NA,NA,NA,NA,NA,NA,NA,NA,NA,NA,NA,NA,NA,NA,NA,NA,NA,NA,NA,NA,NA,NA,NA,NA,NA,NA,NA,NA,NA,NA,NA,NA,"CA","rex sole","rex_sole",NA,NA,"700","total_catch_wt_kg ~ 0 + factor(year) + pass","delta_gamma","TRUE","iid, iid","07_1","2011","867132.826675472","734218.001355818","1024109.10344025","13.6729474466529","0.0848924673585026","index"
"1270","1270",NA,NA,NA,NA,NA,NA,NA,NA,NA,NA,NA,NA,NA,NA,NA,NA,NA,NA,NA,NA,NA,NA,NA,NA,NA,NA,NA,NA,NA,NA,NA,NA,NA,NA,NA,NA,NA,NA,NA,NA,NA,NA,NA,NA,NA,NA,NA,NA,NA,NA,NA,NA,NA,NA,NA,NA,NA,NA,NA,NA,"CA","rex sole","rex_sole",NA,NA,"700","total_catch_wt_kg ~ 0 + factor(year) + pass","delta_gamma","TRUE","iid, iid","07_1","2012","997402.906326593","844048.026116993","1178620.79735596","13.8129100859927","0.0851777952901675","index"
"1271","1271",NA,NA,NA,NA,NA,NA,NA,NA,NA,NA,NA,NA,NA,NA,NA,NA,NA,NA,NA,NA,NA,NA,NA,NA,NA,NA,NA,NA,NA,NA,NA,NA,NA,NA,NA,NA,NA,NA,NA,NA,NA,NA,NA,NA,NA,NA,NA,NA,NA,NA,NA,NA,NA,NA,NA,NA,NA,NA,NA,NA,"CA","rex sole","rex_sole",NA,NA,"700","total_catch_wt_kg ~ 0 + factor(year) + pass","delta_gamma","TRUE","iid, iid","07_1","2013","1217869.87745348","1015190.4232811","1461013.62305491","14.0126138885839","0.0928726895056011","index"
"1272","1272",NA,NA,NA,NA,NA,NA,NA,NA,NA,NA,NA,NA,NA,NA,NA,NA,NA,NA,NA,NA,NA,NA,NA,NA,NA,NA,NA,NA,NA,NA,NA,NA,NA,NA,NA,NA,NA,NA,NA,NA,NA,NA,NA,NA,NA,NA,NA,NA,NA,NA,NA,NA,NA,NA,NA,NA,NA,NA,NA,NA,"CA","rex sole","rex_sole",NA,NA,"700","total_catch_wt_kg ~ 0 + factor(year) + pass","delta_gamma","TRUE","iid, iid","07_1","2014","1367468.11100862","1159676.03854253","1612492.60351679","14.1284714938171","0.0840935079206692","index"
"1273","1273",NA,NA,NA,NA,NA,NA,NA,NA,NA,NA,NA,NA,NA,NA,NA,NA,NA,NA,NA,NA,NA,NA,NA,NA,NA,NA,NA,NA,NA,NA,NA,NA,NA,NA,NA,NA,NA,NA,NA,NA,NA,NA,NA,NA,NA,NA,NA,NA,NA,NA,NA,NA,NA,NA,NA,NA,NA,NA,NA,NA,"CA","rex sole","rex_sole",NA,NA,"700","total_catch_wt_kg ~ 0 + factor(year) + pass","delta_gamma","TRUE","iid, iid","07_1","2015","1783991.0936835","1504544.62722162","2115340.52547135","14.3943635997798","0.0869213740750577","index"
"1274","1274",NA,NA,NA,NA,NA,NA,NA,NA,NA,NA,NA,NA,NA,NA,NA,NA,NA,NA,NA,NA,NA,NA,NA,NA,NA,NA,NA,NA,NA,NA,NA,NA,NA,NA,NA,NA,NA,NA,NA,NA,NA,NA,NA,NA,NA,NA,NA,NA,NA,NA,NA,NA,NA,NA,NA,NA,NA,NA,NA,NA,"CA","rex sole","rex_sole",NA,NA,"700","total_catch_wt_kg ~ 0 + factor(year) + pass","delta_gamma","TRUE","iid, iid","07_1","2016","1771101.38835145","1499314.86651432","2092155.68916023","14.3871121643366","0.0849981732215453","index"
"1275","1275",NA,NA,NA,NA,NA,NA,NA,NA,NA,NA,NA,NA,NA,NA,NA,NA,NA,NA,NA,NA,NA,NA,NA,NA,NA,NA,NA,NA,NA,NA,NA,NA,NA,NA,NA,NA,NA,NA,NA,NA,NA,NA,NA,NA,NA,NA,NA,NA,NA,NA,NA,NA,NA,NA,NA,NA,NA,NA,NA,NA,"CA","rex sole","rex_sole",NA,NA,"700","total_catch_wt_kg ~ 0 + factor(year) + pass","delta_gamma","TRUE","iid, iid","07_1","2017","1601434.70501837","1357266.1113893","1889528.58464297","14.2864104760596","0.0844033130477827","index"
"1276","1276",NA,NA,NA,NA,NA,NA,NA,NA,NA,NA,NA,NA,NA,NA,NA,NA,NA,NA,NA,NA,NA,NA,NA,NA,NA,NA,NA,NA,NA,NA,NA,NA,NA,NA,NA,NA,NA,NA,NA,NA,NA,NA,NA,NA,NA,NA,NA,NA,NA,NA,NA,NA,NA,NA,NA,NA,NA,NA,NA,NA,"CA","rex sole","rex_sole",NA,NA,"700","total_catch_wt_kg ~ 0 + factor(year) + pass","delta_gamma","TRUE","iid, iid","07_1","2018","1777138.06449684","1508286.66251238","2093912.10489317","14.3905147993898","0.0836902599716479","index"
"1277","1277",NA,NA,NA,NA,NA,NA,NA,NA,NA,NA,NA,NA,NA,NA,NA,NA,NA,NA,NA,NA,NA,NA,NA,NA,NA,NA,NA,NA,NA,NA,NA,NA,NA,NA,NA,NA,NA,NA,NA,NA,NA,NA,NA,NA,NA,NA,NA,NA,NA,NA,NA,NA,NA,NA,NA,NA,NA,NA,NA,NA,"CA","rex sole","rex_sole",NA,NA,"700","total_catch_wt_kg ~ 0 + factor(year) + pass","delta_gamma","TRUE","iid, iid","07_1","2019","1732808.46585609","1393714.85576451","2154404.22904545","14.3652540408679","0.111109563394031","index"
"1278","1278",NA,NA,NA,NA,NA,NA,NA,NA,NA,NA,NA,NA,NA,NA,NA,NA,NA,NA,NA,NA,NA,NA,NA,NA,NA,NA,NA,NA,NA,NA,NA,NA,NA,NA,NA,NA,NA,NA,NA,NA,NA,NA,NA,NA,NA,NA,NA,NA,NA,NA,NA,NA,NA,NA,NA,NA,NA,NA,NA,NA,"CA","rex sole","rex_sole",NA,NA,"700","total_catch_wt_kg ~ 0 + factor(year) + pass","delta_gamma","TRUE","iid, iid","07_1","2021","1440452.71165941","1215785.81628235","1706636.14161219","14.180468005241","0.0865152719693108","index"
"1279","1279",NA,NA,NA,NA,NA,NA,NA,NA,NA,NA,NA,NA,NA,NA,NA,NA,NA,NA,NA,NA,NA,NA,NA,NA,NA,NA,NA,NA,NA,NA,NA,NA,NA,NA,NA,NA,NA,NA,NA,NA,NA,NA,NA,NA,NA,NA,NA,NA,NA,NA,NA,NA,NA,NA,NA,NA,NA,NA,NA,NA,"CA","rex sole","rex_sole",NA,NA,"700","total_catch_wt_kg ~ 0 + factor(year) + pass","delta_gamma","TRUE","iid, iid","07_1","2022","1612712.84233998","1349575.50259514","1927156.13676083","14.2934283141911","0.090883127012042","index"
"1280","1280",NA,NA,NA,NA,NA,NA,NA,NA,NA,NA,NA,NA,NA,NA,NA,NA,NA,NA,NA,NA,NA,NA,NA,NA,NA,NA,NA,NA,NA,NA,NA,NA,NA,NA,NA,NA,NA,NA,NA,NA,NA,NA,NA,NA,NA,NA,NA,NA,NA,NA,NA,NA,NA,NA,NA,NA,NA,NA,NA,NA,"CA","rex sole","rex_sole",NA,NA,"700","total_catch_wt_kg ~ 0 + factor(year) + pass","delta_gamma","TRUE","iid, iid","07_1","2023","1360328.12832309","1144428.33539922","1616958.05623467","14.1232364994369","0.0881754465389554","index"
"1281","1281",NA,NA,NA,NA,NA,NA,NA,NA,NA,NA,NA,NA,NA,NA,NA,NA,NA,NA,NA,NA,NA,NA,NA,NA,NA,NA,NA,NA,NA,NA,NA,NA,NA,NA,NA,NA,NA,NA,NA,NA,NA,NA,NA,NA,NA,NA,NA,NA,NA,NA,NA,NA,NA,NA,NA,NA,NA,NA,NA,NA,"CA","rex sole","rex_sole",NA,NA,"700","total_catch_wt_kg ~ 0 + factor(year) + pass","delta_gamma","TRUE","iid, iid","07_1","2024","1237224.86202753","1042637.91488053","1468127.465319","14.0283814149901","0.0873061443900139","index"
"1282",NA,NA,NA,NA,NA,NA,NA,NA,NA,NA,NA,NA,NA,NA,NA,NA,NA,NA,NA,NA,NA,NA,NA,NA,NA,NA,NA,NA,NA,NA,NA,NA,NA,NA,NA,NA,NA,NA,NA,NA,NA,NA,NA,NA,NA,NA,NA,NA,NA,NA,NA,NA,NA,NA,NA,NA,NA,NA,NA,NA,NA,"CA","rex sole","rex_sole",NA,NA,"700","total_catch_wt_kg ~ 0 + factor(year) + pass","delta_gamma","TRUE","iid, iid","07_10","2003","1430459.09399443","1192732.94616145","1715566.94746854","14.1735059954636","0.0927303621578923","index"
"1283",NA,NA,NA,NA,NA,NA,NA,NA,NA,NA,NA,NA,NA,NA,NA,NA,NA,NA,NA,NA,NA,NA,NA,NA,NA,NA,NA,NA,NA,NA,NA,NA,NA,NA,NA,NA,NA,NA,NA,NA,NA,NA,NA,NA,NA,NA,NA,NA,NA,NA,NA,NA,NA,NA,NA,NA,NA,NA,NA,NA,NA,"CA","rex sole","rex_sole",NA,NA,"700","total_catch_wt_kg ~ 0 + factor(year) + pass","delta_gamma","TRUE","iid, iid","07_10","2004","1675907.1446077","1373749.96810743","2044523.98365952","14.3318651555107","0.101435738408762","index"
"1284",NA,NA,NA,NA,NA,NA,NA,NA,NA,NA,NA,NA,NA,NA,NA,NA,NA,NA,NA,NA,NA,NA,NA,NA,NA,NA,NA,NA,NA,NA,NA,NA,NA,NA,NA,NA,NA,NA,NA,NA,NA,NA,NA,NA,NA,NA,NA,NA,NA,NA,NA,NA,NA,NA,NA,NA,NA,NA,NA,NA,NA,"CA","rex sole","rex_sole",NA,NA,"700","total_catch_wt_kg ~ 0 + factor(year) + pass","delta_gamma","TRUE","iid, iid","07_10","2005","1389209.80177013","1170614.90859536","1648624.03439739","14.1442456555212","0.087351566281572","index"
"1285",NA,NA,NA,NA,NA,NA,NA,NA,NA,NA,NA,NA,NA,NA,NA,NA,NA,NA,NA,NA,NA,NA,NA,NA,NA,NA,NA,NA,NA,NA,NA,NA,NA,NA,NA,NA,NA,NA,NA,NA,NA,NA,NA,NA,NA,NA,NA,NA,NA,NA,NA,NA,NA,NA,NA,NA,NA,NA,NA,NA,NA,"CA","rex sole","rex_sole",NA,NA,"700","total_catch_wt_kg ~ 0 + factor(year) + pass","delta_gamma","TRUE","iid, iid","07_10","2006","1200112.33979033","1008410.30216842","1428257.55054264","13.9979257268684","0.0887975685504659","index"
"1286",NA,NA,NA,NA,NA,NA,NA,NA,NA,NA,NA,NA,NA,NA,NA,NA,NA,NA,NA,NA,NA,NA,NA,NA,NA,NA,NA,NA,NA,NA,NA,NA,NA,NA,NA,NA,NA,NA,NA,NA,NA,NA,NA,NA,NA,NA,NA,NA,NA,NA,NA,NA,NA,NA,NA,NA,NA,NA,NA,NA,NA,"CA","rex sole","rex_sole",NA,NA,"700","total_catch_wt_kg ~ 0 + factor(year) + pass","delta_gamma","TRUE","iid, iid","07_10","2007","1089720.58817458","923894.040096037","1285310.77023521","13.9014318802201","0.084225635111072","index"
"1287",NA,NA,NA,NA,NA,NA,NA,NA,NA,NA,NA,NA,NA,NA,NA,NA,NA,NA,NA,NA,NA,NA,NA,NA,NA,NA,NA,NA,NA,NA,NA,NA,NA,NA,NA,NA,NA,NA,NA,NA,NA,NA,NA,NA,NA,NA,NA,NA,NA,NA,NA,NA,NA,NA,NA,NA,NA,NA,NA,NA,NA,"CA","rex sole","rex_sole",NA,NA,"700","total_catch_wt_kg ~ 0 + factor(year) + pass","delta_gamma","TRUE","iid, iid","07_10","2008","837056.064608881","707451.582826031","990403.968706374","13.6376463300347","0.0858290557234396","index"
"1288",NA,NA,NA,NA,NA,NA,NA,NA,NA,NA,NA,NA,NA,NA,NA,NA,NA,NA,NA,NA,NA,NA,NA,NA,NA,NA,NA,NA,NA,NA,NA,NA,NA,NA,NA,NA,NA,NA,NA,NA,NA,NA,NA,NA,NA,NA,NA,NA,NA,NA,NA,NA,NA,NA,NA,NA,NA,NA,NA,NA,NA,"CA","rex sole","rex_sole",NA,NA,"700","total_catch_wt_kg ~ 0 + factor(year) + pass","delta_gamma","TRUE","iid, iid","07_10","2009","700655.631985094","593136.962584853","827664.343312953","13.459771792795","0.0849970597544143","index"
"1289",NA,NA,NA,NA,NA,NA,NA,NA,NA,NA,NA,NA,NA,NA,NA,NA,NA,NA,NA,NA,NA,NA,NA,NA,NA,NA,NA,NA,NA,NA,NA,NA,NA,NA,NA,NA,NA,NA,NA,NA,NA,NA,NA,NA,NA,NA,NA,NA,NA,NA,NA,NA,NA,NA,NA,NA,NA,NA,NA,NA,NA,"CA","rex sole","rex_sole",NA,NA,"700","total_catch_wt_kg ~ 0 + factor(year) + pass","delta_gamma","TRUE","iid, iid","07_10","2010","796066.040430213","678790.611876238","933603.278593641","13.5874374267497","0.081312435448439","index"
"1290",NA,NA,NA,NA,NA,NA,NA,NA,NA,NA,NA,NA,NA,NA,NA,NA,NA,NA,NA,NA,NA,NA,NA,NA,NA,NA,NA,NA,NA,NA,NA,NA,NA,NA,NA,NA,NA,NA,NA,NA,NA,NA,NA,NA,NA,NA,NA,NA,NA,NA,NA,NA,NA,NA,NA,NA,NA,NA,NA,NA,NA,"CA","rex sole","rex_sole",NA,NA,"700","total_catch_wt_kg ~ 0 + factor(year) + pass","delta_gamma","TRUE","iid, iid","07_10","2011","874637.72394407","743602.195128452","1028763.97240048","13.6815650498276","0.0828094619361039","index"
"1291",NA,NA,NA,NA,NA,NA,NA,NA,NA,NA,NA,NA,NA,NA,NA,NA,NA,NA,NA,NA,NA,NA,NA,NA,NA,NA,NA,NA,NA,NA,NA,NA,NA,NA,NA,NA,NA,NA,NA,NA,NA,NA,NA,NA,NA,NA,NA,NA,NA,NA,NA,NA,NA,NA,NA,NA,NA,NA,NA,NA,NA,"CA","rex sole","rex_sole",NA,NA,"700","total_catch_wt_kg ~ 0 + factor(year) + pass","delta_gamma","TRUE","iid, iid","07_10","2012","957180.110363294","813913.419288612","1125664.89501533","13.7717468558236","0.0827247757026176","index"
"1292",NA,NA,NA,NA,NA,NA,NA,NA,NA,NA,NA,NA,NA,NA,NA,NA,NA,NA,NA,NA,NA,NA,NA,NA,NA,NA,NA,NA,NA,NA,NA,NA,NA,NA,NA,NA,NA,NA,NA,NA,NA,NA,NA,NA,NA,NA,NA,NA,NA,NA,NA,NA,NA,NA,NA,NA,NA,NA,NA,NA,NA,"CA","rex sole","rex_sole",NA,NA,"700","total_catch_wt_kg ~ 0 + factor(year) + pass","delta_gamma","TRUE","iid, iid","07_10","2013","1206690.39625495","1002608.00701205","1452314.06714312","14.0033919603451","0.0945307116758882","index"
"1293",NA,NA,NA,NA,NA,NA,NA,NA,NA,NA,NA,NA,NA,NA,NA,NA,NA,NA,NA,NA,NA,NA,NA,NA,NA,NA,NA,NA,NA,NA,NA,NA,NA,NA,NA,NA,NA,NA,NA,NA,NA,NA,NA,NA,NA,NA,NA,NA,NA,NA,NA,NA,NA,NA,NA,NA,NA,NA,NA,NA,NA,"CA","rex sole","rex_sole",NA,NA,"700","total_catch_wt_kg ~ 0 + factor(year) + pass","delta_gamma","TRUE","iid, iid","07_10","2014","1337119.49107395","1137772.6113797","1571393.54166893","14.1060282246216","0.0823714958262019","index"
"1294",NA,NA,NA,NA,NA,NA,NA,NA,NA,NA,NA,NA,NA,NA,NA,NA,NA,NA,NA,NA,NA,NA,NA,NA,NA,NA,NA,NA,NA,NA,NA,NA,NA,NA,NA,NA,NA,NA,NA,NA,NA,NA,NA,NA,NA,NA,NA,NA,NA,NA,NA,NA,NA,NA,NA,NA,NA,NA,NA,NA,NA,"CA","rex sole","rex_sole",NA,NA,"700","total_catch_wt_kg ~ 0 + factor(year) + pass","delta_gamma","TRUE","iid, iid","07_10","2015","1687444.71116547","1433146.80400503","1986865.29899299","14.3387259374383","0.0833396898821735","index"
"1295",NA,NA,NA,NA,NA,NA,NA,NA,NA,NA,NA,NA,NA,NA,NA,NA,NA,NA,NA,NA,NA,NA,NA,NA,NA,NA,NA,NA,NA,NA,NA,NA,NA,NA,NA,NA,NA,NA,NA,NA,NA,NA,NA,NA,NA,NA,NA,NA,NA,NA,NA,NA,NA,NA,NA,NA,NA,NA,NA,NA,NA,"CA","rex sole","rex_sole",NA,NA,"700","total_catch_wt_kg ~ 0 + factor(year) + pass","delta_gamma","TRUE","iid, iid","07_10","2016","1633896.95573314","1386101.13197047","1925991.69020149","14.3064784898267","0.0839163720682515","index"
"1296",NA,NA,NA,NA,NA,NA,NA,NA,NA,NA,NA,NA,NA,NA,NA,NA,NA,NA,NA,NA,NA,NA,NA,NA,NA,NA,NA,NA,NA,NA,NA,NA,NA,NA,NA,NA,NA,NA,NA,NA,NA,NA,NA,NA,NA,NA,NA,NA,NA,NA,NA,NA,NA,NA,NA,NA,NA,NA,NA,NA,NA,"CA","rex sole","rex_sole",NA,NA,"700","total_catch_wt_kg ~ 0 + factor(year) + pass","delta_gamma","TRUE","iid, iid","07_10","2017","1515046.68717858","1286220.88805926","1784581.85964792","14.2309568130703","0.0835412699813226","index"
"1297",NA,NA,NA,NA,NA,NA,NA,NA,NA,NA,NA,NA,NA,NA,NA,NA,NA,NA,NA,NA,NA,NA,NA,NA,NA,NA,NA,NA,NA,NA,NA,NA,NA,NA,NA,NA,NA,NA,NA,NA,NA,NA,NA,NA,NA,NA,NA,NA,NA,NA,NA,NA,NA,NA,NA,NA,NA,NA,NA,NA,NA,"CA","rex sole","rex_sole",NA,NA,"700","total_catch_wt_kg ~ 0 + factor(year) + pass","delta_gamma","TRUE","iid, iid","07_10","2018","1694940.46008228","1445568.47393645","1987331.08463614","14.3431581713846","0.0811979010365741","index"
"1298",NA,NA,NA,NA,NA,NA,NA,NA,NA,NA,NA,NA,NA,NA,NA,NA,NA,NA,NA,NA,NA,NA,NA,NA,NA,NA,NA,NA,NA,NA,NA,NA,NA,NA,NA,NA,NA,NA,NA,NA,NA,NA,NA,NA,NA,NA,NA,NA,NA,NA,NA,NA,NA,NA,NA,NA,NA,NA,NA,NA,NA,"CA","rex sole","rex_sole",NA,NA,"700","total_catch_wt_kg ~ 0 + factor(year) + pass","delta_gamma","TRUE","iid, iid","07_10","2019","1598309.69595772","1302547.7209377","1961228.63149567","14.2844571887575","0.104402172936354","index"
"1299",NA,NA,NA,NA,NA,NA,NA,NA,NA,NA,NA,NA,NA,NA,NA,NA,NA,NA,NA,NA,NA,NA,NA,NA,NA,NA,NA,NA,NA,NA,NA,NA,NA,NA,NA,NA,NA,NA,NA,NA,NA,NA,NA,NA,NA,NA,NA,NA,NA,NA,NA,NA,NA,NA,NA,NA,NA,NA,NA,NA,NA,"CA","rex sole","rex_sole",NA,NA,"700","total_catch_wt_kg ~ 0 + factor(year) + pass","delta_gamma","TRUE","iid, iid","07_10","2021","1407039.64925936","1196059.15989943","1655236.33024504","14.156998515699","0.0828871550254126","index"
"1300",NA,NA,NA,NA,NA,NA,NA,NA,NA,NA,NA,NA,NA,NA,NA,NA,NA,NA,NA,NA,NA,NA,NA,NA,NA,NA,NA,NA,NA,NA,NA,NA,NA,NA,NA,NA,NA,NA,NA,NA,NA,NA,NA,NA,NA,NA,NA,NA,NA,NA,NA,NA,NA,NA,NA,NA,NA,NA,NA,NA,NA,"CA","rex sole","rex_sole",NA,NA,"700","total_catch_wt_kg ~ 0 + factor(year) + pass","delta_gamma","TRUE","iid, iid","07_10","2022","1508682.65302183","1273353.53566591","1787503.0647625","14.2267474127981","0.0865234548393668","index"
"1301",NA,NA,NA,NA,NA,NA,NA,NA,NA,NA,NA,NA,NA,NA,NA,NA,NA,NA,NA,NA,NA,NA,NA,NA,NA,NA,NA,NA,NA,NA,NA,NA,NA,NA,NA,NA,NA,NA,NA,NA,NA,NA,NA,NA,NA,NA,NA,NA,NA,NA,NA,NA,NA,NA,NA,NA,NA,NA,NA,NA,NA,"CA","rex sole","rex_sole",NA,NA,"700","total_catch_wt_kg ~ 0 + factor(year) + pass","delta_gamma","TRUE","iid, iid","07_10","2023","1399081.51515943","1179784.41978747","1659141.3255088","14.1513265186832","0.0869833503942982","index"
"1302",NA,NA,NA,NA,NA,NA,NA,NA,NA,NA,NA,NA,NA,NA,NA,NA,NA,NA,NA,NA,NA,NA,NA,NA,NA,NA,NA,NA,NA,NA,NA,NA,NA,NA,NA,NA,NA,NA,NA,NA,NA,NA,NA,NA,NA,NA,NA,NA,NA,NA,NA,NA,NA,NA,NA,NA,NA,NA,NA,NA,NA,"CA","rex sole","rex_sole",NA,NA,"700","total_catch_wt_kg ~ 0 + factor(year) + pass","delta_gamma","TRUE","iid, iid","07_10","2024","1221001.7917744","1035131.14877037","1440247.81525246","14.0151822205565","0.0842584513884992","index"
